<?xml version="1.0" encoding="UTF-8"?>
<flow id="bb4d1c37-d99a-400c-836f-e782473e7f35">
  <annotation></annotation>
  <name>pc_lc_service_power_off</name>
  <categories/>
  <inputs>
    <staticBinding id="0f79fd71-76bc-46d3-8b1e-561528f35a6b">
      <annotation></annotation>
      <assignFromContext>true</assignFromContext>
      <assignToContext>true</assignToContext>
      <inputType>STRING</inputType>
      <isList>false</isList>
      <required>false</required>
      <isPersisted>true</isPersisted>
      <inputSymbol>CSA_CONTEXT_ID</inputSymbol>
      <listDelimiter>,</listDelimiter>
      <value>8af981b74072d79b014087b993e42d70</value>
      <record>false</record>
    </staticBinding>
    <staticBinding id="2247a69c-f546-4eca-8f46-e87dfb5d2671">
      <annotation></annotation>
      <assignFromContext>true</assignFromContext>
      <assignToContext>true</assignToContext>
      <inputType>STRING</inputType>
      <isList>false</isList>
      <required>false</required>
      <isPersisted>true</isPersisted>
      <inputSymbol>CSA_PROCESS_ID</inputSymbol>
      <listDelimiter>,</listDelimiter>
      <value>8af981b74072d79b0140868665aa2802</value>
      <record>false</record>
    </staticBinding>
  </inputs>
  <scriptlet id="1e1b8693-93cd-4c0d-a9fb-a71d8eadc884">
    <annotation></annotation>
    <name>Operation pc_lc_service_power_off (bb4d1c37-d99a-400c-836f-e782473e7f35)</name>
    <type>RHINO</type>
  </scriptlet>
  <possibleResponses>
    <opResponse id="8d933407-4ae8-4e40-b063-6b4b1134e539">
      <annotation></annotation>
      <name>success</name>
      <isDefault>true</isDefault>
      <onFailure>false</onFailure>
      <type>RESOLVED</type>
      <matchRules/>
    </opResponse>
    <opResponse id="a7b695a5-ea6e-4cdc-9fc2-0d66362a5cbd">
      <annotation></annotation>
      <name>failure</name>
      <isDefault>false</isDefault>
      <onFailure>true</onFailure>
      <type>ERROR</type>
      <matchRules/>
    </opResponse>
  </possibleResponses>
  <availableResultExpressions/>
  <resultExpression id="680611b7-43a2-4d09-9ab7-8b0d4e614c2e">
    <annotation></annotation>
    <name>FailureMessage</name>
    <fieldName>FailureMessage</fieldName>
    <sourceType>RAWRESULT</sourceType>
    <filters/>
  </resultExpression>
  <iconSpec id="b98aef80-6376-43b0-a3f0-35eddcdd93e7">
    <baseIcon>flow.png</baseIcon>
    <basePath>System</basePath>
    <readOnly>false</readOnly>
    <layers/>
  </iconSpec>
  <callouts/>
  <checkPointFlow>true</checkPointFlow>
  <compatibleRuntimeContext>false</compatibleRuntimeContext>
  <historyCheckPointFlow>true</historyCheckPointFlow>
  <steps>
    <step id="14f5b2b6-e6e3-419e-98b0-223edebadf39">
      <annotation></annotation>
      <name>Get User Identifier</name>
      <bounds>
        <x>56.0</x>
        <y>27.0</y>
      </bounds>
      <layer>-1</layer>
      <hideInbound>false</hideInbound>
      <addResultToRunContext>false</addResultToRunContext>
      <isCriticalStep>false</isCriticalStep>
      <isNonBlocking>false</isNonBlocking>
      <isParallelStep>false</isParallelStep>
      <isSingleResponse>false</isSingleResponse>
      <recordInHistory>false</recordInHistory>
      <recordRawOutput>false</recordRawOutput>
      <recordPrimaryOutput>false</recordPrimaryOutput>
      <checkPointStep>true</checkPointStep>
      <historyCheckPointStep>true</historyCheckPointStep>
      <scriptResultStep>false</scriptResultStep>
      <userPrompt></userPrompt>
      <bindings>
        <staticBinding id="8473811d-8c10-4dfc-9ae0-80f36c059987">
          <annotation></annotation>
          <fromContextKey>CSA_OO_USER</fromContextKey>
          <assignFromContext>false</assignFromContext>
          <assignToContext>false</assignToContext>
          <inputType>STRING</inputType>
          <isList>false</isList>
          <required>true</required>
          <isPersisted>true</isPersisted>
          <inputSymbol>csaUser</inputSymbol>
          <listDelimiter>,</listDelimiter>
          <value>${CSA_OO_USER}</value>
          <record>false</record>
        </staticBinding>
      </bindings>
      <transitions>
        <transition id="ea779ef1-08aa-4e4d-b13d-e2291769e6df">
          <annotation></annotation>
          <name>success</name>
          <command>NEXT</command>
          <linkMode>false</linkMode>
          <responseSymbol>success</responseSymbol>
          <shouldHandoff>false</shouldHandoff>
          <transitionValue>0.0</transitionValue>
          <destination>
            <refId>9562dcb6-9311-4d79-b80c-b3a8641b5070</refId>
          </destination>
          <source>
            <refId>14f5b2b6-e6e3-419e-98b0-223edebadf39</refId>
          </source>
          <positions>
            <point>
              <x>115.0</x>
              <y>61.0</y>
            </point>
            <point>
              <x>123.0</x>
              <y>185.0</y>
            </point>
          </positions>
          <labelPosition>
            <x>333.0</x>
            <y>0.0</y>
          </labelPosition>
        </transition>
        <transition id="afb75183-25e6-4bc0-9cca-6084a3ae0086">
          <annotation></annotation>
          <name>failure</name>
          <command>NEXT</command>
          <linkMode>false</linkMode>
          <responseSymbol>failure</responseSymbol>
          <shouldHandoff>false</shouldHandoff>
          <transitionValue>0.0</transitionValue>
          <destination>
            <refId>3a271e93-40cf-4026-84ca-d8da277eabc5</refId>
          </destination>
          <source>
            <refId>14f5b2b6-e6e3-419e-98b0-223edebadf39</refId>
          </source>
          <positions>
            <point>
              <x>109.0</x>
              <y>61.0</y>
            </point>
            <point>
              <x>243.0</x>
              <y>230.0</y>
            </point>
          </positions>
          <labelPosition>
            <x>333.0</x>
            <y>0.0</y>
          </labelPosition>
        </transition>
      </transitions>
      <properties/>
      <opRef>
        <refId>f1c8b14a-694f-4a03-a84a-c7504fe0a29b</refId>
      </opRef>
      <assignments>
        <flowVariableAssignment id="fed40078-8e7b-4412-8272-5342fc446b11">
          <annotation></annotation>
          <name>assignment</name>
          <action>OVERWRITE</action>
          <assignmentTargetType>FLOW_VARIABLE</assignmentTargetType>
          <contextKey>userIdentifier</contextKey>
          <expression id="02bc8748-020b-461f-b241-d53e777d1a44">
            <annotation></annotation>
            <name>Result Field: userIdentifier</name>
            <fieldName>userIdentifier</fieldName>
            <sourceType>RAWRESULT</sourceType>
            <filters/>
          </expression>
        </flowVariableAssignment>
      </assignments>
      <throttleSize>0</throttleSize>
    </step>
    <step id="d91f3b13-4b34-40e9-a41d-d2315af05561">
      <annotation></annotation>
      <name>isVirtual</name>
      <bounds>
        <x>56.0</x>
        <y>417.0</y>
      </bounds>
      <layer>-1</layer>
      <hideInbound>false</hideInbound>
      <addResultToRunContext>false</addResultToRunContext>
      <isCriticalStep>false</isCriticalStep>
      <isNonBlocking>false</isNonBlocking>
      <isParallelStep>false</isParallelStep>
      <isSingleResponse>false</isSingleResponse>
      <recordInHistory>false</recordInHistory>
      <recordRawOutput>true</recordRawOutput>
      <recordPrimaryOutput>true</recordPrimaryOutput>
      <checkPointStep>true</checkPointStep>
      <historyCheckPointStep>true</historyCheckPointStep>
      <scriptResultStep>false</scriptResultStep>
      <userPrompt></userPrompt>
      <bindings>
        <staticBinding id="6d886cfd-942d-4d61-9c22-c029e56a4be8">
          <annotation></annotation>
          <assignFromContext>false</assignFromContext>
          <assignToContext>false</assignToContext>
          <inputType>STRING</inputType>
          <isList>false</isList>
          <required>false</required>
          <isPersisted>true</isPersisted>
          <inputSymbol>field1</inputSymbol>
          <listDelimiter>,</listDelimiter>
          <value>${server.type}</value>
          <record>false</record>
        </staticBinding>
        <staticBinding id="d5d5cb7c-4b5d-407c-90f9-978bcf063b04">
          <annotation></annotation>
          <toContextKey></toContextKey>
          <fromContextKey></fromContextKey>
          <assignFromContext>false</assignFromContext>
          <assignToContext>false</assignToContext>
          <inputType>STRING</inputType>
          <recordKey></recordKey>
          <isList>false</isList>
          <required>false</required>
          <isPersisted>true</isPersisted>
          <inputSymbol>Field_1</inputSymbol>
          <listDelimiter></listDelimiter>
          <value>${field1}</value>
          <record>false</record>
        </staticBinding>
      </bindings>
      <transitions>
        <transition id="f009f786-1351-4eaa-ad56-a67c60608763">
          <annotation></annotation>
          <name>Yes</name>
          <command>NEXT</command>
          <linkMode>false</linkMode>
          <responseSymbol>Yes</responseSymbol>
          <shouldHandoff>false</shouldHandoff>
          <transitionValue>0.0</transitionValue>
          <destination>
            <refId>5baac563-71c6-41e6-bf82-0431478f85ba</refId>
          </destination>
          <source>
            <refId>d91f3b13-4b34-40e9-a41d-d2315af05561</refId>
          </source>
          <positions>
            <point>
              <x>106.0</x>
              <y>396.0</y>
            </point>
            <point>
              <x>559.0</x>
              <y>145.0</y>
            </point>
          </positions>
          <labelPosition>
            <x>333.0</x>
            <y>0.0</y>
          </labelPosition>
        </transition>
        <transition id="8c70b34c-8728-4e91-94b5-25d2649a2b2c">
          <annotation></annotation>
          <name>No</name>
          <command>NEXT</command>
          <linkMode>false</linkMode>
          <responseSymbol>No</responseSymbol>
          <shouldHandoff>false</shouldHandoff>
          <transitionValue>0.0</transitionValue>
          <destination>
            <refId>f7353cd1-7988-4d03-8d37-04ce1b8f169d</refId>
          </destination>
          <source>
            <refId>d91f3b13-4b34-40e9-a41d-d2315af05561</refId>
          </source>
          <positions>
            <point>
              <x>106.0</x>
              <y>396.0</y>
            </point>
            <point>
              <x>147.0</x>
              <y>666.0</y>
            </point>
          </positions>
          <labelPosition>
            <x>333.0</x>
            <y>0.0</y>
          </labelPosition>
        </transition>
      </transitions>
      <properties/>
      <opRef>
        <refId>e70802de-037f-4b6a-bdda-981658a60401</refId>
      </opRef>
      <assignments/>
      <throttleSize>0</throttleSize>
    </step>
    <step id="5baac563-71c6-41e6-bf82-0431478f85ba">
      <annotation>bb4d1c37-d99a-400c-836f-e782473e7f35.5baac563-71c6-41e6-bf82-0431478f85ba.description</annotation>
      <name>VM_serverPowerOff</name>
      <bounds>
        <x>192.0</x>
        <y>343.0</y>
      </bounds>
      <layer>-1</layer>
      <hideInbound>false</hideInbound>
      <addResultToRunContext>false</addResultToRunContext>
      <isCriticalStep>false</isCriticalStep>
      <isNonBlocking>false</isNonBlocking>
      <isParallelStep>false</isParallelStep>
      <isSingleResponse>false</isSingleResponse>
      <recordInHistory>false</recordInHistory>
      <recordRawOutput>true</recordRawOutput>
      <recordPrimaryOutput>true</recordPrimaryOutput>
      <checkPointStep>true</checkPointStep>
      <historyCheckPointStep>true</historyCheckPointStep>
      <scriptResultStep>false</scriptResultStep>
      <userPrompt></userPrompt>
      <bindings>
        <userInputBinding id="62a6cfa8-55da-4230-bc31-bf082e10345b">
          <annotation></annotation>
          <assignFromContext>true</assignFromContext>
          <assignToContext>false</assignToContext>
          <inputType>STRING</inputType>
          <isList>false</isList>
          <required>true</required>
          <isPersisted>true</isPersisted>
          <inputSymbol>server.resourcepool</inputSymbol>
          <listDelimiter>,</listDelimiter>
          <record>false</record>
          <prompt></prompt>
          <isMultiSelect>false</isMultiSelect>
          <sourceDelimiter>|</sourceDelimiter>
        </userInputBinding>
        <staticBinding id="d7b4a9df-9f8d-41c3-8f4c-8921423c2fc4">
          <annotation></annotation>
          <fromContextKey>db.getdetails.hostname</fromContextKey>
          <assignFromContext>true</assignFromContext>
          <assignToContext>true</assignToContext>
          <inputType>STRING</inputType>
          <isList>false</isList>
          <required>false</required>
          <isPersisted>true</isPersisted>
          <inputSymbol>server.hostname</inputSymbol>
          <listDelimiter>,</listDelimiter>
          <record>false</record>
        </staticBinding>
        <staticBinding id="550efe28-c8c4-4c94-a422-927bbc4772b8">
          <annotation></annotation>
          <assignFromContext>false</assignFromContext>
          <assignToContext>false</assignToContext>
          <inputType>STRING</inputType>
          <isList>false</isList>
          <required>true</required>
          <isPersisted>true</isPersisted>
          <inputSymbol>vmName</inputSymbol>
          <listDelimiter>,</listDelimiter>
          <value>${server.hostname}_${server.hostname}</value>
          <record>false</record>
        </staticBinding>
        <staticBinding id="3e5eeb70-6398-435e-94a6-2a09041ff64c">
          <annotation></annotation>
          <fromContextKey>server.vmmp.host</fromContextKey>
          <assignFromContext>true</assignFromContext>
          <assignToContext>false</assignToContext>
          <inputType>STRING</inputType>
          <isList>false</isList>
          <required>true</required>
          <isPersisted>true</isPersisted>
          <inputSymbol>vmmp.host</inputSymbol>
          <listDelimiter>,</listDelimiter>
          <value></value>
          <record>false</record>
        </staticBinding>
      </bindings>
      <transitions>
        <transition id="a71e6686-ecbf-4b12-984e-24e82c0f2cd6">
          <annotation></annotation>
          <name>failure</name>
          <command>NEXT</command>
          <linkMode>false</linkMode>
          <responseSymbol>failure</responseSymbol>
          <shouldHandoff>false</shouldHandoff>
          <transitionValue>0.0</transitionValue>
          <destination>
            <refId>3a271e93-40cf-4026-84ca-d8da277eabc5</refId>
          </destination>
          <source>
            <refId>5baac563-71c6-41e6-bf82-0431478f85ba</refId>
          </source>
          <positions>
            <point>
              <x>559.0</x>
              <y>145.0</y>
            </point>
            <point>
              <x>243.0</x>
              <y>230.0</y>
            </point>
          </positions>
          <labelPosition>
            <x>333.0</x>
            <y>0.0</y>
          </labelPosition>
        </transition>
        <transition id="85b45916-587d-445c-84c6-b9ed068e98a9">
          <annotation></annotation>
          <name>success</name>
          <command>NEXT</command>
          <linkMode>false</linkMode>
          <responseSymbol>success</responseSymbol>
          <shouldHandoff>false</shouldHandoff>
          <transitionValue>0.0</transitionValue>
          <destination>
            <refId>328cdc68-e5a3-4f64-b9da-b98b5670bd03</refId>
          </destination>
          <source>
            <refId>5baac563-71c6-41e6-bf82-0431478f85ba</refId>
          </source>
          <positions>
            <point>
              <x>559.0</x>
              <y>145.0</y>
            </point>
            <point>
              <x>394.0</x>
              <y>498.0</y>
            </point>
          </positions>
          <labelPosition>
            <x>333.0</x>
            <y>0.0</y>
          </labelPosition>
        </transition>
      </transitions>
      <properties/>
      <opRef>
        <refId>6c8a777e-75aa-4975-b57e-8b6684a97163</refId>
      </opRef>
      <assignments/>
      <throttleSize>0</throttleSize>
    </step>
    <step id="8d6f5573-886e-49b3-98ef-486d1687c2e0">
      <annotation></annotation>
      <name>CSA_GetSubscriptionNameByID</name>
      <bounds>
        <x>56.0</x>
        <y>287.0</y>
      </bounds>
      <layer>-1</layer>
      <hideInbound>false</hideInbound>
      <addResultToRunContext>false</addResultToRunContext>
      <isCriticalStep>false</isCriticalStep>
      <isNonBlocking>false</isNonBlocking>
      <isParallelStep>false</isParallelStep>
      <isSingleResponse>false</isSingleResponse>
      <recordInHistory>false</recordInHistory>
      <recordRawOutput>true</recordRawOutput>
      <recordPrimaryOutput>true</recordPrimaryOutput>
      <checkPointStep>true</checkPointStep>
      <historyCheckPointStep>true</historyCheckPointStep>
      <scriptResultStep>false</scriptResultStep>
      <userPrompt></userPrompt>
      <bindings>
        <staticBinding id="ba7cd2eb-112d-4319-98cc-d9b9642bdbf4">
          <annotation></annotation>
          <assignFromContext>true</assignFromContext>
          <assignToContext>true</assignToContext>
          <inputType>STRING</inputType>
          <isList>false</isList>
          <required>true</required>
          <isPersisted>true</isPersisted>
          <inputSymbol>SubscriptionID</inputSymbol>
          <listDelimiter>,</listDelimiter>
          <value>${db.getdetails.subscriptionId}</value>
          <record>false</record>
        </staticBinding>
      </bindings>
      <transitions>
        <transition id="65622d5b-0943-4b0e-a7b1-3f61a08c4f99">
          <annotation></annotation>
          <name>success</name>
          <command>NEXT</command>
          <linkMode>false</linkMode>
          <responseSymbol>success</responseSymbol>
          <shouldHandoff>false</shouldHandoff>
          <transitionValue>0.0</transitionValue>
          <destination>
            <refId>d91f3b13-4b34-40e9-a41d-d2315af05561</refId>
          </destination>
          <source>
            <refId>8d6f5573-886e-49b3-98ef-486d1687c2e0</refId>
          </source>
          <positions>
            <point>
              <x>50.0</x>
              <y>277.0</y>
            </point>
            <point>
              <x>109.0</x>
              <y>366.0</y>
            </point>
          </positions>
          <labelPosition>
            <x>333.0</x>
            <y>0.0</y>
          </labelPosition>
        </transition>
        <transition id="52ee77d9-6c3a-463f-bac2-e5e28874c71b">
          <annotation></annotation>
          <name>failure</name>
          <command>NEXT</command>
          <linkMode>false</linkMode>
          <responseSymbol>failure</responseSymbol>
          <shouldHandoff>false</shouldHandoff>
          <transitionValue>0.0</transitionValue>
          <destination>
            <refId>3a271e93-40cf-4026-84ca-d8da277eabc5</refId>
          </destination>
          <source>
            <refId>8d6f5573-886e-49b3-98ef-486d1687c2e0</refId>
          </source>
          <positions>
            <point>
              <x>50.0</x>
              <y>277.0</y>
            </point>
            <point>
              <x>243.0</x>
              <y>230.0</y>
            </point>
          </positions>
          <labelPosition>
            <x>333.0</x>
            <y>0.0</y>
          </labelPosition>
        </transition>
      </transitions>
      <properties/>
      <opRef>
        <refId>4822bb20-7984-4c16-bf7e-fc84c6f991cd</refId>
      </opRef>
      <assignments>
        <flowVariableAssignment id="124ffe74-0a84-48d0-97d0-6f7f46c0a49c">
          <annotation></annotation>
          <name>assignment</name>
          <action>OVERWRITE</action>
          <assignmentTargetType>FLOW_VARIABLE</assignmentTargetType>
          <contextKey>server.csaname</contextKey>
          <expression id="8516ae9b-6a65-4e88-99ef-c829dbdd9bea">
            <annotation></annotation>
            <name>Result: Name</name>
            <fieldName>Name</fieldName>
            <sourceType>AVAILABLE_RESULT</sourceType>
            <filters/>
          </expression>
        </flowVariableAssignment>
      </assignments>
      <throttleSize>0</throttleSize>
    </step>
    <returnStep id="a48dbb51-98a8-4c95-8e8d-5fa929efad71">
      <annotation></annotation>
      <name>Resolved : success</name>
      <bounds>
        <x>535.0</x>
        <y>243.0</y>
      </bounds>
      <layer>-1</layer>
      <hideInbound>false</hideInbound>
      <addResultToRunContext>false</addResultToRunContext>
      <isCriticalStep>false</isCriticalStep>
      <isNonBlocking>false</isNonBlocking>
      <isParallelStep>false</isParallelStep>
      <isSingleResponse>false</isSingleResponse>
      <recordInHistory>false</recordInHistory>
      <recordRawOutput>true</recordRawOutput>
      <recordPrimaryOutput>true</recordPrimaryOutput>
      <checkPointStep>true</checkPointStep>
      <historyCheckPointStep>true</historyCheckPointStep>
      <scriptResultStep>false</scriptResultStep>
      <userPrompt></userPrompt>
      <bindings/>
      <transitions>
        <transition id="a338c3a5-f2c5-419c-8316-abcee2d3404b">
          <annotation></annotation>
          <name>return</name>
          <command>NEXT</command>
          <linkMode>false</linkMode>
          <responseSymbol>success</responseSymbol>
          <shouldHandoff>false</shouldHandoff>
          <transitionValue>0.0</transitionValue>
          <destination>
            <refId>a48dbb51-98a8-4c95-8e8d-5fa929efad71</refId>
          </destination>
          <source>
            <refId>a48dbb51-98a8-4c95-8e8d-5fa929efad71</refId>
          </source>
          <positions/>
        </transition>
      </transitions>
      <properties/>
      <returnStepType>RESOLVED</returnStepType>
      <assignments/>
    </returnStep>
    <step id="0bdbd150-49ef-4376-a190-e23d1c6efced">
      <annotation>bb4d1c37-d99a-400c-836f-e782473e7f35.0bdbd150-49ef-4376-a190-e23d1c6efced.description</annotation>
      <name>SendSuccess</name>
      <bounds>
        <x>345.0</x>
        <y>349.0</y>
      </bounds>
      <layer>-1</layer>
      <hideInbound>false</hideInbound>
      <addResultToRunContext>false</addResultToRunContext>
      <isCriticalStep>false</isCriticalStep>
      <isNonBlocking>false</isNonBlocking>
      <isParallelStep>false</isParallelStep>
      <isSingleResponse>false</isSingleResponse>
      <recordInHistory>false</recordInHistory>
      <recordRawOutput>true</recordRawOutput>
      <recordPrimaryOutput>true</recordPrimaryOutput>
      <checkPointStep>true</checkPointStep>
      <historyCheckPointStep>true</historyCheckPointStep>
      <scriptResultStep>false</scriptResultStep>
      <userPrompt></userPrompt>
      <bindings>
        <staticBinding id="52477e9d-ee57-43fc-85db-a69cb212bcf7">
          <annotation></annotation>
          <assignFromContext>true</assignFromContext>
          <assignToContext>true</assignToContext>
          <inputType>STRING</inputType>
          <isList>false</isList>
          <required>false</required>
          <isPersisted>true</isPersisted>
          <inputSymbol>template.name</inputSymbol>
          <listDelimiter>,</listDelimiter>
          <value>email_template_lca_success</value>
          <record>false</record>
        </staticBinding>
        <staticBinding id="87f6c9cb-da1a-43d9-914b-cbf38c6abab1">
          <annotation></annotation>
          <assignFromContext>true</assignFromContext>
          <assignToContext>true</assignToContext>
          <inputType>STRING</inputType>
          <isList>false</isList>
          <required>true</required>
          <isPersisted>true</isPersisted>
          <inputSymbol>parameter</inputSymbol>
          <listDelimiter>,</listDelimiter>
          <value>[{&quot;server.csaname&quot;:&quot;${server.csaname}&quot;},{&quot;flow.action&quot;:&quot;Power Off Server&quot;},{&quot;servicedesk.email&quot;:&quot;${pc.email.servicedesk}&quot;}]</value>
          <record>false</record>
        </staticBinding>
        <staticBinding id="eb8ee98a-509f-497c-8aa2-7c6dfc7024d8">
          <annotation></annotation>
          <assignFromContext>true</assignFromContext>
          <assignToContext>true</assignToContext>
          <inputType>STRING</inputType>
          <isList>false</isList>
          <required>true</required>
          <isPersisted>true</isPersisted>
          <inputSymbol>recipient</inputSymbol>
          <listDelimiter>,</listDelimiter>
          <value>${db.getdetails.contactemail}</value>
          <record>false</record>
        </staticBinding>
      </bindings>
      <transitions>
        <transition id="f43995fd-f046-498c-bc74-4e5f5362200e">
          <annotation></annotation>
          <name>success</name>
          <command>NEXT</command>
          <linkMode>false</linkMode>
          <responseSymbol>success</responseSymbol>
          <shouldHandoff>false</shouldHandoff>
          <transitionValue>0.0</transitionValue>
          <destination>
            <refId>f8948c0a-21aa-4360-9310-b56bfba06474</refId>
          </destination>
          <source>
            <refId>0bdbd150-49ef-4376-a190-e23d1c6efced</refId>
          </source>
          <positions>
            <point>
              <x>395.0</x>
              <y>383.0</y>
            </point>
            <point>
              <x>398.0</x>
              <y>275.0</y>
            </point>
          </positions>
          <labelPosition>
            <x>333.0</x>
            <y>0.0</y>
          </labelPosition>
        </transition>
        <transition id="9cae17bc-8d4c-4f58-9488-f7f23499f346">
          <annotation></annotation>
          <name>failure</name>
          <command>NEXT</command>
          <linkMode>false</linkMode>
          <responseSymbol>failure</responseSymbol>
          <shouldHandoff>false</shouldHandoff>
          <transitionValue>0.0</transitionValue>
          <destination>
            <refId>f8948c0a-21aa-4360-9310-b56bfba06474</refId>
          </destination>
          <source>
            <refId>0bdbd150-49ef-4376-a190-e23d1c6efced</refId>
          </source>
          <positions>
            <point>
              <x>395.0</x>
              <y>383.0</y>
            </point>
            <point>
              <x>421.49036051631793</x>
              <y>329.69417668100886</y>
            </point>
            <point>
              <x>398.0</x>
              <y>275.0</y>
            </point>
          </positions>
          <labelPosition>
            <x>333.0</x>
            <y>0.0</y>
          </labelPosition>
        </transition>
      </transitions>
      <properties/>
      <opRef>
        <refId>93d11783-54db-4d1e-b6f2-9e2acf3098a4</refId>
      </opRef>
      <assignments/>
      <throttleSize>0</throttleSize>
    </step>
    <step id="328cdc68-e5a3-4f64-b9da-b98b5670bd03">
      <annotation></annotation>
      <name>CSA_SetRunstate</name>
      <bounds>
        <x>344.0</x>
        <y>464.0</y>
      </bounds>
      <layer>-1</layer>
      <hideInbound>false</hideInbound>
      <addResultToRunContext>false</addResultToRunContext>
      <isCriticalStep>false</isCriticalStep>
      <isNonBlocking>false</isNonBlocking>
      <isParallelStep>false</isParallelStep>
      <isSingleResponse>false</isSingleResponse>
      <recordInHistory>false</recordInHistory>
      <recordRawOutput>true</recordRawOutput>
      <recordPrimaryOutput>true</recordPrimaryOutput>
      <checkPointStep>true</checkPointStep>
      <historyCheckPointStep>true</historyCheckPointStep>
      <scriptResultStep>false</scriptResultStep>
      <userPrompt></userPrompt>
      <bindings>
        <staticBinding id="8e671f8a-9eaf-4150-a92c-37722edbf779">
          <annotation></annotation>
          <assignFromContext>true</assignFromContext>
          <assignToContext>true</assignToContext>
          <inputType>STRING</inputType>
          <isList>false</isList>
          <required>true</required>
          <isPersisted>true</isPersisted>
          <inputSymbol>propName</inputSymbol>
          <listDelimiter>,</listDelimiter>
          <value>SERVER.1.RUNSTATE</value>
          <record>false</record>
        </staticBinding>
        <staticBinding id="181d4f4f-0479-499c-9f07-83160958ceae">
          <annotation></annotation>
          <assignFromContext>true</assignFromContext>
          <assignToContext>true</assignToContext>
          <inputType>STRING</inputType>
          <isList>false</isList>
          <required>false</required>
          <isPersisted>true</isPersisted>
          <inputSymbol>propType</inputSymbol>
          <listDelimiter>,</listDelimiter>
          <value>STRING</value>
          <record>false</record>
        </staticBinding>
        <staticBinding id="b407d5d8-c580-4494-8db5-81f509cb254c">
          <annotation></annotation>
          <assignFromContext>true</assignFromContext>
          <assignToContext>true</assignToContext>
          <inputType>STRING</inputType>
          <isList>false</isList>
          <required>true</required>
          <isPersisted>true</isPersisted>
          <inputSymbol>propValue</inputSymbol>
          <listDelimiter>,</listDelimiter>
          <value>PowerOff</value>
          <record>false</record>
        </staticBinding>
        <staticBinding id="b14d140f-50ad-46cc-a803-893f9e1e2473">
          <annotation></annotation>
          <assignFromContext>true</assignFromContext>
          <assignToContext>true</assignToContext>
          <inputType>STRING</inputType>
          <isList>false</isList>
          <required>false</required>
          <isPersisted>true</isPersisted>
          <inputSymbol>customerVisible</inputSymbol>
          <listDelimiter>,</listDelimiter>
          <value>true</value>
          <record>false</record>
        </staticBinding>
        <staticBinding id="22a4ef29-8bc6-47e2-86f7-5315cf3d156b">
          <annotation></annotation>
          <assignFromContext>true</assignFromContext>
          <assignToContext>true</assignToContext>
          <inputType>STRING</inputType>
          <isList>false</isList>
          <required>true</required>
          <isPersisted>true</isPersisted>
          <inputSymbol>csasvcuuid</inputSymbol>
          <listDelimiter>,</listDelimiter>
          <value>${CSA_CONTEXT_ID}</value>
          <record>false</record>
        </staticBinding>
        <staticBinding id="5de3ba38-4db0-4a50-a5b3-e569b512eb01">
          <annotation></annotation>
          <assignFromContext>true</assignFromContext>
          <assignToContext>true</assignToContext>
          <inputType>STRING</inputType>
          <isList>false</isList>
          <required>true</required>
          <isPersisted>true</isPersisted>
          <inputSymbol>displayname</inputSymbol>
          <listDelimiter>,</listDelimiter>
          <value>Server Runstate</value>
          <record>false</record>
        </staticBinding>
      </bindings>
      <transitions>
        <transition id="144bbb79-a63c-49db-8236-daa899081658">
          <annotation></annotation>
          <name>failure</name>
          <command>NEXT</command>
          <linkMode>false</linkMode>
          <responseSymbol>failure</responseSymbol>
          <shouldHandoff>false</shouldHandoff>
          <transitionValue>0.0</transitionValue>
          <destination>
            <refId>903b9558-2a38-4158-9a05-e773078e85e0</refId>
          </destination>
          <source>
            <refId>328cdc68-e5a3-4f64-b9da-b98b5670bd03</refId>
          </source>
          <positions>
            <point>
              <x>394.0</x>
              <y>699.0</y>
            </point>
            <point>
              <x>667.0</x>
              <y>616.0</y>
            </point>
          </positions>
          <labelPosition>
            <x>333.0</x>
            <y>0.0</y>
          </labelPosition>
        </transition>
        <transition id="ac414759-29cb-44af-835c-4a2eba4d79c0">
          <annotation></annotation>
          <name>success</name>
          <command>NEXT</command>
          <linkMode>false</linkMode>
          <responseSymbol>success</responseSymbol>
          <shouldHandoff>false</shouldHandoff>
          <transitionValue>0.0</transitionValue>
          <destination>
            <refId>0bdbd150-49ef-4376-a190-e23d1c6efced</refId>
          </destination>
          <source>
            <refId>328cdc68-e5a3-4f64-b9da-b98b5670bd03</refId>
          </source>
          <positions>
            <point>
              <x>394.0</x>
              <y>498.0</y>
            </point>
            <point>
              <x>636.0</x>
              <y>419.0</y>
            </point>
          </positions>
          <labelPosition>
            <x>333.0</x>
            <y>0.0</y>
          </labelPosition>
        </transition>
      </transitions>
      <properties/>
      <opRef>
        <refId>7f62af65-07d6-41ad-b715-9fd434b36a72</refId>
      </opRef>
      <assignments/>
      <throttleSize>0</throttleSize>
    </step>
    <step id="f7353cd1-7988-4d03-8d37-04ce1b8f169d">
      <annotation>bb4d1c37-d99a-400c-836f-e782473e7f35.f7353cd1-7988-4d03-8d37-04ce1b8f169d.description</annotation>
      <name>MOE_PowerOffIOService</name>
      <bounds>
        <x>56.0</x>
        <y>547.0</y>
      </bounds>
      <layer>-1</layer>
      <hideInbound>false</hideInbound>
      <addResultToRunContext>false</addResultToRunContext>
      <isCriticalStep>false</isCriticalStep>
      <isNonBlocking>false</isNonBlocking>
      <isParallelStep>false</isParallelStep>
      <isSingleResponse>false</isSingleResponse>
      <recordInHistory>false</recordInHistory>
      <recordRawOutput>true</recordRawOutput>
      <recordPrimaryOutput>true</recordPrimaryOutput>
      <checkPointStep>true</checkPointStep>
      <historyCheckPointStep>true</historyCheckPointStep>
      <scriptResultStep>false</scriptResultStep>
      <userPrompt></userPrompt>
      <bindings>
        <staticBinding id="c91c5b4b-4aab-41fa-8bfc-c7d22a4fab08">
          <annotation></annotation>
          <fromContextKey>serviceAccessPoint</fromContextKey>
          <assignFromContext>false</assignFromContext>
          <assignToContext>true</assignToContext>
          <inputType>STRING</inputType>
          <isList>false</isList>
          <required>true</required>
          <isPersisted>true</isPersisted>
          <inputSymbol>url</inputSymbol>
          <listDelimiter>,</listDelimiter>
          <value>https://${db.getdetails.iohost}:51443/hpio/controller/soap/v1</value>
          <record>false</record>
        </staticBinding>
        <staticBinding id="61ec872e-9ec3-4526-8868-0a24b25ceabe">
          <annotation></annotation>
          <assignFromContext>false</assignFromContext>
          <assignToContext>true</assignToContext>
          <inputType>STRING</inputType>
          <isList>false</isList>
          <required>true</required>
          <isPersisted>true</isPersisted>
          <inputSymbol>serviceName</inputSymbol>
          <listDelimiter>,</listDelimiter>
          <value>${db.getdetails.hostname}</value>
          <record>false</record>
        </staticBinding>
        <identityBinding id="20f752db-551d-41b4-92f7-6f918f797c16">
          <annotation></annotation>
          <assignFromContext>true</assignFromContext>
          <assignToContext>true</assignToContext>
          <inputType>ENCRYPTED</inputType>
          <isList>false</isList>
          <required>true</required>
          <isPersisted>true</isPersisted>
          <inputSymbol>username</inputSymbol>
          <listDelimiter>,</listDelimiter>
          <record>false</record>
          <link>
            <refId>783a5859-a61d-4376-8770-fd3e31273df9</refId>
            <refName>pc.moe</refName>
          </link>
          <identityAttribute>USERNAME</identityAttribute>
        </identityBinding>
        <identityBinding id="bf96cc62-fc88-4ff9-823a-4e7abb3d6260">
          <annotation></annotation>
          <assignFromContext>true</assignFromContext>
          <assignToContext>true</assignToContext>
          <inputType>ENCRYPTED</inputType>
          <isList>false</isList>
          <required>true</required>
          <isPersisted>true</isPersisted>
          <inputSymbol>password</inputSymbol>
          <listDelimiter>,</listDelimiter>
          <record>false</record>
          <link>
            <refId>783a5859-a61d-4376-8770-fd3e31273df9</refId>
            <refName>pc.moe</refName>
          </link>
          <identityAttribute>PASSWORD</identityAttribute>
        </identityBinding>
        <staticBinding id="a6da7ff8-66fa-4234-9c18-5c83613a03b7">
          <annotation></annotation>
          <assignFromContext>true</assignFromContext>
          <assignToContext>true</assignToContext>
          <inputType>STRING</inputType>
          <isList>false</isList>
          <required>false</required>
          <isPersisted>true</isPersisted>
          <inputSymbol>lobUser</inputSymbol>
          <listDelimiter>,</listDelimiter>
          <value>${pc.moe.user}</value>
          <record>false</record>
        </staticBinding>
      </bindings>
      <transitions>
        <transition id="8301fae3-6ece-4e92-bc07-182fd12946ec">
          <annotation></annotation>
          <name>success</name>
          <command>NEXT</command>
          <linkMode>false</linkMode>
          <responseSymbol>success</responseSymbol>
          <shouldHandoff>false</shouldHandoff>
          <transitionValue>0.0</transitionValue>
          <destination>
            <refId>328cdc68-e5a3-4f64-b9da-b98b5670bd03</refId>
          </destination>
          <source>
            <refId>f7353cd1-7988-4d03-8d37-04ce1b8f169d</refId>
          </source>
          <positions>
            <point>
              <x>147.0</x>
              <y>666.0</y>
            </point>
            <point>
              <x>394.0</x>
              <y>498.0</y>
            </point>
          </positions>
          <labelPosition>
            <x>333.0</x>
            <y>0.0</y>
          </labelPosition>
        </transition>
        <transition id="a92e1b42-d89d-43af-b725-f56c2c874f67">
          <annotation></annotation>
          <name>failure</name>
          <command>NEXT</command>
          <linkMode>false</linkMode>
          <responseSymbol>failure</responseSymbol>
          <shouldHandoff>false</shouldHandoff>
          <transitionValue>0.0</transitionValue>
          <destination>
            <refId>903b9558-2a38-4158-9a05-e773078e85e0</refId>
          </destination>
          <source>
            <refId>f7353cd1-7988-4d03-8d37-04ce1b8f169d</refId>
          </source>
          <positions>
            <point>
              <x>147.0</x>
              <y>666.0</y>
            </point>
            <point>
              <x>275.0</x>
              <y>596.0</y>
            </point>
          </positions>
          <labelPosition>
            <x>333.0</x>
            <y>0.0</y>
          </labelPosition>
        </transition>
      </transitions>
      <properties/>
      <opRef>
        <refId>534d63c8-92d1-44eb-8476-830f90e0f683</refId>
      </opRef>
      <assignments>
        <flowVariableAssignment id="0e578d45-c719-44e7-b8b6-85cfbfdcf357">
          <annotation></annotation>
          <name>assignment</name>
          <action>OVERWRITE</action>
          <assignmentTargetType>FLOW_VARIABLE</assignmentTargetType>
          <contextKey>failureMessage</contextKey>
          <expression id="36526808-e214-4aef-bf43-9ee989800b01">
            <annotation></annotation>
            <name>Result Field: FailureMessage</name>
            <fieldName>FailureMessage</fieldName>
            <sourceType>RAWRESULT</sourceType>
            <filters>
              <scriptletFilter id="eca1ef69-250e-4410-8354-25b3efce9387">
                <annotation></annotation>
                <name>Scriptlet</name>
                <scriptlet id="9d5147d0-03b3-4217-b449-a4b827f483fa">
                  <annotation></annotation>
                  <name>default</name>
                  <script>scriptletResult = &quot;Failed to power off service &quot;+serviceName;</script>
                  <type>RHINO</type>
                </scriptlet>
              </scriptletFilter>
            </filters>
          </expression>
        </flowVariableAssignment>
      </assignments>
      <throttleSize>0</throttleSize>
    </step>
    <returnStep id="ffaaa62b-db94-43cf-8fb7-95a2895b930c">
      <annotation></annotation>
      <name>Error : failure</name>
      <bounds>
        <x>568.0</x>
        <y>558.0</y>
      </bounds>
      <layer>-1</layer>
      <hideInbound>false</hideInbound>
      <addResultToRunContext>false</addResultToRunContext>
      <isCriticalStep>false</isCriticalStep>
      <isNonBlocking>false</isNonBlocking>
      <isParallelStep>false</isParallelStep>
      <isSingleResponse>false</isSingleResponse>
      <recordInHistory>false</recordInHistory>
      <recordRawOutput>true</recordRawOutput>
      <recordPrimaryOutput>true</recordPrimaryOutput>
      <checkPointStep>true</checkPointStep>
      <historyCheckPointStep>true</historyCheckPointStep>
      <scriptResultStep>false</scriptResultStep>
      <userPrompt></userPrompt>
      <bindings/>
      <transitions>
        <transition id="80d25b8b-ce6d-4ff3-96dc-0942cafdd0f8">
          <annotation></annotation>
          <name>return</name>
          <command>NEXT</command>
          <linkMode>false</linkMode>
          <responseSymbol>failure</responseSymbol>
          <shouldHandoff>false</shouldHandoff>
          <transitionValue>0.0</transitionValue>
          <destination>
            <refId>ffaaa62b-db94-43cf-8fb7-95a2895b930c</refId>
          </destination>
          <source>
            <refId>ffaaa62b-db94-43cf-8fb7-95a2895b930c</refId>
          </source>
          <positions/>
        </transition>
      </transitions>
      <properties/>
      <returnStepType>ERROR</returnStepType>
      <assignments/>
    </returnStep>
    <step id="f8948c0a-21aa-4360-9310-b56bfba06474">
      <annotation>bb4d1c37-d99a-400c-836f-e782473e7f35.f8948c0a-21aa-4360-9310-b56bfba06474.description</annotation>
      <name>Notify Flow Completion</name>
      <bounds>
        <x>348.0</x>
        <y>241.0</y>
      </bounds>
      <layer>-1</layer>
      <hideInbound>false</hideInbound>
      <addResultToRunContext>false</addResultToRunContext>
      <isCriticalStep>false</isCriticalStep>
      <isNonBlocking>false</isNonBlocking>
      <isParallelStep>false</isParallelStep>
      <isSingleResponse>true</isSingleResponse>
      <recordInHistory>false</recordInHistory>
      <recordRawOutput>false</recordRawOutput>
      <recordPrimaryOutput>false</recordPrimaryOutput>
      <checkPointStep>true</checkPointStep>
      <historyCheckPointStep>true</historyCheckPointStep>
      <scriptResultStep>false</scriptResultStep>
      <userPrompt></userPrompt>
      <bindings>
        <staticBinding id="97850f27-346e-407e-a1de-fc6e6a8e68f4">
          <annotation></annotation>
          <fromContextKey>CSA_PROCESS_ID</fromContextKey>
          <assignFromContext>false</assignFromContext>
          <assignToContext>false</assignToContext>
          <inputType>STRING</inputType>
          <isList>false</isList>
          <required>true</required>
          <isPersisted>true</isPersisted>
          <inputSymbol>processInstanceId</inputSymbol>
          <listDelimiter>,</listDelimiter>
          <value>${CSA_PROCESS_ID}</value>
          <record>false</record>
        </staticBinding>
        <staticBinding id="028a0f93-3446-447a-aa6a-e3eff8ba1443">
          <annotation></annotation>
          <assignFromContext>false</assignFromContext>
          <assignToContext>false</assignToContext>
          <inputType>STRING</inputType>
          <isList>false</isList>
          <required>true</required>
          <isPersisted>true</isPersisted>
          <inputSymbol>userIdentifier</inputSymbol>
          <listDelimiter>,</listDelimiter>
          <value>${userIdentifier}</value>
          <record>false</record>
        </staticBinding>
        <staticBinding id="7798852a-6161-4f8d-b9e0-f7590b1db75e">
          <annotation></annotation>
          <assignFromContext>false</assignFromContext>
          <assignToContext>false</assignToContext>
          <inputType>STRING</inputType>
          <isList>false</isList>
          <required>true</required>
          <isPersisted>true</isPersisted>
          <inputSymbol>processInstanceState</inputSymbol>
          <listDelimiter>,</listDelimiter>
          <value>COMPLETED</value>
          <record>false</record>
        </staticBinding>
        <staticBinding id="27b2d55a-f9fd-4499-8c9e-d6bb28a46ec3">
          <annotation></annotation>
          <assignFromContext>false</assignFromContext>
          <assignToContext>false</assignToContext>
          <inputType>STRING</inputType>
          <isList>false</isList>
          <required>false</required>
          <isPersisted>true</isPersisted>
          <inputSymbol>processReturnCode</inputSymbol>
          <listDelimiter>,</listDelimiter>
          <value>SUCCESS</value>
          <record>false</record>
        </staticBinding>
        <staticBinding id="2682756a-4f88-401f-a499-7de20beed1e3">
          <annotation></annotation>
          <assignFromContext>true</assignFromContext>
          <assignToContext>true</assignToContext>
          <inputType>STRING</inputType>
          <isList>false</isList>
          <required>false</required>
          <isPersisted>true</isPersisted>
          <inputSymbol>processStatus</inputSymbol>
          <listDelimiter>,</listDelimiter>
          <value>Flow completed successfully</value>
          <record>false</record>
        </staticBinding>
      </bindings>
      <transitions>
        <transition id="bce8d473-7f50-40d6-894e-d0ac1b6fcb6d">
          <annotation></annotation>
          <name>done</name>
          <command>NEXT</command>
          <linkMode>false</linkMode>
          <responseSymbol>done</responseSymbol>
          <shouldHandoff>false</shouldHandoff>
          <transitionValue>0.0</transitionValue>
          <destination>
            <refId>a48dbb51-98a8-4c95-8e8d-5fa929efad71</refId>
          </destination>
          <source>
            <refId>f8948c0a-21aa-4360-9310-b56bfba06474</refId>
          </source>
          <positions>
            <point>
              <x>692.0</x>
              <y>342.0</y>
            </point>
            <point>
              <x>366.0</x>
              <y>339.0</y>
            </point>
          </positions>
          <labelPosition>
            <x>333.0</x>
            <y>0.0</y>
          </labelPosition>
        </transition>
      </transitions>
      <properties/>
      <opRef>
        <refId>7bda02d2-425f-42aa-9ad3-5192b0fe6446</refId>
      </opRef>
      <assignments/>
      <throttleSize>0</throttleSize>
    </step>
    <step id="3a271e93-40cf-4026-84ca-d8da277eabc5">
      <annotation>bb4d1c37-d99a-400c-836f-e782473e7f35.3a271e93-40cf-4026-84ca-d8da277eabc5.description</annotation>
      <name>SendFailure</name>
      <bounds>
        <x>193.0</x>
        <y>196.0</y>
      </bounds>
      <layer>-1</layer>
      <hideInbound>false</hideInbound>
      <addResultToRunContext>false</addResultToRunContext>
      <isCriticalStep>false</isCriticalStep>
      <isNonBlocking>false</isNonBlocking>
      <isParallelStep>false</isParallelStep>
      <isSingleResponse>false</isSingleResponse>
      <recordInHistory>false</recordInHistory>
      <recordRawOutput>true</recordRawOutput>
      <recordPrimaryOutput>true</recordPrimaryOutput>
      <checkPointStep>true</checkPointStep>
      <historyCheckPointStep>true</historyCheckPointStep>
      <scriptResultStep>false</scriptResultStep>
      <userPrompt></userPrompt>
      <bindings>
        <staticBinding id="cd312896-93ed-48a5-b46f-d8309c848781">
          <annotation></annotation>
          <assignFromContext>true</assignFromContext>
          <assignToContext>true</assignToContext>
          <inputType>STRING</inputType>
          <isList>false</isList>
          <required>false</required>
          <isPersisted>true</isPersisted>
          <inputSymbol>template.name</inputSymbol>
          <listDelimiter>,</listDelimiter>
          <value>email_template_lca_failure</value>
          <record>false</record>
        </staticBinding>
        <staticBinding id="be6159da-1abd-433e-8f19-cd6d86ec8d95">
          <annotation></annotation>
          <assignFromContext>true</assignFromContext>
          <assignToContext>true</assignToContext>
          <inputType>STRING</inputType>
          <isList>false</isList>
          <required>true</required>
          <isPersisted>true</isPersisted>
          <inputSymbol>parameter</inputSymbol>
          <listDelimiter>,</listDelimiter>
          <value>[{&quot;server.csaname&quot;:&quot;${server.csaname}&quot;},{&quot;flow.action&quot;:&quot;Power Off Server&quot;},{&quot;flow.error&quot;:&quot;Unknown Error&quot;},{&quot;servicedesk.email&quot;:&quot;${pc.email.servicedesk}&quot;}]</value>
          <record>false</record>
        </staticBinding>
        <staticBinding id="efed41e6-3117-4a62-9c7d-e9ba38a2fafa">
          <annotation></annotation>
          <assignFromContext>true</assignFromContext>
          <assignToContext>true</assignToContext>
          <inputType>STRING</inputType>
          <isList>false</isList>
          <required>true</required>
          <isPersisted>true</isPersisted>
          <inputSymbol>recipient</inputSymbol>
          <listDelimiter>,</listDelimiter>
          <value>${db.getdetails.contactemail}</value>
          <record>false</record>
        </staticBinding>
      </bindings>
      <transitions>
        <transition id="ab5fa62c-936f-45d9-acda-d226507c6f23">
          <annotation></annotation>
          <name>success</name>
          <command>NEXT</command>
          <linkMode>false</linkMode>
          <responseSymbol>success</responseSymbol>
          <shouldHandoff>false</shouldHandoff>
          <transitionValue>0.0</transitionValue>
          <destination>
            <refId>d34f1e61-540d-478b-840b-8049d244e23f</refId>
          </destination>
          <source>
            <refId>3a271e93-40cf-4026-84ca-d8da277eabc5</refId>
          </source>
          <positions>
            <point>
              <x>243.0</x>
              <y>230.0</y>
            </point>
            <point>
              <x>233.0</x>
              <y>57.0</y>
            </point>
          </positions>
          <labelPosition>
            <x>333.0</x>
            <y>0.0</y>
          </labelPosition>
        </transition>
        <transition id="82b2dd0a-f3f8-422c-b1f5-3558802b3d24">
          <annotation></annotation>
          <name>failure</name>
          <command>NEXT</command>
          <linkMode>false</linkMode>
          <responseSymbol>failure</responseSymbol>
          <shouldHandoff>false</shouldHandoff>
          <transitionValue>0.0</transitionValue>
          <destination>
            <refId>d34f1e61-540d-478b-840b-8049d244e23f</refId>
          </destination>
          <source>
            <refId>3a271e93-40cf-4026-84ca-d8da277eabc5</refId>
          </source>
          <positions>
            <point>
              <x>243.0</x>
              <y>230.0</y>
            </point>
            <point>
              <x>264.49591034694146</x>
              <y>168.65730819114427</y>
            </point>
            <point>
              <x>261.42076737145953</x>
              <y>115.45733471530654</y>
            </point>
            <point>
              <x>233.0</x>
              <y>57.0</y>
            </point>
          </positions>
          <labelPosition>
            <x>333.0</x>
            <y>0.0</y>
          </labelPosition>
        </transition>
      </transitions>
      <properties/>
      <opRef>
        <refId>93d11783-54db-4d1e-b6f2-9e2acf3098a4</refId>
      </opRef>
      <assignments/>
      <throttleSize>0</throttleSize>
    </step>
    <step id="d930b79e-0171-4e2e-ae17-97a99c2c1762">
      <annotation>bb4d1c37-d99a-400c-836f-e782473e7f35.d930b79e-0171-4e2e-ae17-97a99c2c1762.description</annotation>
      <name>Notify Flow Completion</name>
      <bounds>
        <x>406.0</x>
        <y>558.0</y>
      </bounds>
      <layer>-1</layer>
      <hideInbound>false</hideInbound>
      <addResultToRunContext>false</addResultToRunContext>
      <isCriticalStep>false</isCriticalStep>
      <isNonBlocking>false</isNonBlocking>
      <isParallelStep>false</isParallelStep>
      <isSingleResponse>true</isSingleResponse>
      <recordInHistory>false</recordInHistory>
      <recordRawOutput>false</recordRawOutput>
      <recordPrimaryOutput>false</recordPrimaryOutput>
      <checkPointStep>true</checkPointStep>
      <historyCheckPointStep>true</historyCheckPointStep>
      <scriptResultStep>false</scriptResultStep>
      <userPrompt></userPrompt>
      <bindings>
        <staticBinding id="d49b9370-66b8-4f4d-a073-1eaa5b278c31">
          <annotation></annotation>
          <fromContextKey>CSA_PROCESS_ID</fromContextKey>
          <assignFromContext>false</assignFromContext>
          <assignToContext>false</assignToContext>
          <inputType>STRING</inputType>
          <isList>false</isList>
          <required>true</required>
          <isPersisted>true</isPersisted>
          <inputSymbol>processInstanceId</inputSymbol>
          <listDelimiter>,</listDelimiter>
          <value>${CSA_PROCESS_ID}</value>
          <record>false</record>
        </staticBinding>
        <staticBinding id="d7b364d3-2be4-416b-b31a-2e3657937ca2">
          <annotation></annotation>
          <assignFromContext>false</assignFromContext>
          <assignToContext>false</assignToContext>
          <inputType>STRING</inputType>
          <isList>false</isList>
          <required>true</required>
          <isPersisted>true</isPersisted>
          <inputSymbol>userIdentifier</inputSymbol>
          <listDelimiter>,</listDelimiter>
          <value>${userIdentifier}</value>
          <record>false</record>
        </staticBinding>
        <staticBinding id="82925376-8ddd-43de-aa27-01a9d0682bc5">
          <annotation></annotation>
          <assignFromContext>false</assignFromContext>
          <assignToContext>false</assignToContext>
          <inputType>STRING</inputType>
          <isList>false</isList>
          <required>true</required>
          <isPersisted>true</isPersisted>
          <inputSymbol>processInstanceState</inputSymbol>
          <listDelimiter>,</listDelimiter>
          <value>COMPLETED</value>
          <record>false</record>
        </staticBinding>
        <staticBinding id="d614c26c-ca40-4929-bc4b-49731206aab1">
          <annotation></annotation>
          <assignFromContext>false</assignFromContext>
          <assignToContext>false</assignToContext>
          <inputType>STRING</inputType>
          <isList>false</isList>
          <required>false</required>
          <isPersisted>true</isPersisted>
          <inputSymbol>processReturnCode</inputSymbol>
          <listDelimiter>,</listDelimiter>
          <value>FAILURE</value>
          <record>false</record>
        </staticBinding>
        <staticBinding id="d70a9ba2-ceba-4a8c-820b-e2203dab14e5">
          <annotation></annotation>
          <assignFromContext>true</assignFromContext>
          <assignToContext>true</assignToContext>
          <inputType>STRING</inputType>
          <isList>false</isList>
          <required>false</required>
          <isPersisted>true</isPersisted>
          <inputSymbol>processStatus</inputSymbol>
          <listDelimiter>,</listDelimiter>
          <value>Flow failed</value>
          <record>false</record>
        </staticBinding>
      </bindings>
      <transitions>
        <transition id="1014f497-bdeb-4b9c-bb33-d150c560d5f4">
          <annotation></annotation>
          <name>done</name>
          <command>NEXT</command>
          <linkMode>false</linkMode>
          <responseSymbol>done</responseSymbol>
          <shouldHandoff>false</shouldHandoff>
          <transitionValue>0.0</transitionValue>
          <destination>
            <refId>ffaaa62b-db94-43cf-8fb7-95a2895b930c</refId>
          </destination>
          <source>
            <refId>d930b79e-0171-4e2e-ae17-97a99c2c1762</refId>
          </source>
          <positions>
            <point>
              <x>375.0</x>
              <y>651.0</y>
            </point>
            <point>
              <x>378.0</x>
              <y>792.0</y>
            </point>
          </positions>
          <labelPosition>
            <x>333.0</x>
            <y>0.0</y>
          </labelPosition>
        </transition>
      </transitions>
      <properties/>
      <opRef>
        <refId>7bda02d2-425f-42aa-9ad3-5192b0fe6446</refId>
      </opRef>
      <assignments/>
      <throttleSize>0</throttleSize>
    </step>
    <step id="9562dcb6-9311-4d79-b80c-b3a8641b5070">
      <annotation></annotation>
      <name>DB_GetDetailsBySubscriptionID</name>
      <bounds>
        <x>56.0</x>
        <y>157.0</y>
      </bounds>
      <layer>-1</layer>
      <hideInbound>false</hideInbound>
      <addResultToRunContext>false</addResultToRunContext>
      <isCriticalStep>false</isCriticalStep>
      <isNonBlocking>false</isNonBlocking>
      <isParallelStep>false</isParallelStep>
      <isSingleResponse>false</isSingleResponse>
      <recordInHistory>false</recordInHistory>
      <recordRawOutput>true</recordRawOutput>
      <recordPrimaryOutput>true</recordPrimaryOutput>
      <checkPointStep>true</checkPointStep>
      <historyCheckPointStep>true</historyCheckPointStep>
      <scriptResultStep>false</scriptResultStep>
      <userPrompt></userPrompt>
      <bindings>
        <staticBinding id="b76940a4-29c5-4593-94e5-20a5581eb63d">
          <annotation></annotation>
          <assignFromContext>true</assignFromContext>
          <assignToContext>true</assignToContext>
          <inputType>STRING</inputType>
          <isList>false</isList>
          <required>true</required>
          <isPersisted>true</isPersisted>
          <inputSymbol>db.getdetails.csasvcuuid</inputSymbol>
          <listDelimiter>,</listDelimiter>
          <value>${CSA_CONTEXT_ID}</value>
          <record>false</record>
        </staticBinding>
      </bindings>
      <transitions>
        <transition id="d1174b35-7020-44c5-b0ff-22094c5a1fc8">
          <annotation></annotation>
          <name>failure</name>
          <command>NEXT</command>
          <linkMode>false</linkMode>
          <responseSymbol>failure</responseSymbol>
          <shouldHandoff>false</shouldHandoff>
          <transitionValue>0.0</transitionValue>
          <destination>
            <refId>3a271e93-40cf-4026-84ca-d8da277eabc5</refId>
          </destination>
          <source>
            <refId>9562dcb6-9311-4d79-b80c-b3a8641b5070</refId>
          </source>
          <positions>
            <point>
              <x>109.0</x>
              <y>228.0</y>
            </point>
            <point>
              <x>243.0</x>
              <y>230.0</y>
            </point>
          </positions>
          <labelPosition>
            <x>333.0</x>
            <y>0.0</y>
          </labelPosition>
        </transition>
        <transition id="f6e4be65-9ef4-47b6-b5c0-57b1261f93ae">
          <annotation></annotation>
          <name>success</name>
          <command>NEXT</command>
          <linkMode>false</linkMode>
          <responseSymbol>success</responseSymbol>
          <shouldHandoff>false</shouldHandoff>
          <transitionValue>0.0</transitionValue>
          <destination>
            <refId>8d6f5573-886e-49b3-98ef-486d1687c2e0</refId>
          </destination>
          <source>
            <refId>9562dcb6-9311-4d79-b80c-b3a8641b5070</refId>
          </source>
          <positions>
            <point>
              <x>109.0</x>
              <y>176.0</y>
            </point>
            <point>
              <x>50.0</x>
              <y>277.0</y>
            </point>
          </positions>
          <labelPosition>
            <x>333.0</x>
            <y>0.0</y>
          </labelPosition>
        </transition>
      </transitions>
      <properties/>
      <opRef>
        <refId>26e16199-ac42-40d7-8725-27b18ed3509d</refId>
      </opRef>
      <assignments>
        <flowVariableAssignment id="5a9d010f-f8e8-4754-8d0e-650ac0b7ea49">
          <annotation></annotation>
          <name>assignment</name>
          <action>OVERWRITE</action>
          <assignmentTargetType>FLOW_VARIABLE</assignmentTargetType>
          <contextKey>db.getdetails.subscriptionId</contextKey>
          <expression id="8cd53ffc-64bd-4057-bbd8-b5982c92b6b7">
            <annotation></annotation>
            <name>Result Field: db.getdetails.csasubscriptionid</name>
            <fieldName>db.getdetails.csasubscriptionid</fieldName>
            <sourceType>RAWRESULT</sourceType>
            <filters/>
          </expression>
        </flowVariableAssignment>
        <flowVariableAssignment id="198596d4-0e47-4a50-9579-fd659e7737db">
          <annotation></annotation>
          <name>assignment</name>
          <action>OVERWRITE</action>
          <assignmentTargetType>FLOW_VARIABLE</assignmentTargetType>
          <contextKey>db.getdetails.contactemail</contextKey>
          <expression id="81483625-2e72-491e-872b-03f57e40c82c">
            <annotation></annotation>
            <name>Result Field: db.getdetails.contactemail</name>
            <fieldName>db.getdetails.contactemail</fieldName>
            <sourceType>RAWRESULT</sourceType>
            <filters/>
          </expression>
        </flowVariableAssignment>
        <flowVariableAssignment id="8d2026e3-a99a-4f00-9750-dbf993f20815">
          <annotation></annotation>
          <name>assignment</name>
          <action>OVERWRITE</action>
          <assignmentTargetType>FLOW_VARIABLE</assignmentTargetType>
          <contextKey>db.getdetails.iohost</contextKey>
          <expression id="739644bf-7269-4ee5-b2a2-fd8f0ce09df6">
            <annotation></annotation>
            <name>Result Field: db.getdetails.iohost</name>
            <fieldName>db.getdetails.iohost</fieldName>
            <sourceType>RAWRESULT</sourceType>
            <filters/>
          </expression>
        </flowVariableAssignment>
        <flowVariableAssignment id="30c62868-9207-4ae7-aa44-a6281e607712">
          <annotation></annotation>
          <name>assignment</name>
          <action>OVERWRITE</action>
          <assignmentTargetType>FLOW_VARIABLE</assignmentTargetType>
          <contextKey>db.getdetails.hostname</contextKey>
          <expression id="10295fc9-17c7-42a1-b728-fc7a8481b8c7">
            <annotation></annotation>
            <name>Result Field: db.getdetails.hostname</name>
            <fieldName>db.getdetails.hostname</fieldName>
            <sourceType>RAWRESULT</sourceType>
            <filters/>
          </expression>
        </flowVariableAssignment>
        <flowVariableAssignment id="c3f57eec-ad59-4826-beaf-8d942f49cac8">
          <annotation></annotation>
          <name>assignment</name>
          <action>OVERWRITE</action>
          <assignmentTargetType>FLOW_VARIABLE</assignmentTargetType>
          <contextKey>db.getdetails.iotemplate</contextKey>
          <expression id="1f43579d-ac8c-4be4-b430-3f6540b230dd">
            <annotation></annotation>
            <name>Result Field: db.getdetails.iotemplate</name>
            <fieldName>db.getdetails.iotemplate</fieldName>
            <sourceType>RAWRESULT</sourceType>
            <filters/>
          </expression>
        </flowVariableAssignment>
        <flowVariableAssignment id="8ba8b579-87e5-4d42-9d08-7b80bc07bc58">
          <annotation></annotation>
          <name>assignment</name>
          <action>OVERWRITE</action>
          <assignmentTargetType>FLOW_VARIABLE</assignmentTargetType>
          <contextKey>server.type</contextKey>
          <expression id="00c76902-3983-4ca2-bb39-2f56fd5e188d">
            <annotation></annotation>
            <name>Result Field: db.getdetails.type</name>
            <fieldName>db.getdetails.type</fieldName>
            <sourceType>RAWRESULT</sourceType>
            <filters/>
          </expression>
        </flowVariableAssignment>
        <flowVariableAssignment id="ce73a94b-c035-4b21-bae7-dfcb641c2b09">
          <annotation></annotation>
          <name>assignment</name>
          <action>OVERWRITE</action>
          <assignmentTargetType>FLOW_VARIABLE</assignmentTargetType>
          <contextKey>server.vmmp.host</contextKey>
          <expression id="9305129d-cf77-4b5e-b0d8-da4266ff4f2a">
            <annotation></annotation>
            <name>Result Field: db.getdetails.vcenterfqdn</name>
            <fieldName>db.getdetails.vcenterfqdn</fieldName>
            <sourceType>RAWRESULT</sourceType>
            <filters/>
          </expression>
        </flowVariableAssignment>
        <flowVariableAssignment id="462bf575-b19d-4ade-9af1-6b5942792e89">
          <annotation></annotation>
          <name>assignment</name>
          <action>OVERWRITE</action>
          <assignmentTargetType>FLOW_VARIABLE</assignmentTargetType>
          <contextKey>server.resourcepool</contextKey>
          <expression id="f5054cd1-a07a-479c-8954-baecf852af81">
            <annotation></annotation>
            <name>Result Field: db.getdetails.resourcepool</name>
            <fieldName>db.getdetails.resourcepool</fieldName>
            <sourceType>RAWRESULT</sourceType>
            <filters/>
          </expression>
        </flowVariableAssignment>
      </assignments>
      <throttleSize>0</throttleSize>
    </step>
    <step id="d34f1e61-540d-478b-840b-8049d244e23f">
      <annotation>bb4d1c37-d99a-400c-836f-e782473e7f35.d34f1e61-540d-478b-840b-8049d244e23f.description</annotation>
      <name>Notify Flow Completion</name>
      <bounds>
        <x>183.0</x>
        <y>23.0</y>
      </bounds>
      <layer>-1</layer>
      <hideInbound>false</hideInbound>
      <addResultToRunContext>false</addResultToRunContext>
      <isCriticalStep>false</isCriticalStep>
      <isNonBlocking>false</isNonBlocking>
      <isParallelStep>false</isParallelStep>
      <isSingleResponse>true</isSingleResponse>
      <recordInHistory>false</recordInHistory>
      <recordRawOutput>false</recordRawOutput>
      <recordPrimaryOutput>false</recordPrimaryOutput>
      <checkPointStep>true</checkPointStep>
      <historyCheckPointStep>true</historyCheckPointStep>
      <scriptResultStep>false</scriptResultStep>
      <userPrompt></userPrompt>
      <bindings>
        <staticBinding id="97b811dd-7027-4769-a552-e7053f66fbc5">
          <annotation></annotation>
          <fromContextKey>CSA_PROCESS_ID</fromContextKey>
          <assignFromContext>false</assignFromContext>
          <assignToContext>false</assignToContext>
          <inputType>STRING</inputType>
          <isList>false</isList>
          <required>true</required>
          <isPersisted>true</isPersisted>
          <inputSymbol>processInstanceId</inputSymbol>
          <listDelimiter>,</listDelimiter>
          <value>${CSA_PROCESS_ID}</value>
          <record>false</record>
        </staticBinding>
        <staticBinding id="a5cbeaeb-b9cb-4e2a-9508-f8ed605c7655">
          <annotation></annotation>
          <assignFromContext>false</assignFromContext>
          <assignToContext>false</assignToContext>
          <inputType>STRING</inputType>
          <isList>false</isList>
          <required>true</required>
          <isPersisted>true</isPersisted>
          <inputSymbol>userIdentifier</inputSymbol>
          <listDelimiter>,</listDelimiter>
          <value>${userIdentifier}</value>
          <record>false</record>
        </staticBinding>
        <staticBinding id="9954bfec-da43-4fb5-a67b-7768d58bdff9">
          <annotation></annotation>
          <assignFromContext>false</assignFromContext>
          <assignToContext>false</assignToContext>
          <inputType>STRING</inputType>
          <isList>false</isList>
          <required>true</required>
          <isPersisted>true</isPersisted>
          <inputSymbol>processInstanceState</inputSymbol>
          <listDelimiter>,</listDelimiter>
          <value>COMPLETED</value>
          <record>false</record>
        </staticBinding>
        <staticBinding id="48938cdd-78eb-4541-b219-6fe863f90189">
          <annotation></annotation>
          <assignFromContext>false</assignFromContext>
          <assignToContext>false</assignToContext>
          <inputType>STRING</inputType>
          <isList>false</isList>
          <required>false</required>
          <isPersisted>true</isPersisted>
          <inputSymbol>processReturnCode</inputSymbol>
          <listDelimiter>,</listDelimiter>
          <value>FAILURE</value>
          <record>false</record>
        </staticBinding>
        <staticBinding id="c782ff20-2cf2-4164-b4c5-cc13e520f018">
          <annotation></annotation>
          <assignFromContext>true</assignFromContext>
          <assignToContext>true</assignToContext>
          <inputType>STRING</inputType>
          <isList>false</isList>
          <required>false</required>
          <isPersisted>true</isPersisted>
          <inputSymbol>processStatus</inputSymbol>
          <listDelimiter>,</listDelimiter>
          <value>Flow failed</value>
          <record>false</record>
        </staticBinding>
      </bindings>
      <transitions>
        <transition id="f27d8f86-0366-4716-8d54-bdd0c743cc0d">
          <annotation></annotation>
          <name>done</name>
          <command>NEXT</command>
          <linkMode>false</linkMode>
          <responseSymbol>done</responseSymbol>
          <shouldHandoff>false</shouldHandoff>
          <transitionValue>0.0</transitionValue>
          <destination>
            <refId>0775ef4b-c7f6-46d3-95f8-ed1398296f86</refId>
          </destination>
          <source>
            <refId>d34f1e61-540d-478b-840b-8049d244e23f</refId>
          </source>
          <positions>
            <point>
              <x>254.0</x>
              <y>57.0</y>
            </point>
            <point>
              <x>370.0</x>
              <y>61.0</y>
            </point>
          </positions>
          <labelPosition>
            <x>333.0</x>
            <y>0.0</y>
          </labelPosition>
        </transition>
      </transitions>
      <properties/>
      <opRef>
        <refId>7bda02d2-425f-42aa-9ad3-5192b0fe6446</refId>
      </opRef>
      <assignments/>
      <throttleSize>0</throttleSize>
    </step>
    <returnStep id="0775ef4b-c7f6-46d3-95f8-ed1398296f86">
      <annotation></annotation>
      <name>Error : failure</name>
      <bounds>
        <x>320.0</x>
        <y>27.0</y>
      </bounds>
      <layer>-1</layer>
      <hideInbound>false</hideInbound>
      <addResultToRunContext>false</addResultToRunContext>
      <isCriticalStep>false</isCriticalStep>
      <isNonBlocking>false</isNonBlocking>
      <isParallelStep>false</isParallelStep>
      <isSingleResponse>false</isSingleResponse>
      <recordInHistory>false</recordInHistory>
      <recordRawOutput>true</recordRawOutput>
      <recordPrimaryOutput>true</recordPrimaryOutput>
      <checkPointStep>true</checkPointStep>
      <historyCheckPointStep>true</historyCheckPointStep>
      <scriptResultStep>false</scriptResultStep>
      <userPrompt></userPrompt>
      <bindings/>
      <transitions>
        <transition id="20b194ee-84bd-411f-83fd-537978fc8150">
          <annotation></annotation>
          <name>return</name>
          <command>NEXT</command>
          <linkMode>false</linkMode>
          <responseSymbol>failure</responseSymbol>
          <shouldHandoff>false</shouldHandoff>
          <transitionValue>0.0</transitionValue>
          <destination>
            <refId>0775ef4b-c7f6-46d3-95f8-ed1398296f86</refId>
          </destination>
          <source>
            <refId>0775ef4b-c7f6-46d3-95f8-ed1398296f86</refId>
          </source>
          <positions/>
        </transition>
      </transitions>
      <properties/>
      <returnStepType>ERROR</returnStepType>
      <assignments/>
    </returnStep>
    <step id="903b9558-2a38-4158-9a05-e773078e85e0">
      <annotation>bb4d1c37-d99a-400c-836f-e782473e7f35.903b9558-2a38-4158-9a05-e773078e85e0.description</annotation>
      <name>SendFailure</name>
      <bounds>
        <x>225.0</x>
        <y>562.0</y>
      </bounds>
      <layer>-1</layer>
      <hideInbound>false</hideInbound>
      <addResultToRunContext>false</addResultToRunContext>
      <isCriticalStep>false</isCriticalStep>
      <isNonBlocking>false</isNonBlocking>
      <isParallelStep>false</isParallelStep>
      <isSingleResponse>false</isSingleResponse>
      <recordInHistory>false</recordInHistory>
      <recordRawOutput>true</recordRawOutput>
      <recordPrimaryOutput>true</recordPrimaryOutput>
      <checkPointStep>true</checkPointStep>
      <historyCheckPointStep>true</historyCheckPointStep>
      <scriptResultStep>false</scriptResultStep>
      <userPrompt></userPrompt>
      <bindings>
        <staticBinding id="fba16f0d-d3f8-4b59-945d-ec6a08de3f22">
          <annotation></annotation>
          <assignFromContext>true</assignFromContext>
          <assignToContext>true</assignToContext>
          <inputType>STRING</inputType>
          <isList>false</isList>
          <required>false</required>
          <isPersisted>true</isPersisted>
          <inputSymbol>template.name</inputSymbol>
          <listDelimiter>,</listDelimiter>
          <value>email_template_lca_failure</value>
          <record>false</record>
        </staticBinding>
        <staticBinding id="8c7fba74-328d-49be-9865-16c400cf5cd0">
          <annotation></annotation>
          <assignFromContext>true</assignFromContext>
          <assignToContext>true</assignToContext>
          <inputType>STRING</inputType>
          <isList>false</isList>
          <required>true</required>
          <isPersisted>true</isPersisted>
          <inputSymbol>parameter</inputSymbol>
          <listDelimiter>,</listDelimiter>
          <value>[{&quot;server.csaname&quot;:&quot;${server.csaname}&quot;},{&quot;flow.action&quot;:&quot;Power Off Server&quot;},{&quot;flow.error&quot;:&quot;Unknown Error&quot;},{&quot;servicedesk.email&quot;:&quot;${pc.email.servicedesk}&quot;}]</value>
          <record>false</record>
        </staticBinding>
        <staticBinding id="e7397585-0da6-4fa4-9835-d63ad9c8318d">
          <annotation></annotation>
          <assignFromContext>true</assignFromContext>
          <assignToContext>true</assignToContext>
          <inputType>STRING</inputType>
          <isList>false</isList>
          <required>true</required>
          <isPersisted>true</isPersisted>
          <inputSymbol>recipient</inputSymbol>
          <listDelimiter>,</listDelimiter>
          <value>${db.getdetails.contactemail}</value>
          <record>false</record>
        </staticBinding>
      </bindings>
      <transitions>
        <transition id="c96668f0-843c-41f4-b7b0-76b136404edd">
          <annotation></annotation>
          <name>success</name>
          <command>NEXT</command>
          <linkMode>false</linkMode>
          <responseSymbol>success</responseSymbol>
          <shouldHandoff>false</shouldHandoff>
          <transitionValue>0.0</transitionValue>
          <destination>
            <refId>d930b79e-0171-4e2e-ae17-97a99c2c1762</refId>
          </destination>
          <source>
            <refId>903b9558-2a38-4158-9a05-e773078e85e0</refId>
          </source>
          <positions>
            <point>
              <x>275.0</x>
              <y>596.0</y>
            </point>
            <point>
              <x>456.0</x>
              <y>592.0</y>
            </point>
          </positions>
          <labelPosition>
            <x>333.0</x>
            <y>0.0</y>
          </labelPosition>
        </transition>
        <transition id="b7a8f06d-2bd1-428b-bf9d-fb874cc05c2e">
          <annotation></annotation>
          <name>failure</name>
          <command>NEXT</command>
          <linkMode>false</linkMode>
          <responseSymbol>failure</responseSymbol>
          <shouldHandoff>false</shouldHandoff>
          <transitionValue>0.0</transitionValue>
          <destination>
            <refId>d930b79e-0171-4e2e-ae17-97a99c2c1762</refId>
          </destination>
          <source>
            <refId>903b9558-2a38-4158-9a05-e773078e85e0</refId>
          </source>
          <positions>
            <point>
              <x>275.0</x>
              <y>596.0</y>
            </point>
            <point>
              <x>335.5377051212136</x>
              <y>619.6682542376277</y>
            </point>
            <point>
              <x>396.5669975269837</x>
              <y>618.3195405933013</y>
            </point>
            <point>
              <x>456.0</x>
              <y>592.0</y>
            </point>
          </positions>
          <labelPosition>
            <x>333.0</x>
            <y>0.0</y>
          </labelPosition>
        </transition>
      </transitions>
      <properties/>
      <opRef>
        <refId>93d11783-54db-4d1e-b6f2-9e2acf3098a4</refId>
      </opRef>
      <assignments/>
      <throttleSize>0</throttleSize>
    </step>
  </steps>
  <startSteps>14f5b2b6-e6e3-419e-98b0-223edebadf39</startSteps>
</flow>