<?xml version="1.0" encoding="UTF-8"?>
<flow id="1cbca507-fc20-47cc-a3ab-a39a2d949dab">
  <annotation></annotation>
  <name>CSA_AddLCA</name>
  <categories/>
  <inputs>
    <userInputBinding id="b11662ae-3e54-4f18-b1bd-69032ce52dba">
      <annotation></annotation>
      <assignFromContext>true</assignFromContext>
      <assignToContext>true</assignToContext>
      <inputType>STRING</inputType>
      <isList>false</isList>
      <required>true</required>
      <isPersisted>true</isPersisted>
      <inputSymbol>actionName</inputSymbol>
      <listDelimiter>,</listDelimiter>
      <record>false</record>
      <prompt></prompt>
      <isMultiSelect>false</isMultiSelect>
      <sourceDelimiter>|</sourceDelimiter>
    </userInputBinding>
    <userInputBinding id="1f8c78f4-91a4-4e87-94f1-22daf01deaca">
      <annotation></annotation>
      <assignFromContext>true</assignFromContext>
      <assignToContext>true</assignToContext>
      <inputType>STRING</inputType>
      <isList>false</isList>
      <required>true</required>
      <isPersisted>true</isPersisted>
      <inputSymbol>actionDescription</inputSymbol>
      <listDelimiter>,</listDelimiter>
      <record>false</record>
      <prompt></prompt>
      <isMultiSelect>false</isMultiSelect>
      <sourceDelimiter>|</sourceDelimiter>
    </userInputBinding>
    <userInputBinding id="f2cd65af-04b1-4114-9e57-7024be2d0d77">
      <annotation></annotation>
      <assignFromContext>true</assignFromContext>
      <assignToContext>true</assignToContext>
      <inputType>STRING</inputType>
      <isList>false</isList>
      <required>true</required>
      <isPersisted>true</isPersisted>
      <inputSymbol>componentId</inputSymbol>
      <listDelimiter>,</listDelimiter>
      <record>false</record>
      <prompt></prompt>
      <isMultiSelect>false</isMultiSelect>
      <sourceDelimiter>|</sourceDelimiter>
    </userInputBinding>
    <userInputBinding id="78cafa60-a525-4a16-8bc9-594d903ff4c3">
      <annotation></annotation>
      <assignFromContext>true</assignFromContext>
      <assignToContext>true</assignToContext>
      <inputType>STRING</inputType>
      <isList>false</isList>
      <required>true</required>
      <isPersisted>true</isPersisted>
      <inputSymbol>flowpath</inputSymbol>
      <listDelimiter>,</listDelimiter>
      <record>false</record>
      <prompt></prompt>
      <isMultiSelect>false</isMultiSelect>
      <sourceDelimiter>|</sourceDelimiter>
    </userInputBinding>
  </inputs>
  <scriptlet id="ddd2f783-548d-4a6c-8fbf-e789e6a6ffed">
    <annotation></annotation>
    <name>Operation CSA_AddLCA (1cbca507-fc20-47cc-a3ab-a39a2d949dab)</name>
    <type>RHINO</type>
  </scriptlet>
  <possibleResponses>
    <opResponse id="eae08517-70f9-4709-8bd9-c5b36624a282">
      <annotation></annotation>
      <name>failure</name>
      <isDefault>false</isDefault>
      <onFailure>true</onFailure>
      <type>ERROR</type>
      <matchRules/>
    </opResponse>
    <opResponse id="b97e5e7c-51b5-4016-a448-68ce89f42479">
      <annotation></annotation>
      <name>success</name>
      <isDefault>true</isDefault>
      <onFailure>false</onFailure>
      <type>RESOLVED</type>
      <matchRules/>
    </opResponse>
  </possibleResponses>
  <availableResultExpressions/>
  <resultExpression id="ed207b18-90de-49e0-9217-a5b7975a7051">
    <annotation></annotation>
    <name>FailureMessage</name>
    <fieldName>FailureMessage</fieldName>
    <sourceType>RAWRESULT</sourceType>
    <filters/>
  </resultExpression>
  <iconSpec id="29f4c2ea-085b-4036-95f7-fffd1bf78fd7">
    <baseIcon>flow.png</baseIcon>
    <basePath>System</basePath>
    <readOnly>false</readOnly>
    <layers/>
  </iconSpec>
  <callouts/>
  <checkPointFlow>true</checkPointFlow>
  <compatibleRuntimeContext>false</compatibleRuntimeContext>
  <historyCheckPointFlow>true</historyCheckPointFlow>
  <steps>
    <step id="7483c3ad-1717-4446-9eeb-ced6089a97aa">
      <annotation>1cbca507-fc20-47cc-a3ab-a39a2d949dab.7483c3ad-1717-4446-9eeb-ced6089a97aa.description</annotation>
      <name>Get User Identifier</name>
      <bounds>
        <x>71.0</x>
        <y>74.0</y>
      </bounds>
      <layer>-1</layer>
      <hideInbound>false</hideInbound>
      <addResultToRunContext>false</addResultToRunContext>
      <isCriticalStep>false</isCriticalStep>
      <isNonBlocking>false</isNonBlocking>
      <isParallelStep>false</isParallelStep>
      <isSingleResponse>false</isSingleResponse>
      <recordInHistory>false</recordInHistory>
      <recordRawOutput>true</recordRawOutput>
      <recordPrimaryOutput>true</recordPrimaryOutput>
      <checkPointStep>true</checkPointStep>
      <historyCheckPointStep>true</historyCheckPointStep>
      <scriptResultStep>false</scriptResultStep>
      <userPrompt></userPrompt>
      <bindings>
        <staticBinding id="66577ce1-8274-442e-9050-1b41cdb2082e">
          <annotation></annotation>
          <assignFromContext>true</assignFromContext>
          <assignToContext>true</assignToContext>
          <inputType>STRING</inputType>
          <isList>false</isList>
          <required>true</required>
          <isPersisted>true</isPersisted>
          <inputSymbol>csaUser</inputSymbol>
          <listDelimiter>,</listDelimiter>
          <value>admin</value>
          <record>false</record>
        </staticBinding>
      </bindings>
      <transitions>
        <transition id="d4ba8d17-e907-4358-8eff-28abd90dae3d">
          <annotation></annotation>
          <name>failure</name>
          <command>NEXT</command>
          <linkMode>false</linkMode>
          <responseSymbol>failure</responseSymbol>
          <shouldHandoff>false</shouldHandoff>
          <transitionValue>0.0</transitionValue>
          <destination>
            <refId>12d329d8-cee8-4dda-8407-0e3843ff03e0</refId>
          </destination>
          <source>
            <refId>7483c3ad-1717-4446-9eeb-ced6089a97aa</refId>
          </source>
          <positions>
            <point>
              <x>393.0</x>
              <y>225.0</y>
            </point>
            <point>
              <x>583.0</x>
              <y>193.0</y>
            </point>
          </positions>
          <labelPosition>
            <x>333.0</x>
            <y>0.0</y>
          </labelPosition>
        </transition>
        <transition id="4892305a-8a9c-49a5-85a3-21ff1efae4ad">
          <annotation></annotation>
          <name>success</name>
          <command>NEXT</command>
          <linkMode>false</linkMode>
          <responseSymbol>success</responseSymbol>
          <shouldHandoff>false</shouldHandoff>
          <transitionValue>0.0</transitionValue>
          <destination>
            <refId>6d962e81-20ec-43ac-86c2-f73079cb5d60</refId>
          </destination>
          <source>
            <refId>7483c3ad-1717-4446-9eeb-ced6089a97aa</refId>
          </source>
          <positions>
            <point>
              <x>121.0</x>
              <y>108.0</y>
            </point>
            <point>
              <x>127.0</x>
              <y>287.0</y>
            </point>
          </positions>
          <labelPosition>
            <x>333.0</x>
            <y>0.0</y>
          </labelPosition>
        </transition>
      </transitions>
      <properties/>
      <opRef>
        <refId>f1c8b14a-694f-4a03-a84a-c7504fe0a29b</refId>
      </opRef>
      <assignments>
        <flowVariableAssignment id="8074faf4-f407-4d88-a80b-cc674289d8da">
          <annotation></annotation>
          <name>assignment</name>
          <action>OVERWRITE</action>
          <assignmentTargetType>FLOW_VARIABLE</assignmentTargetType>
          <contextKey>userIdentifier</contextKey>
          <expression id="ea39794a-06ea-4f68-9cf3-a6a9dc74385e">
            <annotation></annotation>
            <name>Result Field: userIdentifier</name>
            <fieldName>userIdentifier</fieldName>
            <sourceType>RAWRESULT</sourceType>
            <filters/>
          </expression>
        </flowVariableAssignment>
      </assignments>
      <throttleSize>0</throttleSize>
    </step>
    <returnStep id="12d329d8-cee8-4dda-8407-0e3843ff03e0">
      <annotation></annotation>
      <name>Error : failure</name>
      <bounds>
        <x>328.0</x>
        <y>74.0</y>
      </bounds>
      <layer>-1</layer>
      <hideInbound>false</hideInbound>
      <addResultToRunContext>false</addResultToRunContext>
      <isCriticalStep>false</isCriticalStep>
      <isNonBlocking>false</isNonBlocking>
      <isParallelStep>false</isParallelStep>
      <isSingleResponse>false</isSingleResponse>
      <recordInHistory>false</recordInHistory>
      <recordRawOutput>true</recordRawOutput>
      <recordPrimaryOutput>true</recordPrimaryOutput>
      <checkPointStep>true</checkPointStep>
      <historyCheckPointStep>true</historyCheckPointStep>
      <scriptResultStep>false</scriptResultStep>
      <userPrompt></userPrompt>
      <bindings/>
      <transitions>
        <transition id="f0d9b322-38f7-453e-aaae-08aa4ad441d2">
          <annotation></annotation>
          <name>return</name>
          <command>NEXT</command>
          <linkMode>false</linkMode>
          <responseSymbol>failure</responseSymbol>
          <shouldHandoff>false</shouldHandoff>
          <transitionValue>0.0</transitionValue>
          <destination>
            <refId>12d329d8-cee8-4dda-8407-0e3843ff03e0</refId>
          </destination>
          <source>
            <refId>12d329d8-cee8-4dda-8407-0e3843ff03e0</refId>
          </source>
          <positions/>
        </transition>
      </transitions>
      <properties/>
      <returnStepType>ERROR</returnStepType>
      <assignments/>
    </returnStep>
    <returnStep id="83c0b41a-51bf-497b-992a-487ca8a69d98">
      <annotation></annotation>
      <name>Resolved : success</name>
      <bounds>
        <x>328.0</x>
        <y>248.0</y>
      </bounds>
      <layer>-1</layer>
      <hideInbound>false</hideInbound>
      <addResultToRunContext>false</addResultToRunContext>
      <isCriticalStep>false</isCriticalStep>
      <isNonBlocking>false</isNonBlocking>
      <isParallelStep>false</isParallelStep>
      <isSingleResponse>false</isSingleResponse>
      <recordInHistory>false</recordInHistory>
      <recordRawOutput>true</recordRawOutput>
      <recordPrimaryOutput>true</recordPrimaryOutput>
      <checkPointStep>true</checkPointStep>
      <historyCheckPointStep>true</historyCheckPointStep>
      <scriptResultStep>false</scriptResultStep>
      <userPrompt></userPrompt>
      <bindings/>
      <transitions>
        <transition id="125c1bfc-b86b-41fe-9911-522f21a42f4d">
          <annotation></annotation>
          <name>return</name>
          <command>NEXT</command>
          <linkMode>false</linkMode>
          <responseSymbol>success</responseSymbol>
          <shouldHandoff>false</shouldHandoff>
          <transitionValue>0.0</transitionValue>
          <destination>
            <refId>83c0b41a-51bf-497b-992a-487ca8a69d98</refId>
          </destination>
          <source>
            <refId>83c0b41a-51bf-497b-992a-487ca8a69d98</refId>
          </source>
          <positions/>
        </transition>
      </transitions>
      <properties/>
      <returnStepType>RESOLVED</returnStepType>
      <assignments/>
    </returnStep>
    <step id="6d962e81-20ec-43ac-86c2-f73079cb5d60">
      <annotation></annotation>
      <name>Add Action</name>
      <bounds>
        <x>77.0</x>
        <y>253.0</y>
      </bounds>
      <layer>-1</layer>
      <hideInbound>false</hideInbound>
      <addResultToRunContext>false</addResultToRunContext>
      <isCriticalStep>false</isCriticalStep>
      <isNonBlocking>false</isNonBlocking>
      <isParallelStep>false</isParallelStep>
      <isSingleResponse>false</isSingleResponse>
      <recordInHistory>false</recordInHistory>
      <recordRawOutput>false</recordRawOutput>
      <recordPrimaryOutput>false</recordPrimaryOutput>
      <checkPointStep>false</checkPointStep>
      <historyCheckPointStep>false</historyCheckPointStep>
      <scriptResultStep>false</scriptResultStep>
      <userPrompt></userPrompt>
      <bindings>
        <staticBinding id="6d66e98c-931f-422d-b389-f3c5ed225fff">
          <annotation></annotation>
          <assignFromContext>true</assignFromContext>
          <assignToContext>false</assignToContext>
          <inputType>STRING</inputType>
          <isList>false</isList>
          <required>false</required>
          <isPersisted>true</isPersisted>
          <inputSymbol>componentId</inputSymbol>
          <listDelimiter>,</listDelimiter>
          <value>${componentId}</value>
          <record>false</record>
        </staticBinding>
        <staticBinding id="be3d8221-2e9d-468e-bbdb-bb28e9faa35e">
          <annotation></annotation>
          <assignFromContext>false</assignFromContext>
          <assignToContext>false</assignToContext>
          <inputType>STRING</inputType>
          <isList>false</isList>
          <required>false</required>
          <isPersisted>true</isPersisted>
          <inputSymbol>actionXML</inputSymbol>
          <listDelimiter>,</listDelimiter>
          <value>&lt;action&gt;
		&lt;isCriticalSystemObject&gt;false&lt;/isCriticalSystemObject&gt;
&lt;description&gt;${actionDescription}&lt;/description&gt;
		&lt;name&gt;${actionName}&lt;/name&gt;
		&lt;errorOnTimeout&gt;false&lt;/errorOnTimeout&gt;
		&lt;failOnError&gt;false&lt;/failOnError&gt;
		&lt;processDefinition&gt;
			&lt;name&gt;${flowpath}&lt;/name&gt;
		&lt;/processDefinition&gt;
		&lt;stateConstraint&gt;
			&lt;lifecycleState&gt;
				&lt;name&gt;DEPLOYED&lt;/name&gt;
			&lt;/lifecycleState&gt;
			&lt;lifecycleSubstate&gt;
				&lt;name&gt;TRANSITION&lt;/name&gt;
			&lt;/lifecycleSubstate&gt;
			&lt;lifecycleExecOrder&gt;0&lt;/lifecycleExecOrder&gt;
		&lt;/stateConstraint&gt;
		&lt;synchronous&gt;false&lt;/synchronous&gt;
		&lt;timeout&gt;0&lt;/timeout&gt;
		&lt;consumerVisible&gt;true&lt;/consumerVisible&gt;
&lt;property&gt;
	&lt;name&gt;RSC_PROVIDER_ID&lt;/name&gt;
	&lt;valueType&gt;
		&lt;name&gt;STRING&lt;/name&gt;
	&lt;/valueType&gt;
	&lt;values&gt;
		&lt;value&gt;${providerId}&lt;/value&gt;
	&lt;/values&gt;
	&lt;consumerVisible&gt;false&lt;/consumerVisible&gt;
&lt;/property&gt;
&lt;property&gt;
	&lt;name&gt;SVC_INSTANCE_ID&lt;/name&gt;
	&lt;valueType&gt;
			&lt;name&gt;STRING&lt;/name&gt;
	&lt;/valueType&gt;
	&lt;values&gt;
		&lt;value&gt;[TOKEN:SVC_INSTANCE_ID]&lt;/value&gt;
	&lt;/values&gt;
	&lt;consumerVisible&gt;false&lt;/consumerVisible&gt;
&lt;/property&gt;
&lt;property&gt;
	&lt;name&gt;SVC_COMPONENT_ID&lt;/name&gt;
	&lt;valueType&gt;
			&lt;name&gt;STRING&lt;/name&gt;
	&lt;/valueType&gt;
	&lt;values&gt;
		&lt;value&gt;[TOKEN:SVC_COMPONENT_ID]&lt;/value&gt;
	&lt;/values&gt;
	&lt;consumerVisible&gt;false&lt;/consumerVisible&gt;
&lt;/property&gt;
&lt;property&gt;
	&lt;name&gt;PRN_COMPONENT_ID&lt;/name&gt;
	&lt;valueType&gt;
			&lt;name&gt;STRING&lt;/name&gt;
	&lt;/valueType&gt;
	&lt;values&gt;
		&lt;value&gt;[TOKEN:PRN_COMPONENT_ID]&lt;/value&gt;
	&lt;/values&gt;
	&lt;consumerVisible&gt;false&lt;/consumerVisible&gt;
&lt;/property&gt;
&lt;property&gt;
	&lt;name&gt;REQ_USER_ID&lt;/name&gt;
	&lt;valueType&gt;
			&lt;name&gt;STRING&lt;/name&gt;
	&lt;/valueType&gt;
	&lt;values&gt;
		&lt;value&gt;[TOKEN:REQ_USER_ID]&lt;/value&gt;
	&lt;/values&gt;
	&lt;consumerVisible&gt;false&lt;/consumerVisible&gt;
&lt;/property&gt;
&lt;property&gt;
	&lt;name&gt;SVC_COMPONENT_TYPE&lt;/name&gt;
	&lt;valueType&gt;
			&lt;name&gt;STRING&lt;/name&gt;
	&lt;/valueType&gt;
	&lt;values&gt;
		&lt;value&gt;[TOKEN:SVC_COMPONENT_TYPE]&lt;/value&gt;
	&lt;/values&gt;
	&lt;consumerVisible&gt;false&lt;/consumerVisible&gt;
&lt;/property&gt;
&lt;/action&gt;</value>
          <record>false</record>
        </staticBinding>
        <userInputBinding id="ee923b84-7196-4713-90e5-a292ecf05499">
          <annotation></annotation>
          <assignFromContext>true</assignFromContext>
          <assignToContext>true</assignToContext>
          <inputType>STRING</inputType>
          <isList>false</isList>
          <required>false</required>
          <isPersisted>true</isPersisted>
          <inputSymbol>userIdentifier</inputSymbol>
          <listDelimiter>,</listDelimiter>
          <record>false</record>
          <prompt></prompt>
          <isMultiSelect>false</isMultiSelect>
          <sourceDelimiter>|</sourceDelimiter>
        </userInputBinding>
      </bindings>
      <transitions>
        <transition id="607c11b6-4f22-49d9-9cb4-995b8afd5071">
          <annotation></annotation>
          <name>success</name>
          <command>NEXT</command>
          <linkMode>false</linkMode>
          <responseSymbol>success</responseSymbol>
          <shouldHandoff>false</shouldHandoff>
          <transitionValue>0.0</transitionValue>
          <destination>
            <refId>83c0b41a-51bf-497b-992a-487ca8a69d98</refId>
          </destination>
          <source>
            <refId>6d962e81-20ec-43ac-86c2-f73079cb5d60</refId>
          </source>
          <positions>
            <point>
              <x>127.0</x>
              <y>287.0</y>
            </point>
            <point>
              <x>378.0</x>
              <y>282.0</y>
            </point>
          </positions>
          <labelPosition>
            <x>333.0</x>
            <y>0.0</y>
          </labelPosition>
        </transition>
        <transition id="bb0d9e36-b245-4f51-abe0-c2bf6f3abb3c">
          <annotation></annotation>
          <name>failure</name>
          <command>NEXT</command>
          <linkMode>false</linkMode>
          <responseSymbol>failure</responseSymbol>
          <shouldHandoff>false</shouldHandoff>
          <transitionValue>0.0</transitionValue>
          <destination>
            <refId>12d329d8-cee8-4dda-8407-0e3843ff03e0</refId>
          </destination>
          <source>
            <refId>6d962e81-20ec-43ac-86c2-f73079cb5d60</refId>
          </source>
          <positions>
            <point>
              <x>127.0</x>
              <y>287.0</y>
            </point>
            <point>
              <x>378.0</x>
              <y>108.0</y>
            </point>
          </positions>
          <labelPosition>
            <x>333.0</x>
            <y>0.0</y>
          </labelPosition>
        </transition>
      </transitions>
      <properties/>
      <opRef>
        <refId>8a55726f-12ae-4105-b6ff-254e4d74c368</refId>
      </opRef>
      <assignments/>
      <throttleSize>0</throttleSize>
    </step>
  </steps>
  <startSteps>7483c3ad-1717-4446-9eeb-ced6089a97aa</startSteps>
</flow>