<?xml version="1.0" encoding="UTF-8"?>
<flow id="7d6b8097-d6fe-4df3-9f51-9cd0ba398b19">
  <annotation></annotation>
  <name>SA_Attach_CA_Policy</name>
  <categories/>
  <inputs>
    <userInputBinding id="917b6bfc-79ae-400d-bfff-787bdab780f0">
      <annotation></annotation>
      <assignFromContext>true</assignFromContext>
      <assignToContext>true</assignToContext>
      <inputType>STRING</inputType>
      <isList>false</isList>
      <required>true</required>
      <isPersisted>true</isPersisted>
      <inputSymbol>server.os</inputSymbol>
      <listDelimiter>,</listDelimiter>
      <record>false</record>
      <prompt></prompt>
      <isMultiSelect>false</isMultiSelect>
      <sourceDelimiter>|</sourceDelimiter>
    </userInputBinding>
    <userInputBinding id="05e1e00f-b00b-4822-9824-6978b0132e82">
      <annotation></annotation>
      <assignFromContext>true</assignFromContext>
      <assignToContext>true</assignToContext>
      <inputType>STRING</inputType>
      <isList>false</isList>
      <required>true</required>
      <isPersisted>true</isPersisted>
      <inputSymbol>server.managed</inputSymbol>
      <listDelimiter>,</listDelimiter>
      <record>false</record>
      <prompt></prompt>
      <isMultiSelect>false</isMultiSelect>
      <sourceDelimiter>|</sourceDelimiter>
    </userInputBinding>
    <userInputBinding id="124318c0-2b56-4f0a-81c7-81e3aacd7ce2">
      <annotation></annotation>
      <assignFromContext>true</assignFromContext>
      <assignToContext>true</assignToContext>
      <inputType>STRING</inputType>
      <isList>false</isList>
      <required>true</required>
      <isPersisted>true</isPersisted>
      <inputSymbol>server.type</inputSymbol>
      <listDelimiter>,</listDelimiter>
      <record>false</record>
      <prompt></prompt>
      <isMultiSelect>false</isMultiSelect>
      <sourceDelimiter>|</sourceDelimiter>
    </userInputBinding>
    <userInputBinding id="31e3ada0-9a67-4738-8b6e-c40bda05d3f0">
      <annotation></annotation>
      <assignFromContext>true</assignFromContext>
      <assignToContext>true</assignToContext>
      <inputType>STRING</inputType>
      <isList>false</isList>
      <required>true</required>
      <isPersisted>true</isPersisted>
      <inputSymbol>key</inputSymbol>
      <listDelimiter>,</listDelimiter>
      <record>false</record>
      <prompt></prompt>
      <isMultiSelect>false</isMultiSelect>
      <sourceDelimiter>|</sourceDelimiter>
    </userInputBinding>
    <userInputBinding id="4ac5b862-76a8-4b57-b401-a5a84cb753be">
      <annotation></annotation>
      <assignFromContext>true</assignFromContext>
      <assignToContext>true</assignToContext>
      <inputType>STRING</inputType>
      <isList>false</isList>
      <required>true</required>
      <isPersisted>true</isPersisted>
      <inputSymbol>server.hostname</inputSymbol>
      <listDelimiter>,</listDelimiter>
      <record>false</record>
      <prompt></prompt>
      <isMultiSelect>false</isMultiSelect>
      <sourceDelimiter>|</sourceDelimiter>
    </userInputBinding>
    <userInputBinding id="54ddec68-ea0a-46db-a8bb-188c8817b663">
      <annotation></annotation>
      <assignFromContext>true</assignFromContext>
      <assignToContext>true</assignToContext>
      <inputType>STRING</inputType>
      <isList>false</isList>
      <required>true</required>
      <isPersisted>true</isPersisted>
      <inputSymbol>server.rebootOption</inputSymbol>
      <listDelimiter>,</listDelimiter>
      <record>false</record>
      <prompt></prompt>
      <isMultiSelect>false</isMultiSelect>
      <sourceDelimiter>|</sourceDelimiter>
    </userInputBinding>
  </inputs>
  <scriptlet id="a582bfef-6460-4dca-8c91-b0daa5858008">
    <annotation></annotation>
    <name>Operation SA_Attach_CA_Policy (7d6b8097-d6fe-4df3-9f51-9cd0ba398b19)</name>
    <type>RHINO</type>
  </scriptlet>
  <possibleResponses>
    <opResponse id="5c3efa4e-9a1f-4856-acc4-bec37c878bb6">
      <annotation></annotation>
      <name>failure</name>
      <isDefault>false</isDefault>
      <onFailure>true</onFailure>
      <type>ERROR</type>
      <matchRules/>
    </opResponse>
    <opResponse id="b55cc38b-4c23-47e6-adcb-1830dfc4355d">
      <annotation></annotation>
      <name>success</name>
      <isDefault>true</isDefault>
      <onFailure>false</onFailure>
      <type>RESOLVED</type>
      <matchRules/>
    </opResponse>
  </possibleResponses>
  <availableResultExpressions/>
  <resultExpression id="2d9e1988-70b4-4fee-bc9e-d68fbafe0f0a">
    <annotation></annotation>
    <name>FailureMessage</name>
    <fieldName>FailureMessage</fieldName>
    <sourceType>RAWRESULT</sourceType>
    <filters/>
  </resultExpression>
  <iconSpec id="8b0e0397-6cce-4372-bd3c-71ea521b06eb">
    <baseIcon>flow.png</baseIcon>
    <basePath>System</basePath>
    <readOnly>false</readOnly>
    <layers/>
  </iconSpec>
  <callouts/>
  <checkPointFlow>true</checkPointFlow>
  <compatibleRuntimeContext>false</compatibleRuntimeContext>
  <historyCheckPointFlow>true</historyCheckPointFlow>
  <steps>
    <step id="d9695f44-d704-4428-a677-420b0453f4fa">
      <annotation>7d6b8097-d6fe-4df3-9f51-9cd0ba398b19.d9695f44-d704-4428-a677-420b0453f4fa.description</annotation>
      <name>Flow Variable Resolver</name>
      <bounds>
        <x>140.0</x>
        <y>109.0</y>
      </bounds>
      <layer>-1</layer>
      <hideInbound>false</hideInbound>
      <addResultToRunContext>false</addResultToRunContext>
      <isCriticalStep>false</isCriticalStep>
      <isNonBlocking>false</isNonBlocking>
      <isParallelStep>false</isParallelStep>
      <isSingleResponse>true</isSingleResponse>
      <recordInHistory>false</recordInHistory>
      <recordRawOutput>true</recordRawOutput>
      <recordPrimaryOutput>true</recordPrimaryOutput>
      <checkPointStep>true</checkPointStep>
      <historyCheckPointStep>true</historyCheckPointStep>
      <scriptResultStep>false</scriptResultStep>
      <userPrompt></userPrompt>
      <bindings>
        <staticBinding id="f34e8cbd-ffdf-4fbd-a595-f4ddd075afe3">
          <annotation></annotation>
          <assignFromContext>true</assignFromContext>
          <assignToContext>true</assignToContext>
          <inputType>STRING</inputType>
          <isList>false</isList>
          <required>true</required>
          <isPersisted>true</isPersisted>
          <inputSymbol>keyName</inputSymbol>
          <listDelimiter>,</listDelimiter>
          <value>pc.sa.${server.os}.${server.managed}.${server.type}</value>
          <record>false</record>
        </staticBinding>
        <staticBinding id="2c3e8959-0bbe-4962-bc3f-c15c370c95c3">
          <annotation></annotation>
          <assignFromContext>true</assignFromContext>
          <assignToContext>true</assignToContext>
          <inputType>STRING</inputType>
          <isList>false</isList>
          <required>false</required>
          <isPersisted>true</isPersisted>
          <inputSymbol>eraseUnresolved</inputSymbol>
          <listDelimiter>,</listDelimiter>
          <value>false</value>
          <record>false</record>
        </staticBinding>
      </bindings>
      <transitions>
        <transition id="22d2e1c5-908f-44d6-b38e-e0a10fb99401">
          <annotation></annotation>
          <name>done</name>
          <command>NEXT</command>
          <linkMode>false</linkMode>
          <responseSymbol>done</responseSymbol>
          <shouldHandoff>false</shouldHandoff>
          <transitionValue>0.0</transitionValue>
          <destination>
            <refId>1426f9b2-1bfb-4b5b-9ce5-473df6e3c5f3</refId>
          </destination>
          <source>
            <refId>d9695f44-d704-4428-a677-420b0453f4fa</refId>
          </source>
          <positions>
            <point>
              <x>190.0</x>
              <y>143.0</y>
            </point>
            <point>
              <x>194.0</x>
              <y>255.0</y>
            </point>
          </positions>
          <labelPosition>
            <x>333.0</x>
            <y>0.0</y>
          </labelPosition>
        </transition>
      </transitions>
      <properties/>
      <opRef>
        <refId>aedbea49-e28b-4ed5-a64d-25681e3c8196</refId>
      </opRef>
      <assignments>
        <flowVariableAssignment id="74ff86c3-6d45-486d-978a-ad38f0ab848f">
          <annotation></annotation>
          <name>assignment</name>
          <action>OVERWRITE</action>
          <assignmentTargetType>FLOW_VARIABLE</assignmentTargetType>
          <contextKey>server.saobject</contextKey>
          <expression id="9f44f129-c840-4027-8d92-814fe726aea3">
            <annotation></annotation>
            <name>Result Field: returnResult</name>
            <fieldName>returnResult</fieldName>
            <sourceType>RAWRESULT</sourceType>
            <filters/>
          </expression>
        </flowVariableAssignment>
      </assignments>
      <throttleSize>0</throttleSize>
    </step>
    <step id="1426f9b2-1bfb-4b5b-9ce5-473df6e3c5f3">
      <annotation>7d6b8097-d6fe-4df3-9f51-9cd0ba398b19.1426f9b2-1bfb-4b5b-9ce5-473df6e3c5f3.description</annotation>
      <name>GetCustomAttributes</name>
      <bounds>
        <x>140.0</x>
        <y>221.0</y>
      </bounds>
      <layer>-1</layer>
      <hideInbound>false</hideInbound>
      <addResultToRunContext>false</addResultToRunContext>
      <isCriticalStep>false</isCriticalStep>
      <isNonBlocking>false</isNonBlocking>
      <isParallelStep>false</isParallelStep>
      <isSingleResponse>false</isSingleResponse>
      <recordInHistory>false</recordInHistory>
      <recordRawOutput>true</recordRawOutput>
      <recordPrimaryOutput>true</recordPrimaryOutput>
      <checkPointStep>true</checkPointStep>
      <historyCheckPointStep>true</historyCheckPointStep>
      <scriptResultStep>false</scriptResultStep>
      <userPrompt></userPrompt>
      <bindings>
        <staticBinding id="7d3cda8f-5576-42d2-ad3c-196fbd95585e">
          <annotation></annotation>
          <assignFromContext>true</assignFromContext>
          <assignToContext>false</assignToContext>
          <inputType>STRING</inputType>
          <isList>false</isList>
          <required>true</required>
          <isPersisted>true</isPersisted>
          <inputSymbol>object</inputSymbol>
          <listDelimiter>,</listDelimiter>
          <value>${server.saobject}</value>
          <record>false</record>
        </staticBinding>
        <staticBinding id="e625e42c-55e8-48ef-b10a-1dafcf7d88ad">
          <annotation></annotation>
          <assignFromContext>false</assignFromContext>
          <assignToContext>false</assignToContext>
          <inputType>STRING</inputType>
          <isList>false</isList>
          <required>true</required>
          <isPersisted>true</isPersisted>
          <inputSymbol>key</inputSymbol>
          <listDelimiter>,</listDelimiter>
          <value>${key}.CA</value>
          <record>false</record>
        </staticBinding>
      </bindings>
      <transitions>
        <transition id="03449df2-e401-409c-a664-14ea3916a3d5">
          <annotation></annotation>
          <name>failure</name>
          <command>NEXT</command>
          <linkMode>false</linkMode>
          <responseSymbol>failure</responseSymbol>
          <shouldHandoff>false</shouldHandoff>
          <transitionValue>0.0</transitionValue>
          <destination>
            <refId>d7c6dd1f-018d-4ce8-9b8b-4f2a1fd3dd6a</refId>
          </destination>
          <source>
            <refId>1426f9b2-1bfb-4b5b-9ce5-473df6e3c5f3</refId>
          </source>
          <positions>
            <point>
              <x>193.0</x>
              <y>264.0</y>
            </point>
            <point>
              <x>365.0</x>
              <y>213.0</y>
            </point>
          </positions>
          <labelPosition>
            <x>333.0</x>
            <y>0.0</y>
          </labelPosition>
        </transition>
        <transition id="4ec53a86-cdbc-48ff-80ca-202d2341ef5c">
          <annotation></annotation>
          <name>success</name>
          <command>NEXT</command>
          <linkMode>false</linkMode>
          <responseSymbol>success</responseSymbol>
          <shouldHandoff>false</shouldHandoff>
          <transitionValue>0.0</transitionValue>
          <destination>
            <refId>c9d2c159-bfb4-4f95-a466-cb40f5ce0880</refId>
          </destination>
          <source>
            <refId>1426f9b2-1bfb-4b5b-9ce5-473df6e3c5f3</refId>
          </source>
          <positions>
            <point>
              <x>194.0</x>
              <y>255.0</y>
            </point>
            <point>
              <x>198.0</x>
              <y>381.0</y>
            </point>
          </positions>
          <labelPosition>
            <x>333.0</x>
            <y>0.0</y>
          </labelPosition>
        </transition>
      </transitions>
      <properties/>
      <opRef>
        <refId>61fc6fd2-7d5c-4d5c-aaa9-71c8250310f2</refId>
      </opRef>
      <assignments>
        <flowVariableAssignment id="db3f815b-f80d-4993-a334-526e8054d03b">
          <annotation></annotation>
          <name>assignment</name>
          <action>OVERWRITE</action>
          <assignmentTargetType>FLOW_VARIABLE</assignmentTargetType>
          <contextKey>server.calist</contextKey>
          <expression id="f25f19dc-105b-44de-b770-e8bb4c263a1b">
            <annotation></annotation>
            <name>Result Field: Result</name>
            <fieldName>Result</fieldName>
            <sourceType>RAWRESULT</sourceType>
            <filters/>
          </expression>
        </flowVariableAssignment>
      </assignments>
      <throttleSize>0</throttleSize>
    </step>
    <step id="f842bc35-79e2-4fff-a2d9-615d6fdbe468">
      <annotation>7d6b8097-d6fe-4df3-9f51-9cd0ba398b19.f842bc35-79e2-4fff-a2d9-615d6fdbe468.description</annotation>
      <name>Check Null</name>
      <bounds>
        <x>413.0</x>
        <y>347.0</y>
      </bounds>
      <layer>-1</layer>
      <hideInbound>false</hideInbound>
      <addResultToRunContext>false</addResultToRunContext>
      <isCriticalStep>false</isCriticalStep>
      <isNonBlocking>false</isNonBlocking>
      <isParallelStep>false</isParallelStep>
      <isSingleResponse>false</isSingleResponse>
      <recordInHistory>false</recordInHistory>
      <recordRawOutput>true</recordRawOutput>
      <recordPrimaryOutput>true</recordPrimaryOutput>
      <checkPointStep>true</checkPointStep>
      <historyCheckPointStep>true</historyCheckPointStep>
      <scriptResultStep>false</scriptResultStep>
      <userPrompt></userPrompt>
      <bindings>
        <staticBinding id="e01428ca-31cc-4ce1-944e-4b867deb1f59">
          <annotation></annotation>
          <assignFromContext>false</assignFromContext>
          <assignToContext>false</assignToContext>
          <inputType>STRING</inputType>
          <isList>false</isList>
          <required>true</required>
          <isPersisted>true</isPersisted>
          <inputSymbol>keyName</inputSymbol>
          <listDelimiter>,</listDelimiter>
          <value>server.policylist</value>
          <record>false</record>
        </staticBinding>
        <staticBinding id="63b3874f-d5a7-46d5-8fc4-86e2b85e2b36">
          <annotation></annotation>
          <toContextKey></toContextKey>
          <fromContextKey></fromContextKey>
          <assignFromContext>false</assignFromContext>
          <assignToContext>false</assignToContext>
          <inputType>STRING</inputType>
          <recordKey></recordKey>
          <isList>false</isList>
          <required>false</required>
          <isPersisted>true</isPersisted>
          <inputSymbol>Field_4</inputSymbol>
          <listDelimiter></listDelimiter>
          <value>${in4}</value>
          <record>false</record>
        </staticBinding>
        <staticBinding id="d554b631-693b-48dc-9a47-c8c738fd790a">
          <annotation></annotation>
          <toContextKey></toContextKey>
          <fromContextKey></fromContextKey>
          <assignFromContext>false</assignFromContext>
          <assignToContext>false</assignToContext>
          <inputType>STRING</inputType>
          <recordKey></recordKey>
          <isList>false</isList>
          <required>false</required>
          <isPersisted>true</isPersisted>
          <inputSymbol>Field_3</inputSymbol>
          <listDelimiter></listDelimiter>
          <value>${in3}</value>
          <record>false</record>
        </staticBinding>
        <staticBinding id="dcff5a2e-04cf-4239-aaa4-25bdfe8765dd">
          <annotation></annotation>
          <toContextKey></toContextKey>
          <fromContextKey></fromContextKey>
          <assignFromContext>false</assignFromContext>
          <assignToContext>false</assignToContext>
          <inputType>STRING</inputType>
          <recordKey></recordKey>
          <isList>false</isList>
          <required>false</required>
          <isPersisted>true</isPersisted>
          <inputSymbol>Field_2</inputSymbol>
          <listDelimiter></listDelimiter>
          <value>${in2}</value>
          <record>false</record>
        </staticBinding>
        <staticBinding id="206430b1-1cd5-46f1-9fae-f404355ac57d">
          <annotation></annotation>
          <toContextKey></toContextKey>
          <fromContextKey></fromContextKey>
          <assignFromContext>false</assignFromContext>
          <assignToContext>false</assignToContext>
          <inputType>STRING</inputType>
          <recordKey></recordKey>
          <isList>false</isList>
          <required>false</required>
          <isPersisted>true</isPersisted>
          <inputSymbol>Field_1</inputSymbol>
          <listDelimiter></listDelimiter>
          <value>${keyName}</value>
          <record>false</record>
        </staticBinding>
      </bindings>
      <transitions>
        <transition id="2639714f-03b6-4543-a459-06d5fb46d3ee">
          <annotation></annotation>
          <name>isNull</name>
          <command>NEXT</command>
          <linkMode>false</linkMode>
          <responseSymbol>isNull</responseSymbol>
          <shouldHandoff>false</shouldHandoff>
          <transitionValue>0.0</transitionValue>
          <destination>
            <refId>548bbccd-208c-4484-ad77-f1641f4b6731</refId>
          </destination>
          <source>
            <refId>f842bc35-79e2-4fff-a2d9-615d6fdbe468</refId>
          </source>
          <positions>
            <point>
              <x>463.0</x>
              <y>388.0</y>
            </point>
            <point>
              <x>672.0</x>
              <y>381.0</y>
            </point>
          </positions>
          <labelPosition>
            <x>333.0</x>
            <y>0.0</y>
          </labelPosition>
        </transition>
        <transition id="d6c5a520-dbb3-4b60-a738-62835973f1b2">
          <annotation></annotation>
          <name>notNull</name>
          <command>NEXT</command>
          <linkMode>false</linkMode>
          <responseSymbol>notNull</responseSymbol>
          <shouldHandoff>false</shouldHandoff>
          <transitionValue>0.0</transitionValue>
          <destination>
            <refId>ba322c08-cf12-4e3f-a968-5d91d29628cd</refId>
          </destination>
          <source>
            <refId>f842bc35-79e2-4fff-a2d9-615d6fdbe468</refId>
          </source>
          <positions>
            <point>
              <x>463.0</x>
              <y>388.0</y>
            </point>
            <point>
              <x>516.0</x>
              <y>508.0</y>
            </point>
          </positions>
          <labelPosition>
            <x>333.0</x>
            <y>0.0</y>
          </labelPosition>
        </transition>
      </transitions>
      <properties/>
      <opRef>
        <refId>b9997f7f-d19c-4dc6-acc4-fa91a8644a38</refId>
      </opRef>
      <assignments/>
      <throttleSize>0</throttleSize>
    </step>
    <step id="c9d2c159-bfb4-4f95-a466-cb40f5ce0880">
      <annotation>7d6b8097-d6fe-4df3-9f51-9cd0ba398b19.c9d2c159-bfb4-4f95-a466-cb40f5ce0880.description</annotation>
      <name>GetSoftwarePolicies</name>
      <bounds>
        <x>140.0</x>
        <y>347.0</y>
      </bounds>
      <layer>-1</layer>
      <hideInbound>false</hideInbound>
      <addResultToRunContext>false</addResultToRunContext>
      <isCriticalStep>false</isCriticalStep>
      <isNonBlocking>false</isNonBlocking>
      <isParallelStep>false</isParallelStep>
      <isSingleResponse>false</isSingleResponse>
      <recordInHistory>false</recordInHistory>
      <recordRawOutput>true</recordRawOutput>
      <recordPrimaryOutput>true</recordPrimaryOutput>
      <checkPointStep>true</checkPointStep>
      <historyCheckPointStep>true</historyCheckPointStep>
      <scriptResultStep>false</scriptResultStep>
      <userPrompt></userPrompt>
      <bindings>
        <staticBinding id="11c5a56d-cd01-408b-afab-35044f3b8669">
          <annotation></annotation>
          <assignFromContext>false</assignFromContext>
          <assignToContext>false</assignToContext>
          <inputType>STRING</inputType>
          <isList>false</isList>
          <required>true</required>
          <isPersisted>true</isPersisted>
          <inputSymbol>object</inputSymbol>
          <listDelimiter>,</listDelimiter>
          <value>${server.saobject}</value>
          <record>false</record>
        </staticBinding>
        <staticBinding id="bac3244d-7ff4-4cc9-a85f-5613a5d7dccb">
          <annotation></annotation>
          <assignFromContext>false</assignFromContext>
          <assignToContext>false</assignToContext>
          <inputType>STRING</inputType>
          <isList>false</isList>
          <required>true</required>
          <isPersisted>true</isPersisted>
          <inputSymbol>key</inputSymbol>
          <listDelimiter>,</listDelimiter>
          <value>${key}.Policies</value>
          <record>false</record>
        </staticBinding>
      </bindings>
      <transitions>
        <transition id="78014926-75ee-4aab-81ac-6292346ba0b5">
          <annotation></annotation>
          <name>failure</name>
          <command>NEXT</command>
          <linkMode>false</linkMode>
          <responseSymbol>failure</responseSymbol>
          <shouldHandoff>false</shouldHandoff>
          <transitionValue>0.0</transitionValue>
          <destination>
            <refId>d7c6dd1f-018d-4ce8-9b8b-4f2a1fd3dd6a</refId>
          </destination>
          <source>
            <refId>c9d2c159-bfb4-4f95-a466-cb40f5ce0880</refId>
          </source>
          <positions>
            <point>
              <x>198.0</x>
              <y>381.0</y>
            </point>
            <point>
              <x>365.0</x>
              <y>213.0</y>
            </point>
          </positions>
          <labelPosition>
            <x>333.0</x>
            <y>0.0</y>
          </labelPosition>
        </transition>
        <transition id="c8ccb1c7-b2e1-477e-93c2-7a4b525cb3c7">
          <annotation></annotation>
          <name>success</name>
          <command>NEXT</command>
          <linkMode>false</linkMode>
          <responseSymbol>success</responseSymbol>
          <shouldHandoff>false</shouldHandoff>
          <transitionValue>0.0</transitionValue>
          <destination>
            <refId>8b6db57f-e598-4e21-852c-ff7e45aa9b4c</refId>
          </destination>
          <source>
            <refId>c9d2c159-bfb4-4f95-a466-cb40f5ce0880</refId>
          </source>
          <positions>
            <point>
              <x>190.0</x>
              <y>381.0</y>
            </point>
            <point>
              <x>343.0</x>
              <y>388.0</y>
            </point>
          </positions>
          <labelPosition>
            <x>333.0</x>
            <y>0.0</y>
          </labelPosition>
        </transition>
      </transitions>
      <properties/>
      <opRef>
        <refId>61fc6fd2-7d5c-4d5c-aaa9-71c8250310f2</refId>
      </opRef>
      <assignments>
        <flowVariableAssignment id="bee0febc-07c7-4f1b-bd02-11af35a4d232">
          <annotation></annotation>
          <name>assignment</name>
          <action>OVERWRITE</action>
          <assignmentTargetType>FLOW_VARIABLE</assignmentTargetType>
          <contextKey>server.policylist</contextKey>
          <expression id="da7b593a-a16d-4a0a-96ce-d52f4904a958">
            <annotation></annotation>
            <name>Result Field: Result</name>
            <fieldName>Result</fieldName>
            <sourceType>RAWRESULT</sourceType>
            <filters/>
          </expression>
        </flowVariableAssignment>
      </assignments>
      <throttleSize>0</throttleSize>
    </step>
    <step id="03c471c1-a3c0-4d1d-87f8-d5005530cc91">
      <annotation></annotation>
      <name>SA_Manual_SetCA</name>
      <bounds>
        <x>279.0</x>
        <y>482.0</y>
      </bounds>
      <layer>-1</layer>
      <hideInbound>false</hideInbound>
      <addResultToRunContext>false</addResultToRunContext>
      <isCriticalStep>false</isCriticalStep>
      <isNonBlocking>false</isNonBlocking>
      <isParallelStep>false</isParallelStep>
      <isSingleResponse>false</isSingleResponse>
      <recordInHistory>false</recordInHistory>
      <recordRawOutput>true</recordRawOutput>
      <recordPrimaryOutput>true</recordPrimaryOutput>
      <checkPointStep>true</checkPointStep>
      <historyCheckPointStep>true</historyCheckPointStep>
      <scriptResultStep>false</scriptResultStep>
      <userPrompt></userPrompt>
      <bindings>
        <staticBinding id="ee753473-f8b1-42a1-a32d-d020f9ed1f9b">
          <annotation></annotation>
          <assignFromContext>false</assignFromContext>
          <assignToContext>false</assignToContext>
          <inputType>STRING</inputType>
          <isList>false</isList>
          <required>false</required>
          <isPersisted>true</isPersisted>
          <inputSymbol>hostname</inputSymbol>
          <listDelimiter>,</listDelimiter>
          <value>${server.hostname}</value>
          <record>false</record>
        </staticBinding>
        <staticBinding id="6249eb03-31b0-43c2-b5b4-635955b082c1">
          <annotation></annotation>
          <assignFromContext>false</assignFromContext>
          <assignToContext>false</assignToContext>
          <inputType>STRING</inputType>
          <isList>true</isList>
          <required>false</required>
          <isPersisted>true</isPersisted>
          <inputSymbol>CAList</inputSymbol>
          <listDelimiter>,</listDelimiter>
          <value>${server.calist}</value>
          <record>false</record>
        </staticBinding>
      </bindings>
      <transitions>
        <transition id="3dbaff24-4b54-4ec0-9bce-c379689fdb07">
          <annotation></annotation>
          <name>success</name>
          <command>NEXT</command>
          <linkMode>false</linkMode>
          <responseSymbol>success</responseSymbol>
          <shouldHandoff>false</shouldHandoff>
          <transitionValue>0.0</transitionValue>
          <destination>
            <refId>ba322c08-cf12-4e3f-a968-5d91d29628cd</refId>
          </destination>
          <source>
            <refId>03c471c1-a3c0-4d1d-87f8-d5005530cc91</refId>
          </source>
          <positions>
            <point>
              <x>351.0</x>
              <y>386.0</y>
            </point>
            <point>
              <x>500.0</x>
              <y>396.0</y>
            </point>
          </positions>
          <labelPosition>
            <x>333.0</x>
            <y>0.0</y>
          </labelPosition>
        </transition>
        <transition id="708895c6-f1d7-407c-b301-c55f25b75c83">
          <annotation></annotation>
          <name>failure</name>
          <command>NEXT</command>
          <linkMode>false</linkMode>
          <responseSymbol>failure</responseSymbol>
          <shouldHandoff>false</shouldHandoff>
          <transitionValue>0.0</transitionValue>
          <destination>
            <refId>ba322c08-cf12-4e3f-a968-5d91d29628cd</refId>
          </destination>
          <source>
            <refId>03c471c1-a3c0-4d1d-87f8-d5005530cc91</refId>
          </source>
          <positions>
            <point>
              <x>345.0</x>
              <y>381.0</y>
            </point>
            <point>
              <x>500.0</x>
              <y>381.0</y>
            </point>
          </positions>
          <labelPosition>
            <x>333.0</x>
            <y>0.0</y>
          </labelPosition>
        </transition>
      </transitions>
      <properties/>
      <opRef>
        <refId>9d24e2bd-5af8-4853-a064-fe0c53e9036f</refId>
      </opRef>
      <assignments/>
      <throttleSize>0</throttleSize>
    </step>
    <returnStep id="548bbccd-208c-4484-ad77-f1641f4b6731">
      <annotation></annotation>
      <name>Resolved : success</name>
      <bounds>
        <x>566.0</x>
        <y>347.0</y>
      </bounds>
      <layer>-1</layer>
      <hideInbound>false</hideInbound>
      <addResultToRunContext>false</addResultToRunContext>
      <isCriticalStep>false</isCriticalStep>
      <isNonBlocking>false</isNonBlocking>
      <isParallelStep>false</isParallelStep>
      <isSingleResponse>false</isSingleResponse>
      <recordInHistory>false</recordInHistory>
      <recordRawOutput>true</recordRawOutput>
      <recordPrimaryOutput>true</recordPrimaryOutput>
      <checkPointStep>true</checkPointStep>
      <historyCheckPointStep>true</historyCheckPointStep>
      <scriptResultStep>false</scriptResultStep>
      <userPrompt></userPrompt>
      <bindings/>
      <transitions>
        <transition id="3f0ee3e0-db18-4407-942a-b4d5c51a487b">
          <annotation></annotation>
          <name>return</name>
          <command>NEXT</command>
          <linkMode>false</linkMode>
          <responseSymbol>success</responseSymbol>
          <shouldHandoff>false</shouldHandoff>
          <transitionValue>0.0</transitionValue>
          <destination>
            <refId>548bbccd-208c-4484-ad77-f1641f4b6731</refId>
          </destination>
          <source>
            <refId>548bbccd-208c-4484-ad77-f1641f4b6731</refId>
          </source>
          <positions/>
        </transition>
      </transitions>
      <properties/>
      <returnStepType>RESOLVED</returnStepType>
      <assignments/>
    </returnStep>
    <step id="ba322c08-cf12-4e3f-a968-5d91d29628cd">
      <annotation></annotation>
      <name>SA_AttachSWPolicy</name>
      <bounds>
        <x>413.0</x>
        <y>482.0</y>
      </bounds>
      <layer>-1</layer>
      <hideInbound>false</hideInbound>
      <addResultToRunContext>false</addResultToRunContext>
      <isCriticalStep>false</isCriticalStep>
      <isNonBlocking>false</isNonBlocking>
      <isParallelStep>false</isParallelStep>
      <isSingleResponse>false</isSingleResponse>
      <recordInHistory>false</recordInHistory>
      <recordRawOutput>true</recordRawOutput>
      <recordPrimaryOutput>true</recordPrimaryOutput>
      <checkPointStep>true</checkPointStep>
      <historyCheckPointStep>true</historyCheckPointStep>
      <scriptResultStep>false</scriptResultStep>
      <userPrompt></userPrompt>
      <bindings>
        <staticBinding id="cfffdf3d-d5c4-4a68-967d-f03c1d1f73f5">
          <annotation></annotation>
          <assignFromContext>false</assignFromContext>
          <assignToContext>false</assignToContext>
          <inputType>STRING</inputType>
          <isList>false</isList>
          <required>true</required>
          <isPersisted>true</isPersisted>
          <inputSymbol>Hostname</inputSymbol>
          <listDelimiter>,</listDelimiter>
          <value>${server.hostname}</value>
          <record>false</record>
        </staticBinding>
        <staticBinding id="7ec3438a-0c22-4443-9f51-458820684a7d">
          <annotation></annotation>
          <assignFromContext>false</assignFromContext>
          <assignToContext>false</assignToContext>
          <inputType>STRING</inputType>
          <isList>false</isList>
          <required>true</required>
          <isPersisted>true</isPersisted>
          <inputSymbol>SoftwareList</inputSymbol>
          <listDelimiter>,</listDelimiter>
          <value>${server.policylist}</value>
          <record>false</record>
        </staticBinding>
        <staticBinding id="93744721-f7eb-4029-a7ff-ff4299249de5">
          <annotation></annotation>
          <assignFromContext>false</assignFromContext>
          <assignToContext>false</assignToContext>
          <inputType>STRING</inputType>
          <isList>false</isList>
          <required>true</required>
          <isPersisted>true</isPersisted>
          <inputSymbol>server.rebootOption</inputSymbol>
          <listDelimiter>,</listDelimiter>
          <value>${server.rebootOption}</value>
          <record>false</record>
        </staticBinding>
      </bindings>
      <transitions>
        <transition id="7c0a66b3-077a-4048-87db-97a99b33d0f0">
          <annotation></annotation>
          <name>success</name>
          <command>NEXT</command>
          <linkMode>false</linkMode>
          <responseSymbol>success</responseSymbol>
          <shouldHandoff>false</shouldHandoff>
          <transitionValue>0.0</transitionValue>
          <destination>
            <refId>548bbccd-208c-4484-ad77-f1641f4b6731</refId>
          </destination>
          <source>
            <refId>ba322c08-cf12-4e3f-a968-5d91d29628cd</refId>
          </source>
          <positions>
            <point>
              <x>500.0</x>
              <y>396.0</y>
            </point>
            <point>
              <x>672.0</x>
              <y>397.0</y>
            </point>
          </positions>
          <labelPosition>
            <x>333.0</x>
            <y>0.0</y>
          </labelPosition>
        </transition>
        <transition id="b5aa5898-ce38-4ca7-b373-6ecc17721644">
          <annotation></annotation>
          <name>failure</name>
          <command>NEXT</command>
          <linkMode>false</linkMode>
          <responseSymbol>failure</responseSymbol>
          <shouldHandoff>false</shouldHandoff>
          <transitionValue>0.0</transitionValue>
          <destination>
            <refId>08265741-9fc9-4b64-9f4b-547c5bd8f106</refId>
          </destination>
          <source>
            <refId>ba322c08-cf12-4e3f-a968-5d91d29628cd</refId>
          </source>
          <positions>
            <point>
              <x>516.0</x>
              <y>508.0</y>
            </point>
            <point>
              <x>676.0</x>
              <y>500.0</y>
            </point>
          </positions>
          <labelPosition>
            <x>333.0</x>
            <y>0.0</y>
          </labelPosition>
        </transition>
      </transitions>
      <properties/>
      <opRef>
        <refId>d776723f-1ad6-4951-9463-caaa43849c14</refId>
      </opRef>
      <assignments/>
      <throttleSize>0</throttleSize>
    </step>
    <returnStep id="d7c6dd1f-018d-4ce8-9b8b-4f2a1fd3dd6a">
      <annotation></annotation>
      <name>Error : failure</name>
      <bounds>
        <x>279.0</x>
        <y>221.0</y>
      </bounds>
      <layer>-1</layer>
      <hideInbound>false</hideInbound>
      <addResultToRunContext>false</addResultToRunContext>
      <isCriticalStep>false</isCriticalStep>
      <isNonBlocking>false</isNonBlocking>
      <isParallelStep>false</isParallelStep>
      <isSingleResponse>false</isSingleResponse>
      <recordInHistory>false</recordInHistory>
      <recordRawOutput>true</recordRawOutput>
      <recordPrimaryOutput>true</recordPrimaryOutput>
      <checkPointStep>true</checkPointStep>
      <historyCheckPointStep>true</historyCheckPointStep>
      <scriptResultStep>false</scriptResultStep>
      <userPrompt></userPrompt>
      <bindings/>
      <transitions>
        <transition id="baa01a13-cbb3-4723-aede-277b921462ae">
          <annotation></annotation>
          <name>return</name>
          <command>NEXT</command>
          <linkMode>false</linkMode>
          <responseSymbol>failure</responseSymbol>
          <shouldHandoff>false</shouldHandoff>
          <transitionValue>0.0</transitionValue>
          <destination>
            <refId>d7c6dd1f-018d-4ce8-9b8b-4f2a1fd3dd6a</refId>
          </destination>
          <source>
            <refId>d7c6dd1f-018d-4ce8-9b8b-4f2a1fd3dd6a</refId>
          </source>
          <positions/>
        </transition>
      </transitions>
      <properties/>
      <returnStepType>ERROR</returnStepType>
      <assignments/>
    </returnStep>
    <returnStep id="08265741-9fc9-4b64-9f4b-547c5bd8f106">
      <annotation></annotation>
      <name>Error : failure</name>
      <bounds>
        <x>566.0</x>
        <y>482.0</y>
      </bounds>
      <layer>-1</layer>
      <hideInbound>false</hideInbound>
      <addResultToRunContext>false</addResultToRunContext>
      <isCriticalStep>false</isCriticalStep>
      <isNonBlocking>false</isNonBlocking>
      <isParallelStep>false</isParallelStep>
      <isSingleResponse>false</isSingleResponse>
      <recordInHistory>false</recordInHistory>
      <recordRawOutput>true</recordRawOutput>
      <recordPrimaryOutput>true</recordPrimaryOutput>
      <checkPointStep>true</checkPointStep>
      <historyCheckPointStep>true</historyCheckPointStep>
      <scriptResultStep>false</scriptResultStep>
      <userPrompt></userPrompt>
      <bindings/>
      <transitions>
        <transition id="236f6976-4079-4d6d-9363-28909983a47a">
          <annotation></annotation>
          <name>return</name>
          <command>NEXT</command>
          <linkMode>false</linkMode>
          <responseSymbol>failure</responseSymbol>
          <shouldHandoff>false</shouldHandoff>
          <transitionValue>0.0</transitionValue>
          <destination>
            <refId>08265741-9fc9-4b64-9f4b-547c5bd8f106</refId>
          </destination>
          <source>
            <refId>08265741-9fc9-4b64-9f4b-547c5bd8f106</refId>
          </source>
          <positions/>
        </transition>
      </transitions>
      <properties/>
      <returnStepType>ERROR</returnStepType>
      <assignments/>
    </returnStep>
    <step id="8b6db57f-e598-4e21-852c-ff7e45aa9b4c">
      <annotation>7d6b8097-d6fe-4df3-9f51-9cd0ba398b19.8b6db57f-e598-4e21-852c-ff7e45aa9b4c.description</annotation>
      <name>Check Null</name>
      <bounds>
        <x>279.0</x>
        <y>347.0</y>
      </bounds>
      <layer>-1</layer>
      <hideInbound>false</hideInbound>
      <addResultToRunContext>false</addResultToRunContext>
      <isCriticalStep>false</isCriticalStep>
      <isNonBlocking>false</isNonBlocking>
      <isParallelStep>false</isParallelStep>
      <isSingleResponse>false</isSingleResponse>
      <recordInHistory>false</recordInHistory>
      <recordRawOutput>true</recordRawOutput>
      <recordPrimaryOutput>true</recordPrimaryOutput>
      <checkPointStep>true</checkPointStep>
      <historyCheckPointStep>true</historyCheckPointStep>
      <scriptResultStep>false</scriptResultStep>
      <userPrompt></userPrompt>
      <bindings>
        <staticBinding id="471ff673-484f-42a9-8bd0-76616e2e501a">
          <annotation></annotation>
          <assignFromContext>false</assignFromContext>
          <assignToContext>false</assignToContext>
          <inputType>STRING</inputType>
          <isList>false</isList>
          <required>true</required>
          <isPersisted>true</isPersisted>
          <inputSymbol>keyName</inputSymbol>
          <listDelimiter>,</listDelimiter>
          <value>server.calist</value>
          <record>false</record>
        </staticBinding>
        <staticBinding id="34c1b134-7489-4767-98ad-80635b40a308">
          <annotation></annotation>
          <toContextKey></toContextKey>
          <fromContextKey></fromContextKey>
          <assignFromContext>false</assignFromContext>
          <assignToContext>false</assignToContext>
          <inputType>STRING</inputType>
          <recordKey></recordKey>
          <isList>false</isList>
          <required>false</required>
          <isPersisted>true</isPersisted>
          <inputSymbol>Field_4</inputSymbol>
          <listDelimiter></listDelimiter>
          <value>${in4}</value>
          <record>false</record>
        </staticBinding>
        <staticBinding id="29f5a771-804e-4ed6-bda6-e6f61cae00f7">
          <annotation></annotation>
          <toContextKey></toContextKey>
          <fromContextKey></fromContextKey>
          <assignFromContext>false</assignFromContext>
          <assignToContext>false</assignToContext>
          <inputType>STRING</inputType>
          <recordKey></recordKey>
          <isList>false</isList>
          <required>false</required>
          <isPersisted>true</isPersisted>
          <inputSymbol>Field_3</inputSymbol>
          <listDelimiter></listDelimiter>
          <value>${in3}</value>
          <record>false</record>
        </staticBinding>
        <staticBinding id="3604792d-8e68-4fac-a3a7-46ff95204b1c">
          <annotation></annotation>
          <toContextKey></toContextKey>
          <fromContextKey></fromContextKey>
          <assignFromContext>false</assignFromContext>
          <assignToContext>false</assignToContext>
          <inputType>STRING</inputType>
          <recordKey></recordKey>
          <isList>false</isList>
          <required>false</required>
          <isPersisted>true</isPersisted>
          <inputSymbol>Field_2</inputSymbol>
          <listDelimiter></listDelimiter>
          <value>${in2}</value>
          <record>false</record>
        </staticBinding>
        <staticBinding id="6c2b0110-4b3f-48f2-a51c-946dae1fd21e">
          <annotation></annotation>
          <toContextKey></toContextKey>
          <fromContextKey></fromContextKey>
          <assignFromContext>false</assignFromContext>
          <assignToContext>false</assignToContext>
          <inputType>STRING</inputType>
          <recordKey></recordKey>
          <isList>false</isList>
          <required>false</required>
          <isPersisted>true</isPersisted>
          <inputSymbol>Field_1</inputSymbol>
          <listDelimiter></listDelimiter>
          <value>${keyName}</value>
          <record>false</record>
        </staticBinding>
      </bindings>
      <transitions>
        <transition id="a611d3c8-3a45-40d8-859d-360c36d28e63">
          <annotation></annotation>
          <name>isNull</name>
          <command>NEXT</command>
          <linkMode>false</linkMode>
          <responseSymbol>isNull</responseSymbol>
          <shouldHandoff>false</shouldHandoff>
          <transitionValue>0.0</transitionValue>
          <destination>
            <refId>f842bc35-79e2-4fff-a2d9-615d6fdbe468</refId>
          </destination>
          <source>
            <refId>8b6db57f-e598-4e21-852c-ff7e45aa9b4c</refId>
          </source>
          <positions>
            <point>
              <x>343.0</x>
              <y>388.0</y>
            </point>
            <point>
              <x>463.0</x>
              <y>388.0</y>
            </point>
          </positions>
          <labelPosition>
            <x>333.0</x>
            <y>0.0</y>
          </labelPosition>
        </transition>
        <transition id="80d75173-c84b-45bf-b95d-b1bef56dcd1a">
          <annotation></annotation>
          <name>notNull</name>
          <command>NEXT</command>
          <linkMode>false</linkMode>
          <responseSymbol>notNull</responseSymbol>
          <shouldHandoff>false</shouldHandoff>
          <transitionValue>0.0</transitionValue>
          <destination>
            <refId>03c471c1-a3c0-4d1d-87f8-d5005530cc91</refId>
          </destination>
          <source>
            <refId>8b6db57f-e598-4e21-852c-ff7e45aa9b4c</refId>
          </source>
          <positions>
            <point>
              <x>343.0</x>
              <y>388.0</y>
            </point>
            <point>
              <x>329.0</x>
              <y>516.0</y>
            </point>
          </positions>
          <labelPosition>
            <x>333.0</x>
            <y>0.0</y>
          </labelPosition>
        </transition>
      </transitions>
      <properties/>
      <opRef>
        <refId>b9997f7f-d19c-4dc6-acc4-fa91a8644a38</refId>
      </opRef>
      <assignments/>
      <throttleSize>0</throttleSize>
    </step>
  </steps>
  <startSteps>d9695f44-d704-4428-a677-420b0453f4fa</startSteps>
</flow>