<?xml version="1.0" encoding="UTF-8"?>
<flow id="64423f23-6afb-45ec-b962-e12df50401c2">
  <annotation></annotation>
  <name>DB_GetVLANInfoForSpec</name>
  <categories/>
  <inputs>
    <staticBinding id="23fa4df2-9356-4604-9461-d2af6c65bf3e">
      <annotation></annotation>
      <assignFromContext>true</assignFromContext>
      <assignToContext>true</assignToContext>
      <inputType>STRING</inputType>
      <isList>false</isList>
      <required>true</required>
      <isPersisted>true</isPersisted>
      <inputSymbol>vlan.gid</inputSymbol>
      <listDelimiter>,</listDelimiter>
      <value>TI11-cust-001</value>
      <record>false</record>
    </staticBinding>
  </inputs>
  <scriptlet id="d6850442-35a0-4a2c-9eb9-00cb49084193">
    <annotation></annotation>
    <name>Operation DB_GetVLANInfoForSpec (64423f23-6afb-45ec-b962-e12df50401c2)</name>
    <type>RHINO</type>
  </scriptlet>
  <possibleResponses>
    <opResponse id="8890d3f6-5b70-4ff2-967a-edae553b1661">
      <annotation></annotation>
      <name>failure</name>
      <isDefault>false</isDefault>
      <onFailure>true</onFailure>
      <type>ERROR</type>
      <matchRules/>
    </opResponse>
    <opResponse id="8e541c5c-3260-4ff1-bdd9-b79b6b0f9888">
      <annotation></annotation>
      <name>success</name>
      <isDefault>true</isDefault>
      <onFailure>false</onFailure>
      <type>RESOLVED</type>
      <matchRules/>
    </opResponse>
  </possibleResponses>
  <availableResultExpressions/>
  <resultExpression id="87c31017-e99e-4845-bc5c-d77670f8e5a9">
    <annotation></annotation>
    <name>FailureMessage</name>
    <fieldName>FailureMessage</fieldName>
    <sourceType>RAWRESULT</sourceType>
    <filters/>
  </resultExpression>
  <iconSpec id="cb6bf126-9062-409f-bbdb-be40fb7ad56b">
    <baseIcon>flow.png</baseIcon>
    <basePath>System</basePath>
    <readOnly>false</readOnly>
    <layers/>
  </iconSpec>
  <callouts/>
  <checkPointFlow>true</checkPointFlow>
  <compatibleRuntimeContext>false</compatibleRuntimeContext>
  <historyCheckPointFlow>true</historyCheckPointFlow>
  <steps>
    <step id="7f0e5ea3-1e68-42d1-9294-27db69da935f">
      <annotation>64423f23-6afb-45ec-b962-e12df50401c2.7f0e5ea3-1e68-42d1-9294-27db69da935f.description</annotation>
      <name>Reset Result</name>
      <bounds>
        <x>536.0</x>
        <y>366.0</y>
      </bounds>
      <layer>-1</layer>
      <hideInbound>false</hideInbound>
      <addResultToRunContext>false</addResultToRunContext>
      <isCriticalStep>false</isCriticalStep>
      <isNonBlocking>false</isNonBlocking>
      <isParallelStep>false</isParallelStep>
      <isSingleResponse>false</isSingleResponse>
      <recordInHistory>false</recordInHistory>
      <recordRawOutput>true</recordRawOutput>
      <recordPrimaryOutput>true</recordPrimaryOutput>
      <checkPointStep>true</checkPointStep>
      <historyCheckPointStep>true</historyCheckPointStep>
      <scriptResultStep>false</scriptResultStep>
      <userPrompt></userPrompt>
      <bindings>
        <staticBinding id="5f72bf84-cdcb-4279-be01-4fae7d6ddf33">
          <annotation></annotation>
          <assignFromContext>true</assignFromContext>
          <assignToContext>true</assignToContext>
          <inputType>STRING</inputType>
          <isList>false</isList>
          <required>false</required>
          <isPersisted>true</isPersisted>
          <inputSymbol>field3</inputSymbol>
          <listDelimiter>,</listDelimiter>
          <value>PARAMS</value>
          <record>false</record>
        </staticBinding>
        <staticBinding id="30c1b19c-b250-475d-8d4a-8b42b8bd3319">
          <annotation></annotation>
          <toContextKey></toContextKey>
          <fromContextKey></fromContextKey>
          <assignFromContext>false</assignFromContext>
          <assignToContext>false</assignToContext>
          <inputType>STRING</inputType>
          <recordKey></recordKey>
          <isList>false</isList>
          <required>false</required>
          <isPersisted>true</isPersisted>
          <inputSymbol>Field_2</inputSymbol>
          <listDelimiter></listDelimiter>
          <value>${field2}</value>
          <record>false</record>
        </staticBinding>
        <staticBinding id="775f9ff3-a943-413d-94d2-6ff0d7e4f293">
          <annotation></annotation>
          <toContextKey></toContextKey>
          <fromContextKey></fromContextKey>
          <assignFromContext>false</assignFromContext>
          <assignToContext>false</assignToContext>
          <inputType>STRING</inputType>
          <recordKey></recordKey>
          <isList>false</isList>
          <required>false</required>
          <isPersisted>true</isPersisted>
          <inputSymbol>Field_4</inputSymbol>
          <listDelimiter></listDelimiter>
          <value>${field4}</value>
          <record>false</record>
        </staticBinding>
        <staticBinding id="e4aa5ece-5b1b-4516-bce0-e1b7353aac22">
          <annotation></annotation>
          <toContextKey></toContextKey>
          <fromContextKey></fromContextKey>
          <assignFromContext>false</assignFromContext>
          <assignToContext>false</assignToContext>
          <inputType>STRING</inputType>
          <recordKey></recordKey>
          <isList>false</isList>
          <required>false</required>
          <isPersisted>true</isPersisted>
          <inputSymbol>Field_3</inputSymbol>
          <listDelimiter></listDelimiter>
          <value>${field3}</value>
          <record>false</record>
        </staticBinding>
        <staticBinding id="44eb8ea9-ed41-4139-af54-fa72163f32e4">
          <annotation></annotation>
          <toContextKey></toContextKey>
          <fromContextKey></fromContextKey>
          <assignFromContext>false</assignFromContext>
          <assignToContext>false</assignToContext>
          <inputType>STRING</inputType>
          <recordKey></recordKey>
          <isList>false</isList>
          <required>false</required>
          <isPersisted>true</isPersisted>
          <inputSymbol>Field_1</inputSymbol>
          <listDelimiter></listDelimiter>
          <value>${field1}</value>
          <record>false</record>
        </staticBinding>
      </bindings>
      <transitions>
        <transition id="70c5fe57-57fb-49d4-8ce2-482049849b3e">
          <annotation></annotation>
          <name>success</name>
          <command>NEXT</command>
          <linkMode>false</linkMode>
          <responseSymbol>success</responseSymbol>
          <shouldHandoff>false</shouldHandoff>
          <transitionValue>0.0</transitionValue>
          <destination>
            <refId>72a2f720-5f1d-4f75-9b26-96a058f46f7a</refId>
          </destination>
          <source>
            <refId>7f0e5ea3-1e68-42d1-9294-27db69da935f</refId>
          </source>
          <positions>
            <point>
              <x>438.0</x>
              <y>223.0</y>
            </point>
            <point>
              <x>793.0</x>
              <y>229.0</y>
            </point>
          </positions>
          <labelPosition>
            <x>333.0</x>
            <y>0.0</y>
          </labelPosition>
        </transition>
      </transitions>
      <properties/>
      <opRef>
        <refId>ddd79f22-8b1e-4605-88d5-d912bb2da2b9</refId>
      </opRef>
      <assignments>
        <flowVariableAssignment id="6dc03d05-d771-4a84-b686-0af3e6a4181e">
          <annotation></annotation>
          <name>assignment</name>
          <action>OVERWRITE</action>
          <assignmentTargetType>FLOW_VARIABLE</assignmentTargetType>
          <contextKey>query_result</contextKey>
          <expression id="d28ebb0b-a9ca-4db0-9daa-20b08157c992">
            <annotation></annotation>
            <name>Result Field: Field_3</name>
            <fieldName>Field_3</fieldName>
            <sourceType>RAWRESULT</sourceType>
            <filters/>
          </expression>
        </flowVariableAssignment>
      </assignments>
      <throttleSize>0</throttleSize>
    </step>
    <step id="8ed6fb34-6368-4ca0-be1c-7a6843a4285c">
      <annotation>64423f23-6afb-45ec-b962-e12df50401c2.8ed6fb34-6368-4ca0-be1c-7a6843a4285c.description</annotation>
      <name>List Appender</name>
      <bounds>
        <x>536.0</x>
        <y>11.0</y>
      </bounds>
      <layer>-1</layer>
      <hideInbound>false</hideInbound>
      <addResultToRunContext>false</addResultToRunContext>
      <isCriticalStep>false</isCriticalStep>
      <isNonBlocking>false</isNonBlocking>
      <isParallelStep>false</isParallelStep>
      <isSingleResponse>false</isSingleResponse>
      <recordInHistory>false</recordInHistory>
      <recordRawOutput>true</recordRawOutput>
      <recordPrimaryOutput>true</recordPrimaryOutput>
      <checkPointStep>true</checkPointStep>
      <historyCheckPointStep>true</historyCheckPointStep>
      <scriptResultStep>false</scriptResultStep>
      <userPrompt></userPrompt>
      <bindings>
        <staticBinding id="b9b668b8-36aa-48ad-ab71-c151433fb9bc">
          <annotation></annotation>
          <assignFromContext>false</assignFromContext>
          <assignToContext>false</assignToContext>
          <inputType>STRING</inputType>
          <isList>false</isList>
          <required>true</required>
          <isPersisted>true</isPersisted>
          <inputSymbol>keyName</inputSymbol>
          <listDelimiter>,</listDelimiter>
          <value>query_result</value>
          <record>false</record>
        </staticBinding>
        <resultBinding id="66dbf0e9-e5b5-48d3-942a-b5885a8a9e78">
          <annotation></annotation>
          <assignFromContext>false</assignFromContext>
          <assignToContext>false</assignToContext>
          <inputType>STRING</inputType>
          <isList>false</isList>
          <required>true</required>
          <isPersisted>true</isPersisted>
          <inputSymbol>resultText</inputSymbol>
          <listDelimiter>,</listDelimiter>
          <record>false</record>
        </resultBinding>
        <staticBinding id="e67494fa-1777-42d0-bc5e-35b95c392436">
          <annotation></annotation>
          <assignFromContext>false</assignFromContext>
          <assignToContext>false</assignToContext>
          <inputType>STRING</inputType>
          <isList>false</isList>
          <required>false</required>
          <isPersisted>true</isPersisted>
          <inputSymbol>delimiter</inputSymbol>
          <listDelimiter>,</listDelimiter>
          <value>|</value>
          <record>false</record>
        </staticBinding>
      </bindings>
      <transitions>
        <transition id="ec67be1c-f63a-4b39-a7c1-e0d976e3c7bd">
          <annotation></annotation>
          <name>success</name>
          <command>NEXT</command>
          <linkMode>false</linkMode>
          <responseSymbol>success</responseSymbol>
          <shouldHandoff>false</shouldHandoff>
          <transitionValue>0.0</transitionValue>
          <destination>
            <refId>72a2f720-5f1d-4f75-9b26-96a058f46f7a</refId>
          </destination>
          <source>
            <refId>8ed6fb34-6368-4ca0-be1c-7a6843a4285c</refId>
          </source>
          <positions>
            <point>
              <x>790.0</x>
              <y>226.0</y>
            </point>
            <point>
              <x>593.0</x>
              <y>222.0</y>
            </point>
          </positions>
          <labelPosition>
            <x>333.0</x>
            <y>0.0</y>
          </labelPosition>
        </transition>
      </transitions>
      <properties/>
      <opRef>
        <refId>f6e6cb22-1802-4fca-9f9b-4c699c486aa6</refId>
      </opRef>
      <assignments/>
      <throttleSize>0</throttleSize>
    </step>
    <step id="72a2f720-5f1d-4f75-9b26-96a058f46f7a">
      <annotation>64423f23-6afb-45ec-b962-e12df50401c2.72a2f720-5f1d-4f75-9b26-96a058f46f7a.description</annotation>
      <name>TNS Names SQL Query</name>
      <bounds>
        <x>536.0</x>
        <y>186.0</y>
      </bounds>
      <layer>-1</layer>
      <hideInbound>false</hideInbound>
      <addResultToRunContext>false</addResultToRunContext>
      <isCriticalStep>false</isCriticalStep>
      <isNonBlocking>false</isNonBlocking>
      <isParallelStep>false</isParallelStep>
      <isSingleResponse>false</isSingleResponse>
      <recordInHistory>false</recordInHistory>
      <recordRawOutput>true</recordRawOutput>
      <recordPrimaryOutput>true</recordPrimaryOutput>
      <checkPointStep>true</checkPointStep>
      <historyCheckPointStep>true</historyCheckPointStep>
      <scriptResultStep>false</scriptResultStep>
      <userPrompt></userPrompt>
      <bindings>
        <staticBinding id="85d5f107-fdc0-43a8-8423-896412cf475b">
          <annotation></annotation>
          <toContextKey></toContextKey>
          <fromContextKey></fromContextKey>
          <assignFromContext>false</assignFromContext>
          <assignToContext>false</assignToContext>
          <inputType>STRING</inputType>
          <isList>false</isList>
          <required>true</required>
          <isPersisted>true</isPersisted>
          <inputSymbol>TNSPath</inputSymbol>
          <listDelimiter>,</listDelimiter>
          <value>${pc.infradb.tns.path}</value>
          <record>false</record>
        </staticBinding>
        <staticBinding id="7f3c9623-7d4b-4b49-8fb7-cb4261358f0b">
          <annotation></annotation>
          <toContextKey></toContextKey>
          <fromContextKey></fromContextKey>
          <assignFromContext>false</assignFromContext>
          <assignToContext>false</assignToContext>
          <inputType>STRING</inputType>
          <isList>false</isList>
          <required>true</required>
          <isPersisted>true</isPersisted>
          <inputSymbol>TNSEntry</inputSymbol>
          <listDelimiter>,</listDelimiter>
          <value>${pc.infradb.tns.entry}</value>
          <record>false</record>
        </staticBinding>
        <identityBinding id="e6f9a361-e5aa-4924-935e-c2617fda20bf">
          <annotation></annotation>
          <toContextKey></toContextKey>
          <fromContextKey></fromContextKey>
          <assignFromContext>false</assignFromContext>
          <assignToContext>false</assignToContext>
          <inputType>ENCRYPTED</inputType>
          <isList>false</isList>
          <required>true</required>
          <isPersisted>true</isPersisted>
          <inputSymbol>Username</inputSymbol>
          <listDelimiter>,</listDelimiter>
          <record>false</record>
          <link>
            <refId>881ee06f-89ad-4af6-a00d-06654eadccaa</refId>
            <refName>pc.infradb</refName>
          </link>
          <identityAttribute>USERNAME</identityAttribute>
        </identityBinding>
        <identityBinding id="2a798312-b2da-482d-8c89-fff031cd133c">
          <annotation></annotation>
          <toContextKey></toContextKey>
          <fromContextKey></fromContextKey>
          <assignFromContext>false</assignFromContext>
          <assignToContext>false</assignToContext>
          <inputType>ENCRYPTED</inputType>
          <isList>false</isList>
          <required>true</required>
          <isPersisted>true</isPersisted>
          <inputSymbol>Password</inputSymbol>
          <listDelimiter>,</listDelimiter>
          <record>false</record>
          <link>
            <refId>881ee06f-89ad-4af6-a00d-06654eadccaa</refId>
            <refName>pc.infradb</refName>
          </link>
          <identityAttribute>PASSWORD</identityAttribute>
        </identityBinding>
        <staticBinding id="9fd77999-756c-4d5e-bb8a-0d817272a3dd">
          <annotation></annotation>
          <toContextKey></toContextKey>
          <fromContextKey></fromContextKey>
          <assignFromContext>false</assignFromContext>
          <assignToContext>false</assignToContext>
          <inputType>STRING</inputType>
          <isList>false</isList>
          <required>true</required>
          <isPersisted>true</isPersisted>
          <inputSymbol>Command</inputSymbol>
          <listDelimiter>,</listDelimiter>
          <value>SELECT SUBNETBASE,SUBNETMASK,DEFAULTGATEWAY,DNS1,DNS2 FROM VLANS  WHERE VLANGID =&apos;${vlan.gid}&apos;</value>
          <record>false</record>
        </staticBinding>
        <staticBinding id="fdbcaf2c-55b6-4337-a75c-b23af297c88b">
          <annotation></annotation>
          <toContextKey></toContextKey>
          <fromContextKey></fromContextKey>
          <assignFromContext>false</assignFromContext>
          <assignToContext>false</assignToContext>
          <inputType>STRING</inputType>
          <isList>false</isList>
          <required>true</required>
          <isPersisted>true</isPersisted>
          <inputSymbol>Delimiter</inputSymbol>
          <listDelimiter>,</listDelimiter>
          <value>&lt;&gt;</value>
          <record>false</record>
        </staticBinding>
        <staticBinding id="e0c30aa1-8c51-4432-9783-30299256f2e4">
          <annotation></annotation>
          <toContextKey></toContextKey>
          <fromContextKey></fromContextKey>
          <assignFromContext>false</assignFromContext>
          <assignToContext>false</assignToContext>
          <inputType>STRING</inputType>
          <isList>false</isList>
          <required>true</required>
          <isPersisted>true</isPersisted>
          <inputSymbol>Key</inputSymbol>
          <listDelimiter>,</listDelimiter>
          <value>[]</value>
          <record>false</record>
        </staticBinding>
      </bindings>
      <transitions>
        <transition id="e1d0fac7-c9f0-482d-ba45-ab1057b1c9cc">
          <annotation></annotation>
          <name>failure</name>
          <command>NEXT</command>
          <linkMode>false</linkMode>
          <responseSymbol>failure</responseSymbol>
          <shouldHandoff>false</shouldHandoff>
          <transitionValue>0.0</transitionValue>
          <destination>
            <refId>9f396a56-1f16-45a3-9dda-6f219cde9db6</refId>
          </destination>
          <source>
            <refId>72a2f720-5f1d-4f75-9b26-96a058f46f7a</refId>
          </source>
          <positions>
            <point>
              <x>793.0</x>
              <y>229.0</y>
            </point>
            <point>
              <x>592.0</x>
              <y>71.0</y>
            </point>
          </positions>
          <labelPosition>
            <x>333.0</x>
            <y>0.0</y>
          </labelPosition>
        </transition>
        <transition id="6c60fa0b-fba3-4887-a8ba-6d14800b9c87">
          <annotation></annotation>
          <name>more items</name>
          <command>NEXT</command>
          <linkMode>false</linkMode>
          <responseSymbol>more items</responseSymbol>
          <shouldHandoff>false</shouldHandoff>
          <transitionValue>0.0</transitionValue>
          <destination>
            <refId>8ed6fb34-6368-4ca0-be1c-7a6843a4285c</refId>
          </destination>
          <source>
            <refId>72a2f720-5f1d-4f75-9b26-96a058f46f7a</refId>
          </source>
          <positions>
            <point>
              <x>793.0</x>
              <y>229.0</y>
            </point>
            <point>
              <x>921.0</x>
              <y>238.0</y>
            </point>
          </positions>
          <labelPosition>
            <x>333.0</x>
            <y>0.0</y>
          </labelPosition>
        </transition>
        <transition id="138f0dc4-079b-4f40-ba20-ad4b252a32f2">
          <annotation></annotation>
          <name>no more items</name>
          <command>NEXT</command>
          <linkMode>false</linkMode>
          <responseSymbol>no more items</responseSymbol>
          <shouldHandoff>false</shouldHandoff>
          <transitionValue>0.0</transitionValue>
          <destination>
            <refId>6adb11d7-4402-4b1f-93b3-d7b9650243a3</refId>
          </destination>
          <source>
            <refId>72a2f720-5f1d-4f75-9b26-96a058f46f7a</refId>
          </source>
          <positions>
            <point>
              <x>586.0</x>
              <y>220.0</y>
            </point>
            <point>
              <x>859.0</x>
              <y>396.0</y>
            </point>
          </positions>
          <labelPosition>
            <x>333.0</x>
            <y>0.0</y>
          </labelPosition>
        </transition>
      </transitions>
      <properties/>
      <opRef>
        <refId>e17253d4-82a9-4b5d-a524-97fcf6d693e8</refId>
      </opRef>
      <assignments/>
      <throttleSize>0</throttleSize>
    </step>
    <step id="6adb11d7-4402-4b1f-93b3-d7b9650243a3">
      <annotation>64423f23-6afb-45ec-b962-e12df50401c2.6adb11d7-4402-4b1f-93b3-d7b9650243a3.description</annotation>
      <name>Set query_result as Flow Output</name>
      <bounds>
        <x>742.0</x>
        <y>189.0</y>
      </bounds>
      <layer>-1</layer>
      <hideInbound>false</hideInbound>
      <addResultToRunContext>false</addResultToRunContext>
      <isCriticalStep>false</isCriticalStep>
      <isNonBlocking>false</isNonBlocking>
      <isParallelStep>false</isParallelStep>
      <isSingleResponse>false</isSingleResponse>
      <recordInHistory>false</recordInHistory>
      <recordRawOutput>true</recordRawOutput>
      <recordPrimaryOutput>true</recordPrimaryOutput>
      <checkPointStep>true</checkPointStep>
      <historyCheckPointStep>true</historyCheckPointStep>
      <scriptResultStep>false</scriptResultStep>
      <userPrompt></userPrompt>
      <bindings>
        <staticBinding id="7872e0f8-a307-40cb-bcd5-8bce61d472c6">
          <annotation></annotation>
          <toContextKey>query_result</toContextKey>
          <fromContextKey>query_result</fromContextKey>
          <assignFromContext>true</assignFromContext>
          <assignToContext>true</assignToContext>
          <inputType>STRING</inputType>
          <isList>false</isList>
          <required>false</required>
          <isPersisted>true</isPersisted>
          <inputSymbol>field1</inputSymbol>
          <listDelimiter>,</listDelimiter>
          <value>${query_result}</value>
          <record>false</record>
        </staticBinding>
        <staticBinding id="ba8991b1-4ef9-4396-846b-c92ce8903ef9">
          <annotation></annotation>
          <assignFromContext>true</assignFromContext>
          <assignToContext>true</assignToContext>
          <inputType>STRING</inputType>
          <isList>false</isList>
          <required>false</required>
          <isPersisted>true</isPersisted>
          <inputSymbol>field2</inputSymbol>
          <listDelimiter>,</listDelimiter>
          <value></value>
          <record>false</record>
        </staticBinding>
        <staticBinding id="3f36fe5e-95ee-465a-a330-870ac7c70e07">
          <annotation></annotation>
          <assignFromContext>true</assignFromContext>
          <assignToContext>true</assignToContext>
          <inputType>STRING</inputType>
          <isList>false</isList>
          <required>false</required>
          <isPersisted>true</isPersisted>
          <inputSymbol>field3</inputSymbol>
          <listDelimiter>,</listDelimiter>
          <value></value>
          <record>false</record>
        </staticBinding>
        <staticBinding id="8b8c1d74-7ad8-4825-8aba-f5cdea6213bd">
          <annotation></annotation>
          <assignFromContext>true</assignFromContext>
          <assignToContext>true</assignToContext>
          <inputType>STRING</inputType>
          <isList>false</isList>
          <required>false</required>
          <isPersisted>true</isPersisted>
          <inputSymbol>field4</inputSymbol>
          <listDelimiter>,</listDelimiter>
          <value></value>
          <record>false</record>
        </staticBinding>
        <staticBinding id="c1e70099-d974-415f-961c-6d0dd7d802b2">
          <annotation></annotation>
          <toContextKey></toContextKey>
          <fromContextKey></fromContextKey>
          <assignFromContext>false</assignFromContext>
          <assignToContext>false</assignToContext>
          <inputType>STRING</inputType>
          <recordKey></recordKey>
          <isList>false</isList>
          <required>false</required>
          <isPersisted>true</isPersisted>
          <inputSymbol>Field_2</inputSymbol>
          <listDelimiter></listDelimiter>
          <value>${field2}</value>
          <record>false</record>
        </staticBinding>
        <staticBinding id="98259165-dc76-49d2-ae26-14132a3c6aeb">
          <annotation></annotation>
          <toContextKey></toContextKey>
          <fromContextKey></fromContextKey>
          <assignFromContext>false</assignFromContext>
          <assignToContext>false</assignToContext>
          <inputType>STRING</inputType>
          <recordKey></recordKey>
          <isList>false</isList>
          <required>false</required>
          <isPersisted>true</isPersisted>
          <inputSymbol>Field_4</inputSymbol>
          <listDelimiter></listDelimiter>
          <value>${field4}</value>
          <record>false</record>
        </staticBinding>
        <staticBinding id="f528788b-b5a1-4139-9cc0-6bd4a5e168ff">
          <annotation></annotation>
          <toContextKey></toContextKey>
          <fromContextKey></fromContextKey>
          <assignFromContext>false</assignFromContext>
          <assignToContext>false</assignToContext>
          <inputType>STRING</inputType>
          <recordKey></recordKey>
          <isList>false</isList>
          <required>false</required>
          <isPersisted>true</isPersisted>
          <inputSymbol>Field_3</inputSymbol>
          <listDelimiter></listDelimiter>
          <value>${field3}</value>
          <record>false</record>
        </staticBinding>
        <staticBinding id="9763ea9f-a537-4d14-910d-bcd514278300">
          <annotation></annotation>
          <toContextKey></toContextKey>
          <fromContextKey></fromContextKey>
          <assignFromContext>false</assignFromContext>
          <assignToContext>false</assignToContext>
          <inputType>STRING</inputType>
          <recordKey></recordKey>
          <isList>false</isList>
          <required>false</required>
          <isPersisted>true</isPersisted>
          <inputSymbol>Field_1</inputSymbol>
          <listDelimiter></listDelimiter>
          <value>${field1}</value>
          <record>false</record>
        </staticBinding>
      </bindings>
      <transitions>
        <transition id="85e17f3f-93ea-4347-aeeb-2461ee620bd9">
          <annotation></annotation>
          <name>success</name>
          <command>NEXT</command>
          <linkMode>false</linkMode>
          <responseSymbol>success</responseSymbol>
          <shouldHandoff>false</shouldHandoff>
          <transitionValue>0.0</transitionValue>
          <destination>
            <refId>06598ba6-496d-4b75-a6ec-023cabed43d0</refId>
          </destination>
          <source>
            <refId>6adb11d7-4402-4b1f-93b3-d7b9650243a3</refId>
          </source>
          <positions>
            <point>
              <x>792.0</x>
              <y>223.0</y>
            </point>
            <point>
              <x>1066.0</x>
              <y>224.0</y>
            </point>
          </positions>
          <labelPosition>
            <x>333.0</x>
            <y>0.0</y>
          </labelPosition>
        </transition>
      </transitions>
      <properties/>
      <opRef>
        <refId>ddd79f22-8b1e-4605-88d5-d912bb2da2b9</refId>
      </opRef>
      <assignments>
        <flowVariableAssignment id="cf8996c4-2280-4e81-a2e0-d27ca24667ca">
          <annotation></annotation>
          <name>assignment</name>
          <action>OVERWRITE</action>
          <assignmentTargetType>FLOW_OUTPUT_FIELD</assignmentTargetType>
          <contextKey>db.getdetails.subnetbase</contextKey>
          <expression id="77968444-1660-4c9d-90c0-830245f134ec">
            <annotation></annotation>
            <name>Result Field: Field_1</name>
            <fieldName>Field_1</fieldName>
            <sourceType>RAWRESULT</sourceType>
            <filters>
              <tableFilter id="c8bb6888-3024-4018-a4df-eb468bde609e">
                <annotation></annotation>
                <name>Table</name>
                <ascending>false</ascending>
                <columnDelimiter>PIPE</columnDelimiter>
                <firstRowHeader>false</firstRowHeader>
                <lineDelimintor>NEWLINE</lineDelimintor>
                <selectCol>1</selectCol>
                <selectHeight>1</selectHeight>
                <selectRow>0</selectRow>
                <selectWidth>1</selectWidth>
                <sortColumn>-1</sortColumn>
                <stripFirstRow>false</stripFirstRow>
              </tableFilter>
              <replaceAllFilter id="bff0bec2-823e-4b6f-b9ef-0c06dc0beb93">
                <annotation></annotation>
                <name>Replace</name>
                <ignoreCase>false</ignoreCase>
                <searchString>&lt;&gt;</searchString>
                <replaceString>|</replaceString>
                <replaceType>ALL</replaceType>
              </replaceAllFilter>
              <tableFilter id="d8674dff-34fe-40a7-aad6-79d2b8bc7853">
                <annotation></annotation>
                <name>Table</name>
                <ascending>false</ascending>
                <columnDelimiter>PIPE</columnDelimiter>
                <firstRowHeader>false</firstRowHeader>
                <lineDelimintor>NEWLINE</lineDelimintor>
                <selectCol>0</selectCol>
                <selectHeight>1</selectHeight>
                <selectRow>0</selectRow>
                <selectWidth>1</selectWidth>
                <sortColumn>-1</sortColumn>
                <stripFirstRow>false</stripFirstRow>
              </tableFilter>
            </filters>
          </expression>
        </flowVariableAssignment>
        <flowVariableAssignment id="ba5945df-758f-4bad-8935-b0cc12c476ca">
          <annotation></annotation>
          <name>assignment</name>
          <action>OVERWRITE</action>
          <assignmentTargetType>FLOW_OUTPUT_FIELD</assignmentTargetType>
          <contextKey>db.getdetails.subnetmask</contextKey>
          <expression id="f4cd3054-86cb-4dfb-9254-fc662a2c7e44">
            <annotation></annotation>
            <name>Result Field: Field_1</name>
            <fieldName>Field_1</fieldName>
            <sourceType>RAWRESULT</sourceType>
            <filters>
              <tableFilter id="bd464c49-7958-4b59-9caf-8918acf62404">
                <annotation></annotation>
                <name>Table</name>
                <ascending>false</ascending>
                <columnDelimiter>PIPE</columnDelimiter>
                <firstRowHeader>false</firstRowHeader>
                <lineDelimintor>NEWLINE</lineDelimintor>
                <selectCol>1</selectCol>
                <selectHeight>1</selectHeight>
                <selectRow>0</selectRow>
                <selectWidth>1</selectWidth>
                <sortColumn>-1</sortColumn>
                <stripFirstRow>false</stripFirstRow>
              </tableFilter>
              <replaceAllFilter id="20328f96-792e-478a-84aa-8adb575a8834">
                <annotation></annotation>
                <name>Replace</name>
                <ignoreCase>false</ignoreCase>
                <searchString>&lt;&gt;</searchString>
                <replaceString>|</replaceString>
                <replaceType>ALL</replaceType>
              </replaceAllFilter>
              <tableFilter id="392a9f6a-e4f2-4c82-bf60-045521872a7b">
                <annotation></annotation>
                <name>Table</name>
                <ascending>false</ascending>
                <columnDelimiter>PIPE</columnDelimiter>
                <firstRowHeader>false</firstRowHeader>
                <lineDelimintor>NEWLINE</lineDelimintor>
                <selectCol>1</selectCol>
                <selectHeight>1</selectHeight>
                <selectRow>0</selectRow>
                <selectWidth>1</selectWidth>
                <sortColumn>-1</sortColumn>
                <stripFirstRow>false</stripFirstRow>
              </tableFilter>
            </filters>
          </expression>
        </flowVariableAssignment>
        <flowVariableAssignment id="b10c482b-fd62-4e39-9980-7c3d2dab3e20">
          <annotation></annotation>
          <name>assignment</name>
          <action>OVERWRITE</action>
          <assignmentTargetType>FLOW_OUTPUT_FIELD</assignmentTargetType>
          <contextKey>db.getdetails.defaultgateway</contextKey>
          <expression id="f1858a4c-296f-44ae-abfa-853071472070">
            <annotation></annotation>
            <name>Result Field: Field_1</name>
            <fieldName>Field_1</fieldName>
            <sourceType>RAWRESULT</sourceType>
            <filters>
              <tableFilter id="a4a3dfe7-e8bc-4f51-9474-1c130734ac98">
                <annotation></annotation>
                <name>Table</name>
                <ascending>false</ascending>
                <columnDelimiter>PIPE</columnDelimiter>
                <firstRowHeader>false</firstRowHeader>
                <lineDelimintor>NEWLINE</lineDelimintor>
                <selectCol>1</selectCol>
                <selectHeight>1</selectHeight>
                <selectRow>0</selectRow>
                <selectWidth>1</selectWidth>
                <sortColumn>-1</sortColumn>
                <stripFirstRow>false</stripFirstRow>
              </tableFilter>
              <replaceAllFilter id="e2c69a6f-a9c1-4dd9-a4c8-6f311ca69be1">
                <annotation></annotation>
                <name>Replace</name>
                <ignoreCase>false</ignoreCase>
                <searchString>&lt;&gt;</searchString>
                <replaceString>|</replaceString>
                <replaceType>ALL</replaceType>
              </replaceAllFilter>
              <tableFilter id="30947b53-4fd3-41a5-a0d6-754f7b3b7f84">
                <annotation></annotation>
                <name>Table</name>
                <ascending>false</ascending>
                <columnDelimiter>PIPE</columnDelimiter>
                <firstRowHeader>false</firstRowHeader>
                <lineDelimintor>NEWLINE</lineDelimintor>
                <selectCol>2</selectCol>
                <selectHeight>1</selectHeight>
                <selectRow>0</selectRow>
                <selectWidth>1</selectWidth>
                <sortColumn>-1</sortColumn>
                <stripFirstRow>false</stripFirstRow>
              </tableFilter>
            </filters>
          </expression>
        </flowVariableAssignment>
        <flowVariableAssignment id="8386fedb-e103-4f5c-bb4f-ce0a3e4432b8">
          <annotation></annotation>
          <name>assignment</name>
          <action>OVERWRITE</action>
          <assignmentTargetType>FLOW_OUTPUT_FIELD</assignmentTargetType>
          <contextKey>db.getdetails.dns1</contextKey>
          <expression id="845ac464-f3ad-4775-b990-97b9e56c5c45">
            <annotation></annotation>
            <name>Result Field: Field_1</name>
            <fieldName>Field_1</fieldName>
            <sourceType>RAWRESULT</sourceType>
            <filters>
              <tableFilter id="52b2478c-5940-4034-9b41-5edabb1dcbf4">
                <annotation></annotation>
                <name>Table</name>
                <ascending>false</ascending>
                <columnDelimiter>PIPE</columnDelimiter>
                <firstRowHeader>false</firstRowHeader>
                <lineDelimintor>NEWLINE</lineDelimintor>
                <selectCol>1</selectCol>
                <selectHeight>1</selectHeight>
                <selectRow>0</selectRow>
                <selectWidth>1</selectWidth>
                <sortColumn>-1</sortColumn>
                <stripFirstRow>false</stripFirstRow>
              </tableFilter>
              <replaceAllFilter id="ae199d2b-2f7b-45f6-9a94-212731eefbc9">
                <annotation></annotation>
                <name>Replace</name>
                <ignoreCase>false</ignoreCase>
                <searchString>&lt;&gt;</searchString>
                <replaceString>|</replaceString>
                <replaceType>ALL</replaceType>
              </replaceAllFilter>
              <tableFilter id="b7a1e33c-5a7b-465b-8367-e9f12de9096d">
                <annotation></annotation>
                <name>Table</name>
                <ascending>false</ascending>
                <columnDelimiter>PIPE</columnDelimiter>
                <firstRowHeader>false</firstRowHeader>
                <lineDelimintor>NEWLINE</lineDelimintor>
                <selectCol>3</selectCol>
                <selectHeight>1</selectHeight>
                <selectRow>0</selectRow>
                <selectWidth>1</selectWidth>
                <sortColumn>-1</sortColumn>
                <stripFirstRow>false</stripFirstRow>
              </tableFilter>
            </filters>
          </expression>
        </flowVariableAssignment>
        <flowVariableAssignment id="a53304df-1c01-4243-9ba0-7db38503e229">
          <annotation></annotation>
          <name>assignment</name>
          <action>OVERWRITE</action>
          <assignmentTargetType>FLOW_OUTPUT_FIELD</assignmentTargetType>
          <contextKey>db.getdetails.dns2</contextKey>
          <expression id="25eefc63-6d7b-4bfd-9f7b-365204db2025">
            <annotation></annotation>
            <name>Result Field: Field_1</name>
            <fieldName>Field_1</fieldName>
            <sourceType>RAWRESULT</sourceType>
            <filters>
              <tableFilter id="bd69b957-fc03-4445-bf0d-0ad85d27d696">
                <annotation></annotation>
                <name>Table</name>
                <ascending>false</ascending>
                <columnDelimiter>PIPE</columnDelimiter>
                <firstRowHeader>false</firstRowHeader>
                <lineDelimintor>NEWLINE</lineDelimintor>
                <selectCol>1</selectCol>
                <selectHeight>1</selectHeight>
                <selectRow>0</selectRow>
                <selectWidth>1</selectWidth>
                <sortColumn>-1</sortColumn>
                <stripFirstRow>false</stripFirstRow>
              </tableFilter>
              <replaceAllFilter id="cfecf775-ff86-4580-aab4-2be28db89d5e">
                <annotation></annotation>
                <name>Replace</name>
                <ignoreCase>false</ignoreCase>
                <searchString>&lt;&gt;</searchString>
                <replaceString>|</replaceString>
                <replaceType>ALL</replaceType>
              </replaceAllFilter>
              <tableFilter id="ee766c03-3c36-4767-a11e-50511491411c">
                <annotation></annotation>
                <name>Table</name>
                <ascending>false</ascending>
                <columnDelimiter>PIPE</columnDelimiter>
                <firstRowHeader>false</firstRowHeader>
                <lineDelimintor>NEWLINE</lineDelimintor>
                <selectCol>4</selectCol>
                <selectHeight>1</selectHeight>
                <selectRow>0</selectRow>
                <selectWidth>1</selectWidth>
                <sortColumn>-1</sortColumn>
                <stripFirstRow>false</stripFirstRow>
              </tableFilter>
            </filters>
          </expression>
        </flowVariableAssignment>
      </assignments>
      <throttleSize>0</throttleSize>
    </step>
    <returnStep id="9f396a56-1f16-45a3-9dda-6f219cde9db6">
      <annotation></annotation>
      <name>Error : failure</name>
      <bounds>
        <x>381.0</x>
        <y>186.0</y>
      </bounds>
      <layer>-1</layer>
      <hideInbound>false</hideInbound>
      <addResultToRunContext>false</addResultToRunContext>
      <isCriticalStep>false</isCriticalStep>
      <isNonBlocking>false</isNonBlocking>
      <isParallelStep>false</isParallelStep>
      <isSingleResponse>false</isSingleResponse>
      <recordInHistory>false</recordInHistory>
      <recordRawOutput>true</recordRawOutput>
      <recordPrimaryOutput>true</recordPrimaryOutput>
      <checkPointStep>true</checkPointStep>
      <historyCheckPointStep>true</historyCheckPointStep>
      <scriptResultStep>false</scriptResultStep>
      <userPrompt></userPrompt>
      <bindings/>
      <transitions>
        <transition id="a72b3a29-3024-4400-a47a-f379d6c4bb20">
          <annotation></annotation>
          <name>return</name>
          <command>NEXT</command>
          <linkMode>false</linkMode>
          <responseSymbol>failure</responseSymbol>
          <shouldHandoff>false</shouldHandoff>
          <transitionValue>0.0</transitionValue>
          <destination>
            <refId>9f396a56-1f16-45a3-9dda-6f219cde9db6</refId>
          </destination>
          <source>
            <refId>9f396a56-1f16-45a3-9dda-6f219cde9db6</refId>
          </source>
          <positions/>
        </transition>
      </transitions>
      <properties/>
      <returnStepType>ERROR</returnStepType>
      <assignments/>
    </returnStep>
    <returnStep id="06598ba6-496d-4b75-a6ec-023cabed43d0">
      <annotation></annotation>
      <name>Resolved : success</name>
      <bounds>
        <x>1016.0</x>
        <y>190.0</y>
      </bounds>
      <layer>-1</layer>
      <hideInbound>false</hideInbound>
      <addResultToRunContext>false</addResultToRunContext>
      <isCriticalStep>false</isCriticalStep>
      <isNonBlocking>false</isNonBlocking>
      <isParallelStep>false</isParallelStep>
      <isSingleResponse>false</isSingleResponse>
      <recordInHistory>false</recordInHistory>
      <recordRawOutput>true</recordRawOutput>
      <recordPrimaryOutput>true</recordPrimaryOutput>
      <checkPointStep>true</checkPointStep>
      <historyCheckPointStep>true</historyCheckPointStep>
      <scriptResultStep>false</scriptResultStep>
      <userPrompt></userPrompt>
      <bindings/>
      <transitions>
        <transition id="ca684731-678d-462c-bfe6-b2105fb86704">
          <annotation></annotation>
          <name>return</name>
          <command>NEXT</command>
          <linkMode>false</linkMode>
          <responseSymbol>success</responseSymbol>
          <shouldHandoff>false</shouldHandoff>
          <transitionValue>0.0</transitionValue>
          <destination>
            <refId>06598ba6-496d-4b75-a6ec-023cabed43d0</refId>
          </destination>
          <source>
            <refId>06598ba6-496d-4b75-a6ec-023cabed43d0</refId>
          </source>
          <positions/>
        </transition>
      </transitions>
      <properties/>
      <returnStepType>RESOLVED</returnStepType>
      <assignments/>
    </returnStep>
  </steps>
  <startSteps>7f0e5ea3-1e68-42d1-9294-27db69da935f</startSteps>
</flow>