<?xml version="1.0" encoding="UTF-8"?>
<flow id="0780ffe3-29e1-49b8-9d52-3ec361b0376e">
  <annotation></annotation>
  <name>CleanUpWithoutServiceDelete</name>
  <categories/>
  <inputs/>
  <scriptlet id="9c5bf363-24c9-48ec-ab8f-8d4653e291a7">
    <annotation></annotation>
    <name>Operation CleanUpWithoutServiceDelete (0780ffe3-29e1-49b8-9d52-3ec361b0376e)</name>
    <type>RHINO</type>
  </scriptlet>
  <possibleResponses>
    <opResponse id="1d6df5cb-4773-42ef-9713-52e8446722b1">
      <annotation></annotation>
      <name>failure</name>
      <isDefault>false</isDefault>
      <onFailure>true</onFailure>
      <type>ERROR</type>
      <matchRules/>
    </opResponse>
    <opResponse id="ec8ac079-f384-440a-a4c1-a48c351e0a39">
      <annotation></annotation>
      <name>success</name>
      <isDefault>true</isDefault>
      <onFailure>false</onFailure>
      <type>RESOLVED</type>
      <matchRules/>
    </opResponse>
  </possibleResponses>
  <availableResultExpressions/>
  <resultExpression id="7d36259e-b6f7-429a-8fa3-c566414e1f8e">
    <annotation></annotation>
    <name>FailureMessage</name>
    <fieldName>FailureMessage</fieldName>
    <sourceType>RAWRESULT</sourceType>
    <filters/>
  </resultExpression>
  <iconSpec id="d54c81b7-33fe-4a05-a70d-1908e6b95fb7">
    <baseIcon>flow.png</baseIcon>
    <basePath>System</basePath>
    <readOnly>false</readOnly>
    <layers/>
  </iconSpec>
  <callouts/>
  <checkPointFlow>true</checkPointFlow>
  <compatibleRuntimeContext>false</compatibleRuntimeContext>
  <historyCheckPointFlow>true</historyCheckPointFlow>
  <steps>
    <step id="b9766df0-8c46-482b-ac41-cb046886d004">
      <annotation></annotation>
      <name>DB_GetIDListByStatus</name>
      <bounds>
        <x>46.0</x>
        <y>9.0</y>
      </bounds>
      <layer>-1</layer>
      <hideInbound>false</hideInbound>
      <addResultToRunContext>false</addResultToRunContext>
      <isCriticalStep>false</isCriticalStep>
      <isNonBlocking>false</isNonBlocking>
      <isParallelStep>false</isParallelStep>
      <isSingleResponse>false</isSingleResponse>
      <recordInHistory>false</recordInHistory>
      <recordRawOutput>true</recordRawOutput>
      <recordPrimaryOutput>true</recordPrimaryOutput>
      <checkPointStep>true</checkPointStep>
      <historyCheckPointStep>true</historyCheckPointStep>
      <scriptResultStep>false</scriptResultStep>
      <userPrompt></userPrompt>
      <bindings>
        <userInputBinding id="02b55300-3d23-4403-b013-a506fd3645b5">
          <annotation></annotation>
          <assignFromContext>true</assignFromContext>
          <assignToContext>true</assignToContext>
          <inputType>STRING</inputType>
          <isList>false</isList>
          <required>true</required>
          <isPersisted>true</isPersisted>
          <inputSymbol>db.getidlist.status</inputSymbol>
          <listDelimiter>,</listDelimiter>
          <record>false</record>
          <prompt></prompt>
          <isMultiSelect>false</isMultiSelect>
          <sourceDelimiter>|</sourceDelimiter>
        </userInputBinding>
      </bindings>
      <transitions>
        <transition id="54c9f65b-0932-414d-b0fb-9d5b84a5d85e">
          <annotation></annotation>
          <name>success</name>
          <command>NEXT</command>
          <linkMode>false</linkMode>
          <responseSymbol>success</responseSymbol>
          <shouldHandoff>false</shouldHandoff>
          <transitionValue>0.0</transitionValue>
          <destination>
            <refId>ae78407e-19eb-4635-8686-f50894270189</refId>
          </destination>
          <source>
            <refId>b9766df0-8c46-482b-ac41-cb046886d004</refId>
          </source>
          <positions>
            <point>
              <x>174.0</x>
              <y>116.0</y>
            </point>
            <point>
              <x>332.0</x>
              <y>128.0</y>
            </point>
          </positions>
          <labelPosition>
            <x>333.0</x>
            <y>0.0</y>
          </labelPosition>
        </transition>
        <transition id="8bd9fc1a-3867-4f0f-85ce-79f1eafc9f98">
          <annotation></annotation>
          <name>failure</name>
          <command>NEXT</command>
          <linkMode>false</linkMode>
          <responseSymbol>failure</responseSymbol>
          <shouldHandoff>false</shouldHandoff>
          <transitionValue>0.0</transitionValue>
          <destination>
            <refId>72e2943a-3141-4f72-bb35-0650c83b3af8</refId>
          </destination>
          <source>
            <refId>b9766df0-8c46-482b-ac41-cb046886d004</refId>
          </source>
          <positions>
            <point>
              <x>174.0</x>
              <y>116.0</y>
            </point>
            <point>
              <x>183.0</x>
              <y>331.0</y>
            </point>
          </positions>
          <labelPosition>
            <x>333.0</x>
            <y>0.0</y>
          </labelPosition>
        </transition>
      </transitions>
      <properties/>
      <opRef>
        <refId>cf84e265-0c16-4061-ab32-e86f6e3794a6</refId>
      </opRef>
      <assignments>
        <flowVariableAssignment id="cc2a7902-cd53-483f-a518-311e2950ff34">
          <annotation></annotation>
          <name>assignment</name>
          <action>OVERWRITE</action>
          <assignmentTargetType>FLOW_VARIABLE</assignmentTargetType>
          <contextKey>db.getidlist.list</contextKey>
          <expression id="54d55534-ba3c-4e4f-ab40-696da2433a63">
            <annotation></annotation>
            <name>Result Field: db.getidlist.list</name>
            <fieldName>db.getidlist.list</fieldName>
            <sourceType>RAWRESULT</sourceType>
            <filters/>
          </expression>
        </flowVariableAssignment>
      </assignments>
      <throttleSize>0</throttleSize>
    </step>
    <step id="ae78407e-19eb-4635-8686-f50894270189">
      <annotation>0780ffe3-29e1-49b8-9d52-3ec361b0376e.ae78407e-19eb-4635-8686-f50894270189.description</annotation>
      <name>ID Iterator</name>
      <bounds>
        <x>237.0</x>
        <y>9.0</y>
      </bounds>
      <layer>-1</layer>
      <hideInbound>false</hideInbound>
      <addResultToRunContext>false</addResultToRunContext>
      <isCriticalStep>false</isCriticalStep>
      <isNonBlocking>false</isNonBlocking>
      <isParallelStep>false</isParallelStep>
      <isSingleResponse>false</isSingleResponse>
      <recordInHistory>false</recordInHistory>
      <recordRawOutput>true</recordRawOutput>
      <recordPrimaryOutput>true</recordPrimaryOutput>
      <checkPointStep>true</checkPointStep>
      <historyCheckPointStep>true</historyCheckPointStep>
      <scriptResultStep>false</scriptResultStep>
      <userPrompt></userPrompt>
      <bindings>
        <staticBinding id="92bbd3cf-b2c1-4d80-977d-d8cf7e31c877">
          <annotation></annotation>
          <assignFromContext>true</assignFromContext>
          <assignToContext>true</assignToContext>
          <inputType>STRING</inputType>
          <isList>false</isList>
          <required>true</required>
          <isPersisted>true</isPersisted>
          <inputSymbol>list</inputSymbol>
          <listDelimiter>,</listDelimiter>
          <value>${db.getidlist.list}</value>
          <record>false</record>
        </staticBinding>
        <staticBinding id="28596103-bdda-4d08-9b86-2e1e311a02bc">
          <annotation></annotation>
          <assignFromContext>true</assignFromContext>
          <assignToContext>true</assignToContext>
          <inputType>STRING</inputType>
          <isList>false</isList>
          <required>true</required>
          <isPersisted>true</isPersisted>
          <inputSymbol>separator</inputSymbol>
          <listDelimiter>,</listDelimiter>
          <value>|</value>
          <record>false</record>
        </staticBinding>
      </bindings>
      <transitions>
        <transition id="e3d25245-f8d5-4c99-8e9b-9c782776a03a">
          <annotation></annotation>
          <name>no more</name>
          <command>NEXT</command>
          <linkMode>false</linkMode>
          <responseSymbol>no more</responseSymbol>
          <shouldHandoff>false</shouldHandoff>
          <transitionValue>0.0</transitionValue>
          <destination>
            <refId>e29a899b-765e-4dcc-b59d-223a7a225dcf</refId>
          </destination>
          <source>
            <refId>ae78407e-19eb-4635-8686-f50894270189</refId>
          </source>
          <positions>
            <point>
              <x>332.0</x>
              <y>128.0</y>
            </point>
            <point>
              <x>538.0</x>
              <y>199.0</y>
            </point>
          </positions>
          <labelPosition>
            <x>333.0</x>
            <y>0.0</y>
          </labelPosition>
        </transition>
        <transition id="7cd10173-8afe-477b-bfbc-44b436714e6e">
          <annotation></annotation>
          <name>failure</name>
          <command>NEXT</command>
          <linkMode>false</linkMode>
          <responseSymbol>failure</responseSymbol>
          <shouldHandoff>false</shouldHandoff>
          <transitionValue>0.0</transitionValue>
          <destination>
            <refId>72e2943a-3141-4f72-bb35-0650c83b3af8</refId>
          </destination>
          <source>
            <refId>ae78407e-19eb-4635-8686-f50894270189</refId>
          </source>
          <positions>
            <point>
              <x>332.0</x>
              <y>128.0</y>
            </point>
            <point>
              <x>183.0</x>
              <y>331.0</y>
            </point>
          </positions>
          <labelPosition>
            <x>333.0</x>
            <y>0.0</y>
          </labelPosition>
        </transition>
        <transition id="3218ddb7-134c-4063-9a95-ab96b3b20c84">
          <annotation></annotation>
          <name>has more</name>
          <command>NEXT</command>
          <linkMode>false</linkMode>
          <responseSymbol>has more</responseSymbol>
          <shouldHandoff>false</shouldHandoff>
          <transitionValue>0.0</transitionValue>
          <destination>
            <refId>9d54f799-e04b-4e37-b888-2b374fef2e44</refId>
          </destination>
          <source>
            <refId>ae78407e-19eb-4635-8686-f50894270189</refId>
          </source>
          <positions>
            <point>
              <x>287.0</x>
              <y>43.0</y>
            </point>
            <point>
              <x>282.0</x>
              <y>254.0</y>
            </point>
          </positions>
          <labelPosition>
            <x>333.0</x>
            <y>0.0</y>
          </labelPosition>
        </transition>
      </transitions>
      <properties/>
      <opRef>
        <refId>cd75ca75-e64e-4b1e-9fe9-8dbc76f03865</refId>
      </opRef>
      <assignments>
        <flowVariableAssignment id="705053ae-5717-4e02-990e-5f14df7b99d2">
          <annotation></annotation>
          <name>assignment</name>
          <action>OVERWRITE</action>
          <assignmentTargetType>FLOW_VARIABLE</assignmentTargetType>
          <contextKey>server.csasvcuuid</contextKey>
          <expression id="1dbf6374-65f7-47fd-bb41-dda9d516aabc">
            <annotation></annotation>
            <name>Result Field: resultString</name>
            <fieldName>resultString</fieldName>
            <sourceType>RAWRESULT</sourceType>
            <filters/>
          </expression>
        </flowVariableAssignment>
      </assignments>
      <throttleSize>0</throttleSize>
    </step>
    <step id="9d54f799-e04b-4e37-b888-2b374fef2e44">
      <annotation></annotation>
      <name>pc_post_undeploy</name>
      <bounds>
        <x>238.0</x>
        <y>227.0</y>
      </bounds>
      <layer>-1</layer>
      <hideInbound>false</hideInbound>
      <addResultToRunContext>false</addResultToRunContext>
      <isCriticalStep>false</isCriticalStep>
      <isNonBlocking>false</isNonBlocking>
      <isParallelStep>false</isParallelStep>
      <isSingleResponse>false</isSingleResponse>
      <recordInHistory>false</recordInHistory>
      <recordRawOutput>true</recordRawOutput>
      <recordPrimaryOutput>true</recordPrimaryOutput>
      <checkPointStep>true</checkPointStep>
      <historyCheckPointStep>true</historyCheckPointStep>
      <scriptResultStep>false</scriptResultStep>
      <userPrompt></userPrompt>
      <bindings>
        <staticBinding id="dad127d6-36af-4da3-8595-8cc3ba09277d">
          <annotation></annotation>
          <assignFromContext>false</assignFromContext>
          <assignToContext>false</assignToContext>
          <inputType>STRING</inputType>
          <isList>false</isList>
          <required>true</required>
          <isPersisted>true</isPersisted>
          <inputSymbol>CSA_CONTEXT_ID</inputSymbol>
          <listDelimiter>,</listDelimiter>
          <value>${server.csasvcuuid}</value>
          <record>false</record>
        </staticBinding>
        <staticBinding id="6e328203-a483-4322-b72f-cfe5ad937147">
          <annotation></annotation>
          <assignFromContext>true</assignFromContext>
          <assignToContext>true</assignToContext>
          <inputType>STRING</inputType>
          <isList>false</isList>
          <required>true</required>
          <isPersisted>true</isPersisted>
          <inputSymbol>CSA_PROCESS_ID</inputSymbol>
          <listDelimiter>,</listDelimiter>
          <value>000</value>
          <record>false</record>
        </staticBinding>
      </bindings>
      <transitions>
        <transition id="1794f3df-f1b8-406c-9479-98ec1f76b08a">
          <annotation></annotation>
          <name>success</name>
          <command>NEXT</command>
          <linkMode>false</linkMode>
          <responseSymbol>success</responseSymbol>
          <shouldHandoff>false</shouldHandoff>
          <transitionValue>0.0</transitionValue>
          <destination>
            <refId>ae78407e-19eb-4635-8686-f50894270189</refId>
          </destination>
          <source>
            <refId>9d54f799-e04b-4e37-b888-2b374fef2e44</refId>
          </source>
          <positions>
            <point>
              <x>298.0</x>
              <y>252.0</y>
            </point>
            <point>
              <x>287.0</x>
              <y>43.0</y>
            </point>
          </positions>
          <labelPosition>
            <x>333.0</x>
            <y>0.0</y>
          </labelPosition>
        </transition>
        <transition id="ff509fda-8758-433d-a8f6-19203ca30f54">
          <annotation></annotation>
          <name>failure</name>
          <command>NEXT</command>
          <linkMode>false</linkMode>
          <responseSymbol>failure</responseSymbol>
          <shouldHandoff>false</shouldHandoff>
          <transitionValue>0.0</transitionValue>
          <destination>
            <refId>72e2943a-3141-4f72-bb35-0650c83b3af8</refId>
          </destination>
          <source>
            <refId>9d54f799-e04b-4e37-b888-2b374fef2e44</refId>
          </source>
          <positions>
            <point>
              <x>291.0</x>
              <y>261.0</y>
            </point>
            <point>
              <x>96.0</x>
              <y>259.0</y>
            </point>
          </positions>
          <labelPosition>
            <x>333.0</x>
            <y>0.0</y>
          </labelPosition>
        </transition>
      </transitions>
      <properties/>
      <opRef>
        <refId>e9b701d9-43a8-4fec-b9e6-06c5b4b1ff0e</refId>
      </opRef>
      <assignments/>
      <throttleSize>0</throttleSize>
    </step>
    <returnStep id="72e2943a-3141-4f72-bb35-0650c83b3af8">
      <annotation></annotation>
      <name>Error : failure</name>
      <bounds>
        <x>46.0</x>
        <y>225.0</y>
      </bounds>
      <layer>-1</layer>
      <hideInbound>false</hideInbound>
      <addResultToRunContext>false</addResultToRunContext>
      <isCriticalStep>false</isCriticalStep>
      <isNonBlocking>false</isNonBlocking>
      <isParallelStep>false</isParallelStep>
      <isSingleResponse>false</isSingleResponse>
      <recordInHistory>false</recordInHistory>
      <recordRawOutput>true</recordRawOutput>
      <recordPrimaryOutput>true</recordPrimaryOutput>
      <checkPointStep>true</checkPointStep>
      <historyCheckPointStep>true</historyCheckPointStep>
      <scriptResultStep>false</scriptResultStep>
      <userPrompt></userPrompt>
      <bindings/>
      <transitions>
        <transition id="d462e900-7e60-4542-9fa8-48f10d0837c5">
          <annotation></annotation>
          <name>return</name>
          <command>NEXT</command>
          <linkMode>false</linkMode>
          <responseSymbol>failure</responseSymbol>
          <shouldHandoff>false</shouldHandoff>
          <transitionValue>0.0</transitionValue>
          <destination>
            <refId>72e2943a-3141-4f72-bb35-0650c83b3af8</refId>
          </destination>
          <source>
            <refId>72e2943a-3141-4f72-bb35-0650c83b3af8</refId>
          </source>
          <positions/>
        </transition>
      </transitions>
      <properties/>
      <returnStepType>ERROR</returnStepType>
      <assignments/>
    </returnStep>
    <returnStep id="e29a899b-765e-4dcc-b59d-223a7a225dcf">
      <annotation></annotation>
      <name>Resolved : success</name>
      <bounds>
        <x>403.0</x>
        <y>9.0</y>
      </bounds>
      <layer>-1</layer>
      <hideInbound>false</hideInbound>
      <addResultToRunContext>false</addResultToRunContext>
      <isCriticalStep>false</isCriticalStep>
      <isNonBlocking>false</isNonBlocking>
      <isParallelStep>false</isParallelStep>
      <isSingleResponse>false</isSingleResponse>
      <recordInHistory>false</recordInHistory>
      <recordRawOutput>true</recordRawOutput>
      <recordPrimaryOutput>true</recordPrimaryOutput>
      <checkPointStep>true</checkPointStep>
      <historyCheckPointStep>true</historyCheckPointStep>
      <scriptResultStep>false</scriptResultStep>
      <userPrompt></userPrompt>
      <bindings/>
      <transitions>
        <transition id="f30d806b-d826-46d0-9216-f98c97a43f45">
          <annotation></annotation>
          <name>return</name>
          <command>NEXT</command>
          <linkMode>false</linkMode>
          <responseSymbol>success</responseSymbol>
          <shouldHandoff>false</shouldHandoff>
          <transitionValue>0.0</transitionValue>
          <destination>
            <refId>e29a899b-765e-4dcc-b59d-223a7a225dcf</refId>
          </destination>
          <source>
            <refId>e29a899b-765e-4dcc-b59d-223a7a225dcf</refId>
          </source>
          <positions/>
        </transition>
      </transitions>
      <properties/>
      <returnStepType>RESOLVED</returnStepType>
      <assignments/>
    </returnStep>
  </steps>
  <startSteps>b9766df0-8c46-482b-ac41-cb046886d004</startSteps>
</flow>