<?xml version="1.0" encoding="UTF-8"?>
<operation id="2f9f61df-d55b-4b19-a1d3-f719b0a07215">
  <annotation>2f9f61df-d55b-4b19-a1d3-f719b0a07215.description</annotation>
  <name>GeneratePassword</name>
  <categories/>
  <inputs>
    <userInputBinding id="0cb08ecd-3987-463d-9a09-d7e6a3116663">
      <annotation></annotation>
      <assignFromContext>true</assignFromContext>
      <assignToContext>true</assignToContext>
      <inputType>STRING</inputType>
      <isList>false</isList>
      <required>true</required>
      <isPersisted>true</isPersisted>
      <inputSymbol>passwordLength</inputSymbol>
      <listDelimiter>,</listDelimiter>
      <record>false</record>
      <prompt></prompt>
      <isMultiSelect>false</isMultiSelect>
      <sourceDelimiter>|</sourceDelimiter>
    </userInputBinding>
  </inputs>
  <scriptlet id="c2dd7873-e096-41f8-89fc-296e325fe238">
    <annotation></annotation>
    <name>Operation GeneratePassword (2f9f61df-d55b-4b19-a1d3-f719b0a07215)</name>
    <script>
length = passwordLength; 

chars = &quot;abcdefghijklmnopqrstuvwxyz&quot;;

pass = &quot;&quot;;

   for(x=0;x&lt;length/3;x++)
   {
      i = Math.floor(Math.random() * 26);
      pass += chars.charAt(i);
   }

chars = &quot;ABCDEFGHIJKLMNOPQRSTUVWXYZ&quot;;

   for(x=0;x&lt;length/3;x++)
   {
      i = Math.floor(Math.random() * 26);
      pass += chars.charAt(i);
   }

chars = &quot;1234567890&quot;;

   for(x=0;x&lt;length/3;x++)
   {
      i = Math.floor(Math.random() * 10);
      pass += chars.charAt(i);
   }

scriptletContext.put(&quot;generatedPassword&quot;,pass); 
scriptletResponse = &quot;Success&quot;; 
 
 

</script>
    <type>RHINO</type>
  </scriptlet>
  <possibleResponses>
    <opResponse id="ec4e8b2b-9951-480e-b8e0-a6e228196c1a">
      <annotation></annotation>
      <name>success</name>
      <isDefault>true</isDefault>
      <onFailure>false</onFailure>
      <type>RESOLVED</type>
      <matchRules/>
    </opResponse>
  </possibleResponses>
  <availableResultExpressions/>
  <resultExpression id="c876ee0f-9b0c-4e3d-8941-f941ff551896">
    <annotation></annotation>
    <name>Field 1</name>
    <fieldName>Field_1</fieldName>
    <sourceType>RAWRESULT</sourceType>
    <filters/>
  </resultExpression>
  <iconSpec id="1e86edef-feeb-45a7-8386-31834d528170">
    <baseIcon>scriptlet.png</baseIcon>
    <basePath>System</basePath>
    <readOnly>false</readOnly>
    <layers/>
  </iconSpec>
  <opRef>
    <refId>ddd79f22-8b1e-4605-88d5-d912bb2da2b9</refId>
  </opRef>
  <fieldValues/>
  <groupAliasRef>
    <refId>5233030c-af46-432b-a682-b326ca6bf2ae</refId>
    <refName>RAS_Operator_Path</refName>
  </groupAliasRef>
</operation>