<?xml version="1.0" encoding="UTF-8"?>
<operation id="14cd16e0-d2f8-4b33-9464-4ccb5d0e1f7f">
  <annotation>14cd16e0-d2f8-4b33-9464-4ccb5d0e1f7f.description</annotation>
  <name>Cloudcell</name>
  <categories/>
  <inputs>
    <staticBinding id="f18811ad-3942-4641-9e69-0ab6e569f7e4">
      <annotation></annotation>
      <assignFromContext>true</assignFromContext>
      <assignToContext>true</assignToContext>
      <inputType>STRING</inputType>
      <isList>false</isList>
      <required>false</required>
      <isPersisted>true</isPersisted>
      <inputSymbol>field1</inputSymbol>
      <listDelimiter>,</listDelimiter>
      <value></value>
      <record>false</record>
    </staticBinding>
    <staticBinding id="4a955016-bb9e-4f11-b029-504b46900c08">
      <annotation></annotation>
      <assignFromContext>true</assignFromContext>
      <assignToContext>true</assignToContext>
      <inputType>STRING</inputType>
      <isList>false</isList>
      <required>false</required>
      <isPersisted>true</isPersisted>
      <inputSymbol>field2</inputSymbol>
      <listDelimiter>,</listDelimiter>
      <value></value>
      <record>false</record>
    </staticBinding>
    <staticBinding id="51a35d25-4213-415d-aed2-91e9549fe82a">
      <annotation></annotation>
      <assignFromContext>true</assignFromContext>
      <assignToContext>true</assignToContext>
      <inputType>STRING</inputType>
      <isList>false</isList>
      <required>false</required>
      <isPersisted>true</isPersisted>
      <inputSymbol>field3</inputSymbol>
      <listDelimiter>,</listDelimiter>
      <value></value>
      <record>false</record>
    </staticBinding>
    <staticBinding id="4f27b8e6-d688-4878-84dd-cc48d98116c6">
      <annotation></annotation>
      <assignFromContext>true</assignFromContext>
      <assignToContext>true</assignToContext>
      <inputType>STRING</inputType>
      <isList>false</isList>
      <required>false</required>
      <isPersisted>true</isPersisted>
      <inputSymbol>field4</inputSymbol>
      <listDelimiter>,</listDelimiter>
      <value></value>
      <record>false</record>
    </staticBinding>
    <staticBinding id="af1f3d9e-e87e-4129-84a0-cac933a97913">
      <annotation></annotation>
      <toContextKey></toContextKey>
      <fromContextKey></fromContextKey>
      <assignFromContext>false</assignFromContext>
      <assignToContext>false</assignToContext>
      <inputType>STRING</inputType>
      <recordKey></recordKey>
      <isList>false</isList>
      <required>false</required>
      <isPersisted>true</isPersisted>
      <inputSymbol>Field_1</inputSymbol>
      <listDelimiter></listDelimiter>
      <value>${field1}</value>
      <record>false</record>
    </staticBinding>
    <staticBinding id="8f5626bb-166a-4126-aa2f-5a7a0076aba5">
      <annotation></annotation>
      <toContextKey></toContextKey>
      <fromContextKey></fromContextKey>
      <assignFromContext>false</assignFromContext>
      <assignToContext>false</assignToContext>
      <inputType>STRING</inputType>
      <recordKey></recordKey>
      <isList>false</isList>
      <required>false</required>
      <isPersisted>true</isPersisted>
      <inputSymbol>Field_2</inputSymbol>
      <listDelimiter></listDelimiter>
      <value>${field2}</value>
      <record>false</record>
    </staticBinding>
    <staticBinding id="8c80dd79-bb4c-4766-9e21-5024b22b1cc4">
      <annotation></annotation>
      <toContextKey></toContextKey>
      <fromContextKey></fromContextKey>
      <assignFromContext>false</assignFromContext>
      <assignToContext>false</assignToContext>
      <inputType>STRING</inputType>
      <recordKey></recordKey>
      <isList>false</isList>
      <required>false</required>
      <isPersisted>true</isPersisted>
      <inputSymbol>Field_3</inputSymbol>
      <listDelimiter></listDelimiter>
      <value>${field3}</value>
      <record>false</record>
    </staticBinding>
    <staticBinding id="94c41b8b-c531-4979-a15e-b2f5d03a5d28">
      <annotation></annotation>
      <toContextKey></toContextKey>
      <fromContextKey></fromContextKey>
      <assignFromContext>false</assignFromContext>
      <assignToContext>false</assignToContext>
      <inputType>STRING</inputType>
      <recordKey></recordKey>
      <isList>false</isList>
      <required>false</required>
      <isPersisted>true</isPersisted>
      <inputSymbol>Field_4</inputSymbol>
      <listDelimiter></listDelimiter>
      <value>${field4}</value>
      <record>false</record>
    </staticBinding>
  </inputs>
  <scriptlet id="9f833e8a-0dc4-4f2d-9cee-6278d14c9e47">
    <annotation></annotation>
    <name>Operation Cloudcell (14cd16e0-d2f8-4b33-9464-4ccb5d0e1f7f)</name>
    <type>RHINO</type>
  </scriptlet>
  <possibleResponses>
    <opResponse id="17099b25-409e-443e-8d12-38d638aa38a2">
      <annotation></annotation>
      <name>success</name>
      <isDefault>true</isDefault>
      <onFailure>false</onFailure>
      <type>RESOLVED</type>
      <matchRules/>
    </opResponse>
  </possibleResponses>
  <availableResultExpressions/>
  <resultExpression id="4feb2d1b-f484-4ce6-8298-f91d32d6d5d4">
    <annotation></annotation>
    <name></name>
    <fieldName>Field_1</fieldName>
    <sourceType>RAWRESULT</sourceType>
    <filters/>
  </resultExpression>
  <iconSpec id="0944bf32-4e87-4a2c-8ce6-99ea095e0c25">
    <baseIcon>display_report.png</baseIcon>
    <basePath>Utilities/</basePath>
    <readOnly>false</readOnly>
    <layers/>
  </iconSpec>
  <opRef>
    <refId>ddd79f22-8b1e-4605-88d5-d912bb2da2b9</refId>
  </opRef>
  <fieldValues/>
  <groupAliasRef>
    <refId>5233030c-af46-432b-a682-b326ca6bf2ae</refId>
    <refName>RAS_Operator_Path</refName>
  </groupAliasRef>
</operation>