<?xml version="1.0" encoding="UTF-8"?>
<flow id="d776723f-1ad6-4951-9463-caaa43849c14">
  <annotation></annotation>
  <name>SA_Manual_Remediate</name>
  <categories/>
  <inputs>
    <staticBinding id="52f1bdf2-a3f0-4683-a764-6ca62b37b602">
      <annotation></annotation>
      <assignFromContext>true</assignFromContext>
      <assignToContext>true</assignToContext>
      <inputType>STRING</inputType>
      <isList>false</isList>
      <required>true</required>
      <isPersisted>true</isPersisted>
      <inputSymbol>Hostname</inputSymbol>
      <listDelimiter>,</listDelimiter>
      <value>uspnthpq0041</value>
      <record>false</record>
    </staticBinding>
    <staticBinding id="aa08cc17-11d9-4ffe-99a5-ea5b8fae5f83">
      <annotation></annotation>
      <assignFromContext>true</assignFromContext>
      <assignToContext>true</assignToContext>
      <inputType>STRING</inputType>
      <isList>false</isList>
      <required>true</required>
      <isPersisted>true</isPersisted>
      <inputSymbol>SoftwareList</inputSymbol>
      <listDelimiter>,</listDelimiter>
      <value>Linux Standard Build-v6</value>
      <record>false</record>
    </staticBinding>
    <staticBinding id="3aa9a6ca-ba35-422a-b4cd-a21746679576">
      <annotation></annotation>
      <assignFromContext>false</assignFromContext>
      <assignToContext>false</assignToContext>
      <inputType>STRING</inputType>
      <isList>false</isList>
      <required>false</required>
      <isPersisted>true</isPersisted>
      <inputSymbol>server.rebootOption</inputSymbol>
      <listDelimiter>,</listDelimiter>
      <value></value>
      <record>false</record>
    </staticBinding>
  </inputs>
  <scriptlet id="a3ba6cfc-2803-4431-8955-fcef5f1271c5">
    <annotation></annotation>
    <name>Operation SA_Manual_Remediate (d776723f-1ad6-4951-9463-caaa43849c14)</name>
    <type>RHINO</type>
  </scriptlet>
  <possibleResponses>
    <opResponse id="b89a0a47-0645-4d49-9c80-49869f40db69">
      <annotation></annotation>
      <name>failure</name>
      <isDefault>false</isDefault>
      <onFailure>true</onFailure>
      <type>ERROR</type>
      <matchRules/>
    </opResponse>
    <opResponse id="b610d024-1e52-4462-b6fa-c3d44f2cea83">
      <annotation></annotation>
      <name>success</name>
      <isDefault>true</isDefault>
      <onFailure>false</onFailure>
      <type>RESOLVED</type>
      <matchRules/>
    </opResponse>
  </possibleResponses>
  <availableResultExpressions/>
  <resultExpression id="fb9ba4cd-341d-4003-b040-18a4327550a7">
    <annotation></annotation>
    <name>FailureMessage</name>
    <fieldName>FailureMessage</fieldName>
    <sourceType>RAWRESULT</sourceType>
    <filters/>
  </resultExpression>
  <iconSpec id="a08ceb8e-4234-4708-8541-d0e500fe4c9a">
    <baseIcon>flow.png</baseIcon>
    <basePath>System</basePath>
    <readOnly>false</readOnly>
    <layers/>
  </iconSpec>
  <callouts/>
  <checkPointFlow>true</checkPointFlow>
  <compatibleRuntimeContext>false</compatibleRuntimeContext>
  <historyCheckPointFlow>true</historyCheckPointFlow>
  <steps>
    <step id="51b87553-e744-4307-9ca8-77dba0bf649d">
      <annotation>d776723f-1ad6-4951-9463-caaa43849c14.51b87553-e744-4307-9ca8-77dba0bf649d.description</annotation>
      <name>Hostname set?</name>
      <bounds>
        <x>80.0</x>
        <y>53.0</y>
      </bounds>
      <layer>-1</layer>
      <hideInbound>false</hideInbound>
      <addResultToRunContext>false</addResultToRunContext>
      <isCriticalStep>false</isCriticalStep>
      <isNonBlocking>false</isNonBlocking>
      <isParallelStep>false</isParallelStep>
      <isSingleResponse>false</isSingleResponse>
      <recordInHistory>false</recordInHistory>
      <recordRawOutput>true</recordRawOutput>
      <recordPrimaryOutput>true</recordPrimaryOutput>
      <checkPointStep>true</checkPointStep>
      <historyCheckPointStep>true</historyCheckPointStep>
      <scriptResultStep>false</scriptResultStep>
      <userPrompt></userPrompt>
      <bindings>
        <staticBinding id="e24b7e4b-7f93-4e1a-87e1-587f2167f210">
          <annotation></annotation>
          <assignFromContext>false</assignFromContext>
          <assignToContext>false</assignToContext>
          <inputType>STRING</inputType>
          <isList>false</isList>
          <required>true</required>
          <isPersisted>true</isPersisted>
          <inputSymbol>keyName</inputSymbol>
          <listDelimiter>,</listDelimiter>
          <value>Hostname</value>
          <record>false</record>
        </staticBinding>
        <staticBinding id="a0b8350a-7474-4682-b58b-7db55a666bd2">
          <annotation></annotation>
          <toContextKey></toContextKey>
          <fromContextKey></fromContextKey>
          <assignFromContext>false</assignFromContext>
          <assignToContext>false</assignToContext>
          <inputType>STRING</inputType>
          <recordKey></recordKey>
          <isList>false</isList>
          <required>false</required>
          <isPersisted>true</isPersisted>
          <inputSymbol>Field_4</inputSymbol>
          <listDelimiter></listDelimiter>
          <value>${in4}</value>
          <record>false</record>
        </staticBinding>
        <staticBinding id="5b9ee72e-387e-4750-86a6-44ae68a0848f">
          <annotation></annotation>
          <toContextKey></toContextKey>
          <fromContextKey></fromContextKey>
          <assignFromContext>false</assignFromContext>
          <assignToContext>false</assignToContext>
          <inputType>STRING</inputType>
          <recordKey></recordKey>
          <isList>false</isList>
          <required>false</required>
          <isPersisted>true</isPersisted>
          <inputSymbol>Field_3</inputSymbol>
          <listDelimiter></listDelimiter>
          <value>${in3}</value>
          <record>false</record>
        </staticBinding>
        <staticBinding id="4103dc3e-7053-41ee-8cd2-228227f3b247">
          <annotation></annotation>
          <toContextKey></toContextKey>
          <fromContextKey></fromContextKey>
          <assignFromContext>false</assignFromContext>
          <assignToContext>false</assignToContext>
          <inputType>STRING</inputType>
          <recordKey></recordKey>
          <isList>false</isList>
          <required>false</required>
          <isPersisted>true</isPersisted>
          <inputSymbol>Field_2</inputSymbol>
          <listDelimiter></listDelimiter>
          <value>${in2}</value>
          <record>false</record>
        </staticBinding>
        <staticBinding id="32369f0f-3d1a-4b74-88f5-0d044fa35838">
          <annotation></annotation>
          <toContextKey></toContextKey>
          <fromContextKey></fromContextKey>
          <assignFromContext>false</assignFromContext>
          <assignToContext>false</assignToContext>
          <inputType>STRING</inputType>
          <recordKey></recordKey>
          <isList>false</isList>
          <required>false</required>
          <isPersisted>true</isPersisted>
          <inputSymbol>Field_1</inputSymbol>
          <listDelimiter></listDelimiter>
          <value>${keyName}</value>
          <record>false</record>
        </staticBinding>
      </bindings>
      <transitions>
        <transition id="d00e0e42-ad2c-47e6-a369-5fc53840e778">
          <annotation></annotation>
          <name>isNull</name>
          <command>NEXT</command>
          <linkMode>false</linkMode>
          <responseSymbol>isNull</responseSymbol>
          <shouldHandoff>false</shouldHandoff>
          <transitionValue>0.0</transitionValue>
          <destination>
            <refId>e7f5c08d-824c-4c12-b440-c1291186efb2</refId>
          </destination>
          <source>
            <refId>51b87553-e744-4307-9ca8-77dba0bf649d</refId>
          </source>
          <positions>
            <point>
              <x>586.0</x>
              <y>502.0</y>
            </point>
            <point>
              <x>936.0</x>
              <y>636.0</y>
            </point>
          </positions>
          <labelPosition>
            <x>333.0</x>
            <y>0.0</y>
          </labelPosition>
        </transition>
        <transition id="b22f7ac7-d6c8-4e9f-9fde-d56ae682ee1e">
          <annotation></annotation>
          <name>notNull</name>
          <command>NEXT</command>
          <linkMode>false</linkMode>
          <responseSymbol>notNull</responseSymbol>
          <shouldHandoff>false</shouldHandoff>
          <transitionValue>0.0</transitionValue>
          <destination>
            <refId>c6384ffa-cc74-4fc6-9207-9c83fd815c0f</refId>
          </destination>
          <source>
            <refId>51b87553-e744-4307-9ca8-77dba0bf649d</refId>
          </source>
          <positions>
            <point>
              <x>488.0</x>
              <y>422.0</y>
            </point>
            <point>
              <x>461.0</x>
              <y>572.0</y>
            </point>
          </positions>
          <labelPosition>
            <x>333.0</x>
            <y>0.0</y>
          </labelPosition>
        </transition>
      </transitions>
      <properties/>
      <opRef>
        <refId>b9997f7f-d19c-4dc6-acc4-fa91a8644a38</refId>
      </opRef>
      <assignments/>
      <throttleSize>0</throttleSize>
    </step>
    <step id="c6384ffa-cc74-4fc6-9207-9c83fd815c0f">
      <annotation>d776723f-1ad6-4951-9463-caaa43849c14.c6384ffa-cc74-4fc6-9207-9c83fd815c0f.description</annotation>
      <name>SoftwareList set?</name>
      <bounds>
        <x>80.0</x>
        <y>215.0</y>
      </bounds>
      <layer>-1</layer>
      <hideInbound>false</hideInbound>
      <addResultToRunContext>false</addResultToRunContext>
      <isCriticalStep>false</isCriticalStep>
      <isNonBlocking>false</isNonBlocking>
      <isParallelStep>false</isParallelStep>
      <isSingleResponse>false</isSingleResponse>
      <recordInHistory>false</recordInHistory>
      <recordRawOutput>true</recordRawOutput>
      <recordPrimaryOutput>true</recordPrimaryOutput>
      <checkPointStep>true</checkPointStep>
      <historyCheckPointStep>true</historyCheckPointStep>
      <scriptResultStep>false</scriptResultStep>
      <userPrompt></userPrompt>
      <bindings>
        <staticBinding id="50c3372e-ef49-4d66-b6e3-5b0546503baf">
          <annotation></annotation>
          <assignFromContext>false</assignFromContext>
          <assignToContext>false</assignToContext>
          <inputType>STRING</inputType>
          <isList>false</isList>
          <required>true</required>
          <isPersisted>true</isPersisted>
          <inputSymbol>keyName</inputSymbol>
          <listDelimiter>,</listDelimiter>
          <value>SoftwareList</value>
          <record>false</record>
        </staticBinding>
        <staticBinding id="3a3f0407-a08b-48c4-98e5-742459e545ed">
          <annotation></annotation>
          <toContextKey></toContextKey>
          <fromContextKey></fromContextKey>
          <assignFromContext>false</assignFromContext>
          <assignToContext>false</assignToContext>
          <inputType>STRING</inputType>
          <recordKey></recordKey>
          <isList>false</isList>
          <required>false</required>
          <isPersisted>true</isPersisted>
          <inputSymbol>Field_4</inputSymbol>
          <listDelimiter></listDelimiter>
          <value>${in4}</value>
          <record>false</record>
        </staticBinding>
        <staticBinding id="633e19ca-36d5-4fc6-a9a4-5b69f3e68312">
          <annotation></annotation>
          <toContextKey></toContextKey>
          <fromContextKey></fromContextKey>
          <assignFromContext>false</assignFromContext>
          <assignToContext>false</assignToContext>
          <inputType>STRING</inputType>
          <recordKey></recordKey>
          <isList>false</isList>
          <required>false</required>
          <isPersisted>true</isPersisted>
          <inputSymbol>Field_3</inputSymbol>
          <listDelimiter></listDelimiter>
          <value>${in3}</value>
          <record>false</record>
        </staticBinding>
        <staticBinding id="bc3e96cd-c02d-4fd2-a5e4-ca4e56286afe">
          <annotation></annotation>
          <toContextKey></toContextKey>
          <fromContextKey></fromContextKey>
          <assignFromContext>false</assignFromContext>
          <assignToContext>false</assignToContext>
          <inputType>STRING</inputType>
          <recordKey></recordKey>
          <isList>false</isList>
          <required>false</required>
          <isPersisted>true</isPersisted>
          <inputSymbol>Field_2</inputSymbol>
          <listDelimiter></listDelimiter>
          <value>${in2}</value>
          <record>false</record>
        </staticBinding>
        <staticBinding id="cfae5e24-c825-4a8d-b55f-b476d658027b">
          <annotation></annotation>
          <toContextKey></toContextKey>
          <fromContextKey></fromContextKey>
          <assignFromContext>false</assignFromContext>
          <assignToContext>false</assignToContext>
          <inputType>STRING</inputType>
          <recordKey></recordKey>
          <isList>false</isList>
          <required>false</required>
          <isPersisted>true</isPersisted>
          <inputSymbol>Field_1</inputSymbol>
          <listDelimiter></listDelimiter>
          <value>${keyName}</value>
          <record>false</record>
        </staticBinding>
      </bindings>
      <transitions>
        <transition id="f3ed854d-b671-46d6-b6c3-0e292c82efd7">
          <annotation></annotation>
          <name>isNull</name>
          <command>NEXT</command>
          <linkMode>false</linkMode>
          <responseSymbol>isNull</responseSymbol>
          <shouldHandoff>false</shouldHandoff>
          <transitionValue>0.0</transitionValue>
          <destination>
            <refId>423e2667-d4ed-4288-8294-bd9510becea2</refId>
          </destination>
          <source>
            <refId>c6384ffa-cc74-4fc6-9207-9c83fd815c0f</refId>
          </source>
          <positions>
            <point>
              <x>461.0</x>
              <y>572.0</y>
            </point>
            <point>
              <x>579.0</x>
              <y>510.0</y>
            </point>
          </positions>
          <labelPosition>
            <x>333.0</x>
            <y>0.0</y>
          </labelPosition>
        </transition>
        <transition id="2bad8429-1f30-44be-ac9a-30620d72c377">
          <annotation></annotation>
          <name>notNull</name>
          <command>NEXT</command>
          <linkMode>false</linkMode>
          <responseSymbol>notNull</responseSymbol>
          <shouldHandoff>false</shouldHandoff>
          <transitionValue>0.0</transitionValue>
          <destination>
            <refId>a2821f9c-192d-425e-b77c-099923c3d907</refId>
          </destination>
          <source>
            <refId>c6384ffa-cc74-4fc6-9207-9c83fd815c0f</refId>
          </source>
          <positions>
            <point>
              <x>130.0</x>
              <y>249.0</y>
            </point>
            <point>
              <x>205.0</x>
              <y>334.0</y>
            </point>
          </positions>
          <labelPosition>
            <x>557.7867327364318</x>
            <y>1.85199988487417</y>
          </labelPosition>
        </transition>
      </transitions>
      <properties/>
      <opRef>
        <refId>b9997f7f-d19c-4dc6-acc4-fa91a8644a38</refId>
      </opRef>
      <assignments/>
      <throttleSize>0</throttleSize>
    </step>
    <step id="423e2667-d4ed-4288-8294-bd9510becea2">
      <annotation>d776723f-1ad6-4951-9463-caaa43849c14.423e2667-d4ed-4288-8294-bd9510becea2.description</annotation>
      <name>Remediate Server</name>
      <bounds>
        <x>320.0</x>
        <y>214.0</y>
      </bounds>
      <layer>-1</layer>
      <hideInbound>false</hideInbound>
      <addResultToRunContext>false</addResultToRunContext>
      <isCriticalStep>false</isCriticalStep>
      <isNonBlocking>false</isNonBlocking>
      <isParallelStep>false</isParallelStep>
      <isSingleResponse>false</isSingleResponse>
      <recordInHistory>false</recordInHistory>
      <recordRawOutput>true</recordRawOutput>
      <recordPrimaryOutput>true</recordPrimaryOutput>
      <checkPointStep>true</checkPointStep>
      <historyCheckPointStep>true</historyCheckPointStep>
      <scriptResultStep>false</scriptResultStep>
      <userPrompt></userPrompt>
      <bindings>
        <staticBinding id="248f80c1-72db-48ad-b258-6496602fb16f">
          <annotation></annotation>
          <toContextKey></toContextKey>
          <fromContextKey></fromContextKey>
          <assignFromContext>true</assignFromContext>
          <assignToContext>true</assignToContext>
          <inputType>STRING</inputType>
          <isList>false</isList>
          <required>true</required>
          <isPersisted>true</isPersisted>
          <inputSymbol>coreHost</inputSymbol>
          <listDelimiter>,</listDelimiter>
          <value>${pc.sa.core.host}</value>
          <record>false</record>
        </staticBinding>
        <identityBinding id="339df121-c526-46e6-ad99-3e3a4bb17807">
          <annotation></annotation>
          <toContextKey></toContextKey>
          <fromContextKey></fromContextKey>
          <assignFromContext>true</assignFromContext>
          <assignToContext>true</assignToContext>
          <inputType>ENCRYPTED</inputType>
          <isList>false</isList>
          <required>true</required>
          <isPersisted>true</isPersisted>
          <inputSymbol>coreUsername</inputSymbol>
          <listDelimiter>,</listDelimiter>
          <record>false</record>
          <link>
            <refId>5d2be9ab-96d0-488e-8465-a13555fac3c5</refId>
            <refName>pc.sa</refName>
          </link>
          <identityAttribute>USERNAME</identityAttribute>
        </identityBinding>
        <identityBinding id="d9e559f4-1a22-40c7-bead-1f672bd4049b">
          <annotation></annotation>
          <toContextKey></toContextKey>
          <fromContextKey></fromContextKey>
          <assignFromContext>true</assignFromContext>
          <assignToContext>true</assignToContext>
          <inputType>ENCRYPTED</inputType>
          <isList>false</isList>
          <required>true</required>
          <isPersisted>true</isPersisted>
          <inputSymbol>corePassword</inputSymbol>
          <listDelimiter>,</listDelimiter>
          <record>false</record>
          <link>
            <refId>5d2be9ab-96d0-488e-8465-a13555fac3c5</refId>
            <refName>pc.sa</refName>
          </link>
          <identityAttribute>PASSWORD</identityAttribute>
        </identityBinding>
        <staticBinding id="a3108600-a415-49e8-acc0-5f0f3834e3be">
          <annotation></annotation>
          <toContextKey></toContextKey>
          <fromContextKey></fromContextKey>
          <assignFromContext>true</assignFromContext>
          <assignToContext>true</assignToContext>
          <inputType>STRING</inputType>
          <isList>false</isList>
          <required>false</required>
          <isPersisted>true</isPersisted>
          <inputSymbol>corePort</inputSymbol>
          <listDelimiter>,</listDelimiter>
          <value>443</value>
          <record>false</record>
        </staticBinding>
        <staticBinding id="ef8e7513-d9b0-47a3-af10-8e028f7058fd">
          <annotation></annotation>
          <toContextKey></toContextKey>
          <fromContextKey></fromContextKey>
          <assignFromContext>true</assignFromContext>
          <assignToContext>true</assignToContext>
          <inputType>STRING</inputType>
          <isList>false</isList>
          <required>false</required>
          <isPersisted>true</isPersisted>
          <inputSymbol>coreProtocol</inputSymbol>
          <listDelimiter>,</listDelimiter>
          <value>https</value>
          <record>false</record>
        </staticBinding>
        <staticBinding id="7282b208-f62e-4b84-b374-7fa1ae23003f">
          <annotation></annotation>
          <toContextKey></toContextKey>
          <fromContextKey></fromContextKey>
          <assignFromContext>true</assignFromContext>
          <assignToContext>true</assignToContext>
          <inputType>STRING</inputType>
          <isList>false</isList>
          <required>false</required>
          <isPersisted>true</isPersisted>
          <inputSymbol>coreVersion</inputSymbol>
          <listDelimiter>,</listDelimiter>
          <value>${pc.sa.core.version}</value>
          <record>false</record>
        </staticBinding>
        <staticBinding id="b3f34f67-798b-4fc0-9ab6-b3a0fc6b430d">
          <annotation></annotation>
          <toContextKey></toContextKey>
          <fromContextKey>Hostname</fromContextKey>
          <assignFromContext>true</assignFromContext>
          <assignToContext>true</assignToContext>
          <inputType>STRING</inputType>
          <isList>false</isList>
          <required>true</required>
          <isPersisted>true</isPersisted>
          <inputSymbol>serverName</inputSymbol>
          <listDelimiter>,</listDelimiter>
          <value>${Hostname}</value>
          <record>false</record>
        </staticBinding>
        <staticBinding id="8d5808e3-a5c6-43a0-b6c3-1b9f3f04e8fc">
          <annotation></annotation>
          <toContextKey></toContextKey>
          <fromContextKey></fromContextKey>
          <assignFromContext>true</assignFromContext>
          <assignToContext>true</assignToContext>
          <inputType>STRING</inputType>
          <isList>false</isList>
          <required>false</required>
          <isPersisted>true</isPersisted>
          <inputSymbol>wait</inputSymbol>
          <listDelimiter>,</listDelimiter>
          <value></value>
          <record>false</record>
        </staticBinding>
        <staticBinding id="b16a36e7-013a-44f5-93a0-8a4e23ec3955">
          <annotation></annotation>
          <fromContextKey>server.rebootOption</fromContextKey>
          <assignFromContext>false</assignFromContext>
          <assignToContext>false</assignToContext>
          <inputType>STRING</inputType>
          <isList>false</isList>
          <required>false</required>
          <isPersisted>true</isPersisted>
          <inputSymbol>rebootOption</inputSymbol>
          <listDelimiter>,</listDelimiter>
          <value>at_end</value>
          <record>false</record>
        </staticBinding>
      </bindings>
      <transitions>
        <transition id="b7075d10-bc58-4862-b0ee-1400f7e43859">
          <annotation></annotation>
          <name>failure</name>
          <command>NEXT</command>
          <linkMode>false</linkMode>
          <responseSymbol>failure</responseSymbol>
          <shouldHandoff>false</shouldHandoff>
          <transitionValue>0.0</transitionValue>
          <destination>
            <refId>e7f5c08d-824c-4c12-b440-c1291186efb2</refId>
          </destination>
          <source>
            <refId>423e2667-d4ed-4288-8294-bd9510becea2</refId>
          </source>
          <positions>
            <point>
              <x>579.0</x>
              <y>510.0</y>
            </point>
            <point>
              <x>668.0</x>
              <y>422.0</y>
            </point>
          </positions>
          <labelPosition>
            <x>333.0</x>
            <y>0.0</y>
          </labelPosition>
        </transition>
        <transition id="64c9a632-81e1-4f78-a7d6-bbb648ce7355">
          <annotation></annotation>
          <name>success</name>
          <command>NEXT</command>
          <linkMode>false</linkMode>
          <responseSymbol>success</responseSymbol>
          <shouldHandoff>false</shouldHandoff>
          <transitionValue>0.0</transitionValue>
          <destination>
            <refId>1ff224f2-bcc0-423c-8037-5da656b5379f</refId>
          </destination>
          <source>
            <refId>423e2667-d4ed-4288-8294-bd9510becea2</refId>
          </source>
          <positions>
            <point>
              <x>370.0</x>
              <y>248.0</y>
            </point>
            <point>
              <x>656.0</x>
              <y>382.0</y>
            </point>
          </positions>
          <labelPosition>
            <x>333.0</x>
            <y>0.0</y>
          </labelPosition>
        </transition>
      </transitions>
      <properties/>
      <opRef>
        <refId>668cc3ad-2dc3-44aa-8e08-83c6fe6288fe</refId>
      </opRef>
      <assignments>
        <flowVariableAssignment id="754781b7-b14a-44fd-bf14-ee49964c0c96">
          <annotation></annotation>
          <name>assignment</name>
          <action>OVERWRITE</action>
          <assignmentTargetType>FLOW_VARIABLE</assignmentTargetType>
          <contextKey>sa.job.id</contextKey>
          <expression id="fb2730a6-870f-4c01-afdd-1047874966b8">
            <annotation></annotation>
            <name>Result Field: returnResult</name>
            <fieldName>returnResult</fieldName>
            <sourceType>RAWRESULT</sourceType>
            <filters/>
          </expression>
        </flowVariableAssignment>
      </assignments>
      <throttleSize>0</throttleSize>
    </step>
    <returnStep id="e7f5c08d-824c-4c12-b440-c1291186efb2">
      <annotation></annotation>
      <name>Error : failure</name>
      <bounds>
        <x>320.0</x>
        <y>53.0</y>
      </bounds>
      <layer>-1</layer>
      <hideInbound>false</hideInbound>
      <addResultToRunContext>false</addResultToRunContext>
      <isCriticalStep>false</isCriticalStep>
      <isNonBlocking>false</isNonBlocking>
      <isParallelStep>false</isParallelStep>
      <isSingleResponse>false</isSingleResponse>
      <recordInHistory>false</recordInHistory>
      <recordRawOutput>true</recordRawOutput>
      <recordPrimaryOutput>true</recordPrimaryOutput>
      <checkPointStep>true</checkPointStep>
      <historyCheckPointStep>true</historyCheckPointStep>
      <scriptResultStep>false</scriptResultStep>
      <userPrompt></userPrompt>
      <bindings/>
      <transitions>
        <transition id="e3d57a04-1dce-4bab-93b3-447a02b36efa">
          <annotation></annotation>
          <name>return</name>
          <command>NEXT</command>
          <linkMode>false</linkMode>
          <responseSymbol>failure</responseSymbol>
          <shouldHandoff>false</shouldHandoff>
          <transitionValue>0.0</transitionValue>
          <destination>
            <refId>e7f5c08d-824c-4c12-b440-c1291186efb2</refId>
          </destination>
          <source>
            <refId>e7f5c08d-824c-4c12-b440-c1291186efb2</refId>
          </source>
          <positions/>
        </transition>
      </transitions>
      <properties/>
      <returnStepType>ERROR</returnStepType>
      <assignments/>
    </returnStep>
    <step id="a2821f9c-192d-425e-b77c-099923c3d907">
      <annotation>d776723f-1ad6-4951-9463-caaa43849c14.a2821f9c-192d-425e-b77c-099923c3d907.description</annotation>
      <name>Transform SoftwareList to CSV</name>
      <bounds>
        <x>79.0</x>
        <y>379.0</y>
      </bounds>
      <layer>-1</layer>
      <hideInbound>false</hideInbound>
      <addResultToRunContext>false</addResultToRunContext>
      <isCriticalStep>false</isCriticalStep>
      <isNonBlocking>false</isNonBlocking>
      <isParallelStep>false</isParallelStep>
      <isSingleResponse>false</isSingleResponse>
      <recordInHistory>false</recordInHistory>
      <recordRawOutput>true</recordRawOutput>
      <recordPrimaryOutput>true</recordPrimaryOutput>
      <checkPointStep>true</checkPointStep>
      <historyCheckPointStep>true</historyCheckPointStep>
      <scriptResultStep>false</scriptResultStep>
      <userPrompt></userPrompt>
      <bindings>
        <staticBinding id="6fb76a8e-97b5-455a-b819-fe3f2479b088">
          <annotation></annotation>
          <assignFromContext>true</assignFromContext>
          <assignToContext>true</assignToContext>
          <inputType>STRING</inputType>
          <isList>false</isList>
          <required>false</required>
          <isPersisted>true</isPersisted>
          <inputSymbol>SoftwareList</inputSymbol>
          <listDelimiter>,</listDelimiter>
          <value>${SoftwareList}</value>
          <record>false</record>
        </staticBinding>
        <staticBinding id="0ac7e3ed-6211-4bf1-a37a-ce7c9dea2fdb">
          <annotation></annotation>
          <toContextKey></toContextKey>
          <fromContextKey></fromContextKey>
          <assignFromContext>false</assignFromContext>
          <assignToContext>false</assignToContext>
          <inputType>STRING</inputType>
          <recordKey></recordKey>
          <isList>false</isList>
          <required>false</required>
          <isPersisted>true</isPersisted>
          <inputSymbol>Field_2</inputSymbol>
          <listDelimiter></listDelimiter>
          <value>${field2}</value>
          <record>false</record>
        </staticBinding>
        <staticBinding id="39605a37-653e-4100-ae00-2db23f31a9bb">
          <annotation></annotation>
          <toContextKey></toContextKey>
          <fromContextKey></fromContextKey>
          <assignFromContext>false</assignFromContext>
          <assignToContext>false</assignToContext>
          <inputType>STRING</inputType>
          <recordKey></recordKey>
          <isList>false</isList>
          <required>false</required>
          <isPersisted>true</isPersisted>
          <inputSymbol>Field_4</inputSymbol>
          <listDelimiter></listDelimiter>
          <value>${field4}</value>
          <record>false</record>
        </staticBinding>
        <staticBinding id="329bea42-fef8-41c9-ba87-d1f737c1f4e3">
          <annotation></annotation>
          <toContextKey></toContextKey>
          <fromContextKey></fromContextKey>
          <assignFromContext>false</assignFromContext>
          <assignToContext>false</assignToContext>
          <inputType>STRING</inputType>
          <recordKey></recordKey>
          <isList>false</isList>
          <required>false</required>
          <isPersisted>true</isPersisted>
          <inputSymbol>Field_3</inputSymbol>
          <listDelimiter></listDelimiter>
          <value>${field3}</value>
          <record>false</record>
        </staticBinding>
        <staticBinding id="17b85958-8524-42e0-87a4-18192389e58d">
          <annotation></annotation>
          <toContextKey></toContextKey>
          <fromContextKey></fromContextKey>
          <assignFromContext>false</assignFromContext>
          <assignToContext>false</assignToContext>
          <inputType>STRING</inputType>
          <recordKey></recordKey>
          <isList>false</isList>
          <required>false</required>
          <isPersisted>true</isPersisted>
          <inputSymbol>Field_1</inputSymbol>
          <listDelimiter></listDelimiter>
          <value>${field1}</value>
          <record>false</record>
        </staticBinding>
      </bindings>
      <transitions>
        <transition id="d7665758-37fa-414f-aa82-98aaa5b678d9">
          <annotation></annotation>
          <name>success</name>
          <command>NEXT</command>
          <linkMode>false</linkMode>
          <responseSymbol>success</responseSymbol>
          <shouldHandoff>false</shouldHandoff>
          <transitionValue>0.0</transitionValue>
          <destination>
            <refId>2195e567-a3c7-4931-aa44-3f97960e86b9</refId>
          </destination>
          <source>
            <refId>a2821f9c-192d-425e-b77c-099923c3d907</refId>
          </source>
          <positions>
            <point>
              <x>205.0</x>
              <y>334.0</y>
            </point>
            <point>
              <x>130.0</x>
              <y>426.0</y>
            </point>
          </positions>
          <labelPosition>
            <x>629.7353304921686</x>
            <y>-2.9070877784829463</y>
          </labelPosition>
        </transition>
      </transitions>
      <properties/>
      <opRef>
        <refId>ddd79f22-8b1e-4605-88d5-d912bb2da2b9</refId>
      </opRef>
      <assignments>
        <flowVariableAssignment id="57cd5e8c-f0ca-4607-b1a1-73bdce3c9aa8">
          <annotation></annotation>
          <name>assignment</name>
          <action>OVERWRITE</action>
          <assignmentTargetType>FLOW_VARIABLE</assignmentTargetType>
          <contextKey>softwareList.CSV</contextKey>
          <expression id="9312d9ac-3d98-4301-bd09-ddc89893d3ff">
            <annotation></annotation>
            <name>Input: SoftwareList</name>
            <fieldName>SoftwareList</fieldName>
            <sourceType>INPUT</sourceType>
            <filters>
              <replaceAllFilter id="9c452cb5-c7b6-413b-aa02-3809e34496d0">
                <annotation></annotation>
                <name>Replace</name>
                <ignoreCase>false</ignoreCase>
                <searchString>|</searchString>
                <replaceString>,</replaceString>
                <replaceType>ALL</replaceType>
              </replaceAllFilter>
            </filters>
          </expression>
        </flowVariableAssignment>
      </assignments>
      <throttleSize>0</throttleSize>
    </step>
    <step id="1ff224f2-bcc0-423c-8037-5da656b5379f">
      <annotation>d776723f-1ad6-4951-9463-caaa43849c14.1ff224f2-bcc0-423c-8037-5da656b5379f.description</annotation>
      <name>Wait for Job</name>
      <bounds>
        <x>606.0</x>
        <y>348.0</y>
      </bounds>
      <layer>-1</layer>
      <hideInbound>false</hideInbound>
      <addResultToRunContext>false</addResultToRunContext>
      <isCriticalStep>false</isCriticalStep>
      <isNonBlocking>false</isNonBlocking>
      <isParallelStep>false</isParallelStep>
      <isSingleResponse>false</isSingleResponse>
      <recordInHistory>false</recordInHistory>
      <recordRawOutput>true</recordRawOutput>
      <recordPrimaryOutput>true</recordPrimaryOutput>
      <checkPointStep>true</checkPointStep>
      <historyCheckPointStep>true</historyCheckPointStep>
      <scriptResultStep>false</scriptResultStep>
      <userPrompt></userPrompt>
      <bindings>
        <staticBinding id="f9b54ebe-e431-4e37-b2ed-5c5795fb4b9b">
          <annotation></annotation>
          <assignFromContext>true</assignFromContext>
          <assignToContext>true</assignToContext>
          <inputType>STRING</inputType>
          <isList>false</isList>
          <required>true</required>
          <isPersisted>true</isPersisted>
          <inputSymbol>coreHost</inputSymbol>
          <listDelimiter>,</listDelimiter>
          <value>${pc.sa.core.host}</value>
          <record>false</record>
        </staticBinding>
        <identityBinding id="2f753469-f139-43d6-ba0b-8ee70d633638">
          <annotation></annotation>
          <assignFromContext>true</assignFromContext>
          <assignToContext>true</assignToContext>
          <inputType>ENCRYPTED</inputType>
          <isList>false</isList>
          <required>true</required>
          <isPersisted>true</isPersisted>
          <inputSymbol>coreUsername</inputSymbol>
          <listDelimiter>,</listDelimiter>
          <record>false</record>
          <link>
            <refId>5d2be9ab-96d0-488e-8465-a13555fac3c5</refId>
            <refName>pc.sa</refName>
          </link>
          <identityAttribute>USERNAME</identityAttribute>
        </identityBinding>
        <identityBinding id="2fb70512-7f88-43a5-9e11-73dd139b0d1a">
          <annotation></annotation>
          <assignFromContext>true</assignFromContext>
          <assignToContext>true</assignToContext>
          <inputType>ENCRYPTED</inputType>
          <isList>false</isList>
          <required>true</required>
          <isPersisted>true</isPersisted>
          <inputSymbol>corePassword</inputSymbol>
          <listDelimiter>,</listDelimiter>
          <record>false</record>
          <link>
            <refId>5d2be9ab-96d0-488e-8465-a13555fac3c5</refId>
            <refName>pc.sa</refName>
          </link>
          <identityAttribute>PASSWORD</identityAttribute>
        </identityBinding>
        <staticBinding id="09366f7f-2b53-428e-beee-b49190c9a623">
          <annotation></annotation>
          <assignFromContext>true</assignFromContext>
          <assignToContext>true</assignToContext>
          <inputType>STRING</inputType>
          <isList>false</isList>
          <required>false</required>
          <isPersisted>true</isPersisted>
          <inputSymbol>corePort</inputSymbol>
          <listDelimiter>,</listDelimiter>
          <value>443</value>
          <record>false</record>
        </staticBinding>
        <staticBinding id="b191797d-a689-4ef8-b9c9-28ac9d2ebbac">
          <annotation></annotation>
          <assignFromContext>true</assignFromContext>
          <assignToContext>true</assignToContext>
          <inputType>STRING</inputType>
          <isList>false</isList>
          <required>false</required>
          <isPersisted>true</isPersisted>
          <inputSymbol>coreProtocol</inputSymbol>
          <listDelimiter>,</listDelimiter>
          <value>https</value>
          <record>false</record>
        </staticBinding>
        <staticBinding id="7fa8c272-3884-406f-b543-cac508b735e0">
          <annotation></annotation>
          <assignFromContext>true</assignFromContext>
          <assignToContext>true</assignToContext>
          <inputType>STRING</inputType>
          <isList>false</isList>
          <required>false</required>
          <isPersisted>true</isPersisted>
          <inputSymbol>status</inputSymbol>
          <listDelimiter>,</listDelimiter>
          <value></value>
          <record>false</record>
        </staticBinding>
        <staticBinding id="af7f5985-3802-4f3f-9add-024ed65eb0be">
          <annotation></annotation>
          <fromContextKey>id</fromContextKey>
          <assignFromContext>true</assignFromContext>
          <assignToContext>true</assignToContext>
          <inputType>STRING</inputType>
          <isList>false</isList>
          <required>true</required>
          <isPersisted>true</isPersisted>
          <inputSymbol>jobID</inputSymbol>
          <listDelimiter>,</listDelimiter>
          <value>${sa.job.id}</value>
          <record>false</record>
        </staticBinding>
        <staticBinding id="e2bbfe0a-9578-453d-975d-d049bb634b0d">
          <annotation></annotation>
          <assignFromContext>true</assignFromContext>
          <assignToContext>true</assignToContext>
          <inputType>STRING</inputType>
          <isList>false</isList>
          <required>false</required>
          <isPersisted>true</isPersisted>
          <inputSymbol>timeout</inputSymbol>
          <listDelimiter>,</listDelimiter>
          <value></value>
          <record>false</record>
        </staticBinding>
        <staticBinding id="9ba9cbf6-50b0-4563-9c4f-9c03a4474894">
          <annotation></annotation>
          <assignFromContext>true</assignFromContext>
          <assignToContext>true</assignToContext>
          <inputType>STRING</inputType>
          <isList>false</isList>
          <required>false</required>
          <isPersisted>true</isPersisted>
          <inputSymbol>coreVersion</inputSymbol>
          <listDelimiter>,</listDelimiter>
          <value>${pc.sa.core.version}</value>
          <record>false</record>
        </staticBinding>
      </bindings>
      <transitions>
        <transition id="c3d58174-ffb4-4e09-9f8e-d60a2da31254">
          <annotation></annotation>
          <name>failure</name>
          <command>NEXT</command>
          <linkMode>false</linkMode>
          <responseSymbol>failure</responseSymbol>
          <shouldHandoff>false</shouldHandoff>
          <transitionValue>0.0</transitionValue>
          <destination>
            <refId>d380fcea-3cf6-49af-aa90-cd58dfa8c939</refId>
          </destination>
          <source>
            <refId>1ff224f2-bcc0-423c-8037-5da656b5379f</refId>
          </source>
          <positions>
            <point>
              <x>656.0</x>
              <y>382.0</y>
            </point>
            <point>
              <x>672.0</x>
              <y>600.0</y>
            </point>
          </positions>
          <labelPosition>
            <x>333.0</x>
            <y>0.0</y>
          </labelPosition>
        </transition>
        <transition id="263605e8-4c13-43c2-97e6-a4f22bc8a0c2">
          <annotation></annotation>
          <name>success</name>
          <command>NEXT</command>
          <linkMode>false</linkMode>
          <responseSymbol>success</responseSymbol>
          <shouldHandoff>false</shouldHandoff>
          <transitionValue>0.0</transitionValue>
          <destination>
            <refId>f2292d9d-7f3f-497e-8aa7-83c1ab6f9ce5</refId>
          </destination>
          <source>
            <refId>1ff224f2-bcc0-423c-8037-5da656b5379f</refId>
          </source>
          <positions>
            <point>
              <x>656.0</x>
              <y>382.0</y>
            </point>
            <point>
              <x>837.0</x>
              <y>431.0</y>
            </point>
          </positions>
          <labelPosition>
            <x>333.0</x>
            <y>0.0</y>
          </labelPosition>
        </transition>
      </transitions>
      <properties/>
      <opRef>
        <refId>4a5a9b9b-c259-40fb-9797-217a3b13491c</refId>
      </opRef>
      <assignments>
        <flowVariableAssignment id="4b3ad160-44ff-4750-a6f6-9baf137259a4">
          <annotation></annotation>
          <name>assignment</name>
          <action>OVERWRITE</action>
          <assignmentTargetType>FLOW_VARIABLE</assignmentTargetType>
          <contextKey>returnResult</contextKey>
          <expression id="b6d45e66-deac-4fc4-b43c-04c79ae0dbfd">
            <annotation></annotation>
            <name>Result Field: exception</name>
            <fieldName>exception</fieldName>
            <sourceType>RAWRESULT</sourceType>
            <filters/>
          </expression>
        </flowVariableAssignment>
        <flowVariableAssignment id="e0dceafc-4e96-4ce2-afb9-63e67a9655c6">
          <annotation></annotation>
          <name>assignment</name>
          <action>OVERWRITE</action>
          <assignmentTargetType>FLOW_VARIABLE</assignmentTargetType>
          <contextKey>status</contextKey>
          <expression id="17f18d7f-e18a-4bb9-a193-e48e6902a93c">
            <annotation></annotation>
            <name>Result Field: status</name>
            <fieldName>status</fieldName>
            <sourceType>RAWRESULT</sourceType>
            <filters/>
          </expression>
        </flowVariableAssignment>
      </assignments>
      <throttleSize>0</throttleSize>
    </step>
    <step id="d7d9ad51-5bc4-48bb-bb3e-2b4ce7dab0c1">
      <annotation>d776723f-1ad6-4951-9463-caaa43849c14.d7d9ad51-5bc4-48bb-bb3e-2b4ce7dab0c1.description</annotation>
      <name>Remediate Server For Software Policies</name>
      <bounds>
        <x>319.0</x>
        <y>558.0</y>
      </bounds>
      <layer>-1</layer>
      <hideInbound>false</hideInbound>
      <addResultToRunContext>false</addResultToRunContext>
      <isCriticalStep>false</isCriticalStep>
      <isNonBlocking>false</isNonBlocking>
      <isParallelStep>false</isParallelStep>
      <isSingleResponse>false</isSingleResponse>
      <recordInHistory>false</recordInHistory>
      <recordRawOutput>true</recordRawOutput>
      <recordPrimaryOutput>true</recordPrimaryOutput>
      <checkPointStep>true</checkPointStep>
      <historyCheckPointStep>true</historyCheckPointStep>
      <scriptResultStep>false</scriptResultStep>
      <userPrompt></userPrompt>
      <bindings>
        <staticBinding id="792df623-d71b-4c2b-ae20-c80e0698d50a">
          <annotation></annotation>
          <toContextKey></toContextKey>
          <fromContextKey>pc.sa.core.host</fromContextKey>
          <assignFromContext>true</assignFromContext>
          <assignToContext>true</assignToContext>
          <inputType>STRING</inputType>
          <isList>false</isList>
          <required>true</required>
          <isPersisted>true</isPersisted>
          <inputSymbol>coreHost</inputSymbol>
          <listDelimiter>,</listDelimiter>
          <value>${pc.sa.core.host}</value>
          <record>false</record>
        </staticBinding>
        <identityBinding id="5fc4213d-ed8c-4b4f-94ae-87fab9f21b56">
          <annotation></annotation>
          <toContextKey></toContextKey>
          <fromContextKey></fromContextKey>
          <assignFromContext>false</assignFromContext>
          <assignToContext>false</assignToContext>
          <inputType>ENCRYPTED</inputType>
          <isList>false</isList>
          <required>true</required>
          <isPersisted>true</isPersisted>
          <inputSymbol>coreUsername</inputSymbol>
          <listDelimiter>,</listDelimiter>
          <record>false</record>
          <link>
            <refId>5d2be9ab-96d0-488e-8465-a13555fac3c5</refId>
            <refName>pc.sa</refName>
          </link>
          <identityAttribute>USERNAME</identityAttribute>
        </identityBinding>
        <identityBinding id="62624e89-d493-4d93-901c-e8ace348143a">
          <annotation></annotation>
          <toContextKey></toContextKey>
          <fromContextKey></fromContextKey>
          <assignFromContext>false</assignFromContext>
          <assignToContext>false</assignToContext>
          <inputType>ENCRYPTED</inputType>
          <isList>false</isList>
          <required>true</required>
          <isPersisted>true</isPersisted>
          <inputSymbol>corePassword</inputSymbol>
          <listDelimiter>,</listDelimiter>
          <record>false</record>
          <link>
            <refId>5d2be9ab-96d0-488e-8465-a13555fac3c5</refId>
            <refName>pc.sa</refName>
          </link>
          <identityAttribute>PASSWORD</identityAttribute>
        </identityBinding>
        <staticBinding id="54a365ba-672b-41e5-af98-ac7aa40d9caf">
          <annotation></annotation>
          <toContextKey></toContextKey>
          <fromContextKey></fromContextKey>
          <assignFromContext>true</assignFromContext>
          <assignToContext>true</assignToContext>
          <inputType>STRING</inputType>
          <isList>false</isList>
          <required>false</required>
          <isPersisted>true</isPersisted>
          <inputSymbol>corePort</inputSymbol>
          <listDelimiter>,</listDelimiter>
          <value>443</value>
          <record>false</record>
        </staticBinding>
        <staticBinding id="dc2d43cd-c562-4e65-b009-cb09ffab44ed">
          <annotation></annotation>
          <toContextKey></toContextKey>
          <fromContextKey></fromContextKey>
          <assignFromContext>true</assignFromContext>
          <assignToContext>true</assignToContext>
          <inputType>STRING</inputType>
          <isList>false</isList>
          <required>false</required>
          <isPersisted>true</isPersisted>
          <inputSymbol>coreProtocol</inputSymbol>
          <listDelimiter>,</listDelimiter>
          <value>https</value>
          <record>false</record>
        </staticBinding>
        <staticBinding id="f8b953f9-d221-434a-8aba-e63f5c1fbd54">
          <annotation></annotation>
          <toContextKey></toContextKey>
          <fromContextKey></fromContextKey>
          <assignFromContext>false</assignFromContext>
          <assignToContext>true</assignToContext>
          <inputType>STRING</inputType>
          <isList>false</isList>
          <required>false</required>
          <isPersisted>true</isPersisted>
          <inputSymbol>coreVersion</inputSymbol>
          <listDelimiter>,</listDelimiter>
          <value>${pc.sa.core.version}</value>
          <record>false</record>
        </staticBinding>
        <staticBinding id="76679ec9-b3fd-43ad-a3d3-8554091ca62d">
          <annotation></annotation>
          <toContextKey></toContextKey>
          <fromContextKey></fromContextKey>
          <assignFromContext>false</assignFromContext>
          <assignToContext>false</assignToContext>
          <inputType>STRING</inputType>
          <isList>false</isList>
          <required>true</required>
          <isPersisted>true</isPersisted>
          <inputSymbol>serverName</inputSymbol>
          <listDelimiter>,</listDelimiter>
          <value>${Hostname}</value>
          <record>false</record>
        </staticBinding>
        <userInputBinding id="79643224-561d-43b4-99a5-8b95b4c792da">
          <annotation></annotation>
          <toContextKey></toContextKey>
          <fromContextKey></fromContextKey>
          <assignFromContext>true</assignFromContext>
          <assignToContext>true</assignToContext>
          <inputType>STRING</inputType>
          <isList>false</isList>
          <required>false</required>
          <isPersisted>true</isPersisted>
          <inputSymbol>serverId</inputSymbol>
          <listDelimiter>,</listDelimiter>
          <record>false</record>
          <prompt>d776723f-1ad6-4951-9463-caaa43849c14.79643224-561d-43b4-99a5-8b95b4c792da.prompt</prompt>
          <isMultiSelect>false</isMultiSelect>
          <sourceDelimiter>|</sourceDelimiter>
        </userInputBinding>
        <staticBinding id="12a454af-1509-447d-a24c-d25293beaf2a">
          <annotation></annotation>
          <fromContextKey>softwareList.CSV</fromContextKey>
          <assignFromContext>true</assignFromContext>
          <assignToContext>false</assignToContext>
          <inputType>STRING</inputType>
          <isList>false</isList>
          <required>false</required>
          <isPersisted>true</isPersisted>
          <inputSymbol>softwarePoliciesNames</inputSymbol>
          <listDelimiter>,</listDelimiter>
          <value>${softwareList.CSV}</value>
          <record>false</record>
        </staticBinding>
        <userInputBinding id="4564fb27-5c67-4c44-94ef-799cbc3c0c0d">
          <annotation></annotation>
          <assignFromContext>true</assignFromContext>
          <assignToContext>true</assignToContext>
          <inputType>STRING</inputType>
          <isList>false</isList>
          <required>false</required>
          <isPersisted>true</isPersisted>
          <inputSymbol>softwarePoliciesIDs</inputSymbol>
          <listDelimiter>,</listDelimiter>
          <record>false</record>
          <prompt>d776723f-1ad6-4951-9463-caaa43849c14.4564fb27-5c67-4c44-94ef-799cbc3c0c0d.prompt</prompt>
          <isMultiSelect>false</isMultiSelect>
          <sourceDelimiter>|</sourceDelimiter>
        </userInputBinding>
        <staticBinding id="78451682-eba0-49f2-95d3-92bcede4d981">
          <annotation></annotation>
          <toContextKey></toContextKey>
          <fromContextKey></fromContextKey>
          <assignFromContext>false</assignFromContext>
          <assignToContext>true</assignToContext>
          <inputType>STRING</inputType>
          <isList>false</isList>
          <required>false</required>
          <isPersisted>true</isPersisted>
          <inputSymbol>wait</inputSymbol>
          <listDelimiter>,</listDelimiter>
          <value></value>
          <record>false</record>
        </staticBinding>
        <staticBinding id="07b0ffa8-8e75-431c-ad89-6908c55a0672">
          <annotation></annotation>
          <toContextKey></toContextKey>
          <fromContextKey></fromContextKey>
          <assignFromContext>false</assignFromContext>
          <assignToContext>true</assignToContext>
          <inputType>STRING</inputType>
          <isList>false</isList>
          <required>false</required>
          <isPersisted>true</isPersisted>
          <inputSymbol>rebootOption</inputSymbol>
          <listDelimiter>,</listDelimiter>
          <value>${server.rebootOption}</value>
          <record>false</record>
        </staticBinding>
        <userInputBinding id="3bcbee22-8678-47e9-bdfb-81cb697a8f66">
          <annotation></annotation>
          <assignFromContext>true</assignFromContext>
          <assignToContext>true</assignToContext>
          <inputType>STRING</inputType>
          <isList>false</isList>
          <required>false</required>
          <isPersisted>true</isPersisted>
          <inputSymbol>ticketID</inputSymbol>
          <listDelimiter>,</listDelimiter>
          <record>false</record>
          <prompt>d776723f-1ad6-4951-9463-caaa43849c14.3bcbee22-8678-47e9-bdfb-81cb697a8f66.prompt</prompt>
          <isMultiSelect>false</isMultiSelect>
          <sourceDelimiter>|</sourceDelimiter>
        </userInputBinding>
      </bindings>
      <transitions>
        <transition id="ae431fa8-d579-499c-9b08-f01160b401f5">
          <annotation></annotation>
          <name>failure</name>
          <command>NEXT</command>
          <linkMode>false</linkMode>
          <responseSymbol>failure</responseSymbol>
          <shouldHandoff>false</shouldHandoff>
          <transitionValue>0.0</transitionValue>
          <destination>
            <refId>1357359c-6650-4dce-8c84-de604bb10906</refId>
          </destination>
          <source>
            <refId>d7d9ad51-5bc4-48bb-bb3e-2b4ce7dab0c1</refId>
          </source>
          <positions>
            <point>
              <x>702.0</x>
              <y>671.0</y>
            </point>
            <point>
              <x>496.0</x>
              <y>946.0</y>
            </point>
          </positions>
          <labelPosition>
            <x>791.6662313935434</x>
            <y>0.0016248687836424177</y>
          </labelPosition>
        </transition>
        <transition id="f532df89-25e2-4ca8-b18c-82aa43f324bb">
          <annotation></annotation>
          <name>success</name>
          <command>NEXT</command>
          <linkMode>false</linkMode>
          <responseSymbol>success</responseSymbol>
          <shouldHandoff>false</shouldHandoff>
          <transitionValue>0.0</transitionValue>
          <destination>
            <refId>1ff224f2-bcc0-423c-8037-5da656b5379f</refId>
          </destination>
          <source>
            <refId>d7d9ad51-5bc4-48bb-bb3e-2b4ce7dab0c1</refId>
          </source>
          <positions>
            <point>
              <x>369.0</x>
              <y>592.0</y>
            </point>
            <point>
              <x>656.0</x>
              <y>382.0</y>
            </point>
          </positions>
          <labelPosition>
            <x>333.0</x>
            <y>0.0</y>
          </labelPosition>
        </transition>
      </transitions>
      <properties/>
      <opRef>
        <refId>76e52ac7-0755-457b-b1d4-f6a6175a3f5d</refId>
      </opRef>
      <assignments>
        <flowVariableAssignment id="b9d381be-e0a3-4de9-a688-0d6592f77446">
          <annotation></annotation>
          <name>assignment</name>
          <action>OVERWRITE</action>
          <assignmentTargetType>FLOW_VARIABLE</assignmentTargetType>
          <contextKey>sa.job.id</contextKey>
          <expression id="321e6db2-56db-4385-bed6-045fcc8068c2">
            <annotation></annotation>
            <name>Result Field: returnResult</name>
            <fieldName>returnResult</fieldName>
            <sourceType>RAWRESULT</sourceType>
            <filters/>
          </expression>
        </flowVariableAssignment>
      </assignments>
      <throttleSize>0</throttleSize>
    </step>
    <returnStep id="1357359c-6650-4dce-8c84-de604bb10906">
      <annotation></annotation>
      <name>Error : failure</name>
      <bounds>
        <x>319.0</x>
        <y>759.0</y>
      </bounds>
      <layer>-1</layer>
      <hideInbound>false</hideInbound>
      <addResultToRunContext>false</addResultToRunContext>
      <isCriticalStep>false</isCriticalStep>
      <isNonBlocking>false</isNonBlocking>
      <isParallelStep>false</isParallelStep>
      <isSingleResponse>false</isSingleResponse>
      <recordInHistory>false</recordInHistory>
      <recordRawOutput>true</recordRawOutput>
      <recordPrimaryOutput>true</recordPrimaryOutput>
      <checkPointStep>true</checkPointStep>
      <historyCheckPointStep>true</historyCheckPointStep>
      <scriptResultStep>false</scriptResultStep>
      <userPrompt></userPrompt>
      <bindings/>
      <transitions>
        <transition id="748e86c3-dd0e-4102-a3f4-8d8a0fdd1db8">
          <annotation></annotation>
          <name>return</name>
          <command>NEXT</command>
          <linkMode>false</linkMode>
          <responseSymbol>failure</responseSymbol>
          <shouldHandoff>false</shouldHandoff>
          <transitionValue>0.0</transitionValue>
          <destination>
            <refId>1357359c-6650-4dce-8c84-de604bb10906</refId>
          </destination>
          <source>
            <refId>1357359c-6650-4dce-8c84-de604bb10906</refId>
          </source>
          <positions/>
        </transition>
      </transitions>
      <properties/>
      <returnStepType>ERROR</returnStepType>
      <assignments/>
    </returnStep>
    <step id="033c5d32-f0db-4c8c-a3ea-f81b524efd1f">
      <annotation>d776723f-1ad6-4951-9463-caaa43849c14.033c5d32-f0db-4c8c-a3ea-f81b524efd1f.description</annotation>
      <name>Loop</name>
      <bounds>
        <x>507.0</x>
        <y>566.0</y>
      </bounds>
      <layer>-1</layer>
      <hideInbound>false</hideInbound>
      <addResultToRunContext>false</addResultToRunContext>
      <isCriticalStep>false</isCriticalStep>
      <isNonBlocking>false</isNonBlocking>
      <isParallelStep>false</isParallelStep>
      <isSingleResponse>false</isSingleResponse>
      <recordInHistory>false</recordInHistory>
      <recordRawOutput>true</recordRawOutput>
      <recordPrimaryOutput>true</recordPrimaryOutput>
      <checkPointStep>true</checkPointStep>
      <historyCheckPointStep>true</historyCheckPointStep>
      <scriptResultStep>false</scriptResultStep>
      <userPrompt></userPrompt>
      <bindings>
        <staticBinding id="b36d9eef-ffe9-49ae-854e-341e94be41fa">
          <annotation></annotation>
          <assignFromContext>true</assignFromContext>
          <assignToContext>true</assignToContext>
          <inputType>STRING</inputType>
          <isList>false</isList>
          <required>true</required>
          <isPersisted>true</isPersisted>
          <inputSymbol>count</inputSymbol>
          <listDelimiter>,</listDelimiter>
          <value>150</value>
          <record>false</record>
        </staticBinding>
        <staticBinding id="253f8405-1f6b-4d7f-8881-e34a63ca901a">
          <annotation></annotation>
          <toContextKey></toContextKey>
          <fromContextKey></fromContextKey>
          <assignFromContext>false</assignFromContext>
          <assignToContext>false</assignToContext>
          <inputType>STRING</inputType>
          <recordKey></recordKey>
          <isList>false</isList>
          <required>false</required>
          <isPersisted>true</isPersisted>
          <inputSymbol>incrementBy</inputSymbol>
          <listDelimiter></listDelimiter>
          <value>1</value>
          <record>false</record>
        </staticBinding>
        <staticBinding id="f7ac4225-d93a-4d25-bd6b-b36046fbcabc">
          <annotation></annotation>
          <toContextKey></toContextKey>
          <fromContextKey></fromContextKey>
          <assignFromContext>false</assignFromContext>
          <assignToContext>false</assignToContext>
          <inputType>STRING</inputType>
          <recordKey></recordKey>
          <isList>false</isList>
          <required>false</required>
          <isPersisted>true</isPersisted>
          <inputSymbol>from</inputSymbol>
          <listDelimiter></listDelimiter>
          <value>1</value>
          <record>false</record>
        </staticBinding>
        <staticBinding id="6bc46ce9-bbe4-44ee-83fe-4ee4391c5a33">
          <annotation></annotation>
          <toContextKey></toContextKey>
          <fromContextKey></fromContextKey>
          <assignFromContext>false</assignFromContext>
          <assignToContext>false</assignToContext>
          <inputType>STRING</inputType>
          <recordKey></recordKey>
          <isList>false</isList>
          <required>false</required>
          <isPersisted>true</isPersisted>
          <inputSymbol>reset</inputSymbol>
          <listDelimiter></listDelimiter>
          <value>false</value>
          <record>false</record>
        </staticBinding>
        <staticBinding id="7160f76b-533c-421c-82ed-71fdd158bda8">
          <annotation></annotation>
          <toContextKey></toContextKey>
          <fromContextKey></fromContextKey>
          <assignFromContext>false</assignFromContext>
          <assignToContext>false</assignToContext>
          <inputType>STRING</inputType>
          <recordKey></recordKey>
          <isList>false</isList>
          <required>false</required>
          <isPersisted>true</isPersisted>
          <inputSymbol>to</inputSymbol>
          <listDelimiter></listDelimiter>
          <value>${count}</value>
          <record>false</record>
        </staticBinding>
      </bindings>
      <transitions>
        <transition id="bbd9abb3-39d2-4946-acc7-0ddf9dc8bffe">
          <annotation></annotation>
          <name>failure</name>
          <command>NEXT</command>
          <linkMode>false</linkMode>
          <responseSymbol>failure</responseSymbol>
          <shouldHandoff>false</shouldHandoff>
          <transitionValue>0.0</transitionValue>
          <destination>
            <refId>1357359c-6650-4dce-8c84-de604bb10906</refId>
          </destination>
          <source>
            <refId>033c5d32-f0db-4c8c-a3ea-f81b524efd1f</refId>
          </source>
          <positions>
            <point>
              <x>557.0</x>
              <y>600.0</y>
            </point>
            <point>
              <x>369.0</x>
              <y>793.0</y>
            </point>
          </positions>
          <labelPosition>
            <x>333.0</x>
            <y>0.0</y>
          </labelPosition>
        </transition>
        <transition id="ad69380f-1d97-46b9-9551-b0a1b06e0603">
          <annotation></annotation>
          <name>no more</name>
          <command>NEXT</command>
          <linkMode>false</linkMode>
          <responseSymbol>no more</responseSymbol>
          <shouldHandoff>false</shouldHandoff>
          <transitionValue>0.0</transitionValue>
          <destination>
            <refId>1357359c-6650-4dce-8c84-de604bb10906</refId>
          </destination>
          <source>
            <refId>033c5d32-f0db-4c8c-a3ea-f81b524efd1f</refId>
          </source>
          <positions>
            <point>
              <x>557.0</x>
              <y>600.0</y>
            </point>
            <point>
              <x>533.0420930226039</x>
              <y>660.4236600452375</y>
            </point>
            <point>
              <x>428.77414281502155</x>
              <y>767.4646940349364</y>
            </point>
            <point>
              <x>369.0</x>
              <y>793.0</y>
            </point>
          </positions>
          <labelPosition>
            <x>438.2685029061876</x>
            <y>-25.23352142315218</y>
          </labelPosition>
        </transition>
        <transition id="27f09ccd-6e70-496c-a136-96548580fd33">
          <annotation></annotation>
          <name>has more</name>
          <command>NEXT</command>
          <linkMode>false</linkMode>
          <responseSymbol>has more</responseSymbol>
          <shouldHandoff>false</shouldHandoff>
          <transitionValue>0.0</transitionValue>
          <destination>
            <refId>1ff224f2-bcc0-423c-8037-5da656b5379f</refId>
          </destination>
          <source>
            <refId>033c5d32-f0db-4c8c-a3ea-f81b524efd1f</refId>
          </source>
          <positions>
            <point>
              <x>557.0</x>
              <y>600.0</y>
            </point>
            <point>
              <x>656.0</x>
              <y>382.0</y>
            </point>
          </positions>
          <labelPosition>
            <x>333.0</x>
            <y>0.0</y>
          </labelPosition>
        </transition>
      </transitions>
      <properties/>
      <opRef>
        <refId>1f0d93cd-2692-4339-81d7-9b3c6de46029</refId>
      </opRef>
      <assignments/>
      <throttleSize>0</throttleSize>
    </step>
    <step id="2195e567-a3c7-4931-aa44-3f97960e86b9">
      <annotation>d776723f-1ad6-4951-9463-caaa43849c14.2195e567-a3c7-4931-aa44-3f97960e86b9.description</annotation>
      <name>List Iterator</name>
      <bounds>
        <x>79.0</x>
        <y>558.0</y>
      </bounds>
      <layer>-1</layer>
      <hideInbound>false</hideInbound>
      <addResultToRunContext>false</addResultToRunContext>
      <isCriticalStep>false</isCriticalStep>
      <isNonBlocking>false</isNonBlocking>
      <isParallelStep>false</isParallelStep>
      <isSingleResponse>false</isSingleResponse>
      <recordInHistory>false</recordInHistory>
      <recordRawOutput>true</recordRawOutput>
      <recordPrimaryOutput>true</recordPrimaryOutput>
      <checkPointStep>true</checkPointStep>
      <historyCheckPointStep>true</historyCheckPointStep>
      <scriptResultStep>false</scriptResultStep>
      <userPrompt></userPrompt>
      <bindings>
        <staticBinding id="6d257799-bb01-461f-846e-df5864845d6b">
          <annotation></annotation>
          <fromContextKey>SoftwareList</fromContextKey>
          <assignFromContext>true</assignFromContext>
          <assignToContext>true</assignToContext>
          <inputType>STRING</inputType>
          <isList>false</isList>
          <required>true</required>
          <isPersisted>true</isPersisted>
          <inputSymbol>list</inputSymbol>
          <listDelimiter>,</listDelimiter>
          <value></value>
          <record>false</record>
        </staticBinding>
        <staticBinding id="2289f777-7cd9-4de1-a31b-e595707d9541">
          <annotation></annotation>
          <assignFromContext>true</assignFromContext>
          <assignToContext>true</assignToContext>
          <inputType>STRING</inputType>
          <isList>false</isList>
          <required>true</required>
          <isPersisted>true</isPersisted>
          <inputSymbol>separator</inputSymbol>
          <listDelimiter>,</listDelimiter>
          <value>|</value>
          <record>false</record>
        </staticBinding>
      </bindings>
      <transitions>
        <transition id="6571af60-fd4a-4af5-a7ae-f521b4add991">
          <annotation></annotation>
          <name>has more</name>
          <command>NEXT</command>
          <linkMode>false</linkMode>
          <responseSymbol>has more</responseSymbol>
          <shouldHandoff>false</shouldHandoff>
          <transitionValue>0.0</transitionValue>
          <destination>
            <refId>8d3fb699-ed6c-4d4c-9b08-77cc186c396f</refId>
          </destination>
          <source>
            <refId>2195e567-a3c7-4931-aa44-3f97960e86b9</refId>
          </source>
          <positions>
            <point>
              <x>479.47222222222223</x>
              <y>780.0</y>
            </point>
            <point>
              <x>195.0</x>
              <y>692.0</y>
            </point>
            <point>
              <x>459.0</x>
              <y>965.0</y>
            </point>
          </positions>
          <labelPosition>
            <x>518.7076315068362</x>
            <y>-54.88936831905002</y>
          </labelPosition>
        </transition>
        <transition id="f6cb5aa2-03ab-4c62-a5dc-f7d111af5502">
          <annotation></annotation>
          <name>failure</name>
          <command>NEXT</command>
          <linkMode>false</linkMode>
          <responseSymbol>failure</responseSymbol>
          <shouldHandoff>false</shouldHandoff>
          <transitionValue>0.0</transitionValue>
          <destination>
            <refId>1357359c-6650-4dce-8c84-de604bb10906</refId>
          </destination>
          <source>
            <refId>2195e567-a3c7-4931-aa44-3f97960e86b9</refId>
          </source>
          <positions>
            <point>
              <x>589.0</x>
              <y>636.0</y>
            </point>
            <point>
              <x>590.0</x>
              <y>835.0</y>
            </point>
          </positions>
          <labelPosition>
            <x>333.0</x>
            <y>0.0</y>
          </labelPosition>
        </transition>
        <transition id="65f09425-59f2-4390-91fa-38325fa27c2c">
          <annotation></annotation>
          <name>no more</name>
          <command>NEXT</command>
          <linkMode>false</linkMode>
          <responseSymbol>no more</responseSymbol>
          <shouldHandoff>false</shouldHandoff>
          <transitionValue>0.0</transitionValue>
          <destination>
            <refId>d7d9ad51-5bc4-48bb-bb3e-2b4ce7dab0c1</refId>
          </destination>
          <source>
            <refId>2195e567-a3c7-4931-aa44-3f97960e86b9</refId>
          </source>
          <positions>
            <point>
              <x>491.0</x>
              <y>556.0</y>
            </point>
            <point>
              <x>706.0</x>
              <y>633.0</y>
            </point>
          </positions>
          <labelPosition>
            <x>333.0</x>
            <y>0.0</y>
          </labelPosition>
        </transition>
      </transitions>
      <properties/>
      <opRef>
        <refId>cd75ca75-e64e-4b1e-9fe9-8dbc76f03865</refId>
      </opRef>
      <assignments>
        <flowVariableAssignment id="036907d7-6a6f-4b7d-9e2f-3b99afd2b3cb">
          <annotation></annotation>
          <name>assignment</name>
          <action>OVERWRITE</action>
          <assignmentTargetType>FLOW_VARIABLE</assignmentTargetType>
          <contextKey>policyName</contextKey>
          <expression id="b838a70f-10dd-4b88-a737-18fae4a8a806">
            <annotation></annotation>
            <name>Result Field: resultString</name>
            <fieldName>resultString</fieldName>
            <sourceType>RAWRESULT</sourceType>
            <filters/>
          </expression>
        </flowVariableAssignment>
      </assignments>
      <throttleSize>0</throttleSize>
    </step>
    <step id="f2292d9d-7f3f-497e-8aa7-83c1ab6f9ce5">
      <annotation>d776723f-1ad6-4951-9463-caaa43849c14.f2292d9d-7f3f-497e-8aa7-83c1ab6f9ce5.description</annotation>
      <name>Equal</name>
      <bounds>
        <x>787.0</x>
        <y>397.0</y>
      </bounds>
      <layer>-1</layer>
      <hideInbound>false</hideInbound>
      <addResultToRunContext>false</addResultToRunContext>
      <isCriticalStep>false</isCriticalStep>
      <isNonBlocking>false</isNonBlocking>
      <isParallelStep>false</isParallelStep>
      <isSingleResponse>false</isSingleResponse>
      <recordInHistory>false</recordInHistory>
      <recordRawOutput>true</recordRawOutput>
      <recordPrimaryOutput>true</recordPrimaryOutput>
      <checkPointStep>true</checkPointStep>
      <historyCheckPointStep>true</historyCheckPointStep>
      <scriptResultStep>false</scriptResultStep>
      <userPrompt></userPrompt>
      <bindings>
        <staticBinding id="8748f601-5930-4f18-bf3a-348b03d8df13">
          <annotation></annotation>
          <fromContextKey>status</fromContextKey>
          <assignFromContext>true</assignFromContext>
          <assignToContext>false</assignToContext>
          <inputType>STRING</inputType>
          <isList>false</isList>
          <required>true</required>
          <isPersisted>true</isPersisted>
          <inputSymbol>value1</inputSymbol>
          <listDelimiter>,</listDelimiter>
          <value></value>
          <record>false</record>
        </staticBinding>
        <staticBinding id="e934c5fe-c68c-4419-a203-b1aa3a433ce3">
          <annotation></annotation>
          <assignFromContext>false</assignFromContext>
          <assignToContext>false</assignToContext>
          <inputType>STRING</inputType>
          <isList>false</isList>
          <required>true</required>
          <isPersisted>true</isPersisted>
          <inputSymbol>value2</inputSymbol>
          <listDelimiter>,</listDelimiter>
          <value>SUCCESS</value>
          <record>false</record>
        </staticBinding>
        <staticBinding id="ede717b3-4a6b-4a68-8614-e98a83636c73">
          <annotation></annotation>
          <toContextKey></toContextKey>
          <fromContextKey></fromContextKey>
          <assignFromContext>false</assignFromContext>
          <assignToContext>false</assignToContext>
          <inputType>STRING</inputType>
          <recordKey></recordKey>
          <isList>false</isList>
          <required>false</required>
          <isPersisted>true</isPersisted>
          <inputSymbol>operation</inputSymbol>
          <listDelimiter></listDelimiter>
          <value>==</value>
          <record>false</record>
        </staticBinding>
      </bindings>
      <transitions>
        <transition id="8f4287ed-a74d-47c4-ac7a-5001bb501554">
          <annotation></annotation>
          <name>failure</name>
          <command>NEXT</command>
          <linkMode>false</linkMode>
          <responseSymbol>failure</responseSymbol>
          <shouldHandoff>false</shouldHandoff>
          <transitionValue>0.0</transitionValue>
          <destination>
            <refId>f3222646-1383-4351-b299-e59eefa30914</refId>
          </destination>
          <source>
            <refId>f2292d9d-7f3f-497e-8aa7-83c1ab6f9ce5</refId>
          </source>
          <positions>
            <point>
              <x>941.0</x>
              <y>347.0</y>
            </point>
            <point>
              <x>1002.0</x>
              <y>496.0</y>
            </point>
          </positions>
          <labelPosition>
            <x>333.0</x>
            <y>0.0</y>
          </labelPosition>
        </transition>
        <transition id="8382a830-0c4d-4f36-8701-5ca82f0de4dd">
          <annotation></annotation>
          <name>success</name>
          <command>NEXT</command>
          <linkMode>false</linkMode>
          <responseSymbol>success</responseSymbol>
          <shouldHandoff>false</shouldHandoff>
          <transitionValue>0.0</transitionValue>
          <destination>
            <refId>3172f11c-cf07-4206-b25c-6104d29d6ff1</refId>
          </destination>
          <source>
            <refId>f2292d9d-7f3f-497e-8aa7-83c1ab6f9ce5</refId>
          </source>
          <positions>
            <point>
              <x>837.0</x>
              <y>431.0</y>
            </point>
            <point>
              <x>1021.0</x>
              <y>305.0</y>
            </point>
          </positions>
          <labelPosition>
            <x>333.0</x>
            <y>0.0</y>
          </labelPosition>
        </transition>
      </transitions>
      <properties/>
      <opRef>
        <refId>6c87ce31-0fc7-40c6-9673-ecd1f8eba999</refId>
      </opRef>
      <assignments/>
      <throttleSize>0</throttleSize>
    </step>
    <step id="8d3fb699-ed6c-4d4c-9b08-77cc186c396f">
      <annotation>d776723f-1ad6-4951-9463-caaa43849c14.8d3fb699-ed6c-4d4c-9b08-77cc186c396f.description</annotation>
      <name>Attach Software Policy</name>
      <bounds>
        <x>79.0</x>
        <y>759.0</y>
      </bounds>
      <layer>-1</layer>
      <hideInbound>false</hideInbound>
      <addResultToRunContext>false</addResultToRunContext>
      <isCriticalStep>false</isCriticalStep>
      <isNonBlocking>false</isNonBlocking>
      <isParallelStep>false</isParallelStep>
      <isSingleResponse>false</isSingleResponse>
      <recordInHistory>false</recordInHistory>
      <recordRawOutput>true</recordRawOutput>
      <recordPrimaryOutput>true</recordPrimaryOutput>
      <checkPointStep>true</checkPointStep>
      <historyCheckPointStep>true</historyCheckPointStep>
      <scriptResultStep>false</scriptResultStep>
      <userPrompt></userPrompt>
      <bindings>
        <staticBinding id="7c65c387-3c04-4498-8504-7f91c276d551">
          <annotation></annotation>
          <toContextKey></toContextKey>
          <fromContextKey></fromContextKey>
          <assignFromContext>true</assignFromContext>
          <assignToContext>true</assignToContext>
          <inputType>STRING</inputType>
          <isList>false</isList>
          <required>true</required>
          <isPersisted>true</isPersisted>
          <inputSymbol>coreHost</inputSymbol>
          <listDelimiter>,</listDelimiter>
          <value>${pc.sa.core.host}</value>
          <record>false</record>
        </staticBinding>
        <identityBinding id="119d672b-86d4-4e47-b16b-2f5a4a7ddb8a">
          <annotation></annotation>
          <toContextKey></toContextKey>
          <fromContextKey></fromContextKey>
          <assignFromContext>true</assignFromContext>
          <assignToContext>true</assignToContext>
          <inputType>ENCRYPTED</inputType>
          <isList>false</isList>
          <required>true</required>
          <isPersisted>true</isPersisted>
          <inputSymbol>coreUsername</inputSymbol>
          <listDelimiter>,</listDelimiter>
          <record>false</record>
          <link>
            <refId>5d2be9ab-96d0-488e-8465-a13555fac3c5</refId>
            <refName>pc.sa</refName>
          </link>
          <identityAttribute>USERNAME</identityAttribute>
        </identityBinding>
        <identityBinding id="e9707cf6-37b6-4f0f-af5f-fc70eb1409c6">
          <annotation></annotation>
          <toContextKey></toContextKey>
          <fromContextKey></fromContextKey>
          <assignFromContext>true</assignFromContext>
          <assignToContext>true</assignToContext>
          <inputType>ENCRYPTED</inputType>
          <isList>false</isList>
          <required>true</required>
          <isPersisted>true</isPersisted>
          <inputSymbol>corePassword</inputSymbol>
          <listDelimiter>,</listDelimiter>
          <record>false</record>
          <link>
            <refId>5d2be9ab-96d0-488e-8465-a13555fac3c5</refId>
            <refName>pc.sa</refName>
          </link>
          <identityAttribute>PASSWORD</identityAttribute>
        </identityBinding>
        <staticBinding id="42d7acda-272c-46bf-995b-ffb61f4f635d">
          <annotation></annotation>
          <toContextKey></toContextKey>
          <fromContextKey></fromContextKey>
          <assignFromContext>true</assignFromContext>
          <assignToContext>true</assignToContext>
          <inputType>STRING</inputType>
          <isList>false</isList>
          <required>false</required>
          <isPersisted>true</isPersisted>
          <inputSymbol>corePort</inputSymbol>
          <listDelimiter>,</listDelimiter>
          <value>443</value>
          <record>false</record>
        </staticBinding>
        <staticBinding id="b0328649-f150-4dbc-bc93-eb08c8243eb0">
          <annotation></annotation>
          <toContextKey></toContextKey>
          <fromContextKey></fromContextKey>
          <assignFromContext>true</assignFromContext>
          <assignToContext>true</assignToContext>
          <inputType>STRING</inputType>
          <isList>false</isList>
          <required>false</required>
          <isPersisted>true</isPersisted>
          <inputSymbol>coreProtocol</inputSymbol>
          <listDelimiter>,</listDelimiter>
          <value>https</value>
          <record>false</record>
        </staticBinding>
        <staticBinding id="9c0832a6-748b-4583-98cb-5a95a97e445c">
          <annotation></annotation>
          <toContextKey></toContextKey>
          <fromContextKey></fromContextKey>
          <assignFromContext>true</assignFromContext>
          <assignToContext>true</assignToContext>
          <inputType>STRING</inputType>
          <isList>false</isList>
          <required>false</required>
          <isPersisted>true</isPersisted>
          <inputSymbol>coreVersion</inputSymbol>
          <listDelimiter>,</listDelimiter>
          <value>${pc.sa.core.version}</value>
          <record>false</record>
        </staticBinding>
        <staticBinding id="c0074027-5353-4052-a101-ebccebcd484f">
          <annotation></annotation>
          <toContextKey></toContextKey>
          <fromContextKey></fromContextKey>
          <assignFromContext>true</assignFromContext>
          <assignToContext>true</assignToContext>
          <inputType>STRING</inputType>
          <isList>false</isList>
          <required>true</required>
          <isPersisted>true</isPersisted>
          <inputSymbol>policyName</inputSymbol>
          <listDelimiter>,</listDelimiter>
          <value></value>
          <record>false</record>
        </staticBinding>
        <staticBinding id="ac5e3adc-7605-4085-81eb-76e79a34602c">
          <annotation></annotation>
          <toContextKey></toContextKey>
          <fromContextKey>Hostname</fromContextKey>
          <assignFromContext>true</assignFromContext>
          <assignToContext>true</assignToContext>
          <inputType>STRING</inputType>
          <isList>false</isList>
          <required>true</required>
          <isPersisted>true</isPersisted>
          <inputSymbol>attachableName</inputSymbol>
          <listDelimiter>,</listDelimiter>
          <value>${Hostname}</value>
          <record>false</record>
        </staticBinding>
        <staticBinding id="4562fe87-87c8-4db5-933f-f358263e0a8d">
          <annotation></annotation>
          <toContextKey></toContextKey>
          <fromContextKey></fromContextKey>
          <assignFromContext>true</assignFromContext>
          <assignToContext>true</assignToContext>
          <inputType>STRING</inputType>
          <isList>false</isList>
          <required>true</required>
          <isPersisted>true</isPersisted>
          <inputSymbol>attachableType</inputSymbol>
          <listDelimiter>,</listDelimiter>
          <value>SERVER</value>
          <record>false</record>
        </staticBinding>
      </bindings>
      <transitions>
        <transition id="40841366-7681-471d-aacc-ba97e327673d">
          <annotation></annotation>
          <name>success</name>
          <command>NEXT</command>
          <linkMode>false</linkMode>
          <responseSymbol>success</responseSymbol>
          <shouldHandoff>false</shouldHandoff>
          <transitionValue>0.0</transitionValue>
          <destination>
            <refId>2195e567-a3c7-4931-aa44-3f97960e86b9</refId>
          </destination>
          <source>
            <refId>8d3fb699-ed6c-4d4c-9b08-77cc186c396f</refId>
          </source>
          <positions>
            <point>
              <x>480.01612903225805</x>
              <y>921.0</y>
            </point>
            <point>
              <x>91.0</x>
              <y>696.0</y>
            </point>
            <point>
              <x>454.0</x>
              <y>764.0</y>
            </point>
          </positions>
          <labelPosition>
            <x>514.7619867517208</x>
            <y>-27.944503187372337</y>
          </labelPosition>
        </transition>
        <transition id="ab997abe-f6d7-47c0-886a-534589b9beb0">
          <annotation></annotation>
          <name>failure</name>
          <command>NEXT</command>
          <linkMode>false</linkMode>
          <responseSymbol>failure</responseSymbol>
          <shouldHandoff>false</shouldHandoff>
          <transitionValue>0.0</transitionValue>
          <destination>
            <refId>2195e567-a3c7-4931-aa44-3f97960e86b9</refId>
          </destination>
          <source>
            <refId>8d3fb699-ed6c-4d4c-9b08-77cc186c396f</refId>
          </source>
          <positions>
            <point>
              <x>777.0</x>
              <y>835.0</y>
            </point>
            <point>
              <x>589.0</x>
              <y>636.0</y>
            </point>
          </positions>
          <labelPosition>
            <x>467.69571866075415</x>
            <y>2.1508882345583356</y>
          </labelPosition>
        </transition>
      </transitions>
      <properties/>
      <opRef>
        <refId>13ee85df-151f-4d2d-a064-890278a43fab</refId>
      </opRef>
      <assignments/>
      <throttleSize>0</throttleSize>
    </step>
    <returnStep id="3172f11c-cf07-4206-b25c-6104d29d6ff1">
      <annotation></annotation>
      <name>Resolved : success</name>
      <bounds>
        <x>971.0</x>
        <y>271.0</y>
      </bounds>
      <layer>-1</layer>
      <hideInbound>false</hideInbound>
      <addResultToRunContext>false</addResultToRunContext>
      <isCriticalStep>false</isCriticalStep>
      <isNonBlocking>false</isNonBlocking>
      <isParallelStep>false</isParallelStep>
      <isSingleResponse>false</isSingleResponse>
      <recordInHistory>false</recordInHistory>
      <recordRawOutput>true</recordRawOutput>
      <recordPrimaryOutput>true</recordPrimaryOutput>
      <checkPointStep>true</checkPointStep>
      <historyCheckPointStep>true</historyCheckPointStep>
      <scriptResultStep>false</scriptResultStep>
      <userPrompt></userPrompt>
      <bindings/>
      <transitions>
        <transition id="bc7f71d9-5179-490e-ba1b-51c3cf37ab19">
          <annotation></annotation>
          <name>return</name>
          <command>NEXT</command>
          <linkMode>false</linkMode>
          <responseSymbol>success</responseSymbol>
          <shouldHandoff>false</shouldHandoff>
          <transitionValue>0.0</transitionValue>
          <destination>
            <refId>3172f11c-cf07-4206-b25c-6104d29d6ff1</refId>
          </destination>
          <source>
            <refId>3172f11c-cf07-4206-b25c-6104d29d6ff1</refId>
          </source>
          <positions/>
        </transition>
      </transitions>
      <properties/>
      <returnStepType>RESOLVED</returnStepType>
      <assignments/>
    </returnStep>
    <step id="d380fcea-3cf6-49af-aa90-cd58dfa8c939">
      <annotation>d776723f-1ad6-4951-9463-caaa43849c14.d380fcea-3cf6-49af-aa90-cd58dfa8c939.description</annotation>
      <name>sleep</name>
      <bounds>
        <x>622.0</x>
        <y>566.0</y>
      </bounds>
      <layer>-1</layer>
      <hideInbound>false</hideInbound>
      <addResultToRunContext>false</addResultToRunContext>
      <isCriticalStep>false</isCriticalStep>
      <isNonBlocking>false</isNonBlocking>
      <isParallelStep>false</isParallelStep>
      <isSingleResponse>false</isSingleResponse>
      <recordInHistory>false</recordInHistory>
      <recordRawOutput>true</recordRawOutput>
      <recordPrimaryOutput>true</recordPrimaryOutput>
      <checkPointStep>true</checkPointStep>
      <historyCheckPointStep>true</historyCheckPointStep>
      <scriptResultStep>false</scriptResultStep>
      <userPrompt></userPrompt>
      <bindings>
        <staticBinding id="4a9a413b-6f22-4986-aeab-1fff9e7385aa">
          <annotation></annotation>
          <assignFromContext>false</assignFromContext>
          <assignToContext>false</assignToContext>
          <inputType>STRING</inputType>
          <isList>false</isList>
          <required>true</required>
          <isPersisted>true</isPersisted>
          <inputSymbol>seconds</inputSymbol>
          <listDelimiter>,</listDelimiter>
          <value>60</value>
          <record>false</record>
        </staticBinding>
      </bindings>
      <transitions>
        <transition id="80a4a7df-c29a-4998-8ddb-d6e1ef67d454">
          <annotation></annotation>
          <name>success</name>
          <command>NEXT</command>
          <linkMode>false</linkMode>
          <responseSymbol>success</responseSymbol>
          <shouldHandoff>false</shouldHandoff>
          <transitionValue>0.0</transitionValue>
          <destination>
            <refId>033c5d32-f0db-4c8c-a3ea-f81b524efd1f</refId>
          </destination>
          <source>
            <refId>d380fcea-3cf6-49af-aa90-cd58dfa8c939</refId>
          </source>
          <positions>
            <point>
              <x>677.0</x>
              <y>519.0</y>
            </point>
            <point>
              <x>557.0</x>
              <y>600.0</y>
            </point>
          </positions>
          <labelPosition>
            <x>333.0</x>
            <y>0.0</y>
          </labelPosition>
        </transition>
        <transition id="653f1a20-4ffb-4594-9c1e-b28e2d3cd826">
          <annotation></annotation>
          <name>failure</name>
          <command>NEXT</command>
          <linkMode>false</linkMode>
          <responseSymbol>failure</responseSymbol>
          <shouldHandoff>false</shouldHandoff>
          <transitionValue>0.0</transitionValue>
          <destination>
            <refId>f3222646-1383-4351-b299-e59eefa30914</refId>
          </destination>
          <source>
            <refId>d380fcea-3cf6-49af-aa90-cd58dfa8c939</refId>
          </source>
          <positions>
            <point>
              <x>677.0</x>
              <y>519.0</y>
            </point>
            <point>
              <x>1002.0</x>
              <y>496.0</y>
            </point>
          </positions>
          <labelPosition>
            <x>333.0</x>
            <y>0.0</y>
          </labelPosition>
        </transition>
      </transitions>
      <properties/>
      <opRef>
        <refId>d1bbf441-824a-450e-afae-2ddec0e0f35e</refId>
      </opRef>
      <assignments/>
      <throttleSize>0</throttleSize>
    </step>
    <returnStep id="f3222646-1383-4351-b299-e59eefa30914">
      <annotation></annotation>
      <name>Error : Sleep</name>
      <bounds>
        <x>952.0</x>
        <y>462.0</y>
      </bounds>
      <layer>-1</layer>
      <hideInbound>false</hideInbound>
      <addResultToRunContext>false</addResultToRunContext>
      <isCriticalStep>false</isCriticalStep>
      <isNonBlocking>false</isNonBlocking>
      <isParallelStep>false</isParallelStep>
      <isSingleResponse>false</isSingleResponse>
      <recordInHistory>false</recordInHistory>
      <recordRawOutput>true</recordRawOutput>
      <recordPrimaryOutput>true</recordPrimaryOutput>
      <checkPointStep>true</checkPointStep>
      <historyCheckPointStep>true</historyCheckPointStep>
      <scriptResultStep>false</scriptResultStep>
      <userPrompt></userPrompt>
      <bindings/>
      <transitions>
        <transition id="877aacce-7b43-4a54-8f94-e22ac4761f45">
          <annotation></annotation>
          <name>return</name>
          <command>NEXT</command>
          <linkMode>false</linkMode>
          <responseSymbol>failure</responseSymbol>
          <shouldHandoff>false</shouldHandoff>
          <transitionValue>0.0</transitionValue>
          <destination>
            <refId>f3222646-1383-4351-b299-e59eefa30914</refId>
          </destination>
          <source>
            <refId>f3222646-1383-4351-b299-e59eefa30914</refId>
          </source>
          <positions/>
        </transition>
      </transitions>
      <properties/>
      <returnStepType>ERROR</returnStepType>
      <assignments/>
    </returnStep>
  </steps>
  <startSteps>51b87553-e744-4307-9ca8-77dba0bf649d</startSteps>
</flow>