<?xml version="1.0" encoding="UTF-8"?>
<flow id="76a827b9-351c-4f32-b50f-fe8b84504bbc">
  <annotation>76a827b9-351c-4f32-b50f-fe8b84504bbc.description</annotation>
  <name>SCVMM_SetCPUAndMem</name>
  <categories/>
  <inputs>
    <staticBinding id="0ef53a97-b7e1-49d0-806d-fc597424ad49">
      <annotation></annotation>
      <assignFromContext>true</assignFromContext>
      <assignToContext>false</assignToContext>
      <inputType>STRING</inputType>
      <isList>false</isList>
      <required>false</required>
      <isPersisted>true</isPersisted>
      <inputSymbol>host</inputSymbol>
      <listDelimiter>,</listDelimiter>
      <value>${host}</value>
      <record>false</record>
    </staticBinding>
    <staticBinding id="3f67e494-7d0f-4cd6-b6fe-1171e3f9d1a9">
      <annotation></annotation>
      <assignFromContext>false</assignFromContext>
      <assignToContext>true</assignToContext>
      <inputType>STRING</inputType>
      <isList>false</isList>
      <required>false</required>
      <isPersisted>true</isPersisted>
      <inputSymbol>cpuCount</inputSymbol>
      <listDelimiter>,</listDelimiter>
      <value>${cpuCount}</value>
      <record>false</record>
    </staticBinding>
    <staticBinding id="aa2faa3b-fa29-4d71-9bfd-305a116332f7">
      <annotation></annotation>
      <assignFromContext>false</assignFromContext>
      <assignToContext>true</assignToContext>
      <inputType>STRING</inputType>
      <isList>false</isList>
      <required>false</required>
      <isPersisted>true</isPersisted>
      <inputSymbol>memSize</inputSymbol>
      <listDelimiter>,</listDelimiter>
      <value>${memSize}</value>
      <record>false</record>
    </staticBinding>
    <staticBinding id="c5e70549-0218-472d-a5a2-47cc026b6551">
      <annotation></annotation>
      <assignFromContext>false</assignFromContext>
      <assignToContext>false</assignToContext>
      <inputType>STRING</inputType>
      <isList>false</isList>
      <required>true</required>
      <isPersisted>true</isPersisted>
      <inputSymbol>vmName</inputSymbol>
      <listDelimiter>,</listDelimiter>
      <value>uspxmpc0052_uspxmpc0052</value>
      <record>false</record>
    </staticBinding>
  </inputs>
  <scriptlet id="e96809b2-79c5-4869-b970-b31698c7c27c">
    <annotation></annotation>
    <name>Operation SCVMM_SetCPUAndMem (76a827b9-351c-4f32-b50f-fe8b84504bbc)</name>
    <type>RHINO</type>
  </scriptlet>
  <possibleResponses>
    <opResponse id="13855204-cef3-48d2-af45-d3e25ea8091f">
      <annotation></annotation>
      <name>failure</name>
      <isDefault>false</isDefault>
      <onFailure>true</onFailure>
      <type>ERROR</type>
      <matchRules/>
    </opResponse>
    <opResponse id="28c9178a-4d40-4240-9f2f-bb89358e671e">
      <annotation></annotation>
      <name>success</name>
      <isDefault>true</isDefault>
      <onFailure>false</onFailure>
      <type>RESOLVED</type>
      <matchRules/>
    </opResponse>
  </possibleResponses>
  <availableResultExpressions/>
  <resultExpression id="5c629819-e418-4132-b635-28fb80b20ded">
    <annotation></annotation>
    <name>FailureMessage</name>
    <fieldName>FailureMessage</fieldName>
    <sourceType>RAWRESULT</sourceType>
    <filters/>
  </resultExpression>
  <iconSpec id="af771c6c-2ec2-45e3-9071-c2576e580844">
    <baseIcon>flow.png</baseIcon>
    <basePath>System</basePath>
    <readOnly>false</readOnly>
    <layers/>
  </iconSpec>
  <callouts/>
  <checkPointFlow>true</checkPointFlow>
  <compatibleRuntimeContext>false</compatibleRuntimeContext>
  <historyCheckPointFlow>true</historyCheckPointFlow>
  <steps>
    <step id="2a635481-715c-474b-8552-33018596f4b0">
      <annotation></annotation>
      <name>SCVMM_getVirtualMachineState</name>
      <bounds>
        <x>24.0</x>
        <y>16.0</y>
      </bounds>
      <layer>-1</layer>
      <hideInbound>false</hideInbound>
      <iconSpec id="4edc9d94-a485-4e75-a743-15a82b4e09b2">
        <baseIcon>flow.png</baseIcon>
        <basePath>System</basePath>
        <readOnly>false</readOnly>
        <layers/>
      </iconSpec>
      <addResultToRunContext>false</addResultToRunContext>
      <isCriticalStep>false</isCriticalStep>
      <isNonBlocking>false</isNonBlocking>
      <isParallelStep>false</isParallelStep>
      <isSingleResponse>false</isSingleResponse>
      <recordInHistory>false</recordInHistory>
      <recordRawOutput>true</recordRawOutput>
      <recordPrimaryOutput>true</recordPrimaryOutput>
      <checkPointStep>true</checkPointStep>
      <historyCheckPointStep>true</historyCheckPointStep>
      <scriptResultStep>false</scriptResultStep>
      <userPrompt></userPrompt>
      <bindings>
        <staticBinding id="eb814bd9-881b-45c9-b07d-9543c1ff2ec2">
          <annotation></annotation>
          <assignFromContext>false</assignFromContext>
          <assignToContext>false</assignToContext>
          <inputType>STRING</inputType>
          <isList>false</isList>
          <required>true</required>
          <isPersisted>true</isPersisted>
          <inputSymbol>vmName</inputSymbol>
          <listDelimiter>,</listDelimiter>
          <value>${vmName}</value>
          <record>false</record>
        </staticBinding>
        <staticBinding id="be1cf959-d64f-4fb9-b83b-0d84bc871c61">
          <annotation></annotation>
          <assignFromContext>true</assignFromContext>
          <assignToContext>false</assignToContext>
          <inputType>STRING</inputType>
          <isList>false</isList>
          <required>true</required>
          <isPersisted>true</isPersisted>
          <inputSymbol>host</inputSymbol>
          <listDelimiter>,</listDelimiter>
          <value>${host}</value>
          <record>false</record>
        </staticBinding>
      </bindings>
      <transitions>
        <transition id="ccf1c601-f7e7-4f38-bfb7-04dcb63fd645">
          <annotation></annotation>
          <name>success</name>
          <command>NEXT</command>
          <linkMode>false</linkMode>
          <responseSymbol>success</responseSymbol>
          <shouldHandoff>false</shouldHandoff>
          <transitionValue>0.0</transitionValue>
          <destination>
            <refId>5d692150-1f45-4903-8ec9-2fa1c0bef748</refId>
          </destination>
          <source>
            <refId>2a635481-715c-474b-8552-33018596f4b0</refId>
          </source>
          <positions>
            <point>
              <x>84.0</x>
              <y>34.0</y>
            </point>
            <point>
              <x>73.0</x>
              <y>217.0</y>
            </point>
          </positions>
          <labelPosition>
            <x>333.0</x>
            <y>0.0</y>
          </labelPosition>
        </transition>
        <transition id="64303b17-3ad0-446d-900e-171ab3a455d2">
          <annotation></annotation>
          <name>failure</name>
          <command>NEXT</command>
          <linkMode>false</linkMode>
          <responseSymbol>failure</responseSymbol>
          <shouldHandoff>false</shouldHandoff>
          <transitionValue>0.0</transitionValue>
          <destination>
            <refId>250c65db-b4be-4e5c-bac4-259f9f59577a</refId>
          </destination>
          <source>
            <refId>2a635481-715c-474b-8552-33018596f4b0</refId>
          </source>
          <positions>
            <point>
              <x>84.0</x>
              <y>34.0</y>
            </point>
            <point>
              <x>230.0</x>
              <y>52.0</y>
            </point>
          </positions>
          <labelPosition>
            <x>333.0</x>
            <y>0.0</y>
          </labelPosition>
        </transition>
      </transitions>
      <properties/>
      <opRef>
        <refId>0d85aeae-c189-4412-b53e-277aa4f451da</refId>
      </opRef>
      <assignments>
        <flowVariableAssignment id="26c135a7-6d55-4267-a81a-b2e25ba717ec">
          <annotation></annotation>
          <name>assignment</name>
          <action>OVERWRITE</action>
          <assignmentTargetType>FLOW_VARIABLE</assignmentTargetType>
          <contextKey>currentPowerState</contextKey>
          <expression id="bcf8f7eb-e334-452a-97cd-4dbf4daffd06">
            <annotation></annotation>
            <name>Result Field: VirtualMachineState</name>
            <fieldName>VirtualMachineState</fieldName>
            <sourceType>RAWRESULT</sourceType>
            <filters/>
          </expression>
        </flowVariableAssignment>
      </assignments>
      <throttleSize>0</throttleSize>
    </step>
    <step id="79304b5e-9b9b-4eeb-99bd-ab7a7fcd300b">
      <annotation></annotation>
      <name>SCVMM_poweronVM</name>
      <bounds>
        <x>811.0</x>
        <y>183.0</y>
      </bounds>
      <layer>-1</layer>
      <hideInbound>false</hideInbound>
      <addResultToRunContext>false</addResultToRunContext>
      <isCriticalStep>false</isCriticalStep>
      <isNonBlocking>false</isNonBlocking>
      <isParallelStep>false</isParallelStep>
      <isSingleResponse>false</isSingleResponse>
      <recordInHistory>false</recordInHistory>
      <recordRawOutput>true</recordRawOutput>
      <recordPrimaryOutput>true</recordPrimaryOutput>
      <checkPointStep>true</checkPointStep>
      <historyCheckPointStep>true</historyCheckPointStep>
      <scriptResultStep>false</scriptResultStep>
      <userPrompt></userPrompt>
      <bindings>
        <staticBinding id="ff1e7418-0810-4100-9918-31d1e5ece568">
          <annotation></annotation>
          <assignFromContext>false</assignFromContext>
          <assignToContext>false</assignToContext>
          <inputType>STRING</inputType>
          <isList>false</isList>
          <required>false</required>
          <isPersisted>true</isPersisted>
          <inputSymbol>vmName</inputSymbol>
          <listDelimiter>,</listDelimiter>
          <value>${vmName}</value>
          <record>false</record>
        </staticBinding>
        <staticBinding id="c03eab24-ad6a-4e22-a1a3-053870d2f927">
          <annotation></annotation>
          <assignFromContext>false</assignFromContext>
          <assignToContext>false</assignToContext>
          <inputType>STRING</inputType>
          <isList>false</isList>
          <required>false</required>
          <isPersisted>true</isPersisted>
          <inputSymbol>host</inputSymbol>
          <listDelimiter>,</listDelimiter>
          <value>${host}</value>
          <record>false</record>
        </staticBinding>
      </bindings>
      <transitions>
        <transition id="9a8c64fd-ba72-407d-80da-36bbf88c01f1">
          <annotation></annotation>
          <name>failure</name>
          <command>NEXT</command>
          <linkMode>false</linkMode>
          <responseSymbol>failure</responseSymbol>
          <shouldHandoff>false</shouldHandoff>
          <transitionValue>0.0</transitionValue>
          <destination>
            <refId>0f7c7a17-311e-4300-808f-8ba50b3c684d</refId>
          </destination>
          <source>
            <refId>79304b5e-9b9b-4eeb-99bd-ab7a7fcd300b</refId>
          </source>
          <positions>
            <point>
              <x>833.0</x>
              <y>200.0</y>
            </point>
            <point>
              <x>868.0</x>
              <y>347.0</y>
            </point>
          </positions>
          <labelPosition>
            <x>333.0</x>
            <y>0.0</y>
          </labelPosition>
        </transition>
        <transition id="4522e706-8a9f-4efa-9db6-e14155e30b61">
          <annotation></annotation>
          <name>success</name>
          <command>NEXT</command>
          <linkMode>false</linkMode>
          <responseSymbol>success</responseSymbol>
          <shouldHandoff>false</shouldHandoff>
          <transitionValue>0.0</transitionValue>
          <destination>
            <refId>7b443383-00df-4fd7-8a26-81c1d9b898c2</refId>
          </destination>
          <source>
            <refId>79304b5e-9b9b-4eeb-99bd-ab7a7fcd300b</refId>
          </source>
          <positions>
            <point>
              <x>833.0</x>
              <y>200.0</y>
            </point>
            <point>
              <x>976.0</x>
              <y>210.0</y>
            </point>
          </positions>
          <labelPosition>
            <x>333.0</x>
            <y>0.0</y>
          </labelPosition>
        </transition>
      </transitions>
      <properties/>
      <opRef>
        <refId>7b8b5107-00e0-4474-84f8-93e13b3c45f1</refId>
      </opRef>
      <assignments/>
      <throttleSize>0</throttleSize>
    </step>
    <step id="650d397b-71fd-47c1-9da1-af24a1eec0d6">
      <annotation>76a827b9-351c-4f32-b50f-fe8b84504bbc.650d397b-71fd-47c1-9da1-af24a1eec0d6.description</annotation>
      <name>Set Failure Status</name>
      <bounds>
        <x>619.0</x>
        <y>16.0</y>
      </bounds>
      <layer>-1</layer>
      <hideInbound>false</hideInbound>
      <addResultToRunContext>false</addResultToRunContext>
      <isCriticalStep>false</isCriticalStep>
      <isNonBlocking>false</isNonBlocking>
      <isParallelStep>false</isParallelStep>
      <isSingleResponse>false</isSingleResponse>
      <recordInHistory>false</recordInHistory>
      <recordRawOutput>true</recordRawOutput>
      <recordPrimaryOutput>true</recordPrimaryOutput>
      <checkPointStep>true</checkPointStep>
      <historyCheckPointStep>true</historyCheckPointStep>
      <scriptResultStep>false</scriptResultStep>
      <userPrompt></userPrompt>
      <bindings>
        <staticBinding id="b942ff93-b527-48af-af8b-1e6010a3fa8e">
          <annotation></annotation>
          <assignFromContext>false</assignFromContext>
          <assignToContext>false</assignToContext>
          <inputType>STRING</inputType>
          <isList>false</isList>
          <required>true</required>
          <isPersisted>true</isPersisted>
          <inputSymbol>keyName</inputSymbol>
          <listDelimiter>,</listDelimiter>
          <value>opsFailed</value>
          <record>false</record>
        </staticBinding>
        <staticBinding id="8951096a-ee6f-4322-a98f-e6d0c2e3160e">
          <annotation></annotation>
          <fromContextKey>vmMemorySize</fromContextKey>
          <assignFromContext>false</assignFromContext>
          <assignToContext>false</assignToContext>
          <inputType>STRING</inputType>
          <isList>false</isList>
          <required>true</required>
          <isPersisted>true</isPersisted>
          <inputSymbol>myValue</inputSymbol>
          <listDelimiter>,</listDelimiter>
          <value>true</value>
          <record>false</record>
        </staticBinding>
        <staticBinding id="ef470011-ae46-4364-ae3d-a1cb6377c1b7">
          <annotation></annotation>
          <toContextKey></toContextKey>
          <fromContextKey></fromContextKey>
          <assignFromContext>false</assignFromContext>
          <assignToContext>false</assignToContext>
          <inputType>STRING</inputType>
          <recordKey></recordKey>
          <isList>false</isList>
          <required>false</required>
          <isPersisted>true</isPersisted>
          <inputSymbol>Field_1</inputSymbol>
          <listDelimiter></listDelimiter>
          <value>${keyName}</value>
          <record>false</record>
        </staticBinding>
        <staticBinding id="61d34255-0f29-4230-9064-0bfca48dd65c">
          <annotation></annotation>
          <toContextKey></toContextKey>
          <fromContextKey></fromContextKey>
          <assignFromContext>false</assignFromContext>
          <assignToContext>false</assignToContext>
          <inputType>STRING</inputType>
          <recordKey></recordKey>
          <isList>false</isList>
          <required>false</required>
          <isPersisted>true</isPersisted>
          <inputSymbol>Field_2</inputSymbol>
          <listDelimiter></listDelimiter>
          <value>${myValue}</value>
          <record>false</record>
        </staticBinding>
      </bindings>
      <transitions>
        <transition id="648253b5-a3e1-4cbe-a068-053816cd05ee">
          <annotation></annotation>
          <name>success</name>
          <command>NEXT</command>
          <linkMode>false</linkMode>
          <responseSymbol>success</responseSymbol>
          <shouldHandoff>false</shouldHandoff>
          <transitionValue>0.0</transitionValue>
          <destination>
            <refId>79304b5e-9b9b-4eeb-99bd-ab7a7fcd300b</refId>
          </destination>
          <source>
            <refId>650d397b-71fd-47c1-9da1-af24a1eec0d6</refId>
          </source>
          <positions>
            <point>
              <x>670.0</x>
              <y>73.0</y>
            </point>
            <point>
              <x>866.0</x>
              <y>110.0</y>
            </point>
          </positions>
          <labelPosition>
            <x>333.0</x>
            <y>0.0</y>
          </labelPosition>
        </transition>
      </transitions>
      <properties/>
      <opRef>
        <refId>f3112e9d-ed88-47bf-be86-2f99e8541a33</refId>
      </opRef>
      <assignments/>
      <throttleSize>0</throttleSize>
    </step>
    <returnStep id="a56f2b9f-ff87-41c7-9cf7-9cc9afe44300">
      <annotation></annotation>
      <name>Error : failure</name>
      <bounds>
        <x>941.0</x>
        <y>331.0</y>
      </bounds>
      <layer>-1</layer>
      <hideInbound>false</hideInbound>
      <addResultToRunContext>false</addResultToRunContext>
      <isCriticalStep>false</isCriticalStep>
      <isNonBlocking>false</isNonBlocking>
      <isParallelStep>false</isParallelStep>
      <isSingleResponse>false</isSingleResponse>
      <recordInHistory>false</recordInHistory>
      <recordRawOutput>true</recordRawOutput>
      <recordPrimaryOutput>true</recordPrimaryOutput>
      <checkPointStep>true</checkPointStep>
      <historyCheckPointStep>true</historyCheckPointStep>
      <scriptResultStep>false</scriptResultStep>
      <userPrompt></userPrompt>
      <bindings/>
      <transitions>
        <transition id="4841a7ca-e579-4522-83cb-b8e542501eac">
          <annotation></annotation>
          <name>return</name>
          <command>NEXT</command>
          <linkMode>false</linkMode>
          <responseSymbol>failure</responseSymbol>
          <shouldHandoff>false</shouldHandoff>
          <transitionValue>0.0</transitionValue>
          <destination>
            <refId>a56f2b9f-ff87-41c7-9cf7-9cc9afe44300</refId>
          </destination>
          <source>
            <refId>a56f2b9f-ff87-41c7-9cf7-9cc9afe44300</refId>
          </source>
          <positions/>
        </transition>
      </transitions>
      <properties/>
      <returnStepType>ERROR</returnStepType>
      <assignments/>
    </returnStep>
    <returnStep id="ac5a588d-c51e-409b-a097-94c88e025a69">
      <annotation></annotation>
      <name>Error : failure</name>
      <bounds>
        <x>305.0</x>
        <y>323.0</y>
      </bounds>
      <layer>-1</layer>
      <hideInbound>false</hideInbound>
      <addResultToRunContext>false</addResultToRunContext>
      <isCriticalStep>false</isCriticalStep>
      <isNonBlocking>false</isNonBlocking>
      <isParallelStep>false</isParallelStep>
      <isSingleResponse>false</isSingleResponse>
      <recordInHistory>false</recordInHistory>
      <recordRawOutput>true</recordRawOutput>
      <recordPrimaryOutput>true</recordPrimaryOutput>
      <checkPointStep>true</checkPointStep>
      <historyCheckPointStep>true</historyCheckPointStep>
      <scriptResultStep>false</scriptResultStep>
      <userPrompt></userPrompt>
      <bindings/>
      <transitions>
        <transition id="373aca23-7988-4008-8c8a-ab8d8ed7001f">
          <annotation></annotation>
          <name>return</name>
          <command>NEXT</command>
          <linkMode>false</linkMode>
          <responseSymbol>failure</responseSymbol>
          <shouldHandoff>false</shouldHandoff>
          <transitionValue>0.0</transitionValue>
          <destination>
            <refId>ac5a588d-c51e-409b-a097-94c88e025a69</refId>
          </destination>
          <source>
            <refId>ac5a588d-c51e-409b-a097-94c88e025a69</refId>
          </source>
          <positions/>
        </transition>
      </transitions>
      <properties/>
      <returnStepType>ERROR</returnStepType>
      <assignments/>
    </returnStep>
    <step id="519de7db-1460-4b38-9256-d3e20fee8553">
      <annotation>76a827b9-351c-4f32-b50f-fe8b84504bbc.519de7db-1460-4b38-9256-d3e20fee8553.description</annotation>
      <name>Set Failure Status</name>
      <bounds>
        <x>435.0</x>
        <y>331.0</y>
      </bounds>
      <layer>-1</layer>
      <hideInbound>false</hideInbound>
      <addResultToRunContext>false</addResultToRunContext>
      <isCriticalStep>false</isCriticalStep>
      <isNonBlocking>false</isNonBlocking>
      <isParallelStep>false</isParallelStep>
      <isSingleResponse>false</isSingleResponse>
      <recordInHistory>false</recordInHistory>
      <recordRawOutput>true</recordRawOutput>
      <recordPrimaryOutput>true</recordPrimaryOutput>
      <checkPointStep>true</checkPointStep>
      <historyCheckPointStep>true</historyCheckPointStep>
      <scriptResultStep>false</scriptResultStep>
      <userPrompt></userPrompt>
      <bindings>
        <staticBinding id="979f97ce-6cb8-4904-9cde-5e6895e7d1b8">
          <annotation></annotation>
          <assignFromContext>false</assignFromContext>
          <assignToContext>false</assignToContext>
          <inputType>STRING</inputType>
          <isList>false</isList>
          <required>true</required>
          <isPersisted>true</isPersisted>
          <inputSymbol>keyName</inputSymbol>
          <listDelimiter>,</listDelimiter>
          <value>opsFailed</value>
          <record>false</record>
        </staticBinding>
        <staticBinding id="01a11e1c-3466-4808-bd05-3b5fc40e8199">
          <annotation></annotation>
          <fromContextKey>vmMemorySize</fromContextKey>
          <assignFromContext>false</assignFromContext>
          <assignToContext>false</assignToContext>
          <inputType>STRING</inputType>
          <isList>false</isList>
          <required>true</required>
          <isPersisted>true</isPersisted>
          <inputSymbol>myValue</inputSymbol>
          <listDelimiter>,</listDelimiter>
          <value>true</value>
          <record>false</record>
        </staticBinding>
        <staticBinding id="ac114f45-1c44-4e1b-83ab-cc4fca01b4ab">
          <annotation></annotation>
          <toContextKey></toContextKey>
          <fromContextKey></fromContextKey>
          <assignFromContext>false</assignFromContext>
          <assignToContext>false</assignToContext>
          <inputType>STRING</inputType>
          <recordKey></recordKey>
          <isList>false</isList>
          <required>false</required>
          <isPersisted>true</isPersisted>
          <inputSymbol>Field_1</inputSymbol>
          <listDelimiter></listDelimiter>
          <value>${keyName}</value>
          <record>false</record>
        </staticBinding>
        <staticBinding id="1ff1480a-e1a2-4210-b53a-8ae209317d64">
          <annotation></annotation>
          <toContextKey></toContextKey>
          <fromContextKey></fromContextKey>
          <assignFromContext>false</assignFromContext>
          <assignToContext>false</assignToContext>
          <inputType>STRING</inputType>
          <recordKey></recordKey>
          <isList>false</isList>
          <required>false</required>
          <isPersisted>true</isPersisted>
          <inputSymbol>Field_2</inputSymbol>
          <listDelimiter></listDelimiter>
          <value>${myValue}</value>
          <record>false</record>
        </staticBinding>
      </bindings>
      <transitions>
        <transition id="e6de601a-ee7c-4d89-b068-322c0fa8bc5f">
          <annotation></annotation>
          <name>success</name>
          <command>NEXT</command>
          <linkMode>false</linkMode>
          <responseSymbol>success</responseSymbol>
          <shouldHandoff>false</shouldHandoff>
          <transitionValue>0.0</transitionValue>
          <destination>
            <refId>47f69adf-4eec-4cd7-94f8-14919bdbd08e</refId>
          </destination>
          <source>
            <refId>519de7db-1460-4b38-9256-d3e20fee8553</refId>
          </source>
          <positions>
            <point>
              <x>486.0</x>
              <y>365.0</y>
            </point>
            <point>
              <x>485.0</x>
              <y>217.0</y>
            </point>
          </positions>
          <labelPosition>
            <x>333.0</x>
            <y>0.0</y>
          </labelPosition>
        </transition>
      </transitions>
      <properties/>
      <opRef>
        <refId>f3112e9d-ed88-47bf-be86-2f99e8541a33</refId>
      </opRef>
      <assignments/>
      <throttleSize>0</throttleSize>
    </step>
    <step id="e980cfc0-d861-44a1-b38a-34bb92fd1001">
      <annotation>76a827b9-351c-4f32-b50f-fe8b84504bbc.e980cfc0-d861-44a1-b38a-34bb92fd1001.description</annotation>
      <name>Reset VM Memory Size</name>
      <bounds>
        <x>566.0</x>
        <y>331.0</y>
      </bounds>
      <layer>-1</layer>
      <hideInbound>false</hideInbound>
      <addResultToRunContext>false</addResultToRunContext>
      <isCriticalStep>false</isCriticalStep>
      <isNonBlocking>false</isNonBlocking>
      <isParallelStep>false</isParallelStep>
      <isSingleResponse>false</isSingleResponse>
      <recordInHistory>false</recordInHistory>
      <recordRawOutput>true</recordRawOutput>
      <recordPrimaryOutput>true</recordPrimaryOutput>
      <checkPointStep>true</checkPointStep>
      <historyCheckPointStep>true</historyCheckPointStep>
      <scriptResultStep>false</scriptResultStep>
      <userPrompt></userPrompt>
      <bindings>
        <staticBinding id="4ba0e1cc-7572-4780-8d23-4ed193c10554">
          <annotation></annotation>
          <assignFromContext>false</assignFromContext>
          <assignToContext>false</assignToContext>
          <inputType>STRING</inputType>
          <isList>false</isList>
          <required>true</required>
          <isPersisted>true</isPersisted>
          <inputSymbol>keyName</inputSymbol>
          <listDelimiter>,</listDelimiter>
          <value>memSize</value>
          <record>false</record>
        </staticBinding>
        <staticBinding id="74c1256b-6ce7-4f8f-9e33-e70189134885">
          <annotation></annotation>
          <assignFromContext>false</assignFromContext>
          <assignToContext>false</assignToContext>
          <inputType>STRING</inputType>
          <isList>false</isList>
          <required>true</required>
          <isPersisted>true</isPersisted>
          <inputSymbol>myValue</inputSymbol>
          <listDelimiter>,</listDelimiter>
          <value>${currentMemory}</value>
          <record>false</record>
        </staticBinding>
        <staticBinding id="a210b391-e78c-4de4-bdb7-1024f570a746">
          <annotation></annotation>
          <toContextKey></toContextKey>
          <fromContextKey></fromContextKey>
          <assignFromContext>false</assignFromContext>
          <assignToContext>false</assignToContext>
          <inputType>STRING</inputType>
          <recordKey></recordKey>
          <isList>false</isList>
          <required>false</required>
          <isPersisted>true</isPersisted>
          <inputSymbol>Field_1</inputSymbol>
          <listDelimiter></listDelimiter>
          <value>${keyName}</value>
          <record>false</record>
        </staticBinding>
        <staticBinding id="e79f94e6-2791-41da-8cfa-2feb2ca51fb4">
          <annotation></annotation>
          <toContextKey></toContextKey>
          <fromContextKey></fromContextKey>
          <assignFromContext>false</assignFromContext>
          <assignToContext>false</assignToContext>
          <inputType>STRING</inputType>
          <recordKey></recordKey>
          <isList>false</isList>
          <required>false</required>
          <isPersisted>true</isPersisted>
          <inputSymbol>Field_2</inputSymbol>
          <listDelimiter></listDelimiter>
          <value>${myValue}</value>
          <record>false</record>
        </staticBinding>
      </bindings>
      <transitions>
        <transition id="eab09e70-b1d5-45b1-b542-f221f0db6c19">
          <annotation></annotation>
          <name>success</name>
          <command>NEXT</command>
          <linkMode>false</linkMode>
          <responseSymbol>success</responseSymbol>
          <shouldHandoff>false</shouldHandoff>
          <transitionValue>0.0</transitionValue>
          <destination>
            <refId>519de7db-1460-4b38-9256-d3e20fee8553</refId>
          </destination>
          <source>
            <refId>e980cfc0-d861-44a1-b38a-34bb92fd1001</refId>
          </source>
          <positions>
            <point>
              <x>736.0</x>
              <y>1249.0</y>
            </point>
            <point>
              <x>881.0</x>
              <y>1232.0</y>
            </point>
          </positions>
          <labelPosition>
            <x>333.0</x>
            <y>0.0</y>
          </labelPosition>
        </transition>
      </transitions>
      <properties/>
      <opRef>
        <refId>f3112e9d-ed88-47bf-be86-2f99e8541a33</refId>
      </opRef>
      <assignments/>
      <throttleSize>0</throttleSize>
    </step>
    <step id="0f7c7a17-311e-4300-808f-8ba50b3c684d">
      <annotation>76a827b9-351c-4f32-b50f-fe8b84504bbc.0f7c7a17-311e-4300-808f-8ba50b3c684d.description</annotation>
      <name>Loop</name>
      <bounds>
        <x>811.0</x>
        <y>331.0</y>
      </bounds>
      <layer>-1</layer>
      <hideInbound>false</hideInbound>
      <addResultToRunContext>false</addResultToRunContext>
      <isCriticalStep>false</isCriticalStep>
      <isNonBlocking>false</isNonBlocking>
      <isParallelStep>false</isParallelStep>
      <isSingleResponse>false</isSingleResponse>
      <recordInHistory>false</recordInHistory>
      <recordRawOutput>true</recordRawOutput>
      <recordPrimaryOutput>true</recordPrimaryOutput>
      <checkPointStep>true</checkPointStep>
      <historyCheckPointStep>true</historyCheckPointStep>
      <scriptResultStep>false</scriptResultStep>
      <userPrompt></userPrompt>
      <bindings>
        <staticBinding id="6b04f74f-b3f4-4122-a3b0-1bdaca0ec3fa">
          <annotation></annotation>
          <assignFromContext>true</assignFromContext>
          <assignToContext>true</assignToContext>
          <inputType>STRING</inputType>
          <isList>false</isList>
          <required>true</required>
          <isPersisted>true</isPersisted>
          <inputSymbol>count</inputSymbol>
          <listDelimiter>,</listDelimiter>
          <value>1</value>
          <record>false</record>
        </staticBinding>
        <staticBinding id="e859ef78-67da-4071-9194-8bbb7540cb99">
          <annotation></annotation>
          <assignFromContext>false</assignFromContext>
          <assignToContext>false</assignToContext>
          <inputType>STRING</inputType>
          <isList>false</isList>
          <required>false</required>
          <isPersisted>true</isPersisted>
          <inputSymbol>reset</inputSymbol>
          <listDelimiter>,</listDelimiter>
          <value>false</value>
          <record>false</record>
        </staticBinding>
        <staticBinding id="bf53e325-9b0f-4733-a610-503c7622623b">
          <annotation></annotation>
          <toContextKey></toContextKey>
          <fromContextKey></fromContextKey>
          <assignFromContext>false</assignFromContext>
          <assignToContext>false</assignToContext>
          <inputType>STRING</inputType>
          <recordKey></recordKey>
          <isList>false</isList>
          <required>false</required>
          <isPersisted>true</isPersisted>
          <inputSymbol>incrementBy</inputSymbol>
          <listDelimiter></listDelimiter>
          <value>1</value>
          <record>false</record>
        </staticBinding>
        <staticBinding id="871a7851-ceb9-4848-8b30-b52918f9e6cf">
          <annotation></annotation>
          <toContextKey></toContextKey>
          <fromContextKey></fromContextKey>
          <assignFromContext>false</assignFromContext>
          <assignToContext>false</assignToContext>
          <inputType>STRING</inputType>
          <recordKey></recordKey>
          <isList>false</isList>
          <required>false</required>
          <isPersisted>true</isPersisted>
          <inputSymbol>to</inputSymbol>
          <listDelimiter></listDelimiter>
          <value>${count}</value>
          <record>false</record>
        </staticBinding>
        <staticBinding id="db5aa078-0d86-47e3-bf38-652f07780b14">
          <annotation></annotation>
          <toContextKey></toContextKey>
          <fromContextKey></fromContextKey>
          <assignFromContext>false</assignFromContext>
          <assignToContext>false</assignToContext>
          <inputType>STRING</inputType>
          <recordKey></recordKey>
          <isList>false</isList>
          <required>false</required>
          <isPersisted>true</isPersisted>
          <inputSymbol>from</inputSymbol>
          <listDelimiter></listDelimiter>
          <value>1</value>
          <record>false</record>
        </staticBinding>
      </bindings>
      <transitions>
        <transition id="d6e51bda-bb12-4c06-a101-6a93775ad622">
          <annotation></annotation>
          <name>has more</name>
          <command>NEXT</command>
          <linkMode>false</linkMode>
          <responseSymbol>has more</responseSymbol>
          <shouldHandoff>false</shouldHandoff>
          <transitionValue>0.0</transitionValue>
          <destination>
            <refId>32caaa3f-f80e-4403-b5a0-ba92adaced06</refId>
          </destination>
          <source>
            <refId>0f7c7a17-311e-4300-808f-8ba50b3c684d</refId>
          </source>
          <positions>
            <point>
              <x>564.0</x>
              <y>417.0</y>
            </point>
            <point>
              <x>751.0</x>
              <y>417.0</y>
            </point>
          </positions>
          <labelPosition>
            <x>333.0</x>
            <y>0.0</y>
          </labelPosition>
        </transition>
        <transition id="8b3bcbfd-e806-4298-9d5b-adbb088edf3e">
          <annotation></annotation>
          <name>failure</name>
          <command>NEXT</command>
          <linkMode>false</linkMode>
          <responseSymbol>failure</responseSymbol>
          <shouldHandoff>false</shouldHandoff>
          <transitionValue>0.0</transitionValue>
          <destination>
            <refId>a56f2b9f-ff87-41c7-9cf7-9cc9afe44300</refId>
          </destination>
          <source>
            <refId>0f7c7a17-311e-4300-808f-8ba50b3c684d</refId>
          </source>
          <positions>
            <point>
              <x>875.0</x>
              <y>355.0</y>
            </point>
            <point>
              <x>1008.0</x>
              <y>341.0</y>
            </point>
          </positions>
          <labelPosition>
            <x>333.0</x>
            <y>0.0</y>
          </labelPosition>
        </transition>
        <transition id="84127f47-98fc-42c8-bee3-cc74e9a798b6">
          <annotation></annotation>
          <name>no more</name>
          <command>NEXT</command>
          <linkMode>false</linkMode>
          <responseSymbol>no more</responseSymbol>
          <shouldHandoff>false</shouldHandoff>
          <transitionValue>0.0</transitionValue>
          <destination>
            <refId>a56f2b9f-ff87-41c7-9cf7-9cc9afe44300</refId>
          </destination>
          <source>
            <refId>0f7c7a17-311e-4300-808f-8ba50b3c684d</refId>
          </source>
          <positions>
            <point>
              <x>875.0</x>
              <y>355.0</y>
            </point>
            <point>
              <x>935.7870085025129</x>
              <y>331.97958303341494</y>
            </point>
            <point>
              <x>937.8514553385253</x>
              <y>332.0472698149236</y>
            </point>
            <point>
              <x>997.0</x>
              <y>359.0</y>
            </point>
          </positions>
          <labelPosition>
            <x>333.0</x>
            <y>0.0</y>
          </labelPosition>
        </transition>
      </transitions>
      <properties/>
      <opRef>
        <refId>1f0d93cd-2692-4339-81d7-9b3c6de46029</refId>
      </opRef>
      <assignments/>
      <throttleSize>0</throttleSize>
    </step>
    <step id="32caaa3f-f80e-4403-b5a0-ba92adaced06">
      <annotation>76a827b9-351c-4f32-b50f-fe8b84504bbc.32caaa3f-f80e-4403-b5a0-ba92adaced06.description</annotation>
      <name>Reset VM CPU Count</name>
      <bounds>
        <x>700.0</x>
        <y>331.0</y>
      </bounds>
      <layer>-1</layer>
      <hideInbound>false</hideInbound>
      <addResultToRunContext>false</addResultToRunContext>
      <isCriticalStep>false</isCriticalStep>
      <isNonBlocking>false</isNonBlocking>
      <isParallelStep>false</isParallelStep>
      <isSingleResponse>false</isSingleResponse>
      <recordInHistory>false</recordInHistory>
      <recordRawOutput>true</recordRawOutput>
      <recordPrimaryOutput>true</recordPrimaryOutput>
      <checkPointStep>true</checkPointStep>
      <historyCheckPointStep>true</historyCheckPointStep>
      <scriptResultStep>false</scriptResultStep>
      <userPrompt></userPrompt>
      <bindings>
        <staticBinding id="dfe266db-b326-4513-9d21-2b9b9bbc60f4">
          <annotation></annotation>
          <assignFromContext>false</assignFromContext>
          <assignToContext>false</assignToContext>
          <inputType>STRING</inputType>
          <isList>false</isList>
          <required>true</required>
          <isPersisted>true</isPersisted>
          <inputSymbol>keyName</inputSymbol>
          <listDelimiter>,</listDelimiter>
          <value>cpuCount</value>
          <record>false</record>
        </staticBinding>
        <staticBinding id="1641eee3-519b-4e82-a027-52a5369b8ccb">
          <annotation></annotation>
          <assignFromContext>false</assignFromContext>
          <assignToContext>false</assignToContext>
          <inputType>STRING</inputType>
          <isList>false</isList>
          <required>true</required>
          <isPersisted>true</isPersisted>
          <inputSymbol>myValue</inputSymbol>
          <listDelimiter>,</listDelimiter>
          <value>${currentCPUs}</value>
          <record>false</record>
        </staticBinding>
        <staticBinding id="71933557-fe25-46e9-9dd0-38785550462b">
          <annotation></annotation>
          <toContextKey></toContextKey>
          <fromContextKey></fromContextKey>
          <assignFromContext>false</assignFromContext>
          <assignToContext>false</assignToContext>
          <inputType>STRING</inputType>
          <recordKey></recordKey>
          <isList>false</isList>
          <required>false</required>
          <isPersisted>true</isPersisted>
          <inputSymbol>Field_1</inputSymbol>
          <listDelimiter></listDelimiter>
          <value>${keyName}</value>
          <record>false</record>
        </staticBinding>
        <staticBinding id="01e8c107-0356-49b5-a9f4-8b76f29f6fe3">
          <annotation></annotation>
          <toContextKey></toContextKey>
          <fromContextKey></fromContextKey>
          <assignFromContext>false</assignFromContext>
          <assignToContext>false</assignToContext>
          <inputType>STRING</inputType>
          <recordKey></recordKey>
          <isList>false</isList>
          <required>false</required>
          <isPersisted>true</isPersisted>
          <inputSymbol>Field_2</inputSymbol>
          <listDelimiter></listDelimiter>
          <value>${myValue}</value>
          <record>false</record>
        </staticBinding>
      </bindings>
      <transitions>
        <transition id="3b7c968e-f619-4945-9683-85c7f71208e3">
          <annotation></annotation>
          <name>success</name>
          <command>NEXT</command>
          <linkMode>false</linkMode>
          <responseSymbol>success</responseSymbol>
          <shouldHandoff>false</shouldHandoff>
          <transitionValue>0.0</transitionValue>
          <destination>
            <refId>e980cfc0-d861-44a1-b38a-34bb92fd1001</refId>
          </destination>
          <source>
            <refId>32caaa3f-f80e-4403-b5a0-ba92adaced06</refId>
          </source>
          <positions>
            <point>
              <x>609.0</x>
              <y>1109.0</y>
            </point>
            <point>
              <x>741.0</x>
              <y>1100.0</y>
            </point>
          </positions>
          <labelPosition>
            <x>577.5845877348546</x>
            <y>0.3485990873322278</y>
          </labelPosition>
        </transition>
      </transitions>
      <properties/>
      <opRef>
        <refId>f3112e9d-ed88-47bf-be86-2f99e8541a33</refId>
      </opRef>
      <assignments/>
      <throttleSize>0</throttleSize>
    </step>
    <step id="e49b105a-ed02-4154-8aaa-57a2ddb43737">
      <annotation></annotation>
      <name>SCVMM_poweroffVM</name>
      <bounds>
        <x>305.0</x>
        <y>183.0</y>
      </bounds>
      <layer>-1</layer>
      <hideInbound>false</hideInbound>
      <iconSpec id="ac7426d7-51df-4fe9-87dd-72d297ec501f">
        <baseIcon>flow.png</baseIcon>
        <basePath>System</basePath>
        <readOnly>false</readOnly>
        <layers/>
      </iconSpec>
      <addResultToRunContext>false</addResultToRunContext>
      <isCriticalStep>false</isCriticalStep>
      <isNonBlocking>false</isNonBlocking>
      <isParallelStep>false</isParallelStep>
      <isSingleResponse>false</isSingleResponse>
      <recordInHistory>false</recordInHistory>
      <recordRawOutput>true</recordRawOutput>
      <recordPrimaryOutput>true</recordPrimaryOutput>
      <checkPointStep>true</checkPointStep>
      <historyCheckPointStep>true</historyCheckPointStep>
      <scriptResultStep>false</scriptResultStep>
      <userPrompt></userPrompt>
      <bindings>
        <staticBinding id="aa19ad84-d82c-49c2-89a6-3040b861c51e">
          <annotation></annotation>
          <assignFromContext>false</assignFromContext>
          <assignToContext>false</assignToContext>
          <inputType>STRING</inputType>
          <isList>false</isList>
          <required>false</required>
          <isPersisted>true</isPersisted>
          <inputSymbol>vmName</inputSymbol>
          <listDelimiter>,</listDelimiter>
          <value>${vmName}</value>
          <record>false</record>
        </staticBinding>
        <staticBinding id="e80b1133-b8e8-4c20-a82f-6b8494ad6edf">
          <annotation></annotation>
          <assignFromContext>false</assignFromContext>
          <assignToContext>false</assignToContext>
          <inputType>STRING</inputType>
          <isList>false</isList>
          <required>false</required>
          <isPersisted>true</isPersisted>
          <inputSymbol>host</inputSymbol>
          <listDelimiter>,</listDelimiter>
          <value>${host}</value>
          <record>false</record>
        </staticBinding>
      </bindings>
      <transitions>
        <transition id="afcadcaa-81d9-4fef-be69-157efb6beeab">
          <annotation></annotation>
          <name>success</name>
          <command>NEXT</command>
          <linkMode>false</linkMode>
          <responseSymbol>success</responseSymbol>
          <shouldHandoff>false</shouldHandoff>
          <transitionValue>0.0</transitionValue>
          <destination>
            <refId>47f69adf-4eec-4cd7-94f8-14919bdbd08e</refId>
          </destination>
          <source>
            <refId>e49b105a-ed02-4154-8aaa-57a2ddb43737</refId>
          </source>
          <positions>
            <point>
              <x>342.0</x>
              <y>204.0</y>
            </point>
            <point>
              <x>451.0</x>
              <y>205.0</y>
            </point>
          </positions>
          <labelPosition>
            <x>333.0</x>
            <y>0.0</y>
          </labelPosition>
        </transition>
        <transition id="30e3bd74-66ce-41df-b01a-1f34da5d9a4b">
          <annotation></annotation>
          <name>failure</name>
          <command>NEXT</command>
          <linkMode>false</linkMode>
          <responseSymbol>failure</responseSymbol>
          <shouldHandoff>false</shouldHandoff>
          <transitionValue>0.0</transitionValue>
          <destination>
            <refId>ac5a588d-c51e-409b-a097-94c88e025a69</refId>
          </destination>
          <source>
            <refId>e49b105a-ed02-4154-8aaa-57a2ddb43737</refId>
          </source>
          <positions>
            <point>
              <x>342.0</x>
              <y>204.0</y>
            </point>
            <point>
              <x>344.0</x>
              <y>345.0</y>
            </point>
          </positions>
          <labelPosition>
            <x>333.0</x>
            <y>0.0</y>
          </labelPosition>
        </transition>
      </transitions>
      <properties/>
      <opRef>
        <refId>7e84daa5-631a-4ae9-a77a-18d95e066a11</refId>
      </opRef>
      <assignments/>
      <throttleSize>0</throttleSize>
    </step>
    <step id="5d692150-1f45-4903-8ec9-2fa1c0bef748">
      <annotation></annotation>
      <name>SCVMM_getCpuCount</name>
      <bounds>
        <x>23.0</x>
        <y>183.0</y>
      </bounds>
      <layer>-1</layer>
      <hideInbound>false</hideInbound>
      <iconSpec id="356ed256-b43c-4b6d-9837-5a34e73ae6aa">
        <baseIcon>flow.png</baseIcon>
        <basePath>System</basePath>
        <readOnly>false</readOnly>
        <layers/>
      </iconSpec>
      <addResultToRunContext>false</addResultToRunContext>
      <isCriticalStep>false</isCriticalStep>
      <isNonBlocking>false</isNonBlocking>
      <isParallelStep>false</isParallelStep>
      <isSingleResponse>false</isSingleResponse>
      <recordInHistory>false</recordInHistory>
      <recordRawOutput>true</recordRawOutput>
      <recordPrimaryOutput>true</recordPrimaryOutput>
      <checkPointStep>true</checkPointStep>
      <historyCheckPointStep>true</historyCheckPointStep>
      <scriptResultStep>false</scriptResultStep>
      <userPrompt></userPrompt>
      <bindings>
        <staticBinding id="68b044fc-bbef-4db4-a304-8599efb0f2c1">
          <annotation></annotation>
          <assignFromContext>false</assignFromContext>
          <assignToContext>false</assignToContext>
          <inputType>STRING</inputType>
          <isList>false</isList>
          <required>false</required>
          <isPersisted>true</isPersisted>
          <inputSymbol>vmName</inputSymbol>
          <listDelimiter>,</listDelimiter>
          <value>${vmName}</value>
          <record>false</record>
        </staticBinding>
        <staticBinding id="a2335cfb-0909-42b6-b481-5544b0b518e3">
          <annotation></annotation>
          <assignFromContext>true</assignFromContext>
          <assignToContext>false</assignToContext>
          <inputType>STRING</inputType>
          <isList>false</isList>
          <required>true</required>
          <isPersisted>true</isPersisted>
          <inputSymbol>host</inputSymbol>
          <listDelimiter>,</listDelimiter>
          <value>${host}</value>
          <record>false</record>
        </staticBinding>
      </bindings>
      <transitions>
        <transition id="1e94662a-5d2c-4a8c-a7c3-1db70c0820fd">
          <annotation></annotation>
          <name>failure</name>
          <command>NEXT</command>
          <linkMode>false</linkMode>
          <responseSymbol>failure</responseSymbol>
          <shouldHandoff>false</shouldHandoff>
          <transitionValue>0.0</transitionValue>
          <destination>
            <refId>250c65db-b4be-4e5c-bac4-259f9f59577a</refId>
          </destination>
          <source>
            <refId>5d692150-1f45-4903-8ec9-2fa1c0bef748</refId>
          </source>
          <positions>
            <point>
              <x>50.0</x>
              <y>204.0</y>
            </point>
            <point>
              <x>230.0</x>
              <y>52.0</y>
            </point>
          </positions>
          <labelPosition>
            <x>333.0</x>
            <y>0.0</y>
          </labelPosition>
        </transition>
        <transition id="cf6d95fc-77f0-4f76-b35b-c2befec3821b">
          <annotation></annotation>
          <name>success</name>
          <command>NEXT</command>
          <linkMode>false</linkMode>
          <responseSymbol>success</responseSymbol>
          <shouldHandoff>false</shouldHandoff>
          <transitionValue>0.0</transitionValue>
          <destination>
            <refId>835b2f5d-f0bd-4d87-9e6f-d99a5b365585</refId>
          </destination>
          <source>
            <refId>5d692150-1f45-4903-8ec9-2fa1c0bef748</refId>
          </source>
          <positions>
            <point>
              <x>73.0</x>
              <y>217.0</y>
            </point>
            <point>
              <x>235.0</x>
              <y>218.0</y>
            </point>
          </positions>
          <labelPosition>
            <x>333.0</x>
            <y>0.0</y>
          </labelPosition>
        </transition>
      </transitions>
      <properties/>
      <opRef>
        <refId>2a43fd12-7db9-4f0f-a4a4-59d1b8e5a76a</refId>
      </opRef>
      <assignments>
        <flowVariableAssignment id="73290ba8-db6f-4283-8cc3-433b094dfddd">
          <annotation></annotation>
          <name>assignment</name>
          <action>OVERWRITE</action>
          <assignmentTargetType>FLOW_VARIABLE</assignmentTargetType>
          <contextKey>currentCpu</contextKey>
          <expression id="d285de7f-34d4-4e86-b398-d6562f22e7f8">
            <annotation></annotation>
            <name>Result Field: cpuCount</name>
            <fieldName>cpuCount</fieldName>
            <sourceType>RAWRESULT</sourceType>
            <filters/>
          </expression>
        </flowVariableAssignment>
      </assignments>
      <throttleSize>0</throttleSize>
    </step>
    <step id="47f69adf-4eec-4cd7-94f8-14919bdbd08e">
      <annotation></annotation>
      <name>SCVMM_setCpuCounts</name>
      <bounds>
        <x>435.0</x>
        <y>183.0</y>
      </bounds>
      <layer>-1</layer>
      <hideInbound>false</hideInbound>
      <addResultToRunContext>false</addResultToRunContext>
      <isCriticalStep>false</isCriticalStep>
      <isNonBlocking>false</isNonBlocking>
      <isParallelStep>false</isParallelStep>
      <isSingleResponse>false</isSingleResponse>
      <recordInHistory>false</recordInHistory>
      <recordRawOutput>true</recordRawOutput>
      <recordPrimaryOutput>true</recordPrimaryOutput>
      <checkPointStep>true</checkPointStep>
      <historyCheckPointStep>true</historyCheckPointStep>
      <scriptResultStep>false</scriptResultStep>
      <userPrompt></userPrompt>
      <bindings>
        <staticBinding id="bb344724-ad07-477a-9388-c720af0b5e00">
          <annotation></annotation>
          <assignFromContext>false</assignFromContext>
          <assignToContext>false</assignToContext>
          <inputType>STRING</inputType>
          <isList>false</isList>
          <required>false</required>
          <isPersisted>true</isPersisted>
          <inputSymbol>vmName</inputSymbol>
          <listDelimiter>,</listDelimiter>
          <value>${vmName}</value>
          <record>false</record>
        </staticBinding>
        <staticBinding id="6a9a88a2-ad9d-46fc-a7a1-e6285de6d190">
          <annotation></annotation>
          <assignFromContext>false</assignFromContext>
          <assignToContext>false</assignToContext>
          <inputType>STRING</inputType>
          <isList>false</isList>
          <required>false</required>
          <isPersisted>true</isPersisted>
          <inputSymbol>cpuCounts</inputSymbol>
          <listDelimiter>,</listDelimiter>
          <value>${cpuCount}</value>
          <record>false</record>
        </staticBinding>
        <staticBinding id="6b6208c0-ab2d-496e-9b87-154d61949a8b">
          <annotation></annotation>
          <assignFromContext>false</assignFromContext>
          <assignToContext>false</assignToContext>
          <inputType>STRING</inputType>
          <isList>false</isList>
          <required>false</required>
          <isPersisted>true</isPersisted>
          <inputSymbol>host</inputSymbol>
          <listDelimiter>,</listDelimiter>
          <value>${host}</value>
          <record>false</record>
        </staticBinding>
      </bindings>
      <transitions>
        <transition id="8f8f53a7-128d-4086-ba68-6037c2a2575d">
          <annotation></annotation>
          <name>success</name>
          <command>NEXT</command>
          <linkMode>false</linkMode>
          <responseSymbol>success</responseSymbol>
          <shouldHandoff>false</shouldHandoff>
          <transitionValue>0.0</transitionValue>
          <destination>
            <refId>470c860c-7d00-46a0-bec0-0894f48f5b4f</refId>
          </destination>
          <source>
            <refId>47f69adf-4eec-4cd7-94f8-14919bdbd08e</refId>
          </source>
          <positions>
            <point>
              <x>451.0</x>
              <y>205.0</y>
            </point>
            <point>
              <x>662.0</x>
              <y>212.0</y>
            </point>
          </positions>
          <labelPosition>
            <x>333.0</x>
            <y>0.0</y>
          </labelPosition>
        </transition>
        <transition id="aa52a7f9-05ed-4556-a10d-c74d4b754cc5">
          <annotation></annotation>
          <name>failure</name>
          <command>NEXT</command>
          <linkMode>false</linkMode>
          <responseSymbol>failure</responseSymbol>
          <shouldHandoff>false</shouldHandoff>
          <transitionValue>0.0</transitionValue>
          <destination>
            <refId>519de7db-1460-4b38-9256-d3e20fee8553</refId>
          </destination>
          <source>
            <refId>47f69adf-4eec-4cd7-94f8-14919bdbd08e</refId>
          </source>
          <positions>
            <point>
              <x>485.0</x>
              <y>217.0</y>
            </point>
            <point>
              <x>510.4048254990972</x>
              <y>276.8297153708792</y>
            </point>
            <point>
              <x>510.59403319593457</x>
              <y>304.83245450280305</y>
            </point>
            <point>
              <x>486.0</x>
              <y>365.0</y>
            </point>
          </positions>
          <labelPosition>
            <x>333.0</x>
            <y>0.0</y>
          </labelPosition>
        </transition>
      </transitions>
      <properties/>
      <opRef>
        <refId>90c25d75-5b7d-417d-a4a7-2db2c7ff939a</refId>
      </opRef>
      <assignments/>
      <throttleSize>0</throttleSize>
    </step>
    <returnStep id="250c65db-b4be-4e5c-bac4-259f9f59577a">
      <annotation></annotation>
      <name>Error : failure</name>
      <bounds>
        <x>180.0</x>
        <y>16.0</y>
      </bounds>
      <layer>-1</layer>
      <hideInbound>false</hideInbound>
      <addResultToRunContext>false</addResultToRunContext>
      <isCriticalStep>false</isCriticalStep>
      <isNonBlocking>false</isNonBlocking>
      <isParallelStep>false</isParallelStep>
      <isSingleResponse>false</isSingleResponse>
      <recordInHistory>false</recordInHistory>
      <recordRawOutput>true</recordRawOutput>
      <recordPrimaryOutput>true</recordPrimaryOutput>
      <checkPointStep>true</checkPointStep>
      <historyCheckPointStep>true</historyCheckPointStep>
      <scriptResultStep>false</scriptResultStep>
      <userPrompt></userPrompt>
      <bindings/>
      <transitions>
        <transition id="e8891445-a3d2-412a-ba9d-6f4babc53cbb">
          <annotation></annotation>
          <name>return</name>
          <command>NEXT</command>
          <linkMode>false</linkMode>
          <responseSymbol>failure</responseSymbol>
          <shouldHandoff>false</shouldHandoff>
          <transitionValue>0.0</transitionValue>
          <destination>
            <refId>250c65db-b4be-4e5c-bac4-259f9f59577a</refId>
          </destination>
          <source>
            <refId>250c65db-b4be-4e5c-bac4-259f9f59577a</refId>
          </source>
          <positions/>
        </transition>
        <transition id="8b484091-df38-4b03-9f4a-ffac7ee8ce78">
          <annotation></annotation>
          <name>return</name>
          <command>NEXT</command>
          <linkMode>false</linkMode>
          <responseSymbol>failure</responseSymbol>
          <shouldHandoff>false</shouldHandoff>
          <transitionValue>0.0</transitionValue>
          <destination>
            <refId>250c65db-b4be-4e5c-bac4-259f9f59577a</refId>
          </destination>
          <source>
            <refId>250c65db-b4be-4e5c-bac4-259f9f59577a</refId>
          </source>
          <positions/>
        </transition>
      </transitions>
      <properties/>
      <returnStepType>ERROR</returnStepType>
      <assignments/>
    </returnStep>
    <step id="470c860c-7d00-46a0-bec0-0894f48f5b4f">
      <annotation></annotation>
      <name>SCVMM_setMemorySize</name>
      <bounds>
        <x>618.0</x>
        <y>183.0</y>
      </bounds>
      <layer>-1</layer>
      <hideInbound>false</hideInbound>
      <addResultToRunContext>false</addResultToRunContext>
      <isCriticalStep>false</isCriticalStep>
      <isNonBlocking>false</isNonBlocking>
      <isParallelStep>false</isParallelStep>
      <isSingleResponse>false</isSingleResponse>
      <recordInHistory>false</recordInHistory>
      <recordRawOutput>true</recordRawOutput>
      <recordPrimaryOutput>true</recordPrimaryOutput>
      <checkPointStep>true</checkPointStep>
      <historyCheckPointStep>true</historyCheckPointStep>
      <scriptResultStep>false</scriptResultStep>
      <userPrompt></userPrompt>
      <bindings>
        <staticBinding id="b50438d4-d929-450e-b7da-0bc9e550d78d">
          <annotation></annotation>
          <assignFromContext>false</assignFromContext>
          <assignToContext>false</assignToContext>
          <inputType>STRING</inputType>
          <isList>false</isList>
          <required>false</required>
          <isPersisted>true</isPersisted>
          <inputSymbol>vmName</inputSymbol>
          <listDelimiter>,</listDelimiter>
          <value>${vmName}</value>
          <record>false</record>
        </staticBinding>
        <staticBinding id="5f554ef2-16f8-4b50-957f-9ee0affefdb1">
          <annotation></annotation>
          <assignFromContext>false</assignFromContext>
          <assignToContext>false</assignToContext>
          <inputType>STRING</inputType>
          <isList>false</isList>
          <required>false</required>
          <isPersisted>true</isPersisted>
          <inputSymbol>memorySize</inputSymbol>
          <listDelimiter>,</listDelimiter>
          <value>${memSize}</value>
          <record>false</record>
        </staticBinding>
        <staticBinding id="e23408db-b0eb-4796-afcb-fd87215e9a37">
          <annotation></annotation>
          <assignFromContext>false</assignFromContext>
          <assignToContext>false</assignToContext>
          <inputType>STRING</inputType>
          <isList>false</isList>
          <required>false</required>
          <isPersisted>true</isPersisted>
          <inputSymbol>host</inputSymbol>
          <listDelimiter>,</listDelimiter>
          <value>${host}</value>
          <record>false</record>
        </staticBinding>
      </bindings>
      <transitions>
        <transition id="a5876b9d-5f3d-4045-895b-051cefdfad3e">
          <annotation></annotation>
          <name>failure</name>
          <command>NEXT</command>
          <linkMode>false</linkMode>
          <responseSymbol>failure</responseSymbol>
          <shouldHandoff>false</shouldHandoff>
          <transitionValue>0.0</transitionValue>
          <destination>
            <refId>650d397b-71fd-47c1-9da1-af24a1eec0d6</refId>
          </destination>
          <source>
            <refId>470c860c-7d00-46a0-bec0-0894f48f5b4f</refId>
          </source>
          <positions>
            <point>
              <x>662.0</x>
              <y>212.0</y>
            </point>
            <point>
              <x>641.0</x>
              <y>76.0</y>
            </point>
          </positions>
          <labelPosition>
            <x>333.0</x>
            <y>0.0</y>
          </labelPosition>
        </transition>
        <transition id="b4b688bd-06a5-4c7c-98c3-b15dbd455e71">
          <annotation></annotation>
          <name>success</name>
          <command>NEXT</command>
          <linkMode>false</linkMode>
          <responseSymbol>success</responseSymbol>
          <shouldHandoff>false</shouldHandoff>
          <transitionValue>0.0</transitionValue>
          <destination>
            <refId>79304b5e-9b9b-4eeb-99bd-ab7a7fcd300b</refId>
          </destination>
          <source>
            <refId>470c860c-7d00-46a0-bec0-0894f48f5b4f</refId>
          </source>
          <positions>
            <point>
              <x>668.0</x>
              <y>209.0</y>
            </point>
            <point>
              <x>833.0</x>
              <y>200.0</y>
            </point>
          </positions>
          <labelPosition>
            <x>333.0</x>
            <y>0.0</y>
          </labelPosition>
        </transition>
      </transitions>
      <properties/>
      <opRef>
        <refId>ac9796c6-0b53-46d3-905d-fc28be063e0e</refId>
      </opRef>
      <assignments/>
      <throttleSize>0</throttleSize>
    </step>
    <step id="2e5b1573-3819-4163-a436-1173211700c8">
      <annotation>76a827b9-351c-4f32-b50f-fe8b84504bbc.2e5b1573-3819-4163-a436-1173211700c8.description</annotation>
      <name>Is VM in Suspended State?</name>
      <bounds>
        <x>305.0</x>
        <y>16.0</y>
      </bounds>
      <layer>-1</layer>
      <hideInbound>false</hideInbound>
      <iconSpec id="8df37e92-c26c-4c99-b4aa-41cc7f85ba1f">
        <baseIcon>compare.png</baseIcon>
        <basePath>Utilities/</basePath>
        <readOnly>false</readOnly>
        <layers>
          <iconSpec id="70a5e705-c28b-44dd-a321-eb84e638103a">
            <baseIcon>add.png</baseIcon>
            <basePath>/Annotations/</basePath>
            <readOnly>false</readOnly>
            <layers/>
          </iconSpec>
        </layers>
      </iconSpec>
      <addResultToRunContext>false</addResultToRunContext>
      <isCriticalStep>false</isCriticalStep>
      <isNonBlocking>false</isNonBlocking>
      <isParallelStep>false</isParallelStep>
      <isSingleResponse>false</isSingleResponse>
      <recordInHistory>false</recordInHistory>
      <recordRawOutput>true</recordRawOutput>
      <recordPrimaryOutput>true</recordPrimaryOutput>
      <checkPointStep>true</checkPointStep>
      <historyCheckPointStep>true</historyCheckPointStep>
      <scriptResultStep>false</scriptResultStep>
      <userPrompt></userPrompt>
      <bindings>
        <staticBinding id="b2ffcad8-3f26-4e8d-ae62-29988b88574f">
          <annotation></annotation>
          <assignFromContext>false</assignFromContext>
          <assignToContext>false</assignToContext>
          <inputType>STRING</inputType>
          <isList>false</isList>
          <required>false</required>
          <isPersisted>true</isPersisted>
          <inputSymbol>string1</inputSymbol>
          <listDelimiter>,</listDelimiter>
          <value>suspended</value>
          <record>false</record>
        </staticBinding>
        <staticBinding id="c8822cf2-a641-431b-9207-354ad92f127a">
          <annotation></annotation>
          <fromContextKey>currentPowerState</fromContextKey>
          <assignFromContext>true</assignFromContext>
          <assignToContext>false</assignToContext>
          <inputType>STRING</inputType>
          <isList>false</isList>
          <required>false</required>
          <isPersisted>true</isPersisted>
          <inputSymbol>string2</inputSymbol>
          <listDelimiter>,</listDelimiter>
          <value></value>
          <record>false</record>
        </staticBinding>
        <staticBinding id="d010da34-39a9-49c0-8006-2ffdacf96556">
          <annotation></annotation>
          <assignFromContext>false</assignFromContext>
          <assignToContext>false</assignToContext>
          <inputType>STRING</inputType>
          <isList>false</isList>
          <required>false</required>
          <isPersisted>true</isPersisted>
          <inputSymbol>ignoreCase</inputSymbol>
          <listDelimiter>,</listDelimiter>
          <value>true</value>
          <record>false</record>
        </staticBinding>
        <staticBinding id="0cef3831-bc3c-47bc-a21d-8d64d4268b48">
          <annotation></annotation>
          <toContextKey></toContextKey>
          <fromContextKey></fromContextKey>
          <assignFromContext>false</assignFromContext>
          <assignToContext>false</assignToContext>
          <inputType>STRING</inputType>
          <recordKey></recordKey>
          <isList>false</isList>
          <required>false</required>
          <isPersisted>true</isPersisted>
          <inputSymbol>Field_4</inputSymbol>
          <listDelimiter></listDelimiter>
          <value>${in4}</value>
          <record>false</record>
        </staticBinding>
        <staticBinding id="6d46db16-7ffb-47de-8995-c5750bb58a06">
          <annotation></annotation>
          <toContextKey></toContextKey>
          <fromContextKey></fromContextKey>
          <assignFromContext>false</assignFromContext>
          <assignToContext>false</assignToContext>
          <inputType>STRING</inputType>
          <recordKey></recordKey>
          <isList>false</isList>
          <required>false</required>
          <isPersisted>true</isPersisted>
          <inputSymbol>Field_3</inputSymbol>
          <listDelimiter></listDelimiter>
          <value>${in3}</value>
          <record>false</record>
        </staticBinding>
        <staticBinding id="35a44e12-0bff-4bdf-bae0-9805587cf564">
          <annotation></annotation>
          <toContextKey></toContextKey>
          <fromContextKey></fromContextKey>
          <assignFromContext>false</assignFromContext>
          <assignToContext>false</assignToContext>
          <inputType>STRING</inputType>
          <recordKey></recordKey>
          <isList>false</isList>
          <required>false</required>
          <isPersisted>true</isPersisted>
          <inputSymbol>Field_1</inputSymbol>
          <listDelimiter></listDelimiter>
          <value>${in1}</value>
          <record>false</record>
        </staticBinding>
        <staticBinding id="2eb0c64b-dcbb-416d-909f-65b19d54d57e">
          <annotation></annotation>
          <toContextKey></toContextKey>
          <fromContextKey></fromContextKey>
          <assignFromContext>false</assignFromContext>
          <assignToContext>false</assignToContext>
          <inputType>STRING</inputType>
          <recordKey></recordKey>
          <isList>false</isList>
          <required>false</required>
          <isPersisted>true</isPersisted>
          <inputSymbol>Field_2</inputSymbol>
          <listDelimiter></listDelimiter>
          <value>${in2}</value>
          <record>false</record>
        </staticBinding>
      </bindings>
      <transitions>
        <transition id="7bd21cfd-3074-473a-8b72-3fdf23bb65a5">
          <annotation></annotation>
          <name>true</name>
          <command>NEXT</command>
          <linkMode>false</linkMode>
          <responseSymbol>true</responseSymbol>
          <shouldHandoff>false</shouldHandoff>
          <transitionValue>0.0</transitionValue>
          <destination>
            <refId>e44e5257-8cdc-4d9d-93a3-efc2bff1362c</refId>
          </destination>
          <source>
            <refId>2e5b1573-3819-4163-a436-1173211700c8</refId>
          </source>
          <positions>
            <point>
              <x>344.0</x>
              <y>63.0</y>
            </point>
            <point>
              <x>439.0</x>
              <y>208.0</y>
            </point>
          </positions>
          <labelPosition>
            <x>333.0</x>
            <y>0.0</y>
          </labelPosition>
        </transition>
        <transition id="dcad7adb-72f3-4616-bad4-74c267ba921a">
          <annotation></annotation>
          <name>false</name>
          <command>NEXT</command>
          <linkMode>false</linkMode>
          <responseSymbol>false</responseSymbol>
          <shouldHandoff>false</shouldHandoff>
          <transitionValue>0.0</transitionValue>
          <destination>
            <refId>e49b105a-ed02-4154-8aaa-57a2ddb43737</refId>
          </destination>
          <source>
            <refId>2e5b1573-3819-4163-a436-1173211700c8</refId>
          </source>
          <positions>
            <point>
              <x>344.0</x>
              <y>63.0</y>
            </point>
            <point>
              <x>342.0</x>
              <y>204.0</y>
            </point>
          </positions>
          <labelPosition>
            <x>333.0</x>
            <y>0.0</y>
          </labelPosition>
        </transition>
      </transitions>
      <properties/>
      <opRef>
        <refId>7c2f47aa-a4b3-4a7d-b3d4-007f285f7d29</refId>
      </opRef>
      <assignments/>
      <throttleSize>0</throttleSize>
    </step>
    <step id="e44e5257-8cdc-4d9d-93a3-efc2bff1362c">
      <annotation>76a827b9-351c-4f32-b50f-fe8b84504bbc.e44e5257-8cdc-4d9d-93a3-efc2bff1362c.description</annotation>
      <name>Is VM in PoweredOn State?</name>
      <bounds>
        <x>435.0</x>
        <y>16.0</y>
      </bounds>
      <layer>-1</layer>
      <hideInbound>false</hideInbound>
      <iconSpec id="00604802-41b3-44c3-965f-961dcd08d15f">
        <baseIcon>compare.png</baseIcon>
        <basePath>Utilities/</basePath>
        <readOnly>false</readOnly>
        <layers>
          <iconSpec id="5d66c25c-25da-4bac-a2fc-d5d4a99f42a2">
            <baseIcon>add.png</baseIcon>
            <basePath>/Annotations/</basePath>
            <readOnly>false</readOnly>
            <layers/>
          </iconSpec>
        </layers>
      </iconSpec>
      <addResultToRunContext>false</addResultToRunContext>
      <isCriticalStep>false</isCriticalStep>
      <isNonBlocking>false</isNonBlocking>
      <isParallelStep>false</isParallelStep>
      <isSingleResponse>false</isSingleResponse>
      <recordInHistory>false</recordInHistory>
      <recordRawOutput>true</recordRawOutput>
      <recordPrimaryOutput>true</recordPrimaryOutput>
      <checkPointStep>true</checkPointStep>
      <historyCheckPointStep>true</historyCheckPointStep>
      <scriptResultStep>false</scriptResultStep>
      <userPrompt></userPrompt>
      <bindings>
        <staticBinding id="89ef646f-5ff3-4de4-ac6d-03f5d8c33ede">
          <annotation></annotation>
          <assignFromContext>false</assignFromContext>
          <assignToContext>false</assignToContext>
          <inputType>STRING</inputType>
          <isList>false</isList>
          <required>false</required>
          <isPersisted>true</isPersisted>
          <inputSymbol>string1</inputSymbol>
          <listDelimiter>,</listDelimiter>
          <value>poweredOn</value>
          <record>false</record>
        </staticBinding>
        <staticBinding id="abde068c-6c4a-43b4-a3be-8c372e5b8ad0">
          <annotation></annotation>
          <fromContextKey>currentPowerState</fromContextKey>
          <assignFromContext>true</assignFromContext>
          <assignToContext>false</assignToContext>
          <inputType>STRING</inputType>
          <isList>false</isList>
          <required>false</required>
          <isPersisted>true</isPersisted>
          <inputSymbol>string2</inputSymbol>
          <listDelimiter>,</listDelimiter>
          <value></value>
          <record>false</record>
        </staticBinding>
        <staticBinding id="c6fa226a-5ad0-4a8b-b3a2-0059997006db">
          <annotation></annotation>
          <assignFromContext>false</assignFromContext>
          <assignToContext>false</assignToContext>
          <inputType>STRING</inputType>
          <isList>false</isList>
          <required>false</required>
          <isPersisted>true</isPersisted>
          <inputSymbol>ignoreCase</inputSymbol>
          <listDelimiter>,</listDelimiter>
          <value>true</value>
          <record>false</record>
        </staticBinding>
        <staticBinding id="5678408f-33c6-44b6-8c24-196d2baeb9cb">
          <annotation></annotation>
          <toContextKey></toContextKey>
          <fromContextKey></fromContextKey>
          <assignFromContext>false</assignFromContext>
          <assignToContext>false</assignToContext>
          <inputType>STRING</inputType>
          <recordKey></recordKey>
          <isList>false</isList>
          <required>false</required>
          <isPersisted>true</isPersisted>
          <inputSymbol>Field_4</inputSymbol>
          <listDelimiter></listDelimiter>
          <value>${in4}</value>
          <record>false</record>
        </staticBinding>
        <staticBinding id="68ee6bac-96ed-4cf5-a6a2-c3db37d576ee">
          <annotation></annotation>
          <toContextKey></toContextKey>
          <fromContextKey></fromContextKey>
          <assignFromContext>false</assignFromContext>
          <assignToContext>false</assignToContext>
          <inputType>STRING</inputType>
          <recordKey></recordKey>
          <isList>false</isList>
          <required>false</required>
          <isPersisted>true</isPersisted>
          <inputSymbol>Field_3</inputSymbol>
          <listDelimiter></listDelimiter>
          <value>${in3}</value>
          <record>false</record>
        </staticBinding>
        <staticBinding id="5c1c8fd6-5506-4d5c-92f4-508adda6294c">
          <annotation></annotation>
          <toContextKey></toContextKey>
          <fromContextKey></fromContextKey>
          <assignFromContext>false</assignFromContext>
          <assignToContext>false</assignToContext>
          <inputType>STRING</inputType>
          <recordKey></recordKey>
          <isList>false</isList>
          <required>false</required>
          <isPersisted>true</isPersisted>
          <inputSymbol>Field_1</inputSymbol>
          <listDelimiter></listDelimiter>
          <value>${in1}</value>
          <record>false</record>
        </staticBinding>
        <staticBinding id="92e448e3-29c5-46df-b185-8b51d00b6734">
          <annotation></annotation>
          <toContextKey></toContextKey>
          <fromContextKey></fromContextKey>
          <assignFromContext>false</assignFromContext>
          <assignToContext>false</assignToContext>
          <inputType>STRING</inputType>
          <recordKey></recordKey>
          <isList>false</isList>
          <required>false</required>
          <isPersisted>true</isPersisted>
          <inputSymbol>Field_2</inputSymbol>
          <listDelimiter></listDelimiter>
          <value>${in2}</value>
          <record>false</record>
        </staticBinding>
      </bindings>
      <transitions>
        <transition id="2fc39a0b-b29c-41d5-a5ce-90a8f9f3f28b">
          <annotation></annotation>
          <name>true</name>
          <command>NEXT</command>
          <linkMode>false</linkMode>
          <responseSymbol>true</responseSymbol>
          <shouldHandoff>false</shouldHandoff>
          <transitionValue>0.0</transitionValue>
          <destination>
            <refId>47f69adf-4eec-4cd7-94f8-14919bdbd08e</refId>
          </destination>
          <source>
            <refId>e44e5257-8cdc-4d9d-93a3-efc2bff1362c</refId>
          </source>
          <positions>
            <point>
              <x>449.0</x>
              <y>68.0</y>
            </point>
            <point>
              <x>451.0</x>
              <y>205.0</y>
            </point>
          </positions>
          <labelPosition>
            <x>333.0</x>
            <y>0.0</y>
          </labelPosition>
        </transition>
        <transition id="0440890e-b122-410c-b178-3b83ef78c153">
          <annotation></annotation>
          <name>false</name>
          <command>NEXT</command>
          <linkMode>false</linkMode>
          <responseSymbol>false</responseSymbol>
          <shouldHandoff>false</shouldHandoff>
          <transitionValue>0.0</transitionValue>
          <destination>
            <refId>47f69adf-4eec-4cd7-94f8-14919bdbd08e</refId>
          </destination>
          <source>
            <refId>e44e5257-8cdc-4d9d-93a3-efc2bff1362c</refId>
          </source>
          <positions>
            <point>
              <x>485.0</x>
              <y>55.0</y>
            </point>
            <point>
              <x>510.0</x>
              <y>115.0</y>
            </point>
            <point>
              <x>510.0</x>
              <y>157.0</y>
            </point>
            <point>
              <x>485.0</x>
              <y>217.0</y>
            </point>
          </positions>
          <labelPosition>
            <x>333.0</x>
            <y>0.0</y>
          </labelPosition>
        </transition>
      </transitions>
      <properties/>
      <opRef>
        <refId>7c2f47aa-a4b3-4a7d-b3d4-007f285f7d29</refId>
      </opRef>
      <assignments/>
      <throttleSize>0</throttleSize>
    </step>
    <step id="7b443383-00df-4fd7-8a26-81c1d9b898c2">
      <annotation>76a827b9-351c-4f32-b50f-fe8b84504bbc.7b443383-00df-4fd7-8a26-81c1d9b898c2.description</annotation>
      <name>Failure Occured?</name>
      <bounds>
        <x>941.0</x>
        <y>183.0</y>
      </bounds>
      <layer>-1</layer>
      <hideInbound>false</hideInbound>
      <iconSpec id="34d082be-6ac0-49d8-a4ba-0b7d28798231">
        <baseIcon>compare.png</baseIcon>
        <basePath>Utilities/</basePath>
        <readOnly>false</readOnly>
        <layers>
          <iconSpec id="de5805d7-bb95-455d-93a4-d7f837eb5ce6">
            <baseIcon>add.png</baseIcon>
            <basePath>/Annotations/</basePath>
            <readOnly>false</readOnly>
            <layers/>
          </iconSpec>
        </layers>
      </iconSpec>
      <addResultToRunContext>false</addResultToRunContext>
      <isCriticalStep>false</isCriticalStep>
      <isNonBlocking>false</isNonBlocking>
      <isParallelStep>false</isParallelStep>
      <isSingleResponse>false</isSingleResponse>
      <recordInHistory>false</recordInHistory>
      <recordRawOutput>true</recordRawOutput>
      <recordPrimaryOutput>true</recordPrimaryOutput>
      <checkPointStep>true</checkPointStep>
      <historyCheckPointStep>true</historyCheckPointStep>
      <scriptResultStep>false</scriptResultStep>
      <userPrompt></userPrompt>
      <bindings>
        <staticBinding id="51d7a55f-9fb1-4cef-a016-6543b542a229">
          <annotation></annotation>
          <assignFromContext>false</assignFromContext>
          <assignToContext>false</assignToContext>
          <inputType>STRING</inputType>
          <isList>false</isList>
          <required>false</required>
          <isPersisted>true</isPersisted>
          <inputSymbol>string1</inputSymbol>
          <listDelimiter>,</listDelimiter>
          <value>true</value>
          <record>false</record>
        </staticBinding>
        <staticBinding id="92b44a40-0d92-4345-804a-44b1bc237c2e">
          <annotation></annotation>
          <fromContextKey>opsFailed</fromContextKey>
          <assignFromContext>true</assignFromContext>
          <assignToContext>false</assignToContext>
          <inputType>STRING</inputType>
          <isList>false</isList>
          <required>false</required>
          <isPersisted>true</isPersisted>
          <inputSymbol>string2</inputSymbol>
          <listDelimiter>,</listDelimiter>
          <value></value>
          <record>false</record>
        </staticBinding>
        <staticBinding id="1defbad8-c212-485b-801a-1f517739c159">
          <annotation></annotation>
          <assignFromContext>false</assignFromContext>
          <assignToContext>false</assignToContext>
          <inputType>STRING</inputType>
          <isList>false</isList>
          <required>false</required>
          <isPersisted>true</isPersisted>
          <inputSymbol>ignoreCase</inputSymbol>
          <listDelimiter>,</listDelimiter>
          <value>true</value>
          <record>false</record>
        </staticBinding>
        <staticBinding id="19ca6d0c-88f9-4ec7-bdd7-592823294cd5">
          <annotation></annotation>
          <toContextKey></toContextKey>
          <fromContextKey></fromContextKey>
          <assignFromContext>false</assignFromContext>
          <assignToContext>false</assignToContext>
          <inputType>STRING</inputType>
          <recordKey></recordKey>
          <isList>false</isList>
          <required>false</required>
          <isPersisted>true</isPersisted>
          <inputSymbol>Field_4</inputSymbol>
          <listDelimiter></listDelimiter>
          <value>${in4}</value>
          <record>false</record>
        </staticBinding>
        <staticBinding id="a4ad74a7-4d75-4304-b3c4-2980f07c2710">
          <annotation></annotation>
          <toContextKey></toContextKey>
          <fromContextKey></fromContextKey>
          <assignFromContext>false</assignFromContext>
          <assignToContext>false</assignToContext>
          <inputType>STRING</inputType>
          <recordKey></recordKey>
          <isList>false</isList>
          <required>false</required>
          <isPersisted>true</isPersisted>
          <inputSymbol>Field_3</inputSymbol>
          <listDelimiter></listDelimiter>
          <value>${in3}</value>
          <record>false</record>
        </staticBinding>
        <staticBinding id="e022cfce-5013-4047-a709-8d1e71b524ba">
          <annotation></annotation>
          <toContextKey></toContextKey>
          <fromContextKey></fromContextKey>
          <assignFromContext>false</assignFromContext>
          <assignToContext>false</assignToContext>
          <inputType>STRING</inputType>
          <recordKey></recordKey>
          <isList>false</isList>
          <required>false</required>
          <isPersisted>true</isPersisted>
          <inputSymbol>Field_1</inputSymbol>
          <listDelimiter></listDelimiter>
          <value>${in1}</value>
          <record>false</record>
        </staticBinding>
        <staticBinding id="e4f2c9f4-73b4-4a76-a1cb-8af07b5295f6">
          <annotation></annotation>
          <toContextKey></toContextKey>
          <fromContextKey></fromContextKey>
          <assignFromContext>false</assignFromContext>
          <assignToContext>false</assignToContext>
          <inputType>STRING</inputType>
          <recordKey></recordKey>
          <isList>false</isList>
          <required>false</required>
          <isPersisted>true</isPersisted>
          <inputSymbol>Field_2</inputSymbol>
          <listDelimiter></listDelimiter>
          <value>${in2}</value>
          <record>false</record>
        </staticBinding>
      </bindings>
      <transitions>
        <transition id="54f546fc-0021-4f93-8b02-46f2463702af">
          <annotation></annotation>
          <name>true</name>
          <command>NEXT</command>
          <linkMode>false</linkMode>
          <responseSymbol>true</responseSymbol>
          <shouldHandoff>false</shouldHandoff>
          <transitionValue>0.0</transitionValue>
          <destination>
            <refId>a56f2b9f-ff87-41c7-9cf7-9cc9afe44300</refId>
          </destination>
          <source>
            <refId>7b443383-00df-4fd7-8a26-81c1d9b898c2</refId>
          </source>
          <positions>
            <point>
              <x>974.0</x>
              <y>206.0</y>
            </point>
            <point>
              <x>997.0</x>
              <y>359.0</y>
            </point>
          </positions>
          <labelPosition>
            <x>333.0</x>
            <y>0.0</y>
          </labelPosition>
        </transition>
        <transition id="c2886b18-8105-4d5b-9eed-630519cd7b2c">
          <annotation></annotation>
          <name>false</name>
          <command>NEXT</command>
          <linkMode>false</linkMode>
          <responseSymbol>false</responseSymbol>
          <shouldHandoff>false</shouldHandoff>
          <transitionValue>0.0</transitionValue>
          <destination>
            <refId>505450eb-d135-4592-b71a-94334f2ef908</refId>
          </destination>
          <source>
            <refId>7b443383-00df-4fd7-8a26-81c1d9b898c2</refId>
          </source>
          <positions>
            <point>
              <x>996.0</x>
              <y>211.0</y>
            </point>
            <point>
              <x>1111.0</x>
              <y>208.0</y>
            </point>
          </positions>
          <labelPosition>
            <x>333.0</x>
            <y>0.0</y>
          </labelPosition>
        </transition>
      </transitions>
      <properties/>
      <opRef>
        <refId>7c2f47aa-a4b3-4a7d-b3d4-007f285f7d29</refId>
      </opRef>
      <assignments/>
      <throttleSize>0</throttleSize>
    </step>
    <step id="835b2f5d-f0bd-4d87-9e6f-d99a5b365585">
      <annotation></annotation>
      <name>SCVMM_getMemorySize</name>
      <bounds>
        <x>175.0</x>
        <y>183.0</y>
      </bounds>
      <layer>-1</layer>
      <hideInbound>false</hideInbound>
      <iconSpec id="e31edf1b-ac9e-4f1c-bb37-15230ae4ae80">
        <baseIcon>flow.png</baseIcon>
        <basePath>System</basePath>
        <readOnly>false</readOnly>
        <layers/>
      </iconSpec>
      <addResultToRunContext>false</addResultToRunContext>
      <isCriticalStep>false</isCriticalStep>
      <isNonBlocking>false</isNonBlocking>
      <isParallelStep>false</isParallelStep>
      <isSingleResponse>false</isSingleResponse>
      <recordInHistory>false</recordInHistory>
      <recordRawOutput>true</recordRawOutput>
      <recordPrimaryOutput>true</recordPrimaryOutput>
      <checkPointStep>true</checkPointStep>
      <historyCheckPointStep>true</historyCheckPointStep>
      <scriptResultStep>false</scriptResultStep>
      <userPrompt></userPrompt>
      <bindings>
        <staticBinding id="844bc4ff-b170-45f6-aea6-ca8181b71465">
          <annotation></annotation>
          <assignFromContext>false</assignFromContext>
          <assignToContext>false</assignToContext>
          <inputType>STRING</inputType>
          <isList>false</isList>
          <required>false</required>
          <isPersisted>true</isPersisted>
          <inputSymbol>vmName</inputSymbol>
          <listDelimiter>,</listDelimiter>
          <value>${vmName}</value>
          <record>false</record>
        </staticBinding>
        <staticBinding id="ab43e734-3cd4-4666-922e-6fb44795d132">
          <annotation></annotation>
          <assignFromContext>true</assignFromContext>
          <assignToContext>false</assignToContext>
          <inputType>STRING</inputType>
          <isList>false</isList>
          <required>true</required>
          <isPersisted>true</isPersisted>
          <inputSymbol>host</inputSymbol>
          <listDelimiter>,</listDelimiter>
          <value>${host}</value>
          <record>false</record>
        </staticBinding>
      </bindings>
      <transitions>
        <transition id="ece065e8-8adb-4b21-bec7-e72059b7fbdf">
          <annotation></annotation>
          <name>success</name>
          <command>NEXT</command>
          <linkMode>false</linkMode>
          <responseSymbol>success</responseSymbol>
          <shouldHandoff>false</shouldHandoff>
          <transitionValue>0.0</transitionValue>
          <destination>
            <refId>2e5b1573-3819-4163-a436-1173211700c8</refId>
          </destination>
          <source>
            <refId>835b2f5d-f0bd-4d87-9e6f-d99a5b365585</refId>
          </source>
          <positions>
            <point>
              <x>235.0</x>
              <y>218.0</y>
            </point>
            <point>
              <x>344.0</x>
              <y>63.0</y>
            </point>
          </positions>
          <labelPosition>
            <x>333.0</x>
            <y>0.0</y>
          </labelPosition>
        </transition>
        <transition id="7cc85a2f-b3ed-4d67-9b40-d9bddc6ce302">
          <annotation></annotation>
          <name>failure</name>
          <command>NEXT</command>
          <linkMode>false</linkMode>
          <responseSymbol>failure</responseSymbol>
          <shouldHandoff>false</shouldHandoff>
          <transitionValue>0.0</transitionValue>
          <destination>
            <refId>250c65db-b4be-4e5c-bac4-259f9f59577a</refId>
          </destination>
          <source>
            <refId>835b2f5d-f0bd-4d87-9e6f-d99a5b365585</refId>
          </source>
          <positions>
            <point>
              <x>235.0</x>
              <y>218.0</y>
            </point>
            <point>
              <x>230.0</x>
              <y>52.0</y>
            </point>
          </positions>
          <labelPosition>
            <x>333.0</x>
            <y>0.0</y>
          </labelPosition>
        </transition>
      </transitions>
      <properties/>
      <opRef>
        <refId>100f1cd3-50c3-4f52-9415-4820391e34a6</refId>
      </opRef>
      <assignments>
        <flowVariableAssignment id="c3db8f36-dbb5-49b6-a07a-cfba105de66d">
          <annotation></annotation>
          <name>assignment</name>
          <action>OVERWRITE</action>
          <assignmentTargetType>FLOW_VARIABLE</assignmentTargetType>
          <contextKey>currentMemory</contextKey>
          <expression id="4fa5b56b-f164-44b3-bc16-4c88a1caa0bf">
            <annotation></annotation>
            <name>Result Field: memory</name>
            <fieldName>memory</fieldName>
            <sourceType>RAWRESULT</sourceType>
            <filters/>
          </expression>
        </flowVariableAssignment>
      </assignments>
      <throttleSize>0</throttleSize>
    </step>
    <returnStep id="505450eb-d135-4592-b71a-94334f2ef908">
      <annotation></annotation>
      <name>Resolved : success</name>
      <bounds>
        <x>1071.0</x>
        <y>183.0</y>
      </bounds>
      <layer>-1</layer>
      <hideInbound>false</hideInbound>
      <addResultToRunContext>false</addResultToRunContext>
      <isCriticalStep>false</isCriticalStep>
      <isNonBlocking>false</isNonBlocking>
      <isParallelStep>false</isParallelStep>
      <isSingleResponse>false</isSingleResponse>
      <recordInHistory>false</recordInHistory>
      <recordRawOutput>true</recordRawOutput>
      <recordPrimaryOutput>true</recordPrimaryOutput>
      <checkPointStep>true</checkPointStep>
      <historyCheckPointStep>true</historyCheckPointStep>
      <scriptResultStep>false</scriptResultStep>
      <userPrompt></userPrompt>
      <bindings/>
      <transitions>
        <transition id="dea541b0-9678-49e8-a5be-504ff6593ff8">
          <annotation></annotation>
          <name>return</name>
          <command>NEXT</command>
          <linkMode>false</linkMode>
          <responseSymbol>success</responseSymbol>
          <shouldHandoff>false</shouldHandoff>
          <transitionValue>0.0</transitionValue>
          <destination>
            <refId>505450eb-d135-4592-b71a-94334f2ef908</refId>
          </destination>
          <source>
            <refId>505450eb-d135-4592-b71a-94334f2ef908</refId>
          </source>
          <positions/>
        </transition>
        <transition id="676a73ef-2b10-4006-b4dc-f34a35eaeaa8">
          <annotation></annotation>
          <name>return</name>
          <command>NEXT</command>
          <linkMode>false</linkMode>
          <responseSymbol>success</responseSymbol>
          <shouldHandoff>false</shouldHandoff>
          <transitionValue>0.0</transitionValue>
          <destination>
            <refId>505450eb-d135-4592-b71a-94334f2ef908</refId>
          </destination>
          <source>
            <refId>505450eb-d135-4592-b71a-94334f2ef908</refId>
          </source>
          <positions/>
        </transition>
      </transitions>
      <properties/>
      <returnStepType>RESOLVED</returnStepType>
      <assignments>
        <flowVariableAssignment id="28dc0f64-67ad-484b-aaf7-088facf9f2ab">
          <annotation></annotation>
          <name>assignment</name>
          <action>OVERWRITE</action>
          <assignmentTargetType>FLOW_OUTPUT_FIELD</assignmentTargetType>
          <contextKey>serverEmailBodyResult</contextKey>
          <expression id="b1a1a482-5273-4439-ba48-bced2e0183bd">
            <annotation></annotation>
            <name>Input: serverEmailBody</name>
            <fieldName>serverEmailBody</fieldName>
            <sourceType>INPUT</sourceType>
            <filters/>
          </expression>
        </flowVariableAssignment>
      </assignments>
    </returnStep>
  </steps>
  <startSteps>2a635481-715c-474b-8552-33018596f4b0</startSteps>
</flow>