<?xml version="1.0" encoding="UTF-8"?>
<flow id="db3a24ca-41a4-4983-89c6-07101bbbe36c">
  <annotation></annotation>
  <name>pc_lc_add_disk</name>
  <categories/>
  <inputs>
    <userInputBinding id="796e9c6e-0af0-4e04-adb2-e210fe9881a6">
      <annotation></annotation>
      <assignFromContext>true</assignFromContext>
      <assignToContext>true</assignToContext>
      <inputType>STRING</inputType>
      <isList>false</isList>
      <required>false</required>
      <isPersisted>true</isPersisted>
      <inputSymbol>CSA_CONTEXT_ID</inputSymbol>
      <listDelimiter>,</listDelimiter>
      <record>false</record>
      <prompt></prompt>
      <isMultiSelect>false</isMultiSelect>
      <sourceDelimiter>|</sourceDelimiter>
    </userInputBinding>
    <userInputBinding id="7c84cbcc-06f9-4cda-a29d-694eef2e04fc">
      <annotation></annotation>
      <assignFromContext>true</assignFromContext>
      <assignToContext>true</assignToContext>
      <inputType>STRING</inputType>
      <isList>false</isList>
      <required>false</required>
      <isPersisted>true</isPersisted>
      <inputSymbol>CSA_PROCESS_ID</inputSymbol>
      <listDelimiter>,</listDelimiter>
      <record>false</record>
      <prompt></prompt>
      <isMultiSelect>false</isMultiSelect>
      <sourceDelimiter>|</sourceDelimiter>
    </userInputBinding>
    <userInputBinding id="4a9b38f4-d5bd-42e0-ae22-9b3c27dc5515">
      <annotation></annotation>
      <assignFromContext>true</assignFromContext>
      <assignToContext>true</assignToContext>
      <inputType>STRING</inputType>
      <isList>false</isList>
      <required>false</required>
      <isPersisted>true</isPersisted>
      <inputSymbol>ADD_DISK_SIZE</inputSymbol>
      <listDelimiter>,</listDelimiter>
      <record>false</record>
      <prompt></prompt>
      <isMultiSelect>false</isMultiSelect>
      <sourceDelimiter>|</sourceDelimiter>
    </userInputBinding>
  </inputs>
  <scriptlet id="ac06b295-295b-4c52-9c86-6ce2d778c02f">
    <annotation></annotation>
    <name>Operation pc_lc_add_disk (db3a24ca-41a4-4983-89c6-07101bbbe36c)</name>
    <type>RHINO</type>
  </scriptlet>
  <possibleResponses>
    <opResponse id="aabaccdc-7be5-4a1e-a359-848bc1b5174b">
      <annotation></annotation>
      <name>success</name>
      <isDefault>true</isDefault>
      <onFailure>false</onFailure>
      <type>RESOLVED</type>
      <matchRules/>
    </opResponse>
    <opResponse id="06e38979-8432-40a3-a555-ebacfe798b1b">
      <annotation></annotation>
      <name>failure</name>
      <isDefault>false</isDefault>
      <onFailure>true</onFailure>
      <type>ERROR</type>
      <matchRules/>
    </opResponse>
  </possibleResponses>
  <availableResultExpressions/>
  <resultExpression id="b209e4e6-69a2-4e55-b77b-7cf69c696142">
    <annotation></annotation>
    <name>FailureMessage</name>
    <fieldName>FailureMessage</fieldName>
    <sourceType>RAWRESULT</sourceType>
    <filters/>
  </resultExpression>
  <iconSpec id="00bdd79e-bfdc-42ec-a838-9db00cd45779">
    <baseIcon>flow.png</baseIcon>
    <basePath>System</basePath>
    <readOnly>false</readOnly>
    <layers/>
  </iconSpec>
  <callouts/>
  <checkPointFlow>true</checkPointFlow>
  <compatibleRuntimeContext>false</compatibleRuntimeContext>
  <historyCheckPointFlow>true</historyCheckPointFlow>
  <steps>
    <step id="bae2a1c0-4f9d-4b26-ad87-f817ee3ac0bc">
      <annotation></annotation>
      <name>Get User Identifier</name>
      <bounds>
        <x>15.0</x>
        <y>22.0</y>
      </bounds>
      <layer>-1</layer>
      <hideInbound>false</hideInbound>
      <addResultToRunContext>false</addResultToRunContext>
      <isCriticalStep>false</isCriticalStep>
      <isNonBlocking>false</isNonBlocking>
      <isParallelStep>false</isParallelStep>
      <isSingleResponse>false</isSingleResponse>
      <recordInHistory>false</recordInHistory>
      <recordRawOutput>false</recordRawOutput>
      <recordPrimaryOutput>false</recordPrimaryOutput>
      <checkPointStep>true</checkPointStep>
      <historyCheckPointStep>true</historyCheckPointStep>
      <scriptResultStep>false</scriptResultStep>
      <userPrompt></userPrompt>
      <bindings>
        <staticBinding id="b41a3f10-b33d-4dc7-ad13-8455d9f8d337">
          <annotation></annotation>
          <fromContextKey>CSA_OO_USER</fromContextKey>
          <assignFromContext>false</assignFromContext>
          <assignToContext>false</assignToContext>
          <inputType>STRING</inputType>
          <isList>false</isList>
          <required>true</required>
          <isPersisted>true</isPersisted>
          <inputSymbol>csaUser</inputSymbol>
          <listDelimiter>,</listDelimiter>
          <value>${CSA_OO_USER}</value>
          <record>false</record>
        </staticBinding>
      </bindings>
      <transitions>
        <transition id="c87af4ab-5170-4d83-9851-eff8e45461ac">
          <annotation></annotation>
          <name>success</name>
          <command>NEXT</command>
          <linkMode>false</linkMode>
          <responseSymbol>success</responseSymbol>
          <shouldHandoff>false</shouldHandoff>
          <transitionValue>0.0</transitionValue>
          <destination>
            <refId>cd4e3baa-5269-431b-a647-ef6a59c13289</refId>
          </destination>
          <source>
            <refId>bae2a1c0-4f9d-4b26-ad87-f817ee3ac0bc</refId>
          </source>
          <positions>
            <point>
              <x>65.0</x>
              <y>56.0</y>
            </point>
            <point>
              <x>71.0</x>
              <y>190.0</y>
            </point>
          </positions>
          <labelPosition>
            <x>333.0</x>
            <y>0.0</y>
          </labelPosition>
        </transition>
        <transition id="a0a8f86a-7f5b-439a-9bc3-b83fc5b9a1e7">
          <annotation></annotation>
          <name>failure</name>
          <command>NEXT</command>
          <linkMode>false</linkMode>
          <responseSymbol>failure</responseSymbol>
          <shouldHandoff>false</shouldHandoff>
          <transitionValue>0.0</transitionValue>
          <destination>
            <refId>c306be7d-c18a-4c3b-8e10-c3a516bfa587</refId>
          </destination>
          <source>
            <refId>bae2a1c0-4f9d-4b26-ad87-f817ee3ac0bc</refId>
          </source>
          <positions>
            <point>
              <x>65.0</x>
              <y>56.0</y>
            </point>
            <point>
              <x>258.0</x>
              <y>180.0</y>
            </point>
          </positions>
          <labelPosition>
            <x>333.0</x>
            <y>0.0</y>
          </labelPosition>
        </transition>
      </transitions>
      <properties/>
      <opRef>
        <refId>f1c8b14a-694f-4a03-a84a-c7504fe0a29b</refId>
      </opRef>
      <assignments>
        <flowVariableAssignment id="1667c82b-8d8e-48e3-a020-51db6c96c3d6">
          <annotation></annotation>
          <name>assignment</name>
          <action>OVERWRITE</action>
          <assignmentTargetType>FLOW_VARIABLE</assignmentTargetType>
          <contextKey>userIdentifier</contextKey>
          <expression id="39bbc6cd-3023-49e8-b383-f2aa8f0b3dfe">
            <annotation></annotation>
            <name>Result Field: userIdentifier</name>
            <fieldName>userIdentifier</fieldName>
            <sourceType>RAWRESULT</sourceType>
            <filters/>
          </expression>
        </flowVariableAssignment>
      </assignments>
      <throttleSize>0</throttleSize>
    </step>
    <step id="c306be7d-c18a-4c3b-8e10-c3a516bfa587">
      <annotation>db3a24ca-41a4-4983-89c6-07101bbbe36c.c306be7d-c18a-4c3b-8e10-c3a516bfa587.description</annotation>
      <name>SendFailure</name>
      <bounds>
        <x>208.0</x>
        <y>156.0</y>
      </bounds>
      <layer>-1</layer>
      <hideInbound>false</hideInbound>
      <addResultToRunContext>false</addResultToRunContext>
      <isCriticalStep>false</isCriticalStep>
      <isNonBlocking>false</isNonBlocking>
      <isParallelStep>false</isParallelStep>
      <isSingleResponse>false</isSingleResponse>
      <recordInHistory>false</recordInHistory>
      <recordRawOutput>true</recordRawOutput>
      <recordPrimaryOutput>true</recordPrimaryOutput>
      <checkPointStep>true</checkPointStep>
      <historyCheckPointStep>true</historyCheckPointStep>
      <scriptResultStep>false</scriptResultStep>
      <userPrompt></userPrompt>
      <bindings>
        <staticBinding id="35a2ebcb-a8c1-4b5b-8e71-5bce4d649668">
          <annotation></annotation>
          <assignFromContext>true</assignFromContext>
          <assignToContext>true</assignToContext>
          <inputType>STRING</inputType>
          <isList>false</isList>
          <required>false</required>
          <isPersisted>true</isPersisted>
          <inputSymbol>template.name</inputSymbol>
          <listDelimiter>,</listDelimiter>
          <value>email_template_lca_failure</value>
          <record>false</record>
        </staticBinding>
        <staticBinding id="5fbb6f43-07b2-424f-a8d5-5edbcf395779">
          <annotation></annotation>
          <assignFromContext>true</assignFromContext>
          <assignToContext>true</assignToContext>
          <inputType>STRING</inputType>
          <isList>false</isList>
          <required>true</required>
          <isPersisted>true</isPersisted>
          <inputSymbol>parameter</inputSymbol>
          <listDelimiter>,</listDelimiter>
          <value>[{&quot;server.csaname&quot;:&quot;${server.csaname}&quot;},{&quot;flow.action&quot;:&quot;Add Disk&quot;},{&quot;flow.error&quot;:&quot;Unknown Error&quot;},{&quot;servicedesk.email&quot;:&quot;${pc.email.servicedesk}&quot;}]</value>
          <record>false</record>
        </staticBinding>
        <staticBinding id="6b9025a0-512f-4ea3-8a7c-c136fdf339d0">
          <annotation></annotation>
          <assignFromContext>true</assignFromContext>
          <assignToContext>true</assignToContext>
          <inputType>STRING</inputType>
          <isList>false</isList>
          <required>true</required>
          <isPersisted>true</isPersisted>
          <inputSymbol>recipient</inputSymbol>
          <listDelimiter>,</listDelimiter>
          <value>${db.getdetails.contactemail}</value>
          <record>false</record>
        </staticBinding>
      </bindings>
      <transitions>
        <transition id="6213689c-2afa-4412-b304-310bcbefd501">
          <annotation></annotation>
          <name>failure</name>
          <command>NEXT</command>
          <linkMode>false</linkMode>
          <responseSymbol>failure</responseSymbol>
          <shouldHandoff>false</shouldHandoff>
          <transitionValue>0.0</transitionValue>
          <destination>
            <refId>f696e6e5-e6f8-4eaf-ae2f-76a5ecb8010f</refId>
          </destination>
          <source>
            <refId>c306be7d-c18a-4c3b-8e10-c3a516bfa587</refId>
          </source>
          <positions>
            <point>
              <x>258.0</x>
              <y>180.0</y>
            </point>
            <point>
              <x>327.0</x>
              <y>61.0</y>
            </point>
          </positions>
          <labelPosition>
            <x>333.0</x>
            <y>0.0</y>
          </labelPosition>
        </transition>
        <transition id="51c27560-e808-4c18-85a7-a7ca0299fff7">
          <annotation></annotation>
          <name>success</name>
          <command>NEXT</command>
          <linkMode>false</linkMode>
          <responseSymbol>success</responseSymbol>
          <shouldHandoff>false</shouldHandoff>
          <transitionValue>0.0</transitionValue>
          <destination>
            <refId>f696e6e5-e6f8-4eaf-ae2f-76a5ecb8010f</refId>
          </destination>
          <source>
            <refId>c306be7d-c18a-4c3b-8e10-c3a516bfa587</refId>
          </source>
          <positions>
            <point>
              <x>258.0</x>
              <y>180.0</y>
            </point>
            <point>
              <x>309.72391452399614</x>
              <y>140.63457524280548</y>
            </point>
            <point>
              <x>318.5307996598095</x>
              <y>125.44588928393895</y>
            </point>
            <point>
              <x>327.0</x>
              <y>61.0</y>
            </point>
          </positions>
          <labelPosition>
            <x>333.0</x>
            <y>0.0</y>
          </labelPosition>
        </transition>
      </transitions>
      <properties/>
      <opRef>
        <refId>93d11783-54db-4d1e-b6f2-9e2acf3098a4</refId>
      </opRef>
      <assignments/>
      <throttleSize>0</throttleSize>
    </step>
    <step id="7e8cbdfd-ac1e-4843-aacb-fae6009443be">
      <annotation>db3a24ca-41a4-4983-89c6-07101bbbe36c.7e8cbdfd-ac1e-4843-aacb-fae6009443be.description</annotation>
      <name>Notify Flow Completion</name>
      <bounds>
        <x>522.0</x>
        <y>290.0</y>
      </bounds>
      <layer>-1</layer>
      <hideInbound>false</hideInbound>
      <addResultToRunContext>false</addResultToRunContext>
      <isCriticalStep>false</isCriticalStep>
      <isNonBlocking>false</isNonBlocking>
      <isParallelStep>false</isParallelStep>
      <isSingleResponse>true</isSingleResponse>
      <recordInHistory>false</recordInHistory>
      <recordRawOutput>false</recordRawOutput>
      <recordPrimaryOutput>false</recordPrimaryOutput>
      <checkPointStep>true</checkPointStep>
      <historyCheckPointStep>true</historyCheckPointStep>
      <scriptResultStep>false</scriptResultStep>
      <userPrompt></userPrompt>
      <bindings>
        <staticBinding id="0d08913b-4dc1-47bc-b409-09dadca613d2">
          <annotation></annotation>
          <fromContextKey>CSA_PROCESS_ID</fromContextKey>
          <assignFromContext>false</assignFromContext>
          <assignToContext>false</assignToContext>
          <inputType>STRING</inputType>
          <isList>false</isList>
          <required>true</required>
          <isPersisted>true</isPersisted>
          <inputSymbol>processInstanceId</inputSymbol>
          <listDelimiter>,</listDelimiter>
          <value>${CSA_PROCESS_ID}</value>
          <record>false</record>
        </staticBinding>
        <staticBinding id="fcd81c3f-4483-4c02-b834-a58b66c5ddc9">
          <annotation></annotation>
          <assignFromContext>false</assignFromContext>
          <assignToContext>false</assignToContext>
          <inputType>STRING</inputType>
          <isList>false</isList>
          <required>true</required>
          <isPersisted>true</isPersisted>
          <inputSymbol>userIdentifier</inputSymbol>
          <listDelimiter>,</listDelimiter>
          <value>${userIdentifier}</value>
          <record>false</record>
        </staticBinding>
        <staticBinding id="6df52c40-7f30-4232-bad1-7891d3e56e68">
          <annotation></annotation>
          <assignFromContext>false</assignFromContext>
          <assignToContext>false</assignToContext>
          <inputType>STRING</inputType>
          <isList>false</isList>
          <required>true</required>
          <isPersisted>true</isPersisted>
          <inputSymbol>processInstanceState</inputSymbol>
          <listDelimiter>,</listDelimiter>
          <value>COMPLETED</value>
          <record>false</record>
        </staticBinding>
        <staticBinding id="d7533315-095a-4245-ad93-aece28fa4963">
          <annotation></annotation>
          <assignFromContext>false</assignFromContext>
          <assignToContext>false</assignToContext>
          <inputType>STRING</inputType>
          <isList>false</isList>
          <required>false</required>
          <isPersisted>true</isPersisted>
          <inputSymbol>processReturnCode</inputSymbol>
          <listDelimiter>,</listDelimiter>
          <value>SUCCESS</value>
          <record>false</record>
        </staticBinding>
        <staticBinding id="54b7e627-c20a-4d93-8784-274b5f34ac4e">
          <annotation></annotation>
          <assignFromContext>true</assignFromContext>
          <assignToContext>true</assignToContext>
          <inputType>STRING</inputType>
          <isList>false</isList>
          <required>false</required>
          <isPersisted>true</isPersisted>
          <inputSymbol>processStatus</inputSymbol>
          <listDelimiter>,</listDelimiter>
          <value>Flow completed successfully</value>
          <record>false</record>
        </staticBinding>
      </bindings>
      <transitions>
        <transition id="2220aa08-ddad-4643-852d-4de3e290d1ec">
          <annotation></annotation>
          <name>done</name>
          <command>NEXT</command>
          <linkMode>false</linkMode>
          <responseSymbol>done</responseSymbol>
          <shouldHandoff>false</shouldHandoff>
          <transitionValue>0.0</transitionValue>
          <destination>
            <refId>ab40a838-bdfd-4288-abff-9a96cca27070</refId>
          </destination>
          <source>
            <refId>7e8cbdfd-ac1e-4843-aacb-fae6009443be</refId>
          </source>
          <positions>
            <point>
              <x>830.0</x>
              <y>642.0</y>
            </point>
            <point>
              <x>1090.0</x>
              <y>537.0</y>
            </point>
          </positions>
          <labelPosition>
            <x>333.0</x>
            <y>0.0</y>
          </labelPosition>
        </transition>
      </transitions>
      <properties/>
      <opRef>
        <refId>7bda02d2-425f-42aa-9ad3-5192b0fe6446</refId>
      </opRef>
      <assignments/>
      <throttleSize>0</throttleSize>
    </step>
    <step id="037f4ab4-d76c-4329-9023-8bb1a6007740">
      <annotation>db3a24ca-41a4-4983-89c6-07101bbbe36c.037f4ab4-d76c-4329-9023-8bb1a6007740.description</annotation>
      <name>SendDiskMaxNotice</name>
      <bounds>
        <x>353.0</x>
        <y>422.0</y>
      </bounds>
      <layer>-1</layer>
      <hideInbound>false</hideInbound>
      <addResultToRunContext>false</addResultToRunContext>
      <isCriticalStep>false</isCriticalStep>
      <isNonBlocking>false</isNonBlocking>
      <isParallelStep>false</isParallelStep>
      <isSingleResponse>false</isSingleResponse>
      <recordInHistory>false</recordInHistory>
      <recordRawOutput>true</recordRawOutput>
      <recordPrimaryOutput>true</recordPrimaryOutput>
      <checkPointStep>true</checkPointStep>
      <historyCheckPointStep>true</historyCheckPointStep>
      <scriptResultStep>false</scriptResultStep>
      <userPrompt></userPrompt>
      <bindings>
        <staticBinding id="8c3ce857-66e1-4daf-a4db-37e4532e192d">
          <annotation></annotation>
          <assignFromContext>true</assignFromContext>
          <assignToContext>true</assignToContext>
          <inputType>STRING</inputType>
          <isList>false</isList>
          <required>false</required>
          <isPersisted>true</isPersisted>
          <inputSymbol>template.name</inputSymbol>
          <listDelimiter>,</listDelimiter>
          <value>email_template_lca_failure</value>
          <record>false</record>
        </staticBinding>
        <staticBinding id="6157c4f1-abb6-42c0-a6ba-8988dd8cfcd1">
          <annotation></annotation>
          <assignFromContext>true</assignFromContext>
          <assignToContext>true</assignToContext>
          <inputType>STRING</inputType>
          <isList>false</isList>
          <required>true</required>
          <isPersisted>true</isPersisted>
          <inputSymbol>parameter</inputSymbol>
          <listDelimiter>,</listDelimiter>
          <value>[{&quot;server.csaname&quot;:&quot;${server.csaname}&quot;},{&quot;flow.action&quot;:&quot;Add Disk${disk.size}&quot;},{&quot;flow.error&quot;:&quot;You reached the maximum number of disks on this server&quot;},{&quot;servicedesk.email&quot;:&quot;${pc.email.servicedesk}&quot;}]</value>
          <record>false</record>
        </staticBinding>
        <staticBinding id="8ea1a689-1736-41bf-94cc-64ca900f131e">
          <annotation></annotation>
          <assignFromContext>true</assignFromContext>
          <assignToContext>true</assignToContext>
          <inputType>STRING</inputType>
          <isList>false</isList>
          <required>true</required>
          <isPersisted>true</isPersisted>
          <inputSymbol>recipient</inputSymbol>
          <listDelimiter>,</listDelimiter>
          <value>${db.getdetails.contactemail}</value>
          <record>false</record>
        </staticBinding>
      </bindings>
      <transitions>
        <transition id="ea6af85b-c9cd-47e4-bb68-7cdcf9ef4ce2">
          <annotation></annotation>
          <name>failure</name>
          <command>NEXT</command>
          <linkMode>false</linkMode>
          <responseSymbol>failure</responseSymbol>
          <shouldHandoff>false</shouldHandoff>
          <transitionValue>0.0</transitionValue>
          <destination>
            <refId>a795ca35-ab1b-4af0-943b-efe4c2ea39b5</refId>
          </destination>
          <source>
            <refId>037f4ab4-d76c-4329-9023-8bb1a6007740</refId>
          </source>
          <positions>
            <point>
              <x>403.0</x>
              <y>456.0</y>
            </point>
            <point>
              <x>581.0</x>
              <y>462.0</y>
            </point>
          </positions>
          <labelPosition>
            <x>333.0</x>
            <y>0.0</y>
          </labelPosition>
        </transition>
        <transition id="0d6d3ceb-2e4a-419c-9d9e-aeceb311abfe">
          <annotation></annotation>
          <name>success</name>
          <command>NEXT</command>
          <linkMode>false</linkMode>
          <responseSymbol>success</responseSymbol>
          <shouldHandoff>false</shouldHandoff>
          <transitionValue>0.0</transitionValue>
          <destination>
            <refId>a795ca35-ab1b-4af0-943b-efe4c2ea39b5</refId>
          </destination>
          <source>
            <refId>037f4ab4-d76c-4329-9023-8bb1a6007740</refId>
          </source>
          <positions>
            <point>
              <x>403.0</x>
              <y>456.0</y>
            </point>
            <point>
              <x>463.80816070705504</x>
              <y>433.0355145621556</y>
            </point>
            <point>
              <x>521.8762758776279</x>
              <y>434.9928667589165</y>
            </point>
            <point>
              <x>581.0</x>
              <y>462.0</y>
            </point>
          </positions>
          <labelPosition>
            <x>333.0</x>
            <y>0.0</y>
          </labelPosition>
        </transition>
      </transitions>
      <properties/>
      <opRef>
        <refId>93d11783-54db-4d1e-b6f2-9e2acf3098a4</refId>
      </opRef>
      <assignments/>
      <throttleSize>0</throttleSize>
    </step>
    <step id="69cc7425-1e25-4a2d-8712-2e6a6e4d3081">
      <annotation></annotation>
      <name>CSA_GetSubscriptionNameByID</name>
      <bounds>
        <x>15.0</x>
        <y>290.0</y>
      </bounds>
      <layer>-1</layer>
      <hideInbound>false</hideInbound>
      <addResultToRunContext>false</addResultToRunContext>
      <isCriticalStep>false</isCriticalStep>
      <isNonBlocking>false</isNonBlocking>
      <isParallelStep>false</isParallelStep>
      <isSingleResponse>false</isSingleResponse>
      <recordInHistory>false</recordInHistory>
      <recordRawOutput>true</recordRawOutput>
      <recordPrimaryOutput>true</recordPrimaryOutput>
      <checkPointStep>true</checkPointStep>
      <historyCheckPointStep>true</historyCheckPointStep>
      <scriptResultStep>false</scriptResultStep>
      <userPrompt></userPrompt>
      <bindings>
        <staticBinding id="84d5f191-4dff-408c-a402-cc3568e0ab8f">
          <annotation></annotation>
          <assignFromContext>true</assignFromContext>
          <assignToContext>true</assignToContext>
          <inputType>STRING</inputType>
          <isList>false</isList>
          <required>true</required>
          <isPersisted>true</isPersisted>
          <inputSymbol>SubscriptionID</inputSymbol>
          <listDelimiter>,</listDelimiter>
          <value>${db.getdetails.csasubscriptionid}</value>
          <record>false</record>
        </staticBinding>
      </bindings>
      <transitions>
        <transition id="8cf8e08b-0505-46e9-9c06-ebf3d22cacb0">
          <annotation></annotation>
          <name>success</name>
          <command>NEXT</command>
          <linkMode>false</linkMode>
          <responseSymbol>success</responseSymbol>
          <shouldHandoff>false</shouldHandoff>
          <transitionValue>0.0</transitionValue>
          <destination>
            <refId>512f6bd7-a2c1-4b8e-840f-766f0f2f95ab</refId>
          </destination>
          <source>
            <refId>69cc7425-1e25-4a2d-8712-2e6a6e4d3081</refId>
          </source>
          <positions>
            <point>
              <x>72.0</x>
              <y>324.0</y>
            </point>
            <point>
              <x>258.0</x>
              <y>320.0</y>
            </point>
          </positions>
          <labelPosition>
            <x>333.0</x>
            <y>0.0</y>
          </labelPosition>
        </transition>
        <transition id="0015e071-a442-426c-adf6-452e4f480a7d">
          <annotation></annotation>
          <name>failure</name>
          <command>NEXT</command>
          <linkMode>false</linkMode>
          <responseSymbol>failure</responseSymbol>
          <shouldHandoff>false</shouldHandoff>
          <transitionValue>0.0</transitionValue>
          <destination>
            <refId>c306be7d-c18a-4c3b-8e10-c3a516bfa587</refId>
          </destination>
          <source>
            <refId>69cc7425-1e25-4a2d-8712-2e6a6e4d3081</refId>
          </source>
          <positions>
            <point>
              <x>72.0</x>
              <y>324.0</y>
            </point>
            <point>
              <x>258.0</x>
              <y>180.0</y>
            </point>
          </positions>
          <labelPosition>
            <x>333.0</x>
            <y>0.0</y>
          </labelPosition>
        </transition>
      </transitions>
      <properties/>
      <opRef>
        <refId>4822bb20-7984-4c16-bf7e-fc84c6f991cd</refId>
      </opRef>
      <assignments>
        <flowVariableAssignment id="a45af733-b1ad-4969-b4b6-6d56157d0926">
          <annotation></annotation>
          <name>assignment</name>
          <action>OVERWRITE</action>
          <assignmentTargetType>FLOW_VARIABLE</assignmentTargetType>
          <contextKey>server.csaname</contextKey>
          <expression id="c0585c35-abc1-4199-87c8-47c1e48d290a">
            <annotation></annotation>
            <name>Result: Name</name>
            <fieldName>Name</fieldName>
            <sourceType>AVAILABLE_RESULT</sourceType>
            <filters/>
          </expression>
        </flowVariableAssignment>
      </assignments>
      <throttleSize>0</throttleSize>
    </step>
    <step id="751c0c71-a932-4718-b263-78e2a6463129">
      <annotation>db3a24ca-41a4-4983-89c6-07101bbbe36c.751c0c71-a932-4718-b263-78e2a6463129.description</annotation>
      <name>SendSuccess</name>
      <bounds>
        <x>353.0</x>
        <y>290.0</y>
      </bounds>
      <layer>-1</layer>
      <hideInbound>false</hideInbound>
      <addResultToRunContext>false</addResultToRunContext>
      <isCriticalStep>false</isCriticalStep>
      <isNonBlocking>false</isNonBlocking>
      <isParallelStep>false</isParallelStep>
      <isSingleResponse>false</isSingleResponse>
      <recordInHistory>false</recordInHistory>
      <recordRawOutput>true</recordRawOutput>
      <recordPrimaryOutput>true</recordPrimaryOutput>
      <checkPointStep>true</checkPointStep>
      <historyCheckPointStep>true</historyCheckPointStep>
      <scriptResultStep>false</scriptResultStep>
      <userPrompt></userPrompt>
      <bindings>
        <staticBinding id="b3bda04a-bb24-4e02-9c8d-a53c076f8581">
          <annotation></annotation>
          <assignFromContext>true</assignFromContext>
          <assignToContext>true</assignToContext>
          <inputType>STRING</inputType>
          <isList>false</isList>
          <required>false</required>
          <isPersisted>true</isPersisted>
          <inputSymbol>template.name</inputSymbol>
          <listDelimiter>,</listDelimiter>
          <value>email_template_lca_success</value>
          <record>false</record>
        </staticBinding>
        <staticBinding id="a6587dfd-d773-46d7-b41b-49877e5a1d8b">
          <annotation></annotation>
          <assignFromContext>true</assignFromContext>
          <assignToContext>true</assignToContext>
          <inputType>STRING</inputType>
          <isList>false</isList>
          <required>true</required>
          <isPersisted>true</isPersisted>
          <inputSymbol>parameter</inputSymbol>
          <listDelimiter>,</listDelimiter>
          <value>[{&quot;server.csaname&quot;:&quot;${server.csaname}&quot;},{&quot;flow.action&quot;:&quot;Add Disk&quot;},{&quot;servicedesk.email&quot;:&quot;${pc.email.servicedesk}&quot;}]</value>
          <record>false</record>
        </staticBinding>
        <staticBinding id="3afd6498-f988-4609-b63b-88a9d99ede30">
          <annotation></annotation>
          <assignFromContext>true</assignFromContext>
          <assignToContext>true</assignToContext>
          <inputType>STRING</inputType>
          <isList>false</isList>
          <required>true</required>
          <isPersisted>true</isPersisted>
          <inputSymbol>recipient</inputSymbol>
          <listDelimiter>,</listDelimiter>
          <value>${db.getdetails.contactemail}</value>
          <record>false</record>
        </staticBinding>
      </bindings>
      <transitions>
        <transition id="0d657204-a3e3-4596-a748-c5c81b8ea373">
          <annotation></annotation>
          <name>failure</name>
          <command>NEXT</command>
          <linkMode>false</linkMode>
          <responseSymbol>failure</responseSymbol>
          <shouldHandoff>false</shouldHandoff>
          <transitionValue>0.0</transitionValue>
          <destination>
            <refId>7e8cbdfd-ac1e-4843-aacb-fae6009443be</refId>
          </destination>
          <source>
            <refId>751c0c71-a932-4718-b263-78e2a6463129</refId>
          </source>
          <positions>
            <point>
              <x>404.0</x>
              <y>318.0</y>
            </point>
            <point>
              <x>578.0</x>
              <y>310.0</y>
            </point>
          </positions>
          <labelPosition>
            <x>333.0</x>
            <y>0.0</y>
          </labelPosition>
        </transition>
        <transition id="82f24090-c8f6-43dc-ae7a-3fccd8dc1be5">
          <annotation></annotation>
          <name>success</name>
          <command>NEXT</command>
          <linkMode>false</linkMode>
          <responseSymbol>success</responseSymbol>
          <shouldHandoff>false</shouldHandoff>
          <transitionValue>0.0</transitionValue>
          <destination>
            <refId>7e8cbdfd-ac1e-4843-aacb-fae6009443be</refId>
          </destination>
          <source>
            <refId>751c0c71-a932-4718-b263-78e2a6463129</refId>
          </source>
          <positions>
            <point>
              <x>404.0</x>
              <y>318.0</y>
            </point>
            <point>
              <x>465.0848961304427</x>
              <y>340.21790864894865</y>
            </point>
            <point>
              <x>519.2115285361153</x>
              <y>337.72932784868783</y>
            </point>
            <point>
              <x>578.0</x>
              <y>310.0</y>
            </point>
          </positions>
          <labelPosition>
            <x>333.0</x>
            <y>0.0</y>
          </labelPosition>
        </transition>
      </transitions>
      <properties/>
      <opRef>
        <refId>93d11783-54db-4d1e-b6f2-9e2acf3098a4</refId>
      </opRef>
      <assignments/>
      <throttleSize>0</throttleSize>
    </step>
    <step id="f696e6e5-e6f8-4eaf-ae2f-76a5ecb8010f">
      <annotation>db3a24ca-41a4-4983-89c6-07101bbbe36c.f696e6e5-e6f8-4eaf-ae2f-76a5ecb8010f.description</annotation>
      <name>Notify Flow Completion</name>
      <bounds>
        <x>208.0</x>
        <y>22.0</y>
      </bounds>
      <layer>-1</layer>
      <hideInbound>false</hideInbound>
      <addResultToRunContext>false</addResultToRunContext>
      <isCriticalStep>false</isCriticalStep>
      <isNonBlocking>false</isNonBlocking>
      <isParallelStep>false</isParallelStep>
      <isSingleResponse>true</isSingleResponse>
      <recordInHistory>false</recordInHistory>
      <recordRawOutput>false</recordRawOutput>
      <recordPrimaryOutput>false</recordPrimaryOutput>
      <checkPointStep>true</checkPointStep>
      <historyCheckPointStep>true</historyCheckPointStep>
      <scriptResultStep>false</scriptResultStep>
      <userPrompt></userPrompt>
      <bindings>
        <staticBinding id="f618eb8f-79ae-4c52-88e8-7bf2b732ddf0">
          <annotation></annotation>
          <fromContextKey>CSA_PROCESS_ID</fromContextKey>
          <assignFromContext>false</assignFromContext>
          <assignToContext>false</assignToContext>
          <inputType>STRING</inputType>
          <isList>false</isList>
          <required>true</required>
          <isPersisted>true</isPersisted>
          <inputSymbol>processInstanceId</inputSymbol>
          <listDelimiter>,</listDelimiter>
          <value>${CSA_PROCESS_ID}</value>
          <record>false</record>
        </staticBinding>
        <staticBinding id="bf272328-a560-4c68-9bf0-716dbde5f757">
          <annotation></annotation>
          <assignFromContext>false</assignFromContext>
          <assignToContext>false</assignToContext>
          <inputType>STRING</inputType>
          <isList>false</isList>
          <required>true</required>
          <isPersisted>true</isPersisted>
          <inputSymbol>userIdentifier</inputSymbol>
          <listDelimiter>,</listDelimiter>
          <value>${userIdentifier}</value>
          <record>false</record>
        </staticBinding>
        <staticBinding id="c879ceca-fa2d-49c4-9a72-905ffc3be873">
          <annotation></annotation>
          <assignFromContext>false</assignFromContext>
          <assignToContext>false</assignToContext>
          <inputType>STRING</inputType>
          <isList>false</isList>
          <required>true</required>
          <isPersisted>true</isPersisted>
          <inputSymbol>processInstanceState</inputSymbol>
          <listDelimiter>,</listDelimiter>
          <value>COMPLETED</value>
          <record>false</record>
        </staticBinding>
        <staticBinding id="47ff9228-457e-40b6-b712-15db3abca78d">
          <annotation></annotation>
          <assignFromContext>false</assignFromContext>
          <assignToContext>false</assignToContext>
          <inputType>STRING</inputType>
          <isList>false</isList>
          <required>false</required>
          <isPersisted>true</isPersisted>
          <inputSymbol>processReturnCode</inputSymbol>
          <listDelimiter>,</listDelimiter>
          <value>FAILURE</value>
          <record>false</record>
        </staticBinding>
        <staticBinding id="18edb86c-244b-420b-ab02-faa22e05e0a1">
          <annotation></annotation>
          <assignFromContext>true</assignFromContext>
          <assignToContext>true</assignToContext>
          <inputType>STRING</inputType>
          <isList>false</isList>
          <required>false</required>
          <isPersisted>true</isPersisted>
          <inputSymbol>processStatus</inputSymbol>
          <listDelimiter>,</listDelimiter>
          <value>Flow failed</value>
          <record>false</record>
        </staticBinding>
      </bindings>
      <transitions>
        <transition id="dd591059-e5be-47d1-b559-3277535f21ee">
          <annotation></annotation>
          <name>done</name>
          <command>NEXT</command>
          <linkMode>false</linkMode>
          <responseSymbol>done</responseSymbol>
          <shouldHandoff>false</shouldHandoff>
          <transitionValue>0.0</transitionValue>
          <destination>
            <refId>0e692756-6801-4ec1-ac83-d75c563bd77e</refId>
          </destination>
          <source>
            <refId>f696e6e5-e6f8-4eaf-ae2f-76a5ecb8010f</refId>
          </source>
          <positions>
            <point>
              <x>364.0</x>
              <y>116.0</y>
            </point>
            <point>
              <x>97.0</x>
              <y>61.0</y>
            </point>
          </positions>
          <labelPosition>
            <x>333.0</x>
            <y>0.0</y>
          </labelPosition>
        </transition>
      </transitions>
      <properties/>
      <opRef>
        <refId>7bda02d2-425f-42aa-9ad3-5192b0fe6446</refId>
      </opRef>
      <assignments/>
      <throttleSize>0</throttleSize>
    </step>
    <returnStep id="ab40a838-bdfd-4288-abff-9a96cca27070">
      <annotation></annotation>
      <name>Resolved : success</name>
      <bounds>
        <x>522.0</x>
        <y>22.0</y>
      </bounds>
      <layer>-1</layer>
      <hideInbound>false</hideInbound>
      <addResultToRunContext>false</addResultToRunContext>
      <isCriticalStep>false</isCriticalStep>
      <isNonBlocking>false</isNonBlocking>
      <isParallelStep>false</isParallelStep>
      <isSingleResponse>false</isSingleResponse>
      <recordInHistory>false</recordInHistory>
      <recordRawOutput>true</recordRawOutput>
      <recordPrimaryOutput>true</recordPrimaryOutput>
      <checkPointStep>true</checkPointStep>
      <historyCheckPointStep>true</historyCheckPointStep>
      <scriptResultStep>false</scriptResultStep>
      <userPrompt></userPrompt>
      <bindings/>
      <transitions>
        <transition id="0745ca61-d837-4c3a-b2e4-c46762aa3334">
          <annotation></annotation>
          <name>return</name>
          <command>NEXT</command>
          <linkMode>false</linkMode>
          <responseSymbol>success</responseSymbol>
          <shouldHandoff>false</shouldHandoff>
          <transitionValue>0.0</transitionValue>
          <destination>
            <refId>ab40a838-bdfd-4288-abff-9a96cca27070</refId>
          </destination>
          <source>
            <refId>ab40a838-bdfd-4288-abff-9a96cca27070</refId>
          </source>
          <positions/>
        </transition>
      </transitions>
      <properties/>
      <returnStepType>RESOLVED</returnStepType>
      <assignments/>
    </returnStep>
    <returnStep id="0e692756-6801-4ec1-ac83-d75c563bd77e">
      <annotation></annotation>
      <name>Error : failure</name>
      <bounds>
        <x>353.0</x>
        <y>22.0</y>
      </bounds>
      <layer>-1</layer>
      <hideInbound>false</hideInbound>
      <addResultToRunContext>false</addResultToRunContext>
      <isCriticalStep>false</isCriticalStep>
      <isNonBlocking>false</isNonBlocking>
      <isParallelStep>false</isParallelStep>
      <isSingleResponse>false</isSingleResponse>
      <recordInHistory>false</recordInHistory>
      <recordRawOutput>true</recordRawOutput>
      <recordPrimaryOutput>true</recordPrimaryOutput>
      <checkPointStep>true</checkPointStep>
      <historyCheckPointStep>true</historyCheckPointStep>
      <scriptResultStep>false</scriptResultStep>
      <userPrompt></userPrompt>
      <bindings/>
      <transitions>
        <transition id="b276ea80-207b-4a54-8ae9-240b584bf362">
          <annotation></annotation>
          <name>return</name>
          <command>NEXT</command>
          <linkMode>false</linkMode>
          <responseSymbol>failure</responseSymbol>
          <shouldHandoff>false</shouldHandoff>
          <transitionValue>0.0</transitionValue>
          <destination>
            <refId>0e692756-6801-4ec1-ac83-d75c563bd77e</refId>
          </destination>
          <source>
            <refId>0e692756-6801-4ec1-ac83-d75c563bd77e</refId>
          </source>
          <positions/>
        </transition>
      </transitions>
      <properties/>
      <returnStepType>ERROR</returnStepType>
      <assignments/>
    </returnStep>
    <step id="cd4e3baa-5269-431b-a647-ef6a59c13289">
      <annotation></annotation>
      <name>DB_GetDetailsBySubscriptionID</name>
      <bounds>
        <x>15.0</x>
        <y>156.0</y>
      </bounds>
      <layer>-1</layer>
      <hideInbound>false</hideInbound>
      <addResultToRunContext>false</addResultToRunContext>
      <isCriticalStep>false</isCriticalStep>
      <isNonBlocking>false</isNonBlocking>
      <isParallelStep>false</isParallelStep>
      <isSingleResponse>false</isSingleResponse>
      <recordInHistory>false</recordInHistory>
      <recordRawOutput>true</recordRawOutput>
      <recordPrimaryOutput>true</recordPrimaryOutput>
      <checkPointStep>true</checkPointStep>
      <historyCheckPointStep>true</historyCheckPointStep>
      <scriptResultStep>false</scriptResultStep>
      <userPrompt></userPrompt>
      <bindings>
        <staticBinding id="0645ec67-456b-459f-b415-a6cb4c98c030">
          <annotation></annotation>
          <assignFromContext>true</assignFromContext>
          <assignToContext>true</assignToContext>
          <inputType>STRING</inputType>
          <isList>false</isList>
          <required>true</required>
          <isPersisted>true</isPersisted>
          <inputSymbol>db.getdetails.csasvcuuid</inputSymbol>
          <listDelimiter>,</listDelimiter>
          <value>${CSA_CONTEXT_ID}</value>
          <record>false</record>
        </staticBinding>
      </bindings>
      <transitions>
        <transition id="68bd6a43-c45f-42b0-a491-39e426c53f72">
          <annotation></annotation>
          <name>success</name>
          <command>NEXT</command>
          <linkMode>false</linkMode>
          <responseSymbol>success</responseSymbol>
          <shouldHandoff>false</shouldHandoff>
          <transitionValue>0.0</transitionValue>
          <destination>
            <refId>69cc7425-1e25-4a2d-8712-2e6a6e4d3081</refId>
          </destination>
          <source>
            <refId>cd4e3baa-5269-431b-a647-ef6a59c13289</refId>
          </source>
          <positions>
            <point>
              <x>71.0</x>
              <y>190.0</y>
            </point>
            <point>
              <x>72.0</x>
              <y>324.0</y>
            </point>
          </positions>
          <labelPosition>
            <x>333.0</x>
            <y>0.0</y>
          </labelPosition>
        </transition>
        <transition id="5aac4d52-49c1-41a9-bdb2-4123a5c69e51">
          <annotation></annotation>
          <name>failure</name>
          <command>NEXT</command>
          <linkMode>false</linkMode>
          <responseSymbol>failure</responseSymbol>
          <shouldHandoff>false</shouldHandoff>
          <transitionValue>0.0</transitionValue>
          <destination>
            <refId>c306be7d-c18a-4c3b-8e10-c3a516bfa587</refId>
          </destination>
          <source>
            <refId>cd4e3baa-5269-431b-a647-ef6a59c13289</refId>
          </source>
          <positions>
            <point>
              <x>71.0</x>
              <y>190.0</y>
            </point>
            <point>
              <x>258.0</x>
              <y>180.0</y>
            </point>
          </positions>
          <labelPosition>
            <x>333.0</x>
            <y>0.0</y>
          </labelPosition>
        </transition>
      </transitions>
      <properties/>
      <opRef>
        <refId>26e16199-ac42-40d7-8725-27b18ed3509d</refId>
      </opRef>
      <assignments>
        <flowVariableAssignment id="462e2700-ba43-4c54-bad6-d733a72bad96">
          <annotation></annotation>
          <name>assignment</name>
          <action>OVERWRITE</action>
          <assignmentTargetType>FLOW_VARIABLE</assignmentTargetType>
          <contextKey>db.getdetails.contactemail</contextKey>
          <expression id="73aab4a5-76b9-4c4f-b8bc-637ec4fe4695">
            <annotation></annotation>
            <name>Result Field: db.getdetails.contactemail</name>
            <fieldName>db.getdetails.contactemail</fieldName>
            <sourceType>RAWRESULT</sourceType>
            <filters/>
          </expression>
        </flowVariableAssignment>
        <flowVariableAssignment id="fce7e5a0-ba39-49af-bd99-198f32c451fd">
          <annotation></annotation>
          <name>assignment</name>
          <action>OVERWRITE</action>
          <assignmentTargetType>FLOW_VARIABLE</assignmentTargetType>
          <contextKey>db.getdetails.csasubscriptionid</contextKey>
          <expression id="7bb1c5e2-1bab-4083-9566-3d794be076f1">
            <annotation></annotation>
            <name>Result Field: db.getdetails.csasubscriptionid</name>
            <fieldName>db.getdetails.csasubscriptionid</fieldName>
            <sourceType>RAWRESULT</sourceType>
            <filters/>
          </expression>
        </flowVariableAssignment>
      </assignments>
      <throttleSize>0</throttleSize>
    </step>
    <step id="512f6bd7-a2c1-4b8e-840f-766f0f2f95ab">
      <annotation></annotation>
      <name>pc_lc_add_disk</name>
      <bounds>
        <x>208.0</x>
        <y>290.0</y>
      </bounds>
      <layer>-1</layer>
      <hideInbound>false</hideInbound>
      <addResultToRunContext>false</addResultToRunContext>
      <isCriticalStep>false</isCriticalStep>
      <isNonBlocking>false</isNonBlocking>
      <isParallelStep>false</isParallelStep>
      <isSingleResponse>false</isSingleResponse>
      <recordInHistory>false</recordInHistory>
      <recordRawOutput>true</recordRawOutput>
      <recordPrimaryOutput>true</recordPrimaryOutput>
      <checkPointStep>true</checkPointStep>
      <historyCheckPointStep>true</historyCheckPointStep>
      <scriptResultStep>false</scriptResultStep>
      <userPrompt></userPrompt>
      <bindings>
        <userInputBinding id="afbda493-a3c7-4dc6-9fbf-47089b9a2418">
          <annotation></annotation>
          <assignFromContext>true</assignFromContext>
          <assignToContext>true</assignToContext>
          <inputType>STRING</inputType>
          <isList>false</isList>
          <required>false</required>
          <isPersisted>true</isPersisted>
          <inputSymbol>CSA_CONTEXT_ID</inputSymbol>
          <listDelimiter>,</listDelimiter>
          <record>false</record>
          <prompt></prompt>
          <isMultiSelect>false</isMultiSelect>
          <sourceDelimiter>|</sourceDelimiter>
        </userInputBinding>
        <userInputBinding id="6d7af70c-9851-4942-8df1-d70bfb3873f8">
          <annotation></annotation>
          <fromContextKey>ADD_DISK_SIZE</fromContextKey>
          <assignFromContext>true</assignFromContext>
          <assignToContext>true</assignToContext>
          <inputType>STRING</inputType>
          <isList>false</isList>
          <required>false</required>
          <isPersisted>true</isPersisted>
          <inputSymbol>disk.size</inputSymbol>
          <listDelimiter>,</listDelimiter>
          <record>false</record>
          <validationFormat>
            <refId>866436c8-2adf-4e78-bdba-956dd4fce81d</refId>
            <refName>positive integer</refName>
          </validationFormat>
          <prompt></prompt>
          <isMultiSelect>false</isMultiSelect>
          <sourceDelimiter>|</sourceDelimiter>
        </userInputBinding>
      </bindings>
      <transitions>
        <transition id="a65c81fa-5b07-4fd8-ac31-84ebbe95eaed">
          <annotation></annotation>
          <name>failure</name>
          <command>NEXT</command>
          <linkMode>false</linkMode>
          <responseSymbol>failure</responseSymbol>
          <shouldHandoff>false</shouldHandoff>
          <transitionValue>0.0</transitionValue>
          <destination>
            <refId>c306be7d-c18a-4c3b-8e10-c3a516bfa587</refId>
          </destination>
          <source>
            <refId>512f6bd7-a2c1-4b8e-840f-766f0f2f95ab</refId>
          </source>
          <positions>
            <point>
              <x>258.0</x>
              <y>320.0</y>
            </point>
            <point>
              <x>258.0</x>
              <y>180.0</y>
            </point>
          </positions>
          <labelPosition>
            <x>333.0</x>
            <y>0.0</y>
          </labelPosition>
        </transition>
        <transition id="a93264fd-2668-4020-b22b-35a5b8accf24">
          <annotation></annotation>
          <name>success</name>
          <command>NEXT</command>
          <linkMode>false</linkMode>
          <responseSymbol>success</responseSymbol>
          <shouldHandoff>false</shouldHandoff>
          <transitionValue>0.0</transitionValue>
          <destination>
            <refId>751c0c71-a932-4718-b263-78e2a6463129</refId>
          </destination>
          <source>
            <refId>512f6bd7-a2c1-4b8e-840f-766f0f2f95ab</refId>
          </source>
          <positions>
            <point>
              <x>258.0</x>
              <y>320.0</y>
            </point>
            <point>
              <x>523.0</x>
              <y>295.0</y>
            </point>
          </positions>
          <labelPosition>
            <x>333.0</x>
            <y>0.0</y>
          </labelPosition>
        </transition>
        <transition id="cb0a91ec-a8c0-4e81-96a2-7e838076044c">
          <annotation></annotation>
          <name>diskMaxReached</name>
          <command>NEXT</command>
          <linkMode>false</linkMode>
          <responseSymbol>diskMaxReached</responseSymbol>
          <shouldHandoff>false</shouldHandoff>
          <transitionValue>0.0</transitionValue>
          <destination>
            <refId>037f4ab4-d76c-4329-9023-8bb1a6007740</refId>
          </destination>
          <source>
            <refId>512f6bd7-a2c1-4b8e-840f-766f0f2f95ab</refId>
          </source>
          <positions>
            <point>
              <x>258.0</x>
              <y>320.0</y>
            </point>
            <point>
              <x>265.0</x>
              <y>481.0</y>
            </point>
          </positions>
          <labelPosition>
            <x>333.0</x>
            <y>0.0</y>
          </labelPosition>
        </transition>
      </transitions>
      <properties/>
      <opRef>
        <refId>7fe7e6cc-9756-471a-9f1c-9ba8a84dbcb2</refId>
      </opRef>
      <assignments/>
      <throttleSize>0</throttleSize>
    </step>
    <step id="a795ca35-ab1b-4af0-943b-efe4c2ea39b5">
      <annotation>db3a24ca-41a4-4983-89c6-07101bbbe36c.a795ca35-ab1b-4af0-943b-efe4c2ea39b5.description</annotation>
      <name>Notify Flow Completion</name>
      <bounds>
        <x>682.0</x>
        <y>417.0</y>
      </bounds>
      <layer>-1</layer>
      <hideInbound>false</hideInbound>
      <addResultToRunContext>false</addResultToRunContext>
      <isCriticalStep>false</isCriticalStep>
      <isNonBlocking>false</isNonBlocking>
      <isParallelStep>false</isParallelStep>
      <isSingleResponse>true</isSingleResponse>
      <recordInHistory>false</recordInHistory>
      <recordRawOutput>false</recordRawOutput>
      <recordPrimaryOutput>false</recordPrimaryOutput>
      <checkPointStep>true</checkPointStep>
      <historyCheckPointStep>true</historyCheckPointStep>
      <scriptResultStep>false</scriptResultStep>
      <userPrompt></userPrompt>
      <bindings>
        <staticBinding id="a6034bf6-88cf-4dc7-95d4-8bb056290641">
          <annotation></annotation>
          <fromContextKey>CSA_PROCESS_ID</fromContextKey>
          <assignFromContext>false</assignFromContext>
          <assignToContext>false</assignToContext>
          <inputType>STRING</inputType>
          <isList>false</isList>
          <required>true</required>
          <isPersisted>true</isPersisted>
          <inputSymbol>processInstanceId</inputSymbol>
          <listDelimiter>,</listDelimiter>
          <value>${CSA_PROCESS_ID}</value>
          <record>false</record>
        </staticBinding>
        <staticBinding id="6e4683d2-83a0-4110-ba47-826ae2e5d3a7">
          <annotation></annotation>
          <assignFromContext>false</assignFromContext>
          <assignToContext>false</assignToContext>
          <inputType>STRING</inputType>
          <isList>false</isList>
          <required>true</required>
          <isPersisted>true</isPersisted>
          <inputSymbol>userIdentifier</inputSymbol>
          <listDelimiter>,</listDelimiter>
          <value>${userIdentifier}</value>
          <record>false</record>
        </staticBinding>
        <staticBinding id="17e43cbe-3ce0-46b8-85bd-159f00dd57e7">
          <annotation></annotation>
          <assignFromContext>false</assignFromContext>
          <assignToContext>false</assignToContext>
          <inputType>STRING</inputType>
          <isList>false</isList>
          <required>true</required>
          <isPersisted>true</isPersisted>
          <inputSymbol>processInstanceState</inputSymbol>
          <listDelimiter>,</listDelimiter>
          <value>COMPLETED</value>
          <record>false</record>
        </staticBinding>
        <staticBinding id="74d65250-daf5-412f-a1c6-3466fde4e35a">
          <annotation></annotation>
          <assignFromContext>false</assignFromContext>
          <assignToContext>false</assignToContext>
          <inputType>STRING</inputType>
          <isList>false</isList>
          <required>false</required>
          <isPersisted>true</isPersisted>
          <inputSymbol>processReturnCode</inputSymbol>
          <listDelimiter>,</listDelimiter>
          <value>FAILURE</value>
          <record>false</record>
        </staticBinding>
        <staticBinding id="a665890b-491a-4d00-aa5e-0e278985fedc">
          <annotation></annotation>
          <assignFromContext>true</assignFromContext>
          <assignToContext>true</assignToContext>
          <inputType>STRING</inputType>
          <isList>false</isList>
          <required>false</required>
          <isPersisted>true</isPersisted>
          <inputSymbol>processStatus</inputSymbol>
          <listDelimiter>,</listDelimiter>
          <value>Flow was cancelled due to max disk count reached</value>
          <record>false</record>
        </staticBinding>
      </bindings>
      <transitions>
        <transition id="a51e8241-b74c-4fe4-b102-c3a538409a27">
          <annotation></annotation>
          <name>done</name>
          <command>NEXT</command>
          <linkMode>false</linkMode>
          <responseSymbol>done</responseSymbol>
          <shouldHandoff>false</shouldHandoff>
          <transitionValue>0.0</transitionValue>
          <destination>
            <refId>ab40a838-bdfd-4288-abff-9a96cca27070</refId>
          </destination>
          <source>
            <refId>a795ca35-ab1b-4af0-943b-efe4c2ea39b5</refId>
          </source>
          <positions>
            <point>
              <x>581.0</x>
              <y>462.0</y>
            </point>
            <point>
              <x>572.0</x>
              <y>56.0</y>
            </point>
          </positions>
          <labelPosition>
            <x>333.0</x>
            <y>0.0</y>
          </labelPosition>
        </transition>
      </transitions>
      <properties/>
      <opRef>
        <refId>7bda02d2-425f-42aa-9ad3-5192b0fe6446</refId>
      </opRef>
      <assignments/>
      <throttleSize>0</throttleSize>
    </step>
  </steps>
  <startSteps>bae2a1c0-4f9d-4b26-ad87-f817ee3ac0bc</startSteps>
</flow>