<?xml version="1.0" encoding="UTF-8"?>
<flow id="929f096c-4909-4010-8ac7-575f6649e092">
  <annotation></annotation>
  <name>SA_RemoveAllSWPolicies</name>
  <categories/>
  <inputs>
    <userInputBinding id="dd0cfcc3-b921-4b30-9480-a41ba802e180">
      <annotation></annotation>
      <assignFromContext>false</assignFromContext>
      <assignToContext>false</assignToContext>
      <inputType>STRING</inputType>
      <isList>false</isList>
      <required>false</required>
      <isPersisted>true</isPersisted>
      <inputSymbol>server.hostname</inputSymbol>
      <listDelimiter>,</listDelimiter>
      <record>false</record>
      <prompt></prompt>
      <isMultiSelect>false</isMultiSelect>
      <sourceDelimiter>|</sourceDelimiter>
    </userInputBinding>
    <userInputBinding id="98da543f-1257-4802-b6c6-9924bb9a9668">
      <annotation></annotation>
      <assignFromContext>false</assignFromContext>
      <assignToContext>false</assignToContext>
      <inputType>STRING</inputType>
      <isList>false</isList>
      <required>false</required>
      <isPersisted>true</isPersisted>
      <inputSymbol>exceptionList</inputSymbol>
      <listDelimiter>,</listDelimiter>
      <record>false</record>
      <prompt></prompt>
      <isMultiSelect>false</isMultiSelect>
      <sourceDelimiter>|</sourceDelimiter>
    </userInputBinding>
  </inputs>
  <scriptlet id="9ee7407d-02d1-4d99-b65b-f4a204af7637">
    <annotation></annotation>
    <name>Operation SA_RemoveAllSWPolicies (929f096c-4909-4010-8ac7-575f6649e092)</name>
    <type>RHINO</type>
  </scriptlet>
  <possibleResponses>
    <opResponse id="af39b3f1-116c-49c6-9bd8-fcd7ff438995">
      <annotation></annotation>
      <name>success</name>
      <isDefault>true</isDefault>
      <onFailure>false</onFailure>
      <type>RESOLVED</type>
      <matchRules/>
    </opResponse>
    <opResponse id="dfd575ac-c220-4dfc-9c77-a96fda1918db">
      <annotation></annotation>
      <name>failure</name>
      <isDefault>false</isDefault>
      <onFailure>true</onFailure>
      <type>ERROR</type>
      <matchRules/>
    </opResponse>
  </possibleResponses>
  <availableResultExpressions/>
  <resultExpression id="c4477f52-57ac-4409-af9a-c1e3225394d2">
    <annotation></annotation>
    <name>FailureMessage</name>
    <fieldName>FailureMessage</fieldName>
    <sourceType>RAWRESULT</sourceType>
    <filters/>
  </resultExpression>
  <iconSpec id="dd751f01-1037-40b4-a122-5cd4ee6a0451">
    <baseIcon>flow.png</baseIcon>
    <basePath>System</basePath>
    <readOnly>false</readOnly>
    <layers/>
  </iconSpec>
  <callouts/>
  <checkPointFlow>true</checkPointFlow>
  <compatibleRuntimeContext>false</compatibleRuntimeContext>
  <historyCheckPointFlow>true</historyCheckPointFlow>
  <steps>
    <step id="e56b4026-a2ee-45b6-90a3-594e4170fe51">
      <annotation>929f096c-4909-4010-8ac7-575f6649e092.e56b4026-a2ee-45b6-90a3-594e4170fe51.description</annotation>
      <name>Get Software Policies From Server</name>
      <bounds>
        <x>150.0</x>
        <y>138.0</y>
      </bounds>
      <layer>-1</layer>
      <hideInbound>false</hideInbound>
      <addResultToRunContext>false</addResultToRunContext>
      <isCriticalStep>false</isCriticalStep>
      <isNonBlocking>false</isNonBlocking>
      <isParallelStep>false</isParallelStep>
      <isSingleResponse>false</isSingleResponse>
      <recordInHistory>false</recordInHistory>
      <recordRawOutput>true</recordRawOutput>
      <recordPrimaryOutput>true</recordPrimaryOutput>
      <checkPointStep>true</checkPointStep>
      <historyCheckPointStep>true</historyCheckPointStep>
      <scriptResultStep>false</scriptResultStep>
      <userPrompt></userPrompt>
      <bindings>
        <staticBinding id="a23484f9-f3ac-4a96-8f2e-7db4cf1e200d">
          <annotation></annotation>
          <toContextKey></toContextKey>
          <fromContextKey></fromContextKey>
          <assignFromContext>false</assignFromContext>
          <assignToContext>false</assignToContext>
          <inputType>STRING</inputType>
          <isList>false</isList>
          <required>true</required>
          <isPersisted>true</isPersisted>
          <inputSymbol>coreHost</inputSymbol>
          <listDelimiter>,</listDelimiter>
          <value>${pc.sa.core.host}</value>
          <record>false</record>
        </staticBinding>
        <identityBinding id="fbd7122a-a2a2-4c0e-ab19-61a8c6254217">
          <annotation></annotation>
          <toContextKey></toContextKey>
          <fromContextKey></fromContextKey>
          <assignFromContext>false</assignFromContext>
          <assignToContext>false</assignToContext>
          <inputType>STRING</inputType>
          <isList>false</isList>
          <required>true</required>
          <isPersisted>true</isPersisted>
          <inputSymbol>coreUsername</inputSymbol>
          <listDelimiter>,</listDelimiter>
          <record>false</record>
          <link>
            <refId>5d2be9ab-96d0-488e-8465-a13555fac3c5</refId>
            <refName>pc.sa</refName>
          </link>
          <identityAttribute>USERNAME</identityAttribute>
        </identityBinding>
        <identityBinding id="4c071ec2-ff12-454e-b574-4da4b48fab25">
          <annotation></annotation>
          <toContextKey></toContextKey>
          <fromContextKey></fromContextKey>
          <assignFromContext>false</assignFromContext>
          <assignToContext>false</assignToContext>
          <inputType>ENCRYPTED</inputType>
          <isList>false</isList>
          <required>true</required>
          <isPersisted>true</isPersisted>
          <inputSymbol>corePassword</inputSymbol>
          <listDelimiter>,</listDelimiter>
          <record>false</record>
          <link>
            <refId>5d2be9ab-96d0-488e-8465-a13555fac3c5</refId>
            <refName>pc.sa</refName>
          </link>
          <identityAttribute>PASSWORD</identityAttribute>
        </identityBinding>
        <staticBinding id="9564fb9a-8998-49d1-8d9b-70d4a90d8970">
          <annotation></annotation>
          <toContextKey></toContextKey>
          <fromContextKey></fromContextKey>
          <assignFromContext>false</assignFromContext>
          <assignToContext>false</assignToContext>
          <inputType>STRING</inputType>
          <isList>false</isList>
          <required>false</required>
          <isPersisted>true</isPersisted>
          <inputSymbol>corePort</inputSymbol>
          <listDelimiter>,</listDelimiter>
          <value>443</value>
          <record>false</record>
        </staticBinding>
        <staticBinding id="15c69a98-aeae-4dde-94c0-068762cb0482">
          <annotation></annotation>
          <toContextKey></toContextKey>
          <fromContextKey></fromContextKey>
          <assignFromContext>false</assignFromContext>
          <assignToContext>false</assignToContext>
          <inputType>STRING</inputType>
          <isList>false</isList>
          <required>false</required>
          <isPersisted>true</isPersisted>
          <inputSymbol>coreProtocol</inputSymbol>
          <listDelimiter>,</listDelimiter>
          <value>https</value>
          <record>false</record>
        </staticBinding>
        <staticBinding id="6cfc4a16-b453-4dce-933f-0055d1c56935">
          <annotation></annotation>
          <toContextKey></toContextKey>
          <fromContextKey></fromContextKey>
          <assignFromContext>false</assignFromContext>
          <assignToContext>false</assignToContext>
          <inputType>STRING</inputType>
          <isList>false</isList>
          <required>false</required>
          <isPersisted>true</isPersisted>
          <inputSymbol>coreVersion</inputSymbol>
          <listDelimiter>,</listDelimiter>
          <value>${pc.sa.core.version}</value>
          <record>false</record>
        </staticBinding>
        <staticBinding id="b82bf283-03a3-45ac-b824-9687d5aa6b5c">
          <annotation></annotation>
          <toContextKey></toContextKey>
          <fromContextKey></fromContextKey>
          <assignFromContext>false</assignFromContext>
          <assignToContext>false</assignToContext>
          <inputType>STRING</inputType>
          <isList>false</isList>
          <required>true</required>
          <isPersisted>true</isPersisted>
          <inputSymbol>serverName</inputSymbol>
          <listDelimiter>,</listDelimiter>
          <value>${server.hostname}</value>
          <record>false</record>
        </staticBinding>
        <staticBinding id="15857757-688d-4276-8cf1-c51ffe976003">
          <annotation></annotation>
          <toContextKey></toContextKey>
          <fromContextKey></fromContextKey>
          <assignFromContext>false</assignFromContext>
          <assignToContext>false</assignToContext>
          <inputType>STRING</inputType>
          <isList>false</isList>
          <required>false</required>
          <isPersisted>true</isPersisted>
          <inputSymbol>serverId</inputSymbol>
          <listDelimiter>,</listDelimiter>
          <record>false</record>
        </staticBinding>
      </bindings>
      <transitions>
        <transition id="fa490426-128f-4b30-9729-e712bf8d10a0">
          <annotation></annotation>
          <name>failure</name>
          <command>NEXT</command>
          <linkMode>false</linkMode>
          <responseSymbol>failure</responseSymbol>
          <shouldHandoff>false</shouldHandoff>
          <transitionValue>0.0</transitionValue>
          <destination>
            <refId>77158607-3d09-4043-9450-9512881075a0</refId>
          </destination>
          <source>
            <refId>e56b4026-a2ee-45b6-90a3-594e4170fe51</refId>
          </source>
          <positions>
            <point>
              <x>200.0</x>
              <y>172.0</y>
            </point>
            <point>
              <x>197.0</x>
              <y>372.0</y>
            </point>
          </positions>
          <labelPosition>
            <x>333.0</x>
            <y>0.0</y>
          </labelPosition>
        </transition>
        <transition id="8f009400-efe8-4883-a5c1-50d46a8ca036">
          <annotation></annotation>
          <name>success</name>
          <command>NEXT</command>
          <linkMode>false</linkMode>
          <responseSymbol>success</responseSymbol>
          <shouldHandoff>false</shouldHandoff>
          <transitionValue>0.0</transitionValue>
          <destination>
            <refId>baa8b007-8431-460a-92c4-5ef3331f70fc</refId>
          </destination>
          <source>
            <refId>e56b4026-a2ee-45b6-90a3-594e4170fe51</refId>
          </source>
          <positions>
            <point>
              <x>200.0</x>
              <y>172.0</y>
            </point>
            <point>
              <x>381.0</x>
              <y>307.0</y>
            </point>
          </positions>
          <labelPosition>
            <x>333.0</x>
            <y>0.0</y>
          </labelPosition>
        </transition>
      </transitions>
      <properties/>
      <opRef>
        <refId>4068d021-3dc8-4be8-8103-0f4bfa230135</refId>
      </opRef>
      <assignments>
        <flowVariableAssignment id="5d3936ee-2fdb-42d8-97ac-edff0d52188f">
          <annotation></annotation>
          <name>assignment</name>
          <action>OVERWRITE</action>
          <assignmentTargetType>FLOW_VARIABLE</assignmentTargetType>
          <contextKey>SWPolicyList</contextKey>
          <expression id="85bc4b87-2979-4492-9de0-fded7c5a65f3">
            <annotation></annotation>
            <name>Result Field: softwarePolicyName</name>
            <fieldName>softwarePolicyName</fieldName>
            <sourceType>RAWRESULT</sourceType>
            <filters/>
          </expression>
        </flowVariableAssignment>
      </assignments>
      <throttleSize>0</throttleSize>
    </step>
    <step id="bdacf3cd-597e-40e5-863d-c8a275d601ae">
      <annotation>929f096c-4909-4010-8ac7-575f6649e092.bdacf3cd-597e-40e5-863d-c8a275d601ae.description</annotation>
      <name>Contains All</name>
      <bounds>
        <x>353.0</x>
        <y>338.0</y>
      </bounds>
      <layer>-1</layer>
      <hideInbound>false</hideInbound>
      <addResultToRunContext>false</addResultToRunContext>
      <isCriticalStep>false</isCriticalStep>
      <isNonBlocking>false</isNonBlocking>
      <isParallelStep>false</isParallelStep>
      <isSingleResponse>false</isSingleResponse>
      <recordInHistory>false</recordInHistory>
      <recordRawOutput>true</recordRawOutput>
      <recordPrimaryOutput>true</recordPrimaryOutput>
      <checkPointStep>true</checkPointStep>
      <historyCheckPointStep>true</historyCheckPointStep>
      <scriptResultStep>false</scriptResultStep>
      <userPrompt></userPrompt>
      <bindings>
        <staticBinding id="44d83e3d-dda1-4a75-a9c0-f65d2711d9ae">
          <annotation></annotation>
          <assignFromContext>false</assignFromContext>
          <assignToContext>false</assignToContext>
          <inputType>STRING</inputType>
          <isList>false</isList>
          <required>true</required>
          <isPersisted>true</isPersisted>
          <inputSymbol>sublist</inputSymbol>
          <listDelimiter>,</listDelimiter>
          <value>${curSWPolicy}</value>
          <record>false</record>
        </staticBinding>
        <staticBinding id="f108a6a0-a26e-4c47-8780-b1878f833523">
          <annotation></annotation>
          <assignFromContext>false</assignFromContext>
          <assignToContext>false</assignToContext>
          <inputType>STRING</inputType>
          <isList>false</isList>
          <required>true</required>
          <isPersisted>true</isPersisted>
          <inputSymbol>container</inputSymbol>
          <listDelimiter>,</listDelimiter>
          <value>${exceptionList}</value>
          <record>false</record>
        </staticBinding>
        <staticBinding id="6be6385e-e47c-4634-a97c-3bc832f5ef59">
          <annotation></annotation>
          <assignFromContext>false</assignFromContext>
          <assignToContext>false</assignToContext>
          <inputType>STRING</inputType>
          <isList>false</isList>
          <required>false</required>
          <isPersisted>true</isPersisted>
          <inputSymbol>delimiter</inputSymbol>
          <listDelimiter>,</listDelimiter>
          <value>,</value>
          <record>false</record>
        </staticBinding>
        <staticBinding id="5992830e-e99c-4c68-9c5b-56d785c59bdf">
          <annotation></annotation>
          <assignFromContext>false</assignFromContext>
          <assignToContext>false</assignToContext>
          <inputType>STRING</inputType>
          <isList>false</isList>
          <required>false</required>
          <isPersisted>true</isPersisted>
          <inputSymbol>ignoreCase</inputSymbol>
          <listDelimiter>,</listDelimiter>
          <value>true</value>
          <record>false</record>
        </staticBinding>
      </bindings>
      <transitions>
        <transition id="a137e3db-d77b-4c09-a6be-60e1b2c05cd1">
          <annotation></annotation>
          <name>false</name>
          <command>NEXT</command>
          <linkMode>false</linkMode>
          <responseSymbol>false</responseSymbol>
          <shouldHandoff>false</shouldHandoff>
          <transitionValue>0.0</transitionValue>
          <destination>
            <refId>1ff864b9-4810-4cea-8b58-0e95a0520c28</refId>
          </destination>
          <source>
            <refId>bdacf3cd-597e-40e5-863d-c8a275d601ae</refId>
          </source>
          <positions>
            <point>
              <x>405.0</x>
              <y>362.0</y>
            </point>
            <point>
              <x>412.0</x>
              <y>535.0</y>
            </point>
          </positions>
          <labelPosition>
            <x>333.0</x>
            <y>0.0</y>
          </labelPosition>
        </transition>
        <transition id="ee4490bd-a0c6-4b8e-91c5-a81df4be5916">
          <annotation></annotation>
          <name>true</name>
          <command>NEXT</command>
          <linkMode>false</linkMode>
          <responseSymbol>true</responseSymbol>
          <shouldHandoff>false</shouldHandoff>
          <transitionValue>0.0</transitionValue>
          <destination>
            <refId>baa8b007-8431-460a-92c4-5ef3331f70fc</refId>
          </destination>
          <source>
            <refId>bdacf3cd-597e-40e5-863d-c8a275d601ae</refId>
          </source>
          <positions>
            <point>
              <x>405.0</x>
              <y>362.0</y>
            </point>
            <point>
              <x>429.367071113786</x>
              <y>301.74018050694394</y>
            </point>
            <point>
              <x>428.6301590332911</x>
              <y>231.7335328599289</y>
            </point>
            <point>
              <x>403.0</x>
              <y>172.0</y>
            </point>
          </positions>
          <labelPosition>
            <x>333.0</x>
            <y>0.0</y>
          </labelPosition>
        </transition>
      </transitions>
      <properties/>
      <opRef>
        <refId>418595e1-7163-4ed8-bab3-707025252cea</refId>
      </opRef>
      <assignments/>
      <throttleSize>0</throttleSize>
    </step>
    <returnStep id="77158607-3d09-4043-9450-9512881075a0">
      <annotation></annotation>
      <name>Error : failure</name>
      <bounds>
        <x>147.0</x>
        <y>338.0</y>
      </bounds>
      <layer>-1</layer>
      <hideInbound>false</hideInbound>
      <addResultToRunContext>false</addResultToRunContext>
      <isCriticalStep>false</isCriticalStep>
      <isNonBlocking>false</isNonBlocking>
      <isParallelStep>false</isParallelStep>
      <isSingleResponse>false</isSingleResponse>
      <recordInHistory>false</recordInHistory>
      <recordRawOutput>true</recordRawOutput>
      <recordPrimaryOutput>true</recordPrimaryOutput>
      <checkPointStep>true</checkPointStep>
      <historyCheckPointStep>true</historyCheckPointStep>
      <scriptResultStep>false</scriptResultStep>
      <userPrompt></userPrompt>
      <bindings/>
      <transitions>
        <transition id="f6c41850-651d-4f83-8add-a300a87cee39">
          <annotation></annotation>
          <name>return</name>
          <command>NEXT</command>
          <linkMode>false</linkMode>
          <responseSymbol>failure</responseSymbol>
          <shouldHandoff>false</shouldHandoff>
          <transitionValue>0.0</transitionValue>
          <destination>
            <refId>77158607-3d09-4043-9450-9512881075a0</refId>
          </destination>
          <source>
            <refId>77158607-3d09-4043-9450-9512881075a0</refId>
          </source>
          <positions/>
        </transition>
      </transitions>
      <properties/>
      <returnStepType>ERROR</returnStepType>
      <assignments/>
    </returnStep>
    <step id="357c997c-533f-44b3-873d-24311b20fd46">
      <annotation>929f096c-4909-4010-8ac7-575f6649e092.357c997c-533f-44b3-873d-24311b20fd46.description</annotation>
      <name>sleep</name>
      <bounds>
        <x>863.0</x>
        <y>338.0</y>
      </bounds>
      <layer>-1</layer>
      <hideInbound>false</hideInbound>
      <addResultToRunContext>false</addResultToRunContext>
      <isCriticalStep>false</isCriticalStep>
      <isNonBlocking>false</isNonBlocking>
      <isParallelStep>false</isParallelStep>
      <isSingleResponse>false</isSingleResponse>
      <recordInHistory>false</recordInHistory>
      <recordRawOutput>true</recordRawOutput>
      <recordPrimaryOutput>true</recordPrimaryOutput>
      <checkPointStep>true</checkPointStep>
      <historyCheckPointStep>true</historyCheckPointStep>
      <scriptResultStep>false</scriptResultStep>
      <userPrompt></userPrompt>
      <bindings>
        <staticBinding id="1ab7a4fc-d298-49a1-87a6-e61ca5c2a124">
          <annotation></annotation>
          <assignFromContext>false</assignFromContext>
          <assignToContext>false</assignToContext>
          <inputType>STRING</inputType>
          <isList>false</isList>
          <required>true</required>
          <isPersisted>true</isPersisted>
          <inputSymbol>seconds</inputSymbol>
          <listDelimiter>,</listDelimiter>
          <value>60</value>
          <record>false</record>
        </staticBinding>
      </bindings>
      <transitions>
        <transition id="38fee8b4-acd3-44df-ab49-d23054e92e94">
          <annotation></annotation>
          <name>success</name>
          <command>NEXT</command>
          <linkMode>false</linkMode>
          <responseSymbol>success</responseSymbol>
          <shouldHandoff>false</shouldHandoff>
          <transitionValue>0.0</transitionValue>
          <destination>
            <refId>660f1384-2c8b-47b0-989f-9d3b5368e995</refId>
          </destination>
          <source>
            <refId>357c997c-533f-44b3-873d-24311b20fd46</refId>
          </source>
          <positions>
            <point>
              <x>1000.0</x>
              <y>333.0</y>
            </point>
            <point>
              <x>880.0</x>
              <y>414.0</y>
            </point>
          </positions>
          <labelPosition>
            <x>333.0</x>
            <y>0.0</y>
          </labelPosition>
        </transition>
        <transition id="f2c0cae3-a9bf-4fc6-8f3d-df9dbe1cc711">
          <annotation></annotation>
          <name>failure</name>
          <command>NEXT</command>
          <linkMode>false</linkMode>
          <responseSymbol>failure</responseSymbol>
          <shouldHandoff>false</shouldHandoff>
          <transitionValue>0.0</transitionValue>
          <destination>
            <refId>f221f708-86cc-4d01-aac5-d9b0ee7fe0f4</refId>
          </destination>
          <source>
            <refId>357c997c-533f-44b3-873d-24311b20fd46</refId>
          </source>
          <positions>
            <point>
              <x>865.0</x>
              <y>374.4018691588785</y>
            </point>
            <point>
              <x>790.0</x>
              <y>443.0</y>
            </point>
            <point>
              <x>590.0</x>
              <y>388.0</y>
            </point>
          </positions>
          <labelPosition>
            <x>333.0</x>
            <y>0.0</y>
          </labelPosition>
        </transition>
      </transitions>
      <properties/>
      <opRef>
        <refId>d1bbf441-824a-450e-afae-2ddec0e0f35e</refId>
      </opRef>
      <assignments/>
      <throttleSize>0</throttleSize>
    </step>
    <step id="1ff864b9-4810-4cea-8b58-0e95a0520c28">
      <annotation>929f096c-4909-4010-8ac7-575f6649e092.1ff864b9-4810-4cea-8b58-0e95a0520c28.description</annotation>
      <name>Detach Software Policy</name>
      <bounds>
        <x>353.0</x>
        <y>510.0</y>
      </bounds>
      <layer>-1</layer>
      <hideInbound>false</hideInbound>
      <addResultToRunContext>false</addResultToRunContext>
      <isCriticalStep>false</isCriticalStep>
      <isNonBlocking>false</isNonBlocking>
      <isParallelStep>false</isParallelStep>
      <isSingleResponse>false</isSingleResponse>
      <recordInHistory>false</recordInHistory>
      <recordRawOutput>true</recordRawOutput>
      <recordPrimaryOutput>true</recordPrimaryOutput>
      <checkPointStep>true</checkPointStep>
      <historyCheckPointStep>true</historyCheckPointStep>
      <scriptResultStep>false</scriptResultStep>
      <userPrompt></userPrompt>
      <bindings>
        <staticBinding id="cb9ae2d1-4255-4f14-ae07-6a649c8245c6">
          <annotation></annotation>
          <toContextKey></toContextKey>
          <fromContextKey></fromContextKey>
          <assignFromContext>false</assignFromContext>
          <assignToContext>false</assignToContext>
          <inputType>STRING</inputType>
          <isList>false</isList>
          <required>true</required>
          <isPersisted>true</isPersisted>
          <inputSymbol>coreHost</inputSymbol>
          <listDelimiter>,</listDelimiter>
          <value>${pc.sa.core.host}</value>
          <record>false</record>
        </staticBinding>
        <identityBinding id="0f452514-05a3-4a2c-8833-3ade2236205a">
          <annotation></annotation>
          <toContextKey></toContextKey>
          <fromContextKey></fromContextKey>
          <assignFromContext>false</assignFromContext>
          <assignToContext>false</assignToContext>
          <inputType>STRING</inputType>
          <isList>false</isList>
          <required>true</required>
          <isPersisted>true</isPersisted>
          <inputSymbol>coreUsername</inputSymbol>
          <listDelimiter>,</listDelimiter>
          <record>false</record>
          <link>
            <refId>5d2be9ab-96d0-488e-8465-a13555fac3c5</refId>
            <refName>pc.sa</refName>
          </link>
          <identityAttribute>USERNAME</identityAttribute>
        </identityBinding>
        <identityBinding id="7904e084-d450-4024-909d-497dd68b6672">
          <annotation></annotation>
          <toContextKey></toContextKey>
          <fromContextKey></fromContextKey>
          <assignFromContext>false</assignFromContext>
          <assignToContext>false</assignToContext>
          <inputType>ENCRYPTED</inputType>
          <isList>false</isList>
          <required>true</required>
          <isPersisted>true</isPersisted>
          <inputSymbol>corePassword</inputSymbol>
          <listDelimiter>,</listDelimiter>
          <record>false</record>
          <link>
            <refId>5d2be9ab-96d0-488e-8465-a13555fac3c5</refId>
            <refName>pc.sa</refName>
          </link>
          <identityAttribute>PASSWORD</identityAttribute>
        </identityBinding>
        <staticBinding id="be3465a9-baba-44d1-a672-28c05b6457cf">
          <annotation></annotation>
          <toContextKey></toContextKey>
          <fromContextKey></fromContextKey>
          <assignFromContext>false</assignFromContext>
          <assignToContext>false</assignToContext>
          <inputType>STRING</inputType>
          <isList>false</isList>
          <required>false</required>
          <isPersisted>true</isPersisted>
          <inputSymbol>corePort</inputSymbol>
          <listDelimiter>,</listDelimiter>
          <value>443</value>
          <record>false</record>
        </staticBinding>
        <staticBinding id="f149dbe1-d538-4a66-948c-083a9a4954ff">
          <annotation></annotation>
          <toContextKey></toContextKey>
          <fromContextKey></fromContextKey>
          <assignFromContext>false</assignFromContext>
          <assignToContext>false</assignToContext>
          <inputType>STRING</inputType>
          <isList>false</isList>
          <required>false</required>
          <isPersisted>true</isPersisted>
          <inputSymbol>coreProtocol</inputSymbol>
          <listDelimiter>,</listDelimiter>
          <value>https</value>
          <record>false</record>
        </staticBinding>
        <staticBinding id="c0ed90e7-5849-4578-924c-791eea549eb5">
          <annotation></annotation>
          <toContextKey></toContextKey>
          <fromContextKey></fromContextKey>
          <assignFromContext>false</assignFromContext>
          <assignToContext>false</assignToContext>
          <inputType>STRING</inputType>
          <isList>false</isList>
          <required>false</required>
          <isPersisted>true</isPersisted>
          <inputSymbol>coreVersion</inputSymbol>
          <listDelimiter>,</listDelimiter>
          <value>${pc.sa.core.version}</value>
          <record>false</record>
        </staticBinding>
        <staticBinding id="fa275797-c370-418a-a94b-a2999cf870cf">
          <annotation></annotation>
          <toContextKey></toContextKey>
          <fromContextKey></fromContextKey>
          <assignFromContext>false</assignFromContext>
          <assignToContext>false</assignToContext>
          <inputType>STRING</inputType>
          <isList>false</isList>
          <required>true</required>
          <isPersisted>true</isPersisted>
          <inputSymbol>policyName</inputSymbol>
          <listDelimiter>,</listDelimiter>
          <value>${curSWPolicy}</value>
          <record>false</record>
        </staticBinding>
        <staticBinding id="e4b3aba4-8691-4802-a6fd-a6ac0a896b6a">
          <annotation></annotation>
          <toContextKey></toContextKey>
          <fromContextKey></fromContextKey>
          <assignFromContext>false</assignFromContext>
          <assignToContext>false</assignToContext>
          <inputType>STRING</inputType>
          <isList>false</isList>
          <required>false</required>
          <isPersisted>true</isPersisted>
          <inputSymbol>policyID</inputSymbol>
          <listDelimiter>,</listDelimiter>
          <record>false</record>
        </staticBinding>
        <staticBinding id="8079c5c5-0fe9-4bf5-a468-57b44fc03487">
          <annotation></annotation>
          <toContextKey></toContextKey>
          <fromContextKey></fromContextKey>
          <assignFromContext>false</assignFromContext>
          <assignToContext>false</assignToContext>
          <inputType>STRING</inputType>
          <isList>false</isList>
          <required>true</required>
          <isPersisted>true</isPersisted>
          <inputSymbol>attachableName</inputSymbol>
          <listDelimiter>,</listDelimiter>
          <value>${server.hostname}</value>
          <record>false</record>
        </staticBinding>
        <staticBinding id="e85da1ab-e778-4eb4-8ba2-42c675f5e127">
          <annotation></annotation>
          <toContextKey></toContextKey>
          <fromContextKey></fromContextKey>
          <assignFromContext>false</assignFromContext>
          <assignToContext>false</assignToContext>
          <inputType>STRING</inputType>
          <isList>false</isList>
          <required>false</required>
          <isPersisted>true</isPersisted>
          <inputSymbol>attachableID</inputSymbol>
          <listDelimiter>,</listDelimiter>
          <record>false</record>
        </staticBinding>
        <staticBinding id="42016c29-8b1d-415f-af85-5e95d822c3d0">
          <annotation></annotation>
          <toContextKey></toContextKey>
          <fromContextKey></fromContextKey>
          <assignFromContext>false</assignFromContext>
          <assignToContext>false</assignToContext>
          <inputType>STRING</inputType>
          <isList>false</isList>
          <required>true</required>
          <isPersisted>true</isPersisted>
          <inputSymbol>attachableType</inputSymbol>
          <listDelimiter>,</listDelimiter>
          <value>SERVER</value>
          <record>false</record>
        </staticBinding>
        <staticBinding id="0ce3e951-b67f-4b89-a810-095d94f7486c">
          <annotation></annotation>
          <assignFromContext>false</assignFromContext>
          <assignToContext>false</assignToContext>
          <inputType>STRING</inputType>
          <isList>false</isList>
          <required>false</required>
          <isPersisted>true</isPersisted>
          <inputSymbol>separator</inputSymbol>
          <listDelimiter>,</listDelimiter>
          <value>,</value>
          <record>false</record>
        </staticBinding>
      </bindings>
      <transitions>
        <transition id="251b0797-967a-4e96-beff-7c7b21c048c0">
          <annotation></annotation>
          <name>success</name>
          <command>NEXT</command>
          <linkMode>false</linkMode>
          <responseSymbol>success</responseSymbol>
          <shouldHandoff>false</shouldHandoff>
          <transitionValue>0.0</transitionValue>
          <destination>
            <refId>baa8b007-8431-460a-92c4-5ef3331f70fc</refId>
          </destination>
          <source>
            <refId>1ff864b9-4810-4cea-8b58-0e95a0520c28</refId>
          </source>
          <positions>
            <point>
              <x>430.12025316455697</x>
              <y>475.0</y>
            </point>
            <point>
              <x>339.0</x>
              <y>358.0</y>
            </point>
            <point>
              <x>403.0</x>
              <y>188.0</y>
            </point>
          </positions>
          <labelPosition>
            <x>333.0</x>
            <y>0.0</y>
          </labelPosition>
        </transition>
        <transition id="9f00c705-c840-488e-95a8-d8a6be5afa9c">
          <annotation></annotation>
          <name>failure</name>
          <command>NEXT</command>
          <linkMode>false</linkMode>
          <responseSymbol>failure</responseSymbol>
          <shouldHandoff>false</shouldHandoff>
          <transitionValue>0.0</transitionValue>
          <destination>
            <refId>77158607-3d09-4043-9450-9512881075a0</refId>
          </destination>
          <source>
            <refId>1ff864b9-4810-4cea-8b58-0e95a0520c28</refId>
          </source>
          <positions>
            <point>
              <x>409.0</x>
              <y>503.0</y>
            </point>
            <point>
              <x>197.0</x>
              <y>372.0</y>
            </point>
          </positions>
          <labelPosition>
            <x>333.0</x>
            <y>0.0</y>
          </labelPosition>
        </transition>
      </transitions>
      <properties/>
      <opRef>
        <refId>77aad33c-a755-4b51-b8c2-ddb5ada12ba0</refId>
      </opRef>
      <assignments/>
      <throttleSize>0</throttleSize>
    </step>
    <step id="660f1384-2c8b-47b0-989f-9d3b5368e995">
      <annotation>929f096c-4909-4010-8ac7-575f6649e092.660f1384-2c8b-47b0-989f-9d3b5368e995.description</annotation>
      <name>Loop</name>
      <bounds>
        <x>733.0</x>
        <y>338.0</y>
      </bounds>
      <layer>-1</layer>
      <hideInbound>false</hideInbound>
      <addResultToRunContext>false</addResultToRunContext>
      <isCriticalStep>false</isCriticalStep>
      <isNonBlocking>false</isNonBlocking>
      <isParallelStep>false</isParallelStep>
      <isSingleResponse>false</isSingleResponse>
      <recordInHistory>false</recordInHistory>
      <recordRawOutput>true</recordRawOutput>
      <recordPrimaryOutput>true</recordPrimaryOutput>
      <checkPointStep>true</checkPointStep>
      <historyCheckPointStep>true</historyCheckPointStep>
      <scriptResultStep>false</scriptResultStep>
      <userPrompt></userPrompt>
      <bindings>
        <staticBinding id="76ebb99b-8e36-4b63-be0a-3da829a82889">
          <annotation></annotation>
          <assignFromContext>true</assignFromContext>
          <assignToContext>true</assignToContext>
          <inputType>STRING</inputType>
          <isList>false</isList>
          <required>true</required>
          <isPersisted>true</isPersisted>
          <inputSymbol>count</inputSymbol>
          <listDelimiter>,</listDelimiter>
          <value>150</value>
          <record>false</record>
        </staticBinding>
        <staticBinding id="240c9931-c90d-4659-af78-87ba1d607f8a">
          <annotation></annotation>
          <toContextKey></toContextKey>
          <fromContextKey></fromContextKey>
          <assignFromContext>false</assignFromContext>
          <assignToContext>false</assignToContext>
          <inputType>STRING</inputType>
          <recordKey></recordKey>
          <isList>false</isList>
          <required>false</required>
          <isPersisted>true</isPersisted>
          <inputSymbol>incrementBy</inputSymbol>
          <listDelimiter></listDelimiter>
          <value>1</value>
          <record>false</record>
        </staticBinding>
        <staticBinding id="1f54e0d5-635f-4a0a-a605-e3ed93437abb">
          <annotation></annotation>
          <toContextKey></toContextKey>
          <fromContextKey></fromContextKey>
          <assignFromContext>false</assignFromContext>
          <assignToContext>false</assignToContext>
          <inputType>STRING</inputType>
          <recordKey></recordKey>
          <isList>false</isList>
          <required>false</required>
          <isPersisted>true</isPersisted>
          <inputSymbol>from</inputSymbol>
          <listDelimiter></listDelimiter>
          <value>1</value>
          <record>false</record>
        </staticBinding>
        <staticBinding id="5fff8c57-d9ae-47d6-84e3-f5210d040457">
          <annotation></annotation>
          <toContextKey></toContextKey>
          <fromContextKey></fromContextKey>
          <assignFromContext>false</assignFromContext>
          <assignToContext>false</assignToContext>
          <inputType>STRING</inputType>
          <recordKey></recordKey>
          <isList>false</isList>
          <required>false</required>
          <isPersisted>true</isPersisted>
          <inputSymbol>reset</inputSymbol>
          <listDelimiter></listDelimiter>
          <value>false</value>
          <record>false</record>
        </staticBinding>
        <staticBinding id="83579801-d48c-4c1a-b8b2-1c5e78baa6f3">
          <annotation></annotation>
          <toContextKey></toContextKey>
          <fromContextKey></fromContextKey>
          <assignFromContext>false</assignFromContext>
          <assignToContext>false</assignToContext>
          <inputType>STRING</inputType>
          <recordKey></recordKey>
          <isList>false</isList>
          <required>false</required>
          <isPersisted>true</isPersisted>
          <inputSymbol>to</inputSymbol>
          <listDelimiter></listDelimiter>
          <value>${count}</value>
          <record>false</record>
        </staticBinding>
      </bindings>
      <transitions>
        <transition id="c75602fa-47fb-4741-895a-bb56d4ddb0ed">
          <annotation></annotation>
          <name>has more</name>
          <command>NEXT</command>
          <linkMode>false</linkMode>
          <responseSymbol>has more</responseSymbol>
          <shouldHandoff>false</shouldHandoff>
          <transitionValue>0.0</transitionValue>
          <destination>
            <refId>0473cefd-9c3c-4835-bbc9-f97a0dc726f6</refId>
          </destination>
          <source>
            <refId>660f1384-2c8b-47b0-989f-9d3b5368e995</refId>
          </source>
          <positions>
            <point>
              <x>880.0</x>
              <y>414.0</y>
            </point>
            <point>
              <x>979.0</x>
              <y>196.0</y>
            </point>
          </positions>
          <labelPosition>
            <x>333.0</x>
            <y>0.0</y>
          </labelPosition>
        </transition>
        <transition id="1c50897f-55cb-4e4c-a40e-3a7e269d782f">
          <annotation></annotation>
          <name>no more</name>
          <command>NEXT</command>
          <linkMode>false</linkMode>
          <responseSymbol>no more</responseSymbol>
          <shouldHandoff>false</shouldHandoff>
          <transitionValue>0.0</transitionValue>
          <destination>
            <refId>f221f708-86cc-4d01-aac5-d9b0ee7fe0f4</refId>
          </destination>
          <source>
            <refId>660f1384-2c8b-47b0-989f-9d3b5368e995</refId>
          </source>
          <positions>
            <point>
              <x>783.0</x>
              <y>389.0</y>
            </point>
            <point>
              <x>590.0</x>
              <y>372.0</y>
            </point>
          </positions>
          <labelPosition>
            <x>333.0</x>
            <y>0.0</y>
          </labelPosition>
        </transition>
        <transition id="60b45a99-6980-4178-af3f-af8f9753d494">
          <annotation></annotation>
          <name>failure</name>
          <command>NEXT</command>
          <linkMode>false</linkMode>
          <responseSymbol>failure</responseSymbol>
          <shouldHandoff>false</shouldHandoff>
          <transitionValue>0.0</transitionValue>
          <destination>
            <refId>f221f708-86cc-4d01-aac5-d9b0ee7fe0f4</refId>
          </destination>
          <source>
            <refId>660f1384-2c8b-47b0-989f-9d3b5368e995</refId>
          </source>
          <positions>
            <point>
              <x>783.0</x>
              <y>389.0</y>
            </point>
            <point>
              <x>725.4249916486427</x>
              <y>358.83183112382943</y>
            </point>
            <point>
              <x>651.9621672127336</x>
              <y>352.36101239113276</y>
            </point>
            <point>
              <x>590.0</x>
              <y>372.0</y>
            </point>
          </positions>
          <labelPosition>
            <x>333.0</x>
            <y>0.0</y>
          </labelPosition>
        </transition>
      </transitions>
      <properties/>
      <opRef>
        <refId>1f0d93cd-2692-4339-81d7-9b3c6de46029</refId>
      </opRef>
      <assignments/>
      <throttleSize>0</throttleSize>
    </step>
    <returnStep id="f221f708-86cc-4d01-aac5-d9b0ee7fe0f4">
      <annotation></annotation>
      <name>Error : failure</name>
      <bounds>
        <x>540.0</x>
        <y>338.0</y>
      </bounds>
      <layer>-1</layer>
      <hideInbound>false</hideInbound>
      <addResultToRunContext>false</addResultToRunContext>
      <isCriticalStep>false</isCriticalStep>
      <isNonBlocking>false</isNonBlocking>
      <isParallelStep>false</isParallelStep>
      <isSingleResponse>false</isSingleResponse>
      <recordInHistory>false</recordInHistory>
      <recordRawOutput>true</recordRawOutput>
      <recordPrimaryOutput>true</recordPrimaryOutput>
      <checkPointStep>true</checkPointStep>
      <historyCheckPointStep>true</historyCheckPointStep>
      <scriptResultStep>false</scriptResultStep>
      <userPrompt></userPrompt>
      <bindings/>
      <transitions>
        <transition id="5ba7e75e-c210-47c9-aecc-add33e0c5721">
          <annotation></annotation>
          <name>return</name>
          <command>NEXT</command>
          <linkMode>false</linkMode>
          <responseSymbol>failure</responseSymbol>
          <shouldHandoff>false</shouldHandoff>
          <transitionValue>0.0</transitionValue>
          <destination>
            <refId>f221f708-86cc-4d01-aac5-d9b0ee7fe0f4</refId>
          </destination>
          <source>
            <refId>f221f708-86cc-4d01-aac5-d9b0ee7fe0f4</refId>
          </source>
          <positions/>
        </transition>
      </transitions>
      <properties/>
      <returnStepType>ERROR</returnStepType>
      <assignments/>
    </returnStep>
    <step id="baa8b007-8431-460a-92c4-5ef3331f70fc">
      <annotation>929f096c-4909-4010-8ac7-575f6649e092.baa8b007-8431-460a-92c4-5ef3331f70fc.description</annotation>
      <name>List Iterator</name>
      <bounds>
        <x>353.0</x>
        <y>138.0</y>
      </bounds>
      <layer>-1</layer>
      <hideInbound>false</hideInbound>
      <addResultToRunContext>false</addResultToRunContext>
      <isCriticalStep>false</isCriticalStep>
      <isNonBlocking>false</isNonBlocking>
      <isParallelStep>false</isParallelStep>
      <isSingleResponse>false</isSingleResponse>
      <recordInHistory>false</recordInHistory>
      <recordRawOutput>true</recordRawOutput>
      <recordPrimaryOutput>true</recordPrimaryOutput>
      <checkPointStep>true</checkPointStep>
      <historyCheckPointStep>true</historyCheckPointStep>
      <scriptResultStep>false</scriptResultStep>
      <userPrompt></userPrompt>
      <bindings>
        <staticBinding id="2e286fa3-93d5-422e-9d3c-e52c2c8be9c7">
          <annotation></annotation>
          <assignFromContext>false</assignFromContext>
          <assignToContext>false</assignToContext>
          <inputType>STRING</inputType>
          <isList>false</isList>
          <required>true</required>
          <isPersisted>true</isPersisted>
          <inputSymbol>list</inputSymbol>
          <listDelimiter>,</listDelimiter>
          <value>${SWPolicyList}</value>
          <record>false</record>
        </staticBinding>
        <staticBinding id="6547018a-61a7-42e4-9c22-3c08d2120316">
          <annotation></annotation>
          <assignFromContext>false</assignFromContext>
          <assignToContext>false</assignToContext>
          <inputType>STRING</inputType>
          <isList>false</isList>
          <required>true</required>
          <isPersisted>true</isPersisted>
          <inputSymbol>separator</inputSymbol>
          <listDelimiter>,</listDelimiter>
          <value>,</value>
          <record>false</record>
        </staticBinding>
      </bindings>
      <transitions>
        <transition id="6637717f-e060-4ad5-85b9-0a194df3ce2e">
          <annotation></annotation>
          <name>failure</name>
          <command>NEXT</command>
          <linkMode>false</linkMode>
          <responseSymbol>failure</responseSymbol>
          <shouldHandoff>false</shouldHandoff>
          <transitionValue>0.0</transitionValue>
          <destination>
            <refId>77158607-3d09-4043-9450-9512881075a0</refId>
          </destination>
          <source>
            <refId>baa8b007-8431-460a-92c4-5ef3331f70fc</refId>
          </source>
          <positions>
            <point>
              <x>403.0</x>
              <y>172.0</y>
            </point>
            <point>
              <x>197.0</x>
              <y>372.0</y>
            </point>
          </positions>
          <labelPosition>
            <x>333.0</x>
            <y>0.0</y>
          </labelPosition>
        </transition>
        <transition id="a94ac190-a73a-464b-ba5c-03eec8f787d5">
          <annotation></annotation>
          <name>has more</name>
          <command>NEXT</command>
          <linkMode>false</linkMode>
          <responseSymbol>has more</responseSymbol>
          <shouldHandoff>false</shouldHandoff>
          <transitionValue>0.0</transitionValue>
          <destination>
            <refId>bdacf3cd-597e-40e5-863d-c8a275d601ae</refId>
          </destination>
          <source>
            <refId>baa8b007-8431-460a-92c4-5ef3331f70fc</refId>
          </source>
          <positions>
            <point>
              <x>403.0</x>
              <y>172.0</y>
            </point>
            <point>
              <x>405.0</x>
              <y>362.0</y>
            </point>
          </positions>
          <labelPosition>
            <x>333.0</x>
            <y>0.0</y>
          </labelPosition>
        </transition>
        <transition id="06b49bbb-d6b9-4c35-9b67-bc1e47dd9f4f">
          <annotation></annotation>
          <name>no more</name>
          <command>NEXT</command>
          <linkMode>false</linkMode>
          <responseSymbol>no more</responseSymbol>
          <shouldHandoff>false</shouldHandoff>
          <transitionValue>0.0</transitionValue>
          <destination>
            <refId>afa9427a-38ed-4365-bc63-8e93c0c529bd</refId>
          </destination>
          <source>
            <refId>baa8b007-8431-460a-92c4-5ef3331f70fc</refId>
          </source>
          <positions>
            <point>
              <x>403.0</x>
              <y>172.0</y>
            </point>
            <point>
              <x>569.0</x>
              <y>326.0</y>
            </point>
          </positions>
          <labelPosition>
            <x>333.0</x>
            <y>0.0</y>
          </labelPosition>
        </transition>
      </transitions>
      <properties/>
      <opRef>
        <refId>cd75ca75-e64e-4b1e-9fe9-8dbc76f03865</refId>
      </opRef>
      <assignments>
        <flowVariableAssignment id="d83964bd-697f-44ff-84bd-64b8b176de91">
          <annotation></annotation>
          <name>assignment</name>
          <action>OVERWRITE</action>
          <assignmentTargetType>FLOW_VARIABLE</assignmentTargetType>
          <contextKey>curSWPolicy</contextKey>
          <expression id="ead33e90-a10a-45fb-b613-a608a333fb8d">
            <annotation></annotation>
            <name>Result Field: resultString</name>
            <fieldName>resultString</fieldName>
            <sourceType>RAWRESULT</sourceType>
            <filters/>
          </expression>
        </flowVariableAssignment>
      </assignments>
      <throttleSize>0</throttleSize>
    </step>
    <step id="afa9427a-38ed-4365-bc63-8e93c0c529bd">
      <annotation>929f096c-4909-4010-8ac7-575f6649e092.afa9427a-38ed-4365-bc63-8e93c0c529bd.description</annotation>
      <name>Remediate Server For Software Policies</name>
      <bounds>
        <x>540.0</x>
        <y>138.0</y>
      </bounds>
      <layer>-1</layer>
      <hideInbound>false</hideInbound>
      <addResultToRunContext>false</addResultToRunContext>
      <isCriticalStep>false</isCriticalStep>
      <isNonBlocking>false</isNonBlocking>
      <isParallelStep>false</isParallelStep>
      <isSingleResponse>false</isSingleResponse>
      <recordInHistory>false</recordInHistory>
      <recordRawOutput>true</recordRawOutput>
      <recordPrimaryOutput>true</recordPrimaryOutput>
      <checkPointStep>true</checkPointStep>
      <historyCheckPointStep>true</historyCheckPointStep>
      <scriptResultStep>false</scriptResultStep>
      <userPrompt></userPrompt>
      <bindings>
        <staticBinding id="3b847c1c-5043-4781-806a-8c825473475e">
          <annotation></annotation>
          <toContextKey></toContextKey>
          <fromContextKey></fromContextKey>
          <assignFromContext>false</assignFromContext>
          <assignToContext>false</assignToContext>
          <inputType>STRING</inputType>
          <isList>false</isList>
          <required>true</required>
          <isPersisted>true</isPersisted>
          <inputSymbol>coreHost</inputSymbol>
          <listDelimiter>,</listDelimiter>
          <value>${pc.sa.core.host}</value>
          <record>false</record>
        </staticBinding>
        <identityBinding id="192a645c-6232-491d-a518-f01069c09eab">
          <annotation></annotation>
          <toContextKey></toContextKey>
          <fromContextKey></fromContextKey>
          <assignFromContext>false</assignFromContext>
          <assignToContext>false</assignToContext>
          <inputType>STRING</inputType>
          <isList>false</isList>
          <required>true</required>
          <isPersisted>true</isPersisted>
          <inputSymbol>coreUsername</inputSymbol>
          <listDelimiter>,</listDelimiter>
          <record>false</record>
          <link>
            <refId>5d2be9ab-96d0-488e-8465-a13555fac3c5</refId>
            <refName>pc.sa</refName>
          </link>
          <identityAttribute>USERNAME</identityAttribute>
        </identityBinding>
        <identityBinding id="7ef446dd-efd1-4c46-8407-292bb95edce1">
          <annotation></annotation>
          <toContextKey></toContextKey>
          <fromContextKey></fromContextKey>
          <assignFromContext>false</assignFromContext>
          <assignToContext>false</assignToContext>
          <inputType>ENCRYPTED</inputType>
          <isList>false</isList>
          <required>true</required>
          <isPersisted>true</isPersisted>
          <inputSymbol>corePassword</inputSymbol>
          <listDelimiter>,</listDelimiter>
          <record>false</record>
          <link>
            <refId>5d2be9ab-96d0-488e-8465-a13555fac3c5</refId>
            <refName>pc.sa</refName>
          </link>
          <identityAttribute>PASSWORD</identityAttribute>
        </identityBinding>
        <staticBinding id="52d69ae3-2d93-4726-9368-9dab38a7e861">
          <annotation></annotation>
          <toContextKey></toContextKey>
          <fromContextKey></fromContextKey>
          <assignFromContext>false</assignFromContext>
          <assignToContext>false</assignToContext>
          <inputType>STRING</inputType>
          <isList>false</isList>
          <required>false</required>
          <isPersisted>true</isPersisted>
          <inputSymbol>corePort</inputSymbol>
          <listDelimiter>,</listDelimiter>
          <value>443</value>
          <record>false</record>
        </staticBinding>
        <staticBinding id="4f05efb9-50e6-4aa4-85b3-ae53c08cd245">
          <annotation></annotation>
          <toContextKey></toContextKey>
          <fromContextKey></fromContextKey>
          <assignFromContext>false</assignFromContext>
          <assignToContext>false</assignToContext>
          <inputType>STRING</inputType>
          <isList>false</isList>
          <required>false</required>
          <isPersisted>true</isPersisted>
          <inputSymbol>coreProtocol</inputSymbol>
          <listDelimiter>,</listDelimiter>
          <value>https</value>
          <record>false</record>
        </staticBinding>
        <staticBinding id="bc89f8f1-b5fa-4298-bfb5-b424ac2bb9fe">
          <annotation></annotation>
          <toContextKey></toContextKey>
          <fromContextKey></fromContextKey>
          <assignFromContext>false</assignFromContext>
          <assignToContext>false</assignToContext>
          <inputType>STRING</inputType>
          <isList>false</isList>
          <required>false</required>
          <isPersisted>true</isPersisted>
          <inputSymbol>coreVersion</inputSymbol>
          <listDelimiter>,</listDelimiter>
          <value>${pc.sa.core.version}</value>
          <record>false</record>
        </staticBinding>
        <staticBinding id="82c69791-407c-4d7b-aab1-258c5927b366">
          <annotation></annotation>
          <toContextKey></toContextKey>
          <fromContextKey></fromContextKey>
          <assignFromContext>false</assignFromContext>
          <assignToContext>false</assignToContext>
          <inputType>STRING</inputType>
          <isList>false</isList>
          <required>true</required>
          <isPersisted>true</isPersisted>
          <inputSymbol>serverName</inputSymbol>
          <listDelimiter>,</listDelimiter>
          <value>${server.hostname}</value>
          <record>false</record>
        </staticBinding>
        <staticBinding id="12bb7c2c-1521-4e55-b877-4be6aee5b29a">
          <annotation></annotation>
          <toContextKey></toContextKey>
          <fromContextKey></fromContextKey>
          <assignFromContext>false</assignFromContext>
          <assignToContext>false</assignToContext>
          <inputType>STRING</inputType>
          <isList>false</isList>
          <required>false</required>
          <isPersisted>true</isPersisted>
          <inputSymbol>serverId</inputSymbol>
          <listDelimiter>,</listDelimiter>
          <record>false</record>
        </staticBinding>
        <staticBinding id="d1c32171-0478-4c13-8930-af6a47967479">
          <annotation></annotation>
          <assignFromContext>false</assignFromContext>
          <assignToContext>false</assignToContext>
          <inputType>STRING</inputType>
          <isList>false</isList>
          <required>false</required>
          <isPersisted>true</isPersisted>
          <inputSymbol>softwarePoliciesNames</inputSymbol>
          <listDelimiter>,</listDelimiter>
          <record>false</record>
        </staticBinding>
        <staticBinding id="ebebdf67-ee39-4179-813b-eb6769f94398">
          <annotation></annotation>
          <assignFromContext>false</assignFromContext>
          <assignToContext>false</assignToContext>
          <inputType>STRING</inputType>
          <isList>false</isList>
          <required>false</required>
          <isPersisted>true</isPersisted>
          <inputSymbol>softwarePoliciesIDs</inputSymbol>
          <listDelimiter>,</listDelimiter>
          <record>false</record>
        </staticBinding>
        <staticBinding id="331a445a-a51e-42c2-87b6-8204220ccb7b">
          <annotation></annotation>
          <toContextKey></toContextKey>
          <fromContextKey></fromContextKey>
          <assignFromContext>false</assignFromContext>
          <assignToContext>false</assignToContext>
          <inputType>STRING</inputType>
          <isList>false</isList>
          <required>false</required>
          <isPersisted>true</isPersisted>
          <inputSymbol>wait</inputSymbol>
          <listDelimiter>,</listDelimiter>
          <record>false</record>
        </staticBinding>
        <staticBinding id="b19e3df3-2a2b-453d-961f-91ec26ee6b7c">
          <annotation></annotation>
          <toContextKey></toContextKey>
          <fromContextKey></fromContextKey>
          <assignFromContext>false</assignFromContext>
          <assignToContext>false</assignToContext>
          <inputType>STRING</inputType>
          <isList>false</isList>
          <required>false</required>
          <isPersisted>true</isPersisted>
          <inputSymbol>rebootOption</inputSymbol>
          <listDelimiter>,</listDelimiter>
          <value>suppress</value>
          <record>false</record>
        </staticBinding>
        <userInputBinding id="a482da2c-2ae8-4b74-a479-8cd204589199">
          <annotation></annotation>
          <assignFromContext>false</assignFromContext>
          <assignToContext>false</assignToContext>
          <inputType>STRING</inputType>
          <isList>false</isList>
          <required>false</required>
          <isPersisted>true</isPersisted>
          <inputSymbol>sortPolicies</inputSymbol>
          <listDelimiter>,</listDelimiter>
          <record>false</record>
          <prompt></prompt>
          <isMultiSelect>false</isMultiSelect>
          <link>
            <refId>96a1ed25-cdc9-4ff6-8fba-e9c044c5ca53</refId>
            <refName>Boolean - False Default</refName>
          </link>
          <sourceDelimiter>|</sourceDelimiter>
        </userInputBinding>
        <staticBinding id="3e1f257d-8078-4a4a-8c9e-5a90f5b8ea14">
          <annotation></annotation>
          <assignFromContext>false</assignFromContext>
          <assignToContext>false</assignToContext>
          <inputType>STRING</inputType>
          <isList>false</isList>
          <required>false</required>
          <isPersisted>true</isPersisted>
          <inputSymbol>ticketID</inputSymbol>
          <listDelimiter>,</listDelimiter>
          <record>false</record>
        </staticBinding>
        <staticBinding id="1be7b867-6880-4b11-b72d-3d3f16d598b7">
          <annotation></annotation>
          <assignFromContext>false</assignFromContext>
          <assignToContext>false</assignToContext>
          <inputType>STRING</inputType>
          <isList>false</isList>
          <required>false</required>
          <isPersisted>true</isPersisted>
          <inputSymbol>separator</inputSymbol>
          <listDelimiter>,</listDelimiter>
          <value>,</value>
          <record>false</record>
        </staticBinding>
        <staticBinding id="7db065d6-e74d-42a6-b504-2d82c91bf5f6">
          <annotation></annotation>
          <assignFromContext>false</assignFromContext>
          <assignToContext>false</assignToContext>
          <inputType>STRING</inputType>
          <isList>false</isList>
          <required>false</required>
          <isPersisted>true</isPersisted>
          <inputSymbol>notificationFailureOwner</inputSymbol>
          <listDelimiter>,</listDelimiter>
          <record>false</record>
        </staticBinding>
        <staticBinding id="ad39a467-5db4-4205-9a85-4332a720334c">
          <annotation></annotation>
          <assignFromContext>false</assignFromContext>
          <assignToContext>false</assignToContext>
          <inputType>STRING</inputType>
          <isList>false</isList>
          <required>false</required>
          <isPersisted>true</isPersisted>
          <inputSymbol>notificationSuccessOwner</inputSymbol>
          <listDelimiter>,</listDelimiter>
          <record>false</record>
        </staticBinding>
        <staticBinding id="b1e8c89c-6df7-4a01-82d6-c60e7c72f696">
          <annotation></annotation>
          <assignFromContext>false</assignFromContext>
          <assignToContext>false</assignToContext>
          <inputType>STRING</inputType>
          <isList>false</isList>
          <required>false</required>
          <isPersisted>true</isPersisted>
          <inputSymbol>notificationCancelOwner</inputSymbol>
          <listDelimiter>,</listDelimiter>
          <record>false</record>
        </staticBinding>
        <staticBinding id="10bb51fa-945f-4057-b646-e1576c011053">
          <annotation></annotation>
          <assignFromContext>false</assignFromContext>
          <assignToContext>false</assignToContext>
          <inputType>STRING</inputType>
          <isList>false</isList>
          <required>false</required>
          <isPersisted>true</isPersisted>
          <inputSymbol>notificationFailureRecipients</inputSymbol>
          <listDelimiter>,</listDelimiter>
          <record>false</record>
        </staticBinding>
        <staticBinding id="8e17d0db-c441-4787-a88c-ca8115bd4886">
          <annotation></annotation>
          <assignFromContext>false</assignFromContext>
          <assignToContext>false</assignToContext>
          <inputType>STRING</inputType>
          <isList>false</isList>
          <required>false</required>
          <isPersisted>true</isPersisted>
          <inputSymbol>notificationSuccessRecipients</inputSymbol>
          <listDelimiter>,</listDelimiter>
          <record>false</record>
        </staticBinding>
        <staticBinding id="0489d6fa-4961-456d-9f72-33c11a6af5e9">
          <annotation></annotation>
          <assignFromContext>false</assignFromContext>
          <assignToContext>false</assignToContext>
          <inputType>STRING</inputType>
          <isList>false</isList>
          <required>false</required>
          <isPersisted>true</isPersisted>
          <inputSymbol>notificationCancelRecipients</inputSymbol>
          <listDelimiter>,</listDelimiter>
          <record>false</record>
        </staticBinding>
        <staticBinding id="2acda33c-52c1-47d3-9ca4-4e96d12b5895">
          <annotation></annotation>
          <assignFromContext>false</assignFromContext>
          <assignToContext>false</assignToContext>
          <inputType>STRING</inputType>
          <isList>false</isList>
          <required>false</required>
          <isPersisted>true</isPersisted>
          <inputSymbol>scheduleDateYear</inputSymbol>
          <listDelimiter>,</listDelimiter>
          <record>false</record>
        </staticBinding>
        <staticBinding id="72ee66a7-5628-4d1e-9c6b-cfe9305544b3">
          <annotation></annotation>
          <assignFromContext>false</assignFromContext>
          <assignToContext>false</assignToContext>
          <inputType>STRING</inputType>
          <isList>false</isList>
          <required>false</required>
          <isPersisted>true</isPersisted>
          <inputSymbol>scheduleDateMonth</inputSymbol>
          <listDelimiter>,</listDelimiter>
          <record>false</record>
        </staticBinding>
        <staticBinding id="eae1e578-4070-4898-afbf-fbf9b39b878e">
          <annotation></annotation>
          <assignFromContext>false</assignFromContext>
          <assignToContext>false</assignToContext>
          <inputType>STRING</inputType>
          <isList>false</isList>
          <required>false</required>
          <isPersisted>true</isPersisted>
          <inputSymbol>scheduleDateDayOfMonth</inputSymbol>
          <listDelimiter>,</listDelimiter>
          <record>false</record>
        </staticBinding>
        <staticBinding id="819bcc14-eeaa-4279-9662-7793e13a1275">
          <annotation></annotation>
          <assignFromContext>false</assignFromContext>
          <assignToContext>false</assignToContext>
          <inputType>STRING</inputType>
          <isList>false</isList>
          <required>false</required>
          <isPersisted>true</isPersisted>
          <inputSymbol>scheduleDateHour</inputSymbol>
          <listDelimiter>,</listDelimiter>
          <record>false</record>
        </staticBinding>
        <staticBinding id="df2ad0c9-ccb8-4acf-890c-596cb6a5dd2a">
          <annotation></annotation>
          <assignFromContext>false</assignFromContext>
          <assignToContext>false</assignToContext>
          <inputType>STRING</inputType>
          <isList>false</isList>
          <required>false</required>
          <isPersisted>true</isPersisted>
          <inputSymbol>scheduleDateMinute</inputSymbol>
          <listDelimiter>,</listDelimiter>
          <record>false</record>
        </staticBinding>
        <staticBinding id="077788c5-6177-407a-b59c-dad1fa921d94">
          <annotation></annotation>
          <assignFromContext>false</assignFromContext>
          <assignToContext>false</assignToContext>
          <inputType>STRING</inputType>
          <isList>false</isList>
          <required>false</required>
          <isPersisted>true</isPersisted>
          <inputSymbol>scheduleDateSecond</inputSymbol>
          <listDelimiter>,</listDelimiter>
          <record>false</record>
        </staticBinding>
        <userInputBinding id="b86efb4b-0ce9-43fc-82c4-f2233c33c0be">
          <annotation></annotation>
          <assignFromContext>false</assignFromContext>
          <assignToContext>false</assignToContext>
          <inputType>STRING</inputType>
          <isList>false</isList>
          <required>false</required>
          <isPersisted>true</isPersisted>
          <inputSymbol>scheduleDateTimezone</inputSymbol>
          <listDelimiter>,</listDelimiter>
          <record>false</record>
          <prompt></prompt>
          <isMultiSelect>false</isMultiSelect>
          <link>
            <refId>aac01626-844d-4160-9ccd-9d776b56c200</refId>
            <refName>SA Schedule Timezones</refName>
          </link>
          <sourceDelimiter>|</sourceDelimiter>
        </userInputBinding>
      </bindings>
      <transitions>
        <transition id="ae90d760-bd95-4a48-b87e-274c5052238e">
          <annotation></annotation>
          <name>failure</name>
          <command>NEXT</command>
          <linkMode>false</linkMode>
          <responseSymbol>failure</responseSymbol>
          <shouldHandoff>false</shouldHandoff>
          <transitionValue>0.0</transitionValue>
          <destination>
            <refId>f221f708-86cc-4d01-aac5-d9b0ee7fe0f4</refId>
          </destination>
          <source>
            <refId>afa9427a-38ed-4365-bc63-8e93c0c529bd</refId>
          </source>
          <positions>
            <point>
              <x>596.0</x>
              <y>178.0</y>
            </point>
            <point>
              <x>590.0</x>
              <y>355.0</y>
            </point>
          </positions>
          <labelPosition>
            <x>333.0</x>
            <y>0.0</y>
          </labelPosition>
        </transition>
        <transition id="d61cca48-cc49-431e-80d1-b60fd007517e">
          <annotation></annotation>
          <name>success</name>
          <command>NEXT</command>
          <linkMode>false</linkMode>
          <responseSymbol>success</responseSymbol>
          <shouldHandoff>false</shouldHandoff>
          <transitionValue>0.0</transitionValue>
          <destination>
            <refId>0473cefd-9c3c-4835-bbc9-f97a0dc726f6</refId>
          </destination>
          <source>
            <refId>afa9427a-38ed-4365-bc63-8e93c0c529bd</refId>
          </source>
          <positions>
            <point>
              <x>590.0</x>
              <y>172.0</y>
            </point>
            <point>
              <x>900.0</x>
              <y>247.0</y>
            </point>
          </positions>
          <labelPosition>
            <x>333.0</x>
            <y>0.0</y>
          </labelPosition>
        </transition>
      </transitions>
      <properties/>
      <opRef>
        <refId>76e52ac7-0755-457b-b1d4-f6a6175a3f5d</refId>
      </opRef>
      <assignments>
        <flowVariableAssignment id="c2496a31-c1f2-400f-901e-09ba1a7666d9">
          <annotation></annotation>
          <name>assignment</name>
          <action>OVERWRITE</action>
          <assignmentTargetType>FLOW_VARIABLE</assignmentTargetType>
          <contextKey>jobId</contextKey>
          <expression id="e05ef958-7f24-4481-855c-b93fe778f92b">
            <annotation></annotation>
            <name>Result Field: returnResult</name>
            <fieldName>returnResult</fieldName>
            <sourceType>RAWRESULT</sourceType>
            <filters/>
          </expression>
        </flowVariableAssignment>
      </assignments>
      <throttleSize>0</throttleSize>
    </step>
    <returnStep id="4e304f68-e43d-4763-b79b-fd5acf032b08">
      <annotation></annotation>
      <name>Resolved : success</name>
      <bounds>
        <x>999.0</x>
        <y>139.0</y>
      </bounds>
      <layer>-1</layer>
      <hideInbound>false</hideInbound>
      <addResultToRunContext>false</addResultToRunContext>
      <isCriticalStep>false</isCriticalStep>
      <isNonBlocking>false</isNonBlocking>
      <isParallelStep>false</isParallelStep>
      <isSingleResponse>false</isSingleResponse>
      <recordInHistory>false</recordInHistory>
      <recordRawOutput>true</recordRawOutput>
      <recordPrimaryOutput>true</recordPrimaryOutput>
      <checkPointStep>true</checkPointStep>
      <historyCheckPointStep>true</historyCheckPointStep>
      <scriptResultStep>false</scriptResultStep>
      <userPrompt></userPrompt>
      <bindings/>
      <transitions>
        <transition id="edfed373-4546-4e60-b834-f7b228db57ba">
          <annotation></annotation>
          <name>return</name>
          <command>NEXT</command>
          <linkMode>false</linkMode>
          <responseSymbol>success</responseSymbol>
          <shouldHandoff>false</shouldHandoff>
          <transitionValue>0.0</transitionValue>
          <destination>
            <refId>4e304f68-e43d-4763-b79b-fd5acf032b08</refId>
          </destination>
          <source>
            <refId>4e304f68-e43d-4763-b79b-fd5acf032b08</refId>
          </source>
          <positions/>
        </transition>
      </transitions>
      <properties/>
      <returnStepType>RESOLVED</returnStepType>
      <assignments/>
    </returnStep>
    <step id="0473cefd-9c3c-4835-bbc9-f97a0dc726f6">
      <annotation>929f096c-4909-4010-8ac7-575f6649e092.0473cefd-9c3c-4835-bbc9-f97a0dc726f6.description</annotation>
      <name>Wait for Job</name>
      <bounds>
        <x>832.0</x>
        <y>137.0</y>
      </bounds>
      <layer>-1</layer>
      <hideInbound>false</hideInbound>
      <addResultToRunContext>false</addResultToRunContext>
      <isCriticalStep>false</isCriticalStep>
      <isNonBlocking>false</isNonBlocking>
      <isParallelStep>false</isParallelStep>
      <isSingleResponse>false</isSingleResponse>
      <recordInHistory>false</recordInHistory>
      <recordRawOutput>true</recordRawOutput>
      <recordPrimaryOutput>true</recordPrimaryOutput>
      <checkPointStep>true</checkPointStep>
      <historyCheckPointStep>true</historyCheckPointStep>
      <scriptResultStep>false</scriptResultStep>
      <userPrompt></userPrompt>
      <bindings>
        <staticBinding id="d5ed9566-3446-4cdd-b55d-8d4e19e25b3c">
          <annotation></annotation>
          <assignFromContext>true</assignFromContext>
          <assignToContext>true</assignToContext>
          <inputType>STRING</inputType>
          <isList>false</isList>
          <required>true</required>
          <isPersisted>true</isPersisted>
          <inputSymbol>coreHost</inputSymbol>
          <listDelimiter>,</listDelimiter>
          <value>${pc.sa.core.host}</value>
          <record>false</record>
        </staticBinding>
        <identityBinding id="0ccc0215-a8c9-4406-b51e-a362f4d3a0fa">
          <annotation></annotation>
          <assignFromContext>true</assignFromContext>
          <assignToContext>true</assignToContext>
          <inputType>ENCRYPTED</inputType>
          <isList>false</isList>
          <required>true</required>
          <isPersisted>true</isPersisted>
          <inputSymbol>coreUsername</inputSymbol>
          <listDelimiter>,</listDelimiter>
          <record>false</record>
          <link>
            <refId>5d2be9ab-96d0-488e-8465-a13555fac3c5</refId>
            <refName>pc.sa</refName>
          </link>
          <identityAttribute>USERNAME</identityAttribute>
        </identityBinding>
        <identityBinding id="ada2df38-f3fb-4559-b9c2-84c03d752b9a">
          <annotation></annotation>
          <assignFromContext>true</assignFromContext>
          <assignToContext>true</assignToContext>
          <inputType>ENCRYPTED</inputType>
          <isList>false</isList>
          <required>true</required>
          <isPersisted>true</isPersisted>
          <inputSymbol>corePassword</inputSymbol>
          <listDelimiter>,</listDelimiter>
          <record>false</record>
          <link>
            <refId>5d2be9ab-96d0-488e-8465-a13555fac3c5</refId>
            <refName>pc.sa</refName>
          </link>
          <identityAttribute>PASSWORD</identityAttribute>
        </identityBinding>
        <staticBinding id="b621fcfd-6555-4d95-97d7-a124cdbce46b">
          <annotation></annotation>
          <assignFromContext>true</assignFromContext>
          <assignToContext>true</assignToContext>
          <inputType>STRING</inputType>
          <isList>false</isList>
          <required>false</required>
          <isPersisted>true</isPersisted>
          <inputSymbol>corePort</inputSymbol>
          <listDelimiter>,</listDelimiter>
          <value>443</value>
          <record>false</record>
        </staticBinding>
        <staticBinding id="de328dcb-363d-40db-b96b-ba9bb1a8c50c">
          <annotation></annotation>
          <assignFromContext>true</assignFromContext>
          <assignToContext>true</assignToContext>
          <inputType>STRING</inputType>
          <isList>false</isList>
          <required>false</required>
          <isPersisted>true</isPersisted>
          <inputSymbol>coreProtocol</inputSymbol>
          <listDelimiter>,</listDelimiter>
          <value>https</value>
          <record>false</record>
        </staticBinding>
        <staticBinding id="7f51aa98-cabb-4b36-830c-4f96281e99dd">
          <annotation></annotation>
          <assignFromContext>true</assignFromContext>
          <assignToContext>true</assignToContext>
          <inputType>STRING</inputType>
          <isList>false</isList>
          <required>false</required>
          <isPersisted>true</isPersisted>
          <inputSymbol>status</inputSymbol>
          <listDelimiter>,</listDelimiter>
          <value></value>
          <record>false</record>
        </staticBinding>
        <staticBinding id="1f6aa0a6-1cd4-4b3f-a26c-f22c8629cdd0">
          <annotation></annotation>
          <fromContextKey>id</fromContextKey>
          <assignFromContext>true</assignFromContext>
          <assignToContext>true</assignToContext>
          <inputType>STRING</inputType>
          <isList>false</isList>
          <required>true</required>
          <isPersisted>true</isPersisted>
          <inputSymbol>jobID</inputSymbol>
          <listDelimiter>,</listDelimiter>
          <value>${jobId}</value>
          <record>false</record>
        </staticBinding>
        <staticBinding id="63112233-1b8e-4353-8b04-a71c396baa02">
          <annotation></annotation>
          <assignFromContext>true</assignFromContext>
          <assignToContext>true</assignToContext>
          <inputType>STRING</inputType>
          <isList>false</isList>
          <required>false</required>
          <isPersisted>true</isPersisted>
          <inputSymbol>timeout</inputSymbol>
          <listDelimiter>,</listDelimiter>
          <value></value>
          <record>false</record>
        </staticBinding>
        <staticBinding id="23e8c8cb-f916-49ca-bce1-878f0493040a">
          <annotation></annotation>
          <assignFromContext>true</assignFromContext>
          <assignToContext>true</assignToContext>
          <inputType>STRING</inputType>
          <isList>false</isList>
          <required>false</required>
          <isPersisted>true</isPersisted>
          <inputSymbol>coreVersion</inputSymbol>
          <listDelimiter>,</listDelimiter>
          <value>${pc.sa.core.version}</value>
          <record>false</record>
        </staticBinding>
      </bindings>
      <transitions>
        <transition id="3c3d8c2c-5fcf-4ce5-8e16-5919cdc71097">
          <annotation></annotation>
          <name>failure</name>
          <command>NEXT</command>
          <linkMode>false</linkMode>
          <responseSymbol>failure</responseSymbol>
          <shouldHandoff>false</shouldHandoff>
          <transitionValue>0.0</transitionValue>
          <destination>
            <refId>357c997c-533f-44b3-873d-24311b20fd46</refId>
          </destination>
          <source>
            <refId>0473cefd-9c3c-4835-bbc9-f97a0dc726f6</refId>
          </source>
          <positions>
            <point>
              <x>979.0</x>
              <y>196.0</y>
            </point>
            <point>
              <x>995.0</x>
              <y>414.0</y>
            </point>
          </positions>
          <labelPosition>
            <x>333.0</x>
            <y>0.0</y>
          </labelPosition>
        </transition>
        <transition id="213e5d68-258b-4328-9404-adcd04d598ea">
          <annotation></annotation>
          <name>success</name>
          <command>NEXT</command>
          <linkMode>false</linkMode>
          <responseSymbol>success</responseSymbol>
          <shouldHandoff>false</shouldHandoff>
          <transitionValue>0.0</transitionValue>
          <destination>
            <refId>4e304f68-e43d-4763-b79b-fd5acf032b08</refId>
          </destination>
          <source>
            <refId>0473cefd-9c3c-4835-bbc9-f97a0dc726f6</refId>
          </source>
          <positions>
            <point>
              <x>882.0</x>
              <y>171.0</y>
            </point>
            <point>
              <x>1299.0</x>
              <y>164.0</y>
            </point>
          </positions>
          <labelPosition>
            <x>333.0</x>
            <y>0.0</y>
          </labelPosition>
        </transition>
      </transitions>
      <properties/>
      <opRef>
        <refId>4a5a9b9b-c259-40fb-9797-217a3b13491c</refId>
      </opRef>
      <assignments>
        <flowVariableAssignment id="75fd13f1-61c7-4cea-be0c-d99d5613aaf5">
          <annotation></annotation>
          <name>assignment</name>
          <action>OVERWRITE</action>
          <assignmentTargetType>FLOW_VARIABLE</assignmentTargetType>
          <contextKey>returnResult</contextKey>
          <expression id="faf956c2-bf6f-4116-bafd-8095a023a18a">
            <annotation></annotation>
            <name>Result Field: exception</name>
            <fieldName>exception</fieldName>
            <sourceType>RAWRESULT</sourceType>
            <filters/>
          </expression>
        </flowVariableAssignment>
        <flowVariableAssignment id="c4f53e51-258c-4d3d-bf20-2b7aec827994">
          <annotation></annotation>
          <name>assignment</name>
          <action>OVERWRITE</action>
          <assignmentTargetType>FLOW_VARIABLE</assignmentTargetType>
          <contextKey>status</contextKey>
          <expression id="e04b407e-7f4c-463d-b204-bd47c057806d">
            <annotation></annotation>
            <name>Result Field: status</name>
            <fieldName>status</fieldName>
            <sourceType>RAWRESULT</sourceType>
            <filters/>
          </expression>
        </flowVariableAssignment>
      </assignments>
      <throttleSize>0</throttleSize>
    </step>
  </steps>
  <startSteps>e56b4026-a2ee-45b6-90a3-594e4170fe51</startSteps>
</flow>