<?xml version="1.0" encoding="UTF-8"?>
<flow id="3fbb62b8-1082-41a0-af5a-dbdcf385ea0c">
  <annotation></annotation>
  <name>DB_CheckDeleteDate</name>
  <categories/>
  <inputs>
    <userInputBinding id="bd22736c-f795-42f0-9335-05191dffbc8c">
      <annotation></annotation>
      <assignFromContext>true</assignFromContext>
      <assignToContext>true</assignToContext>
      <inputType>STRING</inputType>
      <isList>false</isList>
      <required>true</required>
      <isPersisted>true</isPersisted>
      <inputSymbol>Hostname</inputSymbol>
      <listDelimiter>,</listDelimiter>
      <record>false</record>
      <prompt></prompt>
      <isMultiSelect>false</isMultiSelect>
      <sourceDelimiter>|</sourceDelimiter>
    </userInputBinding>
  </inputs>
  <scriptlet id="6ee279f3-cdd0-476d-a4c9-c3582b6f716b">
    <annotation></annotation>
    <name>Operation DB_CheckDeleteDate (3fbb62b8-1082-41a0-af5a-dbdcf385ea0c)</name>
    <type>RHINO</type>
  </scriptlet>
  <possibleResponses>
    <opResponse id="dcadac79-31f3-4e1b-8e10-f446e9a66e4a">
      <annotation></annotation>
      <name>failure</name>
      <isDefault>false</isDefault>
      <onFailure>true</onFailure>
      <type>ERROR</type>
      <matchRules/>
    </opResponse>
    <opResponse id="8ff24ef0-63bb-439f-930e-625216421c74">
      <annotation></annotation>
      <name>success</name>
      <isDefault>true</isDefault>
      <onFailure>false</onFailure>
      <type>RESOLVED</type>
      <matchRules/>
    </opResponse>
  </possibleResponses>
  <availableResultExpressions/>
  <resultExpression id="820b6226-72f0-4d32-bdfc-ead0d13ab848">
    <annotation></annotation>
    <name>FailureMessage</name>
    <fieldName>FailureMessage</fieldName>
    <sourceType>RAWRESULT</sourceType>
    <filters/>
  </resultExpression>
  <iconSpec id="a8900f1f-f1c8-4622-9289-81d7150e0c23">
    <baseIcon>flow.png</baseIcon>
    <basePath>System</basePath>
    <readOnly>false</readOnly>
    <layers/>
  </iconSpec>
  <callouts/>
  <checkPointFlow>true</checkPointFlow>
  <compatibleRuntimeContext>false</compatibleRuntimeContext>
  <historyCheckPointFlow>true</historyCheckPointFlow>
  <steps>
    <step id="bf6eb221-e338-4eca-a33c-3a8bcb32d3cc">
      <annotation>3fbb62b8-1082-41a0-af5a-dbdcf385ea0c.bf6eb221-e338-4eca-a33c-3a8bcb32d3cc.description</annotation>
      <name>GetOSType</name>
      <bounds>
        <x>126.0</x>
        <y>83.0</y>
      </bounds>
      <layer>-1</layer>
      <hideInbound>false</hideInbound>
      <addResultToRunContext>false</addResultToRunContext>
      <isCriticalStep>false</isCriticalStep>
      <isNonBlocking>false</isNonBlocking>
      <isParallelStep>false</isParallelStep>
      <isSingleResponse>false</isSingleResponse>
      <recordInHistory>false</recordInHistory>
      <recordRawOutput>true</recordRawOutput>
      <recordPrimaryOutput>true</recordPrimaryOutput>
      <checkPointStep>true</checkPointStep>
      <historyCheckPointStep>true</historyCheckPointStep>
      <scriptResultStep>false</scriptResultStep>
      <userPrompt></userPrompt>
      <bindings>
        <staticBinding id="8d360042-4cbc-4e77-bef9-80e706a8b6ce">
          <annotation></annotation>
          <toContextKey></toContextKey>
          <fromContextKey></fromContextKey>
          <assignFromContext>false</assignFromContext>
          <assignToContext>false</assignToContext>
          <inputType>STRING</inputType>
          <isList>false</isList>
          <required>true</required>
          <isPersisted>true</isPersisted>
          <inputSymbol>TNSPath</inputSymbol>
          <listDelimiter>,</listDelimiter>
          <value>${pc.infradb.tns.path}</value>
          <record>false</record>
        </staticBinding>
        <staticBinding id="9b0760b8-f6a6-4bd1-8f80-74a192f87a97">
          <annotation></annotation>
          <toContextKey></toContextKey>
          <fromContextKey></fromContextKey>
          <assignFromContext>false</assignFromContext>
          <assignToContext>false</assignToContext>
          <inputType>STRING</inputType>
          <isList>false</isList>
          <required>true</required>
          <isPersisted>true</isPersisted>
          <inputSymbol>TNSEntry</inputSymbol>
          <listDelimiter>,</listDelimiter>
          <value>${pc.infradb.tns.entry}</value>
          <record>false</record>
        </staticBinding>
        <identityBinding id="50013991-9e49-4e0f-b814-6063630aeab5">
          <annotation></annotation>
          <toContextKey></toContextKey>
          <fromContextKey></fromContextKey>
          <assignFromContext>false</assignFromContext>
          <assignToContext>false</assignToContext>
          <inputType>ENCRYPTED</inputType>
          <isList>false</isList>
          <required>true</required>
          <isPersisted>true</isPersisted>
          <inputSymbol>Username</inputSymbol>
          <listDelimiter>,</listDelimiter>
          <record>false</record>
          <link>
            <refId>881ee06f-89ad-4af6-a00d-06654eadccaa</refId>
            <refName>pc.infradb</refName>
          </link>
          <identityAttribute>USERNAME</identityAttribute>
        </identityBinding>
        <identityBinding id="2584a986-cd7d-4244-9b07-9a65f6713b93">
          <annotation></annotation>
          <toContextKey></toContextKey>
          <fromContextKey></fromContextKey>
          <assignFromContext>false</assignFromContext>
          <assignToContext>false</assignToContext>
          <inputType>ENCRYPTED</inputType>
          <isList>false</isList>
          <required>true</required>
          <isPersisted>true</isPersisted>
          <inputSymbol>Password</inputSymbol>
          <listDelimiter>,</listDelimiter>
          <record>false</record>
          <link>
            <refId>881ee06f-89ad-4af6-a00d-06654eadccaa</refId>
            <refName>pc.infradb</refName>
          </link>
          <identityAttribute>PASSWORD</identityAttribute>
        </identityBinding>
        <staticBinding id="28aa7bf0-1019-4d59-9091-a7e86f49ee10">
          <annotation></annotation>
          <toContextKey></toContextKey>
          <fromContextKey></fromContextKey>
          <assignFromContext>false</assignFromContext>
          <assignToContext>false</assignToContext>
          <inputType>STRING</inputType>
          <isList>false</isList>
          <required>true</required>
          <isPersisted>true</isPersisted>
          <inputSymbol>Command</inputSymbol>
          <listDelimiter>,</listDelimiter>
          <value>SELECT TO_CHAR(TODELETE,&apos;yyyy-mm-dd&apos;) FROM SERVER WHERE HOSTNAME = &apos;${Hostname}&apos;</value>
          <record>false</record>
        </staticBinding>
      </bindings>
      <transitions>
        <transition id="8af87c6c-5fe4-4b79-8e50-54e0f5239040">
          <annotation></annotation>
          <name>more items</name>
          <command>NEXT</command>
          <linkMode>false</linkMode>
          <responseSymbol>more items</responseSymbol>
          <shouldHandoff>false</shouldHandoff>
          <transitionValue>0.0</transitionValue>
          <destination>
            <refId>fff06f2d-12e8-4cb9-a2a0-4bf0cc695df0</refId>
          </destination>
          <source>
            <refId>bf6eb221-e338-4eca-a33c-3a8bcb32d3cc</refId>
          </source>
          <positions>
            <point>
              <x>176.0</x>
              <y>117.0</y>
            </point>
            <point>
              <x>354.0</x>
              <y>113.0</y>
            </point>
          </positions>
          <labelPosition>
            <x>333.0</x>
            <y>0.0</y>
          </labelPosition>
        </transition>
        <transition id="9b8f08e4-a8ad-4574-b83a-e02eadcacc6c">
          <annotation></annotation>
          <name>failure</name>
          <command>NEXT</command>
          <linkMode>false</linkMode>
          <responseSymbol>failure</responseSymbol>
          <shouldHandoff>false</shouldHandoff>
          <transitionValue>0.0</transitionValue>
          <destination>
            <refId>e64f7329-13c2-4ae6-b151-8e361bfb2686</refId>
          </destination>
          <source>
            <refId>bf6eb221-e338-4eca-a33c-3a8bcb32d3cc</refId>
          </source>
          <positions>
            <point>
              <x>176.0</x>
              <y>117.0</y>
            </point>
            <point>
              <x>338.0</x>
              <y>268.0</y>
            </point>
          </positions>
          <labelPosition>
            <x>333.0</x>
            <y>0.0</y>
          </labelPosition>
        </transition>
      </transitions>
      <properties/>
      <opRef>
        <refId>c081c558-b08f-48e0-b994-24d1a6674002</refId>
      </opRef>
      <assignments>
        <flowVariableAssignment id="bf18a4ac-9abf-4be0-9760-260b64099748">
          <annotation></annotation>
          <name>assignment</name>
          <action>OVERWRITE</action>
          <assignmentTargetType>FLOW_VARIABLE</assignmentTargetType>
          <contextKey>DBDate</contextKey>
          <expression id="63fe4216-047f-46ab-8f7e-2a0843c969ba">
            <annotation></annotation>
            <name>Result Field: outputText</name>
            <fieldName>outputText</fieldName>
            <sourceType>RAWRESULT</sourceType>
            <filters/>
          </expression>
        </flowVariableAssignment>
      </assignments>
      <throttleSize>0</throttleSize>
    </step>
    <returnStep id="73b2d350-61c2-48d6-9291-2c61a16ce947">
      <annotation></annotation>
      <name>Resolved : success</name>
      <bounds>
        <x>617.0</x>
        <y>250.0</y>
      </bounds>
      <layer>-1</layer>
      <hideInbound>false</hideInbound>
      <addResultToRunContext>false</addResultToRunContext>
      <isCriticalStep>false</isCriticalStep>
      <isNonBlocking>false</isNonBlocking>
      <isParallelStep>false</isParallelStep>
      <isSingleResponse>false</isSingleResponse>
      <recordInHistory>false</recordInHistory>
      <recordRawOutput>true</recordRawOutput>
      <recordPrimaryOutput>true</recordPrimaryOutput>
      <checkPointStep>true</checkPointStep>
      <historyCheckPointStep>true</historyCheckPointStep>
      <scriptResultStep>false</scriptResultStep>
      <userPrompt></userPrompt>
      <bindings/>
      <transitions>
        <transition id="05efdbdd-132f-44c5-baf1-dedf512abed5">
          <annotation></annotation>
          <name>return</name>
          <command>NEXT</command>
          <linkMode>false</linkMode>
          <responseSymbol>success</responseSymbol>
          <shouldHandoff>false</shouldHandoff>
          <transitionValue>0.0</transitionValue>
          <destination>
            <refId>73b2d350-61c2-48d6-9291-2c61a16ce947</refId>
          </destination>
          <source>
            <refId>73b2d350-61c2-48d6-9291-2c61a16ce947</refId>
          </source>
          <positions/>
        </transition>
      </transitions>
      <properties/>
      <returnStepType>RESOLVED</returnStepType>
      <assignments/>
    </returnStep>
    <step id="fff06f2d-12e8-4cb9-a2a0-4bf0cc695df0">
      <annotation>3fbb62b8-1082-41a0-af5a-dbdcf385ea0c.fff06f2d-12e8-4cb9-a2a0-4bf0cc695df0.description</annotation>
      <name>Date Parser</name>
      <bounds>
        <x>304.0</x>
        <y>83.0</y>
      </bounds>
      <layer>-1</layer>
      <hideInbound>false</hideInbound>
      <addResultToRunContext>false</addResultToRunContext>
      <isCriticalStep>false</isCriticalStep>
      <isNonBlocking>false</isNonBlocking>
      <isParallelStep>false</isParallelStep>
      <isSingleResponse>false</isSingleResponse>
      <recordInHistory>false</recordInHistory>
      <recordRawOutput>true</recordRawOutput>
      <recordPrimaryOutput>true</recordPrimaryOutput>
      <checkPointStep>true</checkPointStep>
      <historyCheckPointStep>true</historyCheckPointStep>
      <scriptResultStep>false</scriptResultStep>
      <userPrompt></userPrompt>
      <bindings>
        <staticBinding id="47240cf2-6ad7-4d2c-a15c-e70d3d798db3">
          <annotation></annotation>
          <assignFromContext>false</assignFromContext>
          <assignToContext>false</assignToContext>
          <inputType>STRING</inputType>
          <isList>false</isList>
          <required>true</required>
          <isPersisted>true</isPersisted>
          <inputSymbol>date</inputSymbol>
          <listDelimiter>,</listDelimiter>
          <value>${DBDate}</value>
          <record>false</record>
        </staticBinding>
        <staticBinding id="7e8e191f-5cb6-41bf-a4b4-b54f9f76f5a0">
          <annotation></annotation>
          <assignFromContext>false</assignFromContext>
          <assignToContext>false</assignToContext>
          <inputType>STRING</inputType>
          <isList>false</isList>
          <required>false</required>
          <isPersisted>true</isPersisted>
          <inputSymbol>dateFormat</inputSymbol>
          <listDelimiter>,</listDelimiter>
          <value>yyyy-MM-dd
</value>
          <record>false</record>
        </staticBinding>
        <staticBinding id="d0e33a63-1616-4fde-be11-05a3d30c78a8">
          <annotation></annotation>
          <toContextKey></toContextKey>
          <fromContextKey></fromContextKey>
          <assignFromContext>false</assignFromContext>
          <assignToContext>false</assignToContext>
          <inputType>STRING</inputType>
          <recordKey></recordKey>
          <isList>false</isList>
          <required>false</required>
          <isPersisted>true</isPersisted>
          <inputSymbol>Field_4</inputSymbol>
          <listDelimiter></listDelimiter>
          <value>${in4}</value>
          <record>false</record>
        </staticBinding>
        <staticBinding id="7c3a2358-1d1b-4950-9580-32571016061b">
          <annotation></annotation>
          <toContextKey></toContextKey>
          <fromContextKey></fromContextKey>
          <assignFromContext>false</assignFromContext>
          <assignToContext>false</assignToContext>
          <inputType>STRING</inputType>
          <recordKey></recordKey>
          <isList>false</isList>
          <required>false</required>
          <isPersisted>true</isPersisted>
          <inputSymbol>Field_1</inputSymbol>
          <listDelimiter></listDelimiter>
          <value>${in1}</value>
          <record>false</record>
        </staticBinding>
        <staticBinding id="edcdc77a-b9ce-45dd-a3cf-2a4d1668d6f1">
          <annotation></annotation>
          <toContextKey></toContextKey>
          <fromContextKey></fromContextKey>
          <assignFromContext>false</assignFromContext>
          <assignToContext>false</assignToContext>
          <inputType>STRING</inputType>
          <recordKey></recordKey>
          <isList>false</isList>
          <required>false</required>
          <isPersisted>true</isPersisted>
          <inputSymbol>Field_2</inputSymbol>
          <listDelimiter></listDelimiter>
          <value>${in2}</value>
          <record>false</record>
        </staticBinding>
        <staticBinding id="f75dc646-5af5-40a7-a0ee-b35586af38f5">
          <annotation></annotation>
          <toContextKey></toContextKey>
          <fromContextKey></fromContextKey>
          <assignFromContext>false</assignFromContext>
          <assignToContext>false</assignToContext>
          <inputType>STRING</inputType>
          <recordKey></recordKey>
          <isList>false</isList>
          <required>false</required>
          <isPersisted>true</isPersisted>
          <inputSymbol>Field_3</inputSymbol>
          <listDelimiter></listDelimiter>
          <value>${in3}</value>
          <record>false</record>
        </staticBinding>
      </bindings>
      <transitions>
        <transition id="bee426af-2344-4d0a-9261-d98e887bca3a">
          <annotation></annotation>
          <name>failure</name>
          <command>NEXT</command>
          <linkMode>false</linkMode>
          <responseSymbol>failure</responseSymbol>
          <shouldHandoff>false</shouldHandoff>
          <transitionValue>0.0</transitionValue>
          <destination>
            <refId>e64f7329-13c2-4ae6-b151-8e361bfb2686</refId>
          </destination>
          <source>
            <refId>fff06f2d-12e8-4cb9-a2a0-4bf0cc695df0</refId>
          </source>
          <positions>
            <point>
              <x>354.0</x>
              <y>113.0</y>
            </point>
            <point>
              <x>338.0</x>
              <y>268.0</y>
            </point>
          </positions>
          <labelPosition>
            <x>333.0</x>
            <y>0.0</y>
          </labelPosition>
        </transition>
        <transition id="c6363817-cca1-4120-95cf-f0dd3b3b7572">
          <annotation></annotation>
          <name>success</name>
          <command>NEXT</command>
          <linkMode>false</linkMode>
          <responseSymbol>success</responseSymbol>
          <shouldHandoff>false</shouldHandoff>
          <transitionValue>0.0</transitionValue>
          <destination>
            <refId>cc014a14-db13-4b11-b08b-ce3e490e0f90</refId>
          </destination>
          <source>
            <refId>fff06f2d-12e8-4cb9-a2a0-4bf0cc695df0</refId>
          </source>
          <positions>
            <point>
              <x>354.0</x>
              <y>113.0</y>
            </point>
            <point>
              <x>521.0</x>
              <y>119.0</y>
            </point>
          </positions>
          <labelPosition>
            <x>333.0</x>
            <y>0.0</y>
          </labelPosition>
        </transition>
      </transitions>
      <properties/>
      <opRef>
        <refId>c88d27ac-30cb-4ba9-acc0-404f7e15ec4a</refId>
      </opRef>
      <assignments>
        <flowVariableAssignment id="97120d04-d44a-4efd-9671-c25c08399fcd">
          <annotation></annotation>
          <name>assignment</name>
          <action>OVERWRITE</action>
          <assignmentTargetType>FLOW_VARIABLE</assignmentTargetType>
          <contextKey>DBDate</contextKey>
          <expression id="f783789d-9097-4317-83bf-05aba81349b4">
            <annotation></annotation>
            <name>Result Field: Result</name>
            <fieldName>Result</fieldName>
            <sourceType>RAWRESULT</sourceType>
            <filters/>
          </expression>
        </flowVariableAssignment>
      </assignments>
      <throttleSize>0</throttleSize>
    </step>
    <returnStep id="e64f7329-13c2-4ae6-b151-8e361bfb2686">
      <annotation></annotation>
      <name>Error : failure</name>
      <bounds>
        <x>471.0</x>
        <y>249.0</y>
      </bounds>
      <layer>-1</layer>
      <hideInbound>false</hideInbound>
      <addResultToRunContext>false</addResultToRunContext>
      <isCriticalStep>false</isCriticalStep>
      <isNonBlocking>false</isNonBlocking>
      <isParallelStep>false</isParallelStep>
      <isSingleResponse>false</isSingleResponse>
      <recordInHistory>false</recordInHistory>
      <recordRawOutput>true</recordRawOutput>
      <recordPrimaryOutput>true</recordPrimaryOutput>
      <checkPointStep>true</checkPointStep>
      <historyCheckPointStep>true</historyCheckPointStep>
      <scriptResultStep>false</scriptResultStep>
      <userPrompt></userPrompt>
      <bindings/>
      <transitions>
        <transition id="d757ac35-4955-448e-84d7-212ecf120acf">
          <annotation></annotation>
          <name>return</name>
          <command>NEXT</command>
          <linkMode>false</linkMode>
          <responseSymbol>failure</responseSymbol>
          <shouldHandoff>false</shouldHandoff>
          <transitionValue>0.0</transitionValue>
          <destination>
            <refId>e64f7329-13c2-4ae6-b151-8e361bfb2686</refId>
          </destination>
          <source>
            <refId>e64f7329-13c2-4ae6-b151-8e361bfb2686</refId>
          </source>
          <positions/>
        </transition>
      </transitions>
      <properties/>
      <returnStepType>ERROR</returnStepType>
      <assignments/>
    </returnStep>
    <step id="07e4352d-bc9a-4d5e-ab91-e5bd289376b4">
      <annotation>3fbb62b8-1082-41a0-af5a-dbdcf385ea0c.07e4352d-bc9a-4d5e-ab91-e5bd289376b4.description</annotation>
      <name>Date and Time Comparator</name>
      <bounds>
        <x>617.0</x>
        <y>83.0</y>
      </bounds>
      <layer>-1</layer>
      <hideInbound>false</hideInbound>
      <addResultToRunContext>false</addResultToRunContext>
      <isCriticalStep>false</isCriticalStep>
      <isNonBlocking>false</isNonBlocking>
      <isParallelStep>false</isParallelStep>
      <isSingleResponse>false</isSingleResponse>
      <recordInHistory>false</recordInHistory>
      <recordRawOutput>true</recordRawOutput>
      <recordPrimaryOutput>true</recordPrimaryOutput>
      <checkPointStep>true</checkPointStep>
      <historyCheckPointStep>true</historyCheckPointStep>
      <scriptResultStep>false</scriptResultStep>
      <userPrompt></userPrompt>
      <bindings>
        <staticBinding id="8e994091-eae1-43c0-aaf2-f4334cbe6c18">
          <annotation></annotation>
          <assignFromContext>true</assignFromContext>
          <assignToContext>true</assignToContext>
          <inputType>STRING</inputType>
          <isList>false</isList>
          <required>true</required>
          <isPersisted>true</isPersisted>
          <inputSymbol>d1</inputSymbol>
          <listDelimiter>,</listDelimiter>
          <value>${CurDate}</value>
          <record>false</record>
        </staticBinding>
        <staticBinding id="208a3cd2-12c0-4e06-96ab-25e1b67d2fdc">
          <annotation></annotation>
          <assignFromContext>true</assignFromContext>
          <assignToContext>true</assignToContext>
          <inputType>STRING</inputType>
          <isList>false</isList>
          <required>true</required>
          <isPersisted>true</isPersisted>
          <inputSymbol>d2</inputSymbol>
          <listDelimiter>,</listDelimiter>
          <value>${DBDate}</value>
          <record>false</record>
        </staticBinding>
        <staticBinding id="0ae50be9-fe2a-47a6-9b50-e8c64efe8623">
          <annotation></annotation>
          <assignFromContext>true</assignFromContext>
          <assignToContext>true</assignToContext>
          <inputType>STRING</inputType>
          <isList>false</isList>
          <required>true</required>
          <isPersisted>true</isPersisted>
          <inputSymbol>threshold</inputSymbol>
          <listDelimiter>,</listDelimiter>
          <value>0</value>
          <record>false</record>
        </staticBinding>
        <staticBinding id="7ddbf4a9-ce7d-4f01-ab92-1b769346381d">
          <annotation></annotation>
          <toContextKey></toContextKey>
          <fromContextKey></fromContextKey>
          <assignFromContext>false</assignFromContext>
          <assignToContext>false</assignToContext>
          <inputType>STRING</inputType>
          <recordKey></recordKey>
          <isList>false</isList>
          <required>false</required>
          <isPersisted>true</isPersisted>
          <inputSymbol>Field_2</inputSymbol>
          <listDelimiter></listDelimiter>
          <value>${d2}</value>
          <record>false</record>
        </staticBinding>
        <staticBinding id="7b6f9a4e-806b-4b91-be09-7cba10e30497">
          <annotation></annotation>
          <toContextKey></toContextKey>
          <fromContextKey></fromContextKey>
          <assignFromContext>false</assignFromContext>
          <assignToContext>false</assignToContext>
          <inputType>STRING</inputType>
          <recordKey></recordKey>
          <isList>false</isList>
          <required>false</required>
          <isPersisted>true</isPersisted>
          <inputSymbol>Field_3</inputSymbol>
          <listDelimiter></listDelimiter>
          <value>${threshold}</value>
          <record>false</record>
        </staticBinding>
        <staticBinding id="8d62a850-7839-404f-ae71-05b095971d4f">
          <annotation></annotation>
          <toContextKey></toContextKey>
          <fromContextKey></fromContextKey>
          <assignFromContext>false</assignFromContext>
          <assignToContext>false</assignToContext>
          <inputType>STRING</inputType>
          <recordKey></recordKey>
          <isList>false</isList>
          <required>false</required>
          <isPersisted>true</isPersisted>
          <inputSymbol>Field_4</inputSymbol>
          <listDelimiter></listDelimiter>
          <value>${in4}</value>
          <record>false</record>
        </staticBinding>
        <staticBinding id="516dcc88-67d8-4b18-9fd9-45530445defa">
          <annotation></annotation>
          <toContextKey></toContextKey>
          <fromContextKey></fromContextKey>
          <assignFromContext>false</assignFromContext>
          <assignToContext>false</assignToContext>
          <inputType>STRING</inputType>
          <recordKey></recordKey>
          <isList>false</isList>
          <required>false</required>
          <isPersisted>true</isPersisted>
          <inputSymbol>Field_1</inputSymbol>
          <listDelimiter></listDelimiter>
          <value>${d1}</value>
          <record>false</record>
        </staticBinding>
      </bindings>
      <transitions>
        <transition id="17356f28-ca6f-4f76-a53d-85a8eebf6b09">
          <annotation></annotation>
          <name>failure</name>
          <command>NEXT</command>
          <linkMode>false</linkMode>
          <responseSymbol>failure</responseSymbol>
          <shouldHandoff>false</shouldHandoff>
          <transitionValue>0.0</transitionValue>
          <destination>
            <refId>e64f7329-13c2-4ae6-b151-8e361bfb2686</refId>
          </destination>
          <source>
            <refId>07e4352d-bc9a-4d5e-ab91-e5bd289376b4</refId>
          </source>
          <positions>
            <point>
              <x>667.0</x>
              <y>117.0</y>
            </point>
            <point>
              <x>526.0</x>
              <y>283.0</y>
            </point>
          </positions>
          <labelPosition>
            <x>333.0</x>
            <y>0.0</y>
          </labelPosition>
        </transition>
        <transition id="42ef273a-c548-4652-afb5-67396a34f95a">
          <annotation></annotation>
          <name>before</name>
          <command>NEXT</command>
          <linkMode>false</linkMode>
          <responseSymbol>before</responseSymbol>
          <shouldHandoff>false</shouldHandoff>
          <transitionValue>0.0</transitionValue>
          <destination>
            <refId>b10fc29f-d47f-4557-bd82-768a2e5b15a5</refId>
          </destination>
          <source>
            <refId>07e4352d-bc9a-4d5e-ab91-e5bd289376b4</refId>
          </source>
          <positions>
            <point>
              <x>667.0</x>
              <y>117.0</y>
            </point>
            <point>
              <x>860.0</x>
              <y>106.0</y>
            </point>
          </positions>
          <labelPosition>
            <x>333.0</x>
            <y>0.0</y>
          </labelPosition>
        </transition>
        <transition id="93794a69-0fd8-48b2-a0f6-c93c33eb5d07">
          <annotation></annotation>
          <name>equal</name>
          <command>NEXT</command>
          <linkMode>false</linkMode>
          <responseSymbol>equal</responseSymbol>
          <shouldHandoff>false</shouldHandoff>
          <transitionValue>0.0</transitionValue>
          <destination>
            <refId>73b2d350-61c2-48d6-9291-2c61a16ce947</refId>
          </destination>
          <source>
            <refId>07e4352d-bc9a-4d5e-ab91-e5bd289376b4</refId>
          </source>
          <positions>
            <point>
              <x>667.0</x>
              <y>117.0</y>
            </point>
            <point>
              <x>673.0</x>
              <y>284.0</y>
            </point>
          </positions>
          <labelPosition>
            <x>333.0</x>
            <y>0.0</y>
          </labelPosition>
        </transition>
        <transition id="dddbee72-aa47-48ce-b364-f184fe29e437">
          <annotation></annotation>
          <name>after</name>
          <command>NEXT</command>
          <linkMode>false</linkMode>
          <responseSymbol>after</responseSymbol>
          <shouldHandoff>false</shouldHandoff>
          <transitionValue>0.0</transitionValue>
          <destination>
            <refId>d6c94cdf-d35c-4242-9e64-7de0381bc723</refId>
          </destination>
          <source>
            <refId>07e4352d-bc9a-4d5e-ab91-e5bd289376b4</refId>
          </source>
          <positions>
            <point>
              <x>667.0</x>
              <y>117.0</y>
            </point>
            <point>
              <x>858.0</x>
              <y>272.0</y>
            </point>
          </positions>
          <labelPosition>
            <x>333.0</x>
            <y>0.0</y>
          </labelPosition>
        </transition>
      </transitions>
      <properties/>
      <opRef>
        <refId>f6c60b19-9de0-437b-90d3-577c18f764ba</refId>
      </opRef>
      <assignments/>
      <throttleSize>0</throttleSize>
    </step>
    <step id="cc014a14-db13-4b11-b08b-ce3e490e0f90">
      <annotation>3fbb62b8-1082-41a0-af5a-dbdcf385ea0c.cc014a14-db13-4b11-b08b-ce3e490e0f90.description</annotation>
      <name>Get Current Date and Time</name>
      <bounds>
        <x>471.0</x>
        <y>83.0</y>
      </bounds>
      <layer>-1</layer>
      <hideInbound>false</hideInbound>
      <addResultToRunContext>false</addResultToRunContext>
      <isCriticalStep>false</isCriticalStep>
      <isNonBlocking>false</isNonBlocking>
      <isParallelStep>false</isParallelStep>
      <isSingleResponse>false</isSingleResponse>
      <recordInHistory>false</recordInHistory>
      <recordRawOutput>true</recordRawOutput>
      <recordPrimaryOutput>true</recordPrimaryOutput>
      <checkPointStep>true</checkPointStep>
      <historyCheckPointStep>true</historyCheckPointStep>
      <scriptResultStep>false</scriptResultStep>
      <userPrompt></userPrompt>
      <bindings>
        <staticBinding id="7ea50944-fd0d-4260-a6a3-7d15afbed1ff">
          <annotation></annotation>
          <toContextKey></toContextKey>
          <fromContextKey></fromContextKey>
          <assignFromContext>false</assignFromContext>
          <assignToContext>false</assignToContext>
          <inputType>STRING</inputType>
          <recordKey></recordKey>
          <isList>false</isList>
          <required>false</required>
          <isPersisted>true</isPersisted>
          <inputSymbol>Field_2</inputSymbol>
          <listDelimiter></listDelimiter>
          <value>${in2}</value>
          <record>false</record>
        </staticBinding>
        <staticBinding id="3970c89d-e5fb-43e2-a813-1093c3502b06">
          <annotation></annotation>
          <toContextKey></toContextKey>
          <fromContextKey></fromContextKey>
          <assignFromContext>false</assignFromContext>
          <assignToContext>false</assignToContext>
          <inputType>STRING</inputType>
          <recordKey></recordKey>
          <isList>false</isList>
          <required>false</required>
          <isPersisted>true</isPersisted>
          <inputSymbol>Field_4</inputSymbol>
          <listDelimiter></listDelimiter>
          <value>${in4}</value>
          <record>false</record>
        </staticBinding>
        <staticBinding id="999a5acd-34df-40f4-b374-dc4a2ef8e8a4">
          <annotation></annotation>
          <toContextKey></toContextKey>
          <fromContextKey></fromContextKey>
          <assignFromContext>false</assignFromContext>
          <assignToContext>false</assignToContext>
          <inputType>STRING</inputType>
          <recordKey></recordKey>
          <isList>false</isList>
          <required>false</required>
          <isPersisted>true</isPersisted>
          <inputSymbol>Field_3</inputSymbol>
          <listDelimiter></listDelimiter>
          <value>${in3}</value>
          <record>false</record>
        </staticBinding>
        <staticBinding id="696c8b23-d65b-40ab-8a4d-aa2c2a39025a">
          <annotation></annotation>
          <toContextKey></toContextKey>
          <fromContextKey></fromContextKey>
          <assignFromContext>false</assignFromContext>
          <assignToContext>false</assignToContext>
          <inputType>STRING</inputType>
          <recordKey></recordKey>
          <isList>false</isList>
          <required>false</required>
          <isPersisted>true</isPersisted>
          <inputSymbol>Field_1</inputSymbol>
          <listDelimiter></listDelimiter>
          <value>${in1}</value>
          <record>false</record>
        </staticBinding>
      </bindings>
      <transitions>
        <transition id="ca1facab-7070-41a6-aefa-60181ae8fb62">
          <annotation></annotation>
          <name>failure</name>
          <command>NEXT</command>
          <linkMode>false</linkMode>
          <responseSymbol>failure</responseSymbol>
          <shouldHandoff>false</shouldHandoff>
          <transitionValue>0.0</transitionValue>
          <destination>
            <refId>e64f7329-13c2-4ae6-b151-8e361bfb2686</refId>
          </destination>
          <source>
            <refId>cc014a14-db13-4b11-b08b-ce3e490e0f90</refId>
          </source>
          <positions>
            <point>
              <x>521.0</x>
              <y>119.0</y>
            </point>
            <point>
              <x>338.0</x>
              <y>268.0</y>
            </point>
          </positions>
          <labelPosition>
            <x>333.0</x>
            <y>0.0</y>
          </labelPosition>
        </transition>
        <transition id="5761bafe-a2e9-4fc6-ba45-98ac2ddc292a">
          <annotation></annotation>
          <name>success</name>
          <command>NEXT</command>
          <linkMode>false</linkMode>
          <responseSymbol>success</responseSymbol>
          <shouldHandoff>false</shouldHandoff>
          <transitionValue>0.0</transitionValue>
          <destination>
            <refId>07e4352d-bc9a-4d5e-ab91-e5bd289376b4</refId>
          </destination>
          <source>
            <refId>cc014a14-db13-4b11-b08b-ce3e490e0f90</refId>
          </source>
          <positions>
            <point>
              <x>521.0</x>
              <y>119.0</y>
            </point>
            <point>
              <x>667.0</x>
              <y>117.0</y>
            </point>
          </positions>
          <labelPosition>
            <x>333.0</x>
            <y>0.0</y>
          </labelPosition>
        </transition>
      </transitions>
      <properties/>
      <opRef>
        <refId>237a5c37-ecbc-4ef1-af37-034e6f7e8f62</refId>
      </opRef>
      <assignments>
        <flowVariableAssignment id="dfaf4d33-0fdb-4fe1-ab47-9f5213c6e090">
          <annotation></annotation>
          <name>assignment</name>
          <action>OVERWRITE</action>
          <assignmentTargetType>FLOW_VARIABLE</assignmentTargetType>
          <contextKey>CurDate</contextKey>
          <expression id="ba9f0d6f-4ef6-47d4-b74f-9151d53e4723">
            <annotation></annotation>
            <name>Result Field: Result</name>
            <fieldName>Result</fieldName>
            <sourceType>RAWRESULT</sourceType>
            <filters/>
          </expression>
        </flowVariableAssignment>
      </assignments>
      <throttleSize>0</throttleSize>
    </step>
    <returnStep id="d6c94cdf-d35c-4242-9e64-7de0381bc723">
      <annotation></annotation>
      <name>Resolved : success</name>
      <bounds>
        <x>808.0</x>
        <y>238.0</y>
      </bounds>
      <layer>-1</layer>
      <hideInbound>false</hideInbound>
      <addResultToRunContext>false</addResultToRunContext>
      <isCriticalStep>false</isCriticalStep>
      <isNonBlocking>false</isNonBlocking>
      <isParallelStep>false</isParallelStep>
      <isSingleResponse>false</isSingleResponse>
      <recordInHistory>false</recordInHistory>
      <recordRawOutput>true</recordRawOutput>
      <recordPrimaryOutput>true</recordPrimaryOutput>
      <checkPointStep>true</checkPointStep>
      <historyCheckPointStep>true</historyCheckPointStep>
      <scriptResultStep>false</scriptResultStep>
      <userPrompt></userPrompt>
      <bindings/>
      <transitions>
        <transition id="2e8e6561-6dae-4ce4-9430-3f9f9bc32a8e">
          <annotation></annotation>
          <name>return</name>
          <command>NEXT</command>
          <linkMode>false</linkMode>
          <responseSymbol>success</responseSymbol>
          <shouldHandoff>false</shouldHandoff>
          <transitionValue>0.0</transitionValue>
          <destination>
            <refId>d6c94cdf-d35c-4242-9e64-7de0381bc723</refId>
          </destination>
          <source>
            <refId>d6c94cdf-d35c-4242-9e64-7de0381bc723</refId>
          </source>
          <positions/>
        </transition>
      </transitions>
      <properties/>
      <returnStepType>RESOLVED</returnStepType>
      <assignments/>
    </returnStep>
    <returnStep id="b10fc29f-d47f-4557-bd82-768a2e5b15a5">
      <annotation></annotation>
      <name>Error : failure</name>
      <bounds>
        <x>810.0</x>
        <y>83.0</y>
      </bounds>
      <layer>-1</layer>
      <hideInbound>false</hideInbound>
      <addResultToRunContext>false</addResultToRunContext>
      <isCriticalStep>false</isCriticalStep>
      <isNonBlocking>false</isNonBlocking>
      <isParallelStep>false</isParallelStep>
      <isSingleResponse>false</isSingleResponse>
      <recordInHistory>false</recordInHistory>
      <recordRawOutput>true</recordRawOutput>
      <recordPrimaryOutput>true</recordPrimaryOutput>
      <checkPointStep>true</checkPointStep>
      <historyCheckPointStep>true</historyCheckPointStep>
      <scriptResultStep>false</scriptResultStep>
      <userPrompt></userPrompt>
      <bindings/>
      <transitions>
        <transition id="60008e5d-7fef-4e48-aa3b-8f0df07964d2">
          <annotation></annotation>
          <name>return</name>
          <command>NEXT</command>
          <linkMode>false</linkMode>
          <responseSymbol>failure</responseSymbol>
          <shouldHandoff>false</shouldHandoff>
          <transitionValue>0.0</transitionValue>
          <destination>
            <refId>b10fc29f-d47f-4557-bd82-768a2e5b15a5</refId>
          </destination>
          <source>
            <refId>b10fc29f-d47f-4557-bd82-768a2e5b15a5</refId>
          </source>
          <positions/>
        </transition>
      </transitions>
      <properties/>
      <returnStepType>ERROR</returnStepType>
      <assignments/>
    </returnStep>
  </steps>
  <startSteps>bf6eb221-e338-4eca-a33c-3a8bcb32d3cc</startSteps>
</flow>