<?xml version="1.0" encoding="UTF-8"?>
<flow id="92fe01f4-c3a1-46d0-8b57-342228c0a94b">
  <annotation></annotation>
  <name>pc_undeploy</name>
  <categories/>
  <inputs>
    <userInputBinding id="ff526ab3-5275-4d67-a0ec-74929747e0cf">
      <annotation></annotation>
      <assignFromContext>true</assignFromContext>
      <assignToContext>true</assignToContext>
      <inputType>STRING</inputType>
      <isList>false</isList>
      <required>true</required>
      <isPersisted>true</isPersisted>
      <inputSymbol>CSA_CONTEXT_ID</inputSymbol>
      <listDelimiter>,</listDelimiter>
      <record>false</record>
      <prompt></prompt>
      <isMultiSelect>false</isMultiSelect>
      <sourceDelimiter>|</sourceDelimiter>
    </userInputBinding>
    <userInputBinding id="b24d814b-458d-40d2-a1a9-01fda50ea20f">
      <annotation></annotation>
      <assignFromContext>true</assignFromContext>
      <assignToContext>true</assignToContext>
      <inputType>STRING</inputType>
      <isList>false</isList>
      <required>true</required>
      <isPersisted>true</isPersisted>
      <inputSymbol>CSA_PROCESS_ID</inputSymbol>
      <listDelimiter>,</listDelimiter>
      <record>false</record>
      <prompt></prompt>
      <isMultiSelect>false</isMultiSelect>
      <sourceDelimiter>|</sourceDelimiter>
    </userInputBinding>
  </inputs>
  <scriptlet id="b0361699-6f94-48f2-8c2f-87ce3532234e">
    <annotation></annotation>
    <name>Operation pc_undeploy (92fe01f4-c3a1-46d0-8b57-342228c0a94b)</name>
    <type>RHINO</type>
  </scriptlet>
  <possibleResponses>
    <opResponse id="ca498879-6edf-454c-b790-b463b92aa9ae">
      <annotation></annotation>
      <name>failure</name>
      <isDefault>false</isDefault>
      <onFailure>true</onFailure>
      <type>ERROR</type>
      <matchRules/>
    </opResponse>
    <opResponse id="2f804935-d2ee-441f-8b2e-490b368ddd32">
      <annotation></annotation>
      <name>success</name>
      <isDefault>true</isDefault>
      <onFailure>false</onFailure>
      <type>RESOLVED</type>
      <matchRules/>
    </opResponse>
  </possibleResponses>
  <availableResultExpressions/>
  <resultExpression id="46912146-be70-432f-a57e-417bd16d1910">
    <annotation></annotation>
    <name>FailureMessage</name>
    <fieldName>FailureMessage</fieldName>
    <sourceType>RAWRESULT</sourceType>
    <filters/>
  </resultExpression>
  <iconSpec id="ac997576-5802-46f8-9d21-d110f05cd933">
    <baseIcon>flow.png</baseIcon>
    <basePath>System</basePath>
    <readOnly>false</readOnly>
    <layers/>
  </iconSpec>
  <callouts>
    <callout id="a476ee7a-963c-42a8-8e8f-4e376d9844e2">
      <text>92fe01f4-c3a1-46d0-8b57-342228c0a94b.a476ee7a-963c-42a8-8e8f-4e376d9844e2.callout</text>
      <bounds>
        <x>202.0</x>
        <y>397.0</y>
        <width>200.0</width>
        <height>62.0</height>
      </bounds>
      <layer>-1</layer>
    </callout>
  </callouts>
  <checkPointFlow>true</checkPointFlow>
  <compatibleRuntimeContext>false</compatibleRuntimeContext>
  <historyCheckPointFlow>true</historyCheckPointFlow>
  <steps>
    <step id="1f8ebf1f-480e-4b8c-85d5-6302c1056cdd">
      <annotation></annotation>
      <name>Get User Identifier</name>
      <bounds>
        <x>18.0</x>
        <y>38.0</y>
      </bounds>
      <layer>-1</layer>
      <hideInbound>false</hideInbound>
      <addResultToRunContext>false</addResultToRunContext>
      <isCriticalStep>false</isCriticalStep>
      <isNonBlocking>false</isNonBlocking>
      <isParallelStep>false</isParallelStep>
      <isSingleResponse>false</isSingleResponse>
      <recordInHistory>false</recordInHistory>
      <recordRawOutput>false</recordRawOutput>
      <recordPrimaryOutput>false</recordPrimaryOutput>
      <checkPointStep>true</checkPointStep>
      <historyCheckPointStep>true</historyCheckPointStep>
      <scriptResultStep>false</scriptResultStep>
      <userPrompt></userPrompt>
      <bindings>
        <staticBinding id="0168ed68-9c3e-4f6d-b802-d4d46f4d90f2">
          <annotation></annotation>
          <fromContextKey>CSA_OO_USER</fromContextKey>
          <assignFromContext>false</assignFromContext>
          <assignToContext>false</assignToContext>
          <inputType>STRING</inputType>
          <isList>false</isList>
          <required>true</required>
          <isPersisted>true</isPersisted>
          <inputSymbol>csaUser</inputSymbol>
          <listDelimiter>,</listDelimiter>
          <value>${CSA_OO_USER}</value>
          <record>false</record>
        </staticBinding>
      </bindings>
      <transitions>
        <transition id="7dd4f05e-1cdb-49d0-8c94-fe4a11f72345">
          <annotation></annotation>
          <name>success</name>
          <command>NEXT</command>
          <linkMode>false</linkMode>
          <responseSymbol>success</responseSymbol>
          <shouldHandoff>false</shouldHandoff>
          <transitionValue>0.0</transitionValue>
          <destination>
            <refId>07549286-dac3-45bb-9d0a-35bd22aa4826</refId>
          </destination>
          <source>
            <refId>1f8ebf1f-480e-4b8c-85d5-6302c1056cdd</refId>
          </source>
          <positions>
            <point>
              <x>132.0</x>
              <y>419.0</y>
            </point>
            <point>
              <x>342.0</x>
              <y>420.0</y>
            </point>
          </positions>
          <labelPosition>
            <x>333.0</x>
            <y>0.0</y>
          </labelPosition>
        </transition>
        <transition id="ab1738db-c3c3-42c3-bf86-194f8108b9ef">
          <annotation></annotation>
          <name>failure</name>
          <command>NEXT</command>
          <linkMode>false</linkMode>
          <responseSymbol>failure</responseSymbol>
          <shouldHandoff>false</shouldHandoff>
          <transitionValue>0.0</transitionValue>
          <destination>
            <refId>0726b0f4-3ca4-4943-a5db-91952e1574f6</refId>
          </destination>
          <source>
            <refId>1f8ebf1f-480e-4b8c-85d5-6302c1056cdd</refId>
          </source>
          <positions>
            <point>
              <x>75.0</x>
              <y>72.0</y>
            </point>
            <point>
              <x>345.0</x>
              <y>82.0</y>
            </point>
          </positions>
          <labelPosition>
            <x>333.0</x>
            <y>0.0</y>
          </labelPosition>
        </transition>
      </transitions>
      <properties/>
      <opRef>
        <refId>f1c8b14a-694f-4a03-a84a-c7504fe0a29b</refId>
      </opRef>
      <assignments>
        <flowVariableAssignment id="826cfb38-a9ca-4757-81c9-b24f3126fa06">
          <annotation></annotation>
          <name>assignment</name>
          <action>OVERWRITE</action>
          <assignmentTargetType>FLOW_VARIABLE</assignmentTargetType>
          <contextKey>userIdentifier</contextKey>
          <expression id="1a42c5d2-170a-4b62-bf4f-e785be241a3b">
            <annotation></annotation>
            <name>Result Field: userIdentifier</name>
            <fieldName>userIdentifier</fieldName>
            <sourceType>RAWRESULT</sourceType>
            <filters/>
          </expression>
        </flowVariableAssignment>
      </assignments>
      <throttleSize>0</throttleSize>
    </step>
    <step id="b8c90f33-a0ab-470b-92b9-d3e8a4615e7b">
      <annotation>92fe01f4-c3a1-46d0-8b57-342228c0a94b.b8c90f33-a0ab-470b-92b9-d3e8a4615e7b.description</annotation>
      <name>Terminate IO Service</name>
      <bounds>
        <x>485.0</x>
        <y>383.0</y>
      </bounds>
      <layer>-1</layer>
      <hideInbound>false</hideInbound>
      <addResultToRunContext>false</addResultToRunContext>
      <isCriticalStep>false</isCriticalStep>
      <isNonBlocking>false</isNonBlocking>
      <isParallelStep>false</isParallelStep>
      <isSingleResponse>false</isSingleResponse>
      <recordInHistory>false</recordInHistory>
      <recordRawOutput>true</recordRawOutput>
      <recordPrimaryOutput>true</recordPrimaryOutput>
      <checkPointStep>true</checkPointStep>
      <historyCheckPointStep>true</historyCheckPointStep>
      <scriptResultStep>false</scriptResultStep>
      <userPrompt></userPrompt>
      <bindings>
        <staticBinding id="1c8c65ab-67bf-44d6-89d3-b51a5fb330a4">
          <annotation></annotation>
          <fromContextKey>serviceAccessPoint</fromContextKey>
          <assignFromContext>false</assignFromContext>
          <assignToContext>true</assignToContext>
          <inputType>STRING</inputType>
          <isList>false</isList>
          <required>true</required>
          <isPersisted>true</isPersisted>
          <inputSymbol>url</inputSymbol>
          <listDelimiter>,</listDelimiter>
          <value>https://${db.getdetails.iohost}:51443/hpio/controller/soap/v1</value>
          <record>false</record>
        </staticBinding>
        <identityBinding id="334043fb-e890-4cfe-82dd-9f30d134bd6a">
          <annotation></annotation>
          <assignFromContext>true</assignFromContext>
          <assignToContext>true</assignToContext>
          <inputType>ENCRYPTED</inputType>
          <isList>false</isList>
          <required>true</required>
          <isPersisted>true</isPersisted>
          <inputSymbol>username</inputSymbol>
          <listDelimiter>,</listDelimiter>
          <record>false</record>
          <link>
            <refId>783a5859-a61d-4376-8770-fd3e31273df9</refId>
            <refName>pc.moe</refName>
          </link>
          <identityAttribute>USERNAME</identityAttribute>
        </identityBinding>
        <identityBinding id="6b825fa2-5b75-4e3e-aedb-a405a1d3d26a">
          <annotation></annotation>
          <assignFromContext>true</assignFromContext>
          <assignToContext>true</assignToContext>
          <inputType>ENCRYPTED</inputType>
          <isList>false</isList>
          <required>true</required>
          <isPersisted>true</isPersisted>
          <inputSymbol>password</inputSymbol>
          <listDelimiter>,</listDelimiter>
          <record>false</record>
          <link>
            <refId>783a5859-a61d-4376-8770-fd3e31273df9</refId>
            <refName>pc.moe</refName>
          </link>
          <identityAttribute>PASSWORD</identityAttribute>
        </identityBinding>
        <staticBinding id="a7da585c-c9f0-44e4-8c5e-65b22f0306ec">
          <annotation></annotation>
          <assignFromContext>true</assignFromContext>
          <assignToContext>true</assignToContext>
          <inputType>STRING</inputType>
          <isList>false</isList>
          <required>true</required>
          <isPersisted>true</isPersisted>
          <inputSymbol>serviceName</inputSymbol>
          <listDelimiter>,</listDelimiter>
          <value>${db.getdetails.hostname}</value>
          <record>false</record>
        </staticBinding>
        <staticBinding id="ebde92e4-8ce4-456e-9f2c-628750c6790c">
          <annotation></annotation>
          <assignFromContext>true</assignFromContext>
          <assignToContext>true</assignToContext>
          <inputType>STRING</inputType>
          <isList>false</isList>
          <required>false</required>
          <isPersisted>true</isPersisted>
          <inputSymbol>lobUser</inputSymbol>
          <listDelimiter>,</listDelimiter>
          <value>${pc.moe.user}</value>
          <record>false</record>
        </staticBinding>
      </bindings>
      <transitions>
        <transition id="4edb6609-5655-4948-9190-31842856de30">
          <annotation></annotation>
          <name>success</name>
          <command>NEXT</command>
          <linkMode>false</linkMode>
          <responseSymbol>success</responseSymbol>
          <shouldHandoff>false</shouldHandoff>
          <transitionValue>0.0</transitionValue>
          <destination>
            <refId>3cc4fe5c-035d-4321-96b9-5441d15b7984</refId>
          </destination>
          <source>
            <refId>b8c90f33-a0ab-470b-92b9-d3e8a4615e7b</refId>
          </source>
          <positions>
            <point>
              <x>589.0</x>
              <y>417.0</y>
            </point>
            <point>
              <x>842.0</x>
              <y>403.0</y>
            </point>
          </positions>
          <labelPosition>
            <x>333.0</x>
            <y>0.0</y>
          </labelPosition>
        </transition>
        <transition id="8be2cead-b92e-4ef5-ada3-fefcd707a0bd">
          <annotation></annotation>
          <name>failure</name>
          <command>NEXT</command>
          <linkMode>false</linkMode>
          <responseSymbol>failure</responseSymbol>
          <shouldHandoff>false</shouldHandoff>
          <transitionValue>0.0</transitionValue>
          <destination>
            <refId>7ee70fdc-8364-40c6-a8f8-07cb269139a6</refId>
          </destination>
          <source>
            <refId>b8c90f33-a0ab-470b-92b9-d3e8a4615e7b</refId>
          </source>
          <positions>
            <point>
              <x>581.0</x>
              <y>311.0</y>
            </point>
            <point>
              <x>319.0</x>
              <y>399.0</y>
            </point>
          </positions>
          <labelPosition>
            <x>333.0</x>
            <y>0.0</y>
          </labelPosition>
        </transition>
      </transitions>
      <properties/>
      <opRef>
        <refId>43fdd793-5cac-4a10-8b97-3f112e9848e9</refId>
      </opRef>
      <assignments>
        <flowVariableAssignment id="e75b20dd-a453-4bb2-871d-9a20dd40e3a4">
          <annotation></annotation>
          <name>assignment</name>
          <action>OVERWRITE</action>
          <assignmentTargetType>FLOW_VARIABLE</assignmentTargetType>
          <contextKey>failureMessage</contextKey>
          <expression id="56a99b34-3b00-4043-9484-c167850da462">
            <annotation></annotation>
            <name>Result Field: FailureMessage</name>
            <fieldName>FailureMessage</fieldName>
            <sourceType>RAWRESULT</sourceType>
            <filters>
              <scriptletFilter id="7b2269e8-c140-472d-87d4-29a453d9b1bc">
                <annotation></annotation>
                <name>Scriptlet</name>
                <scriptlet id="4d703df2-5646-4265-9a6f-38b0308ca5ef">
                  <annotation></annotation>
                  <name>default</name>
                  <script>scriptletResult = &quot;Failed to terminate service &quot;+serviceName</script>
                  <type>RHINO</type>
                </scriptlet>
              </scriptletFilter>
            </filters>
          </expression>
        </flowVariableAssignment>
      </assignments>
      <throttleSize>0</throttleSize>
    </step>
    <step id="0726b0f4-3ca4-4943-a5db-91952e1574f6">
      <annotation>92fe01f4-c3a1-46d0-8b57-342228c0a94b.0726b0f4-3ca4-4943-a5db-91952e1574f6.description</annotation>
      <name>Notify Flow Completion</name>
      <bounds>
        <x>1136.0</x>
        <y>383.0</y>
      </bounds>
      <layer>-1</layer>
      <hideInbound>false</hideInbound>
      <addResultToRunContext>false</addResultToRunContext>
      <isCriticalStep>false</isCriticalStep>
      <isNonBlocking>false</isNonBlocking>
      <isParallelStep>false</isParallelStep>
      <isSingleResponse>true</isSingleResponse>
      <recordInHistory>false</recordInHistory>
      <recordRawOutput>false</recordRawOutput>
      <recordPrimaryOutput>false</recordPrimaryOutput>
      <checkPointStep>true</checkPointStep>
      <historyCheckPointStep>true</historyCheckPointStep>
      <scriptResultStep>false</scriptResultStep>
      <userPrompt></userPrompt>
      <bindings>
        <staticBinding id="786dcee3-ae2d-4d00-8381-a8b8ffe2a89a">
          <annotation></annotation>
          <fromContextKey>CSA_PROCESS_ID</fromContextKey>
          <assignFromContext>false</assignFromContext>
          <assignToContext>false</assignToContext>
          <inputType>STRING</inputType>
          <isList>false</isList>
          <required>true</required>
          <isPersisted>true</isPersisted>
          <inputSymbol>processInstanceId</inputSymbol>
          <listDelimiter>,</listDelimiter>
          <value>${CSA_PROCESS_ID}</value>
          <record>false</record>
        </staticBinding>
        <staticBinding id="9a6da333-9d66-469e-b905-740aa5db37b6">
          <annotation></annotation>
          <assignFromContext>false</assignFromContext>
          <assignToContext>false</assignToContext>
          <inputType>STRING</inputType>
          <isList>false</isList>
          <required>true</required>
          <isPersisted>true</isPersisted>
          <inputSymbol>userIdentifier</inputSymbol>
          <listDelimiter>,</listDelimiter>
          <value>${userIdentifier}</value>
          <record>false</record>
        </staticBinding>
        <staticBinding id="ec815b2b-b5f9-4c3b-ba1b-87490056417c">
          <annotation></annotation>
          <assignFromContext>false</assignFromContext>
          <assignToContext>false</assignToContext>
          <inputType>STRING</inputType>
          <isList>false</isList>
          <required>true</required>
          <isPersisted>true</isPersisted>
          <inputSymbol>processInstanceState</inputSymbol>
          <listDelimiter>,</listDelimiter>
          <value>COMPLETED</value>
          <record>false</record>
        </staticBinding>
        <staticBinding id="201f8afd-2339-4aa7-aa8c-d743ccafe9e7">
          <annotation></annotation>
          <assignFromContext>false</assignFromContext>
          <assignToContext>false</assignToContext>
          <inputType>STRING</inputType>
          <isList>false</isList>
          <required>false</required>
          <isPersisted>true</isPersisted>
          <inputSymbol>processReturnCode</inputSymbol>
          <listDelimiter>,</listDelimiter>
          <value>FAILURE</value>
          <record>false</record>
        </staticBinding>
        <staticBinding id="ecf224a5-c455-434c-94aa-5eff99a69603">
          <annotation></annotation>
          <assignFromContext>true</assignFromContext>
          <assignToContext>true</assignToContext>
          <inputType>STRING</inputType>
          <isList>false</isList>
          <required>false</required>
          <isPersisted>true</isPersisted>
          <inputSymbol>processStatus</inputSymbol>
          <listDelimiter>,</listDelimiter>
          <value>Flow failed</value>
          <record>false</record>
        </staticBinding>
      </bindings>
      <transitions>
        <transition id="8880c8ac-ab01-4bef-a783-5ad349fe43f1">
          <annotation></annotation>
          <name>done</name>
          <command>NEXT</command>
          <linkMode>false</linkMode>
          <responseSymbol>done</responseSymbol>
          <shouldHandoff>false</shouldHandoff>
          <transitionValue>0.0</transitionValue>
          <destination>
            <refId>ababc24b-1f94-4c85-95e7-79ace4b2c7f5</refId>
          </destination>
          <source>
            <refId>0726b0f4-3ca4-4943-a5db-91952e1574f6</refId>
          </source>
          <positions>
            <point>
              <x>345.0</x>
              <y>82.0</y>
            </point>
            <point>
              <x>547.0</x>
              <y>71.0</y>
            </point>
          </positions>
          <labelPosition>
            <x>333.0</x>
            <y>0.0</y>
          </labelPosition>
        </transition>
      </transitions>
      <properties/>
      <opRef>
        <refId>7bda02d2-425f-42aa-9ad3-5192b0fe6446</refId>
      </opRef>
      <assignments/>
      <throttleSize>0</throttleSize>
    </step>
    <step id="3cc4fe5c-035d-4321-96b9-5441d15b7984">
      <annotation>92fe01f4-c3a1-46d0-8b57-342228c0a94b.3cc4fe5c-035d-4321-96b9-5441d15b7984.description</annotation>
      <name>Notify Flow Completion</name>
      <bounds>
        <x>485.0</x>
        <y>597.0</y>
      </bounds>
      <layer>-1</layer>
      <hideInbound>false</hideInbound>
      <addResultToRunContext>false</addResultToRunContext>
      <isCriticalStep>false</isCriticalStep>
      <isNonBlocking>false</isNonBlocking>
      <isParallelStep>false</isParallelStep>
      <isSingleResponse>true</isSingleResponse>
      <recordInHistory>false</recordInHistory>
      <recordRawOutput>false</recordRawOutput>
      <recordPrimaryOutput>false</recordPrimaryOutput>
      <checkPointStep>true</checkPointStep>
      <historyCheckPointStep>true</historyCheckPointStep>
      <scriptResultStep>false</scriptResultStep>
      <userPrompt></userPrompt>
      <bindings>
        <staticBinding id="e8223598-0475-4bb2-bf2c-7836000a65ad">
          <annotation></annotation>
          <fromContextKey>CSA_PROCESS_ID</fromContextKey>
          <assignFromContext>false</assignFromContext>
          <assignToContext>false</assignToContext>
          <inputType>STRING</inputType>
          <isList>false</isList>
          <required>true</required>
          <isPersisted>true</isPersisted>
          <inputSymbol>processInstanceId</inputSymbol>
          <listDelimiter>,</listDelimiter>
          <value>${CSA_PROCESS_ID}</value>
          <record>false</record>
        </staticBinding>
        <staticBinding id="0fc1f5a2-60b2-4171-9e44-72f86e07d731">
          <annotation></annotation>
          <assignFromContext>false</assignFromContext>
          <assignToContext>false</assignToContext>
          <inputType>STRING</inputType>
          <isList>false</isList>
          <required>true</required>
          <isPersisted>true</isPersisted>
          <inputSymbol>userIdentifier</inputSymbol>
          <listDelimiter>,</listDelimiter>
          <value>${userIdentifier}</value>
          <record>false</record>
        </staticBinding>
        <staticBinding id="20ff4900-4633-4b42-a278-db19cff68296">
          <annotation></annotation>
          <assignFromContext>false</assignFromContext>
          <assignToContext>false</assignToContext>
          <inputType>STRING</inputType>
          <isList>false</isList>
          <required>true</required>
          <isPersisted>true</isPersisted>
          <inputSymbol>processInstanceState</inputSymbol>
          <listDelimiter>,</listDelimiter>
          <value>COMPLETED</value>
          <record>false</record>
        </staticBinding>
        <staticBinding id="d83647c7-8fb1-4ba6-b4f1-02d5a6922eeb">
          <annotation></annotation>
          <assignFromContext>false</assignFromContext>
          <assignToContext>false</assignToContext>
          <inputType>STRING</inputType>
          <isList>false</isList>
          <required>false</required>
          <isPersisted>true</isPersisted>
          <inputSymbol>processReturnCode</inputSymbol>
          <listDelimiter>,</listDelimiter>
          <value>SUCCESS</value>
          <record>false</record>
        </staticBinding>
        <staticBinding id="56717a04-a96c-4091-81ad-a8d429276f1d">
          <annotation></annotation>
          <assignFromContext>true</assignFromContext>
          <assignToContext>true</assignToContext>
          <inputType>STRING</inputType>
          <isList>false</isList>
          <required>false</required>
          <isPersisted>true</isPersisted>
          <inputSymbol>processStatus</inputSymbol>
          <listDelimiter>,</listDelimiter>
          <value>Flow completed successfully</value>
          <record>false</record>
        </staticBinding>
      </bindings>
      <transitions>
        <transition id="59c47348-ed7d-4a8e-ae14-16d4d11e1713">
          <annotation></annotation>
          <name>done</name>
          <command>NEXT</command>
          <linkMode>false</linkMode>
          <responseSymbol>done</responseSymbol>
          <shouldHandoff>false</shouldHandoff>
          <transitionValue>0.0</transitionValue>
          <destination>
            <refId>13760926-4e89-4eb9-8abf-ea33eb20f1d5</refId>
          </destination>
          <source>
            <refId>3cc4fe5c-035d-4321-96b9-5441d15b7984</refId>
          </source>
          <positions>
            <point>
              <x>842.0</x>
              <y>403.0</y>
            </point>
            <point>
              <x>585.0</x>
              <y>67.0</y>
            </point>
          </positions>
          <labelPosition>
            <x>333.0</x>
            <y>0.0</y>
          </labelPosition>
        </transition>
      </transitions>
      <properties/>
      <opRef>
        <refId>7bda02d2-425f-42aa-9ad3-5192b0fe6446</refId>
      </opRef>
      <assignments/>
      <throttleSize>0</throttleSize>
    </step>
    <step id="7ee70fdc-8364-40c6-a8f8-07cb269139a6">
      <annotation></annotation>
      <name>CSA_GetSubscriptionNameByID</name>
      <bounds>
        <x>704.0</x>
        <y>383.0</y>
      </bounds>
      <layer>-1</layer>
      <hideInbound>false</hideInbound>
      <addResultToRunContext>false</addResultToRunContext>
      <isCriticalStep>false</isCriticalStep>
      <isNonBlocking>false</isNonBlocking>
      <isParallelStep>false</isParallelStep>
      <isSingleResponse>false</isSingleResponse>
      <recordInHistory>false</recordInHistory>
      <recordRawOutput>true</recordRawOutput>
      <recordPrimaryOutput>true</recordPrimaryOutput>
      <checkPointStep>true</checkPointStep>
      <historyCheckPointStep>true</historyCheckPointStep>
      <scriptResultStep>false</scriptResultStep>
      <userPrompt></userPrompt>
      <bindings>
        <staticBinding id="ceb3861e-46c5-4617-bb50-18a11e5d0d9a">
          <annotation></annotation>
          <assignFromContext>true</assignFromContext>
          <assignToContext>true</assignToContext>
          <inputType>STRING</inputType>
          <isList>false</isList>
          <required>true</required>
          <isPersisted>true</isPersisted>
          <inputSymbol>SubscriptionID</inputSymbol>
          <listDelimiter>,</listDelimiter>
          <value>${db.getdetails.csasubscriptionid}</value>
          <record>false</record>
        </staticBinding>
      </bindings>
      <transitions>
        <transition id="fb2b0087-9a9f-46cc-9867-3bffc66e3583">
          <annotation></annotation>
          <name>failure</name>
          <command>NEXT</command>
          <linkMode>false</linkMode>
          <responseSymbol>failure</responseSymbol>
          <shouldHandoff>false</shouldHandoff>
          <transitionValue>0.0</transitionValue>
          <destination>
            <refId>e8228992-fd92-415a-9056-1e1de9196eb1</refId>
          </destination>
          <source>
            <refId>7ee70fdc-8364-40c6-a8f8-07cb269139a6</refId>
          </source>
          <positions>
            <point>
              <x>341.0</x>
              <y>468.0</y>
            </point>
            <point>
              <x>415.0</x>
              <y>323.0</y>
            </point>
          </positions>
          <labelPosition>
            <x>333.0</x>
            <y>0.0</y>
          </labelPosition>
        </transition>
        <transition id="331c57ae-4818-4077-bf1c-6e94559956f2">
          <annotation></annotation>
          <name>success</name>
          <command>NEXT</command>
          <linkMode>false</linkMode>
          <responseSymbol>success</responseSymbol>
          <shouldHandoff>false</shouldHandoff>
          <transitionValue>0.0</transitionValue>
          <destination>
            <refId>e8228992-fd92-415a-9056-1e1de9196eb1</refId>
          </destination>
          <source>
            <refId>7ee70fdc-8364-40c6-a8f8-07cb269139a6</refId>
          </source>
          <positions>
            <point>
              <x>889.5</x>
              <y>398.06611570247935</y>
            </point>
            <point>
              <x>876.0</x>
              <y>385.0</y>
            </point>
            <point>
              <x>1124.0</x>
              <y>342.0</y>
            </point>
          </positions>
          <labelPosition>
            <x>333.0</x>
            <y>0.0</y>
          </labelPosition>
        </transition>
      </transitions>
      <properties/>
      <opRef>
        <refId>4822bb20-7984-4c16-bf7e-fc84c6f991cd</refId>
      </opRef>
      <assignments>
        <flowVariableAssignment id="7bbd4215-e587-4f97-9e8b-9645f507ef14">
          <annotation></annotation>
          <name>assignment</name>
          <action>OVERWRITE</action>
          <assignmentTargetType>FLOW_VARIABLE</assignmentTargetType>
          <contextKey>server.csaname</contextKey>
          <expression id="47fc15d9-f849-4a91-82e8-8c92de43e440">
            <annotation></annotation>
            <name>Result: Name</name>
            <fieldName>Name</fieldName>
            <sourceType>AVAILABLE_RESULT</sourceType>
            <filters/>
          </expression>
        </flowVariableAssignment>
      </assignments>
      <throttleSize>0</throttleSize>
    </step>
    <step id="e8228992-fd92-415a-9056-1e1de9196eb1">
      <annotation>92fe01f4-c3a1-46d0-8b57-342228c0a94b.e8228992-fd92-415a-9056-1e1de9196eb1.description</annotation>
      <name>IsNomalDelete?</name>
      <bounds>
        <x>853.0</x>
        <y>383.0</y>
      </bounds>
      <layer>-1</layer>
      <hideInbound>false</hideInbound>
      <addResultToRunContext>false</addResultToRunContext>
      <isCriticalStep>false</isCriticalStep>
      <isNonBlocking>false</isNonBlocking>
      <isParallelStep>false</isParallelStep>
      <isSingleResponse>false</isSingleResponse>
      <recordInHistory>false</recordInHistory>
      <recordRawOutput>true</recordRawOutput>
      <recordPrimaryOutput>true</recordPrimaryOutput>
      <checkPointStep>true</checkPointStep>
      <historyCheckPointStep>true</historyCheckPointStep>
      <scriptResultStep>false</scriptResultStep>
      <userPrompt></userPrompt>
      <bindings>
        <staticBinding id="f00fbdc5-2b38-46c2-b17b-4130c596ae7e">
          <annotation></annotation>
          <assignFromContext>false</assignFromContext>
          <assignToContext>false</assignToContext>
          <inputType>STRING</inputType>
          <isList>false</isList>
          <required>true</required>
          <isPersisted>true</isPersisted>
          <inputSymbol>matchType</inputSymbol>
          <listDelimiter>,</listDelimiter>
          <value>Exact Match</value>
          <record>false</record>
        </staticBinding>
        <staticBinding id="24ca2d02-e6cc-4a2d-bbf2-d7a7509439e7">
          <annotation></annotation>
          <assignFromContext>false</assignFromContext>
          <assignToContext>false</assignToContext>
          <inputType>STRING</inputType>
          <isList>false</isList>
          <required>true</required>
          <isPersisted>true</isPersisted>
          <inputSymbol>toMatch</inputSymbol>
          <listDelimiter>,</listDelimiter>
          <value>00_ACTIVE</value>
          <record>false</record>
        </staticBinding>
        <staticBinding id="b8521a46-6665-45b4-ad2b-9cd308a9b831">
          <annotation></annotation>
          <assignFromContext>false</assignFromContext>
          <assignToContext>false</assignToContext>
          <inputType>STRING</inputType>
          <isList>false</isList>
          <required>true</required>
          <isPersisted>true</isPersisted>
          <inputSymbol>matchTo</inputSymbol>
          <listDelimiter>,</listDelimiter>
          <value>${db.getdetails.status}</value>
          <record>false</record>
        </staticBinding>
        <staticBinding id="9179ed70-f8e0-4167-845f-e8926a7e6f63">
          <annotation></annotation>
          <assignFromContext>false</assignFromContext>
          <assignToContext>false</assignToContext>
          <inputType>STRING</inputType>
          <isList>false</isList>
          <required>true</required>
          <isPersisted>true</isPersisted>
          <inputSymbol>ignoreCase</inputSymbol>
          <listDelimiter>,</listDelimiter>
          <value>true</value>
          <record>false</record>
        </staticBinding>
      </bindings>
      <transitions>
        <transition id="bae77de7-148d-47fd-b9dc-43e656ad4dab">
          <annotation></annotation>
          <name>success</name>
          <command>NEXT</command>
          <linkMode>false</linkMode>
          <responseSymbol>success</responseSymbol>
          <shouldHandoff>false</shouldHandoff>
          <transitionValue>0.0</transitionValue>
          <destination>
            <refId>2b6f7111-a023-4b32-895c-4a807a64f0dc</refId>
          </destination>
          <source>
            <refId>e8228992-fd92-415a-9056-1e1de9196eb1</refId>
          </source>
          <positions>
            <point>
              <x>341.0</x>
              <y>318.0</y>
            </point>
            <point>
              <x>339.0</x>
              <y>214.0</y>
            </point>
          </positions>
          <labelPosition>
            <x>333.0</x>
            <y>0.0</y>
          </labelPosition>
        </transition>
        <transition id="6bb2ee47-081f-4bd9-850f-c47e25092389">
          <annotation></annotation>
          <name>failure</name>
          <command>NEXT</command>
          <linkMode>false</linkMode>
          <responseSymbol>failure</responseSymbol>
          <shouldHandoff>false</shouldHandoff>
          <transitionValue>0.0</transitionValue>
          <destination>
            <refId>0726b0f4-3ca4-4943-a5db-91952e1574f6</refId>
          </destination>
          <source>
            <refId>e8228992-fd92-415a-9056-1e1de9196eb1</refId>
          </source>
          <positions>
            <point>
              <x>855.0</x>
              <y>415.93121350394074</y>
            </point>
            <point>
              <x>1056.0</x>
              <y>561.0</y>
            </point>
            <point>
              <x>1186.0</x>
              <y>437.0</y>
            </point>
          </positions>
          <labelPosition>
            <x>333.0</x>
            <y>0.0</y>
          </labelPosition>
        </transition>
      </transitions>
      <properties/>
      <opRef>
        <refId>f1dafb35-6463-4a1b-8f87-8aa748497bed</refId>
      </opRef>
      <assignments/>
      <throttleSize>0</throttleSize>
    </step>
    <returnStep id="ababc24b-1f94-4c85-95e7-79ace4b2c7f5">
      <annotation></annotation>
      <name>Error : failure</name>
      <bounds>
        <x>1283.0</x>
        <y>383.0</y>
      </bounds>
      <layer>-1</layer>
      <hideInbound>false</hideInbound>
      <addResultToRunContext>false</addResultToRunContext>
      <isCriticalStep>false</isCriticalStep>
      <isNonBlocking>false</isNonBlocking>
      <isParallelStep>false</isParallelStep>
      <isSingleResponse>false</isSingleResponse>
      <recordInHistory>false</recordInHistory>
      <recordRawOutput>true</recordRawOutput>
      <recordPrimaryOutput>true</recordPrimaryOutput>
      <checkPointStep>true</checkPointStep>
      <historyCheckPointStep>true</historyCheckPointStep>
      <scriptResultStep>false</scriptResultStep>
      <userPrompt></userPrompt>
      <bindings/>
      <transitions>
        <transition id="272a3d4e-62c6-41ab-8e2c-911b17e7f1cd">
          <annotation></annotation>
          <name>return</name>
          <command>NEXT</command>
          <linkMode>false</linkMode>
          <responseSymbol>failure</responseSymbol>
          <shouldHandoff>false</shouldHandoff>
          <transitionValue>0.0</transitionValue>
          <destination>
            <refId>ababc24b-1f94-4c85-95e7-79ace4b2c7f5</refId>
          </destination>
          <source>
            <refId>ababc24b-1f94-4c85-95e7-79ace4b2c7f5</refId>
          </source>
          <positions/>
        </transition>
      </transitions>
      <properties/>
      <returnStepType>ERROR</returnStepType>
      <assignments/>
    </returnStep>
    <step id="e1407b2c-14a3-4353-b1ea-c21d1ddd2609">
      <annotation></annotation>
      <name>isVirtual</name>
      <bounds>
        <x>15.0</x>
        <y>383.0</y>
      </bounds>
      <layer>-1</layer>
      <hideInbound>false</hideInbound>
      <addResultToRunContext>false</addResultToRunContext>
      <isCriticalStep>false</isCriticalStep>
      <isNonBlocking>false</isNonBlocking>
      <isParallelStep>false</isParallelStep>
      <isSingleResponse>false</isSingleResponse>
      <recordInHistory>false</recordInHistory>
      <recordRawOutput>true</recordRawOutput>
      <recordPrimaryOutput>true</recordPrimaryOutput>
      <checkPointStep>true</checkPointStep>
      <historyCheckPointStep>true</historyCheckPointStep>
      <scriptResultStep>false</scriptResultStep>
      <userPrompt></userPrompt>
      <bindings>
        <staticBinding id="7001551c-75ca-447c-9a76-aca53b862a8d">
          <annotation></annotation>
          <assignFromContext>false</assignFromContext>
          <assignToContext>false</assignToContext>
          <inputType>STRING</inputType>
          <isList>false</isList>
          <required>false</required>
          <isPersisted>true</isPersisted>
          <inputSymbol>field1</inputSymbol>
          <listDelimiter>,</listDelimiter>
          <value>${server.type}</value>
          <record>false</record>
        </staticBinding>
        <staticBinding id="5123d338-885e-4d5c-83cd-e52ab03ed83e">
          <annotation></annotation>
          <toContextKey></toContextKey>
          <fromContextKey></fromContextKey>
          <assignFromContext>false</assignFromContext>
          <assignToContext>false</assignToContext>
          <inputType>STRING</inputType>
          <recordKey></recordKey>
          <isList>false</isList>
          <required>false</required>
          <isPersisted>true</isPersisted>
          <inputSymbol>Field_1</inputSymbol>
          <listDelimiter></listDelimiter>
          <value>${field1}</value>
          <record>false</record>
        </staticBinding>
      </bindings>
      <transitions>
        <transition id="cb2470e2-f943-4c50-be49-ebae1d273db9">
          <annotation></annotation>
          <name>Yes</name>
          <command>NEXT</command>
          <linkMode>false</linkMode>
          <responseSymbol>Yes</responseSymbol>
          <shouldHandoff>false</shouldHandoff>
          <transitionValue>0.0</transitionValue>
          <destination>
            <refId>83d858f1-42ad-4439-ba26-9f798b95dc84</refId>
          </destination>
          <source>
            <refId>e1407b2c-14a3-4353-b1ea-c21d1ddd2609</refId>
          </source>
          <positions>
            <point>
              <x>68.0</x>
              <y>491.0</y>
            </point>
            <point>
              <x>508.0</x>
              <y>697.0</y>
            </point>
          </positions>
          <labelPosition>
            <x>333.0</x>
            <y>0.0</y>
          </labelPosition>
        </transition>
        <transition id="55745819-d896-4851-b4fb-435f8f6d5391">
          <annotation></annotation>
          <name>No</name>
          <command>NEXT</command>
          <linkMode>false</linkMode>
          <responseSymbol>No</responseSymbol>
          <shouldHandoff>false</shouldHandoff>
          <transitionValue>0.0</transitionValue>
          <destination>
            <refId>b8c90f33-a0ab-470b-92b9-d3e8a4615e7b</refId>
          </destination>
          <source>
            <refId>e1407b2c-14a3-4353-b1ea-c21d1ddd2609</refId>
          </source>
          <positions>
            <point>
              <x>65.0</x>
              <y>417.0</y>
            </point>
            <point>
              <x>535.0</x>
              <y>417.0</y>
            </point>
          </positions>
          <labelPosition>
            <x>333.0</x>
            <y>0.0</y>
          </labelPosition>
        </transition>
      </transitions>
      <properties/>
      <opRef>
        <refId>e70802de-037f-4b6a-bdda-981658a60401</refId>
      </opRef>
      <assignments/>
      <throttleSize>0</throttleSize>
    </step>
    <step id="07549286-dac3-45bb-9d0a-35bd22aa4826">
      <annotation></annotation>
      <name>DB_GetDetailsBySubscriptionID</name>
      <bounds>
        <x>18.0</x>
        <y>164.0</y>
      </bounds>
      <layer>-1</layer>
      <hideInbound>false</hideInbound>
      <addResultToRunContext>false</addResultToRunContext>
      <isCriticalStep>false</isCriticalStep>
      <isNonBlocking>false</isNonBlocking>
      <isParallelStep>false</isParallelStep>
      <isSingleResponse>false</isSingleResponse>
      <recordInHistory>false</recordInHistory>
      <recordRawOutput>true</recordRawOutput>
      <recordPrimaryOutput>true</recordPrimaryOutput>
      <checkPointStep>true</checkPointStep>
      <historyCheckPointStep>true</historyCheckPointStep>
      <scriptResultStep>false</scriptResultStep>
      <userPrompt></userPrompt>
      <bindings>
        <staticBinding id="664763da-c8f8-48c8-9f32-9fe4e7dd227f">
          <annotation></annotation>
          <assignFromContext>true</assignFromContext>
          <assignToContext>true</assignToContext>
          <inputType>STRING</inputType>
          <isList>false</isList>
          <required>true</required>
          <isPersisted>true</isPersisted>
          <inputSymbol>db.getdetails.csasvcuuid</inputSymbol>
          <listDelimiter>,</listDelimiter>
          <value>${CSA_CONTEXT_ID}</value>
          <record>false</record>
        </staticBinding>
      </bindings>
      <transitions>
        <transition id="dbda3974-3603-469e-a1d3-ad31e2a0037b">
          <annotation></annotation>
          <name>failure</name>
          <command>NEXT</command>
          <linkMode>false</linkMode>
          <responseSymbol>failure</responseSymbol>
          <shouldHandoff>false</shouldHandoff>
          <transitionValue>0.0</transitionValue>
          <destination>
            <refId>7ee70fdc-8364-40c6-a8f8-07cb269139a6</refId>
          </destination>
          <source>
            <refId>07549286-dac3-45bb-9d0a-35bd22aa4826</refId>
          </source>
          <positions>
            <point>
              <x>76.0</x>
              <y>331.0</y>
            </point>
            <point>
              <x>319.0</x>
              <y>399.0</y>
            </point>
          </positions>
          <labelPosition>
            <x>333.0</x>
            <y>0.0</y>
          </labelPosition>
        </transition>
        <transition id="81ef1323-e8e1-4a84-a4d8-339a3b4d24fd">
          <annotation></annotation>
          <name>success</name>
          <command>NEXT</command>
          <linkMode>false</linkMode>
          <responseSymbol>success</responseSymbol>
          <shouldHandoff>false</shouldHandoff>
          <transitionValue>0.0</transitionValue>
          <destination>
            <refId>e6843633-a40f-48a2-a7de-868e25df982f</refId>
          </destination>
          <source>
            <refId>07549286-dac3-45bb-9d0a-35bd22aa4826</refId>
          </source>
          <positions>
            <point>
              <x>68.0</x>
              <y>268.0</y>
            </point>
            <point>
              <x>334.0</x>
              <y>888.0</y>
            </point>
          </positions>
          <labelPosition>
            <x>333.0</x>
            <y>0.0</y>
          </labelPosition>
        </transition>
      </transitions>
      <properties/>
      <opRef>
        <refId>26e16199-ac42-40d7-8725-27b18ed3509d</refId>
      </opRef>
      <assignments>
        <flowVariableAssignment id="04fc22f9-3cdc-4983-8d2c-f46991d87123">
          <annotation></annotation>
          <name>assignment</name>
          <action>OVERWRITE</action>
          <assignmentTargetType>FLOW_VARIABLE</assignmentTargetType>
          <contextKey>db.getdetails.status</contextKey>
          <expression id="636a5760-c036-4614-a9fa-625416757776">
            <annotation></annotation>
            <name>Result Field: db.getdetails.status</name>
            <fieldName>db.getdetails.status</fieldName>
            <sourceType>RAWRESULT</sourceType>
            <filters/>
          </expression>
        </flowVariableAssignment>
        <flowVariableAssignment id="c3ea8b45-8d7c-40cb-b1f9-a880a78e9a4f">
          <annotation></annotation>
          <name>assignment</name>
          <action>OVERWRITE</action>
          <assignmentTargetType>FLOW_VARIABLE</assignmentTargetType>
          <contextKey>db.getdetails.csasubscriptionid</contextKey>
          <expression id="172e7cb6-4542-4f14-a6fe-db7517cc9479">
            <annotation></annotation>
            <name>Result Field: db.getdetails.csasubscriptionid</name>
            <fieldName>db.getdetails.csasubscriptionid</fieldName>
            <sourceType>RAWRESULT</sourceType>
            <filters/>
          </expression>
        </flowVariableAssignment>
        <flowVariableAssignment id="54047e63-8545-4952-a41d-dcc2b3544396">
          <annotation></annotation>
          <name>assignment</name>
          <action>OVERWRITE</action>
          <assignmentTargetType>FLOW_VARIABLE</assignmentTargetType>
          <contextKey>server.type</contextKey>
          <expression id="fb686513-164d-4b19-90a9-091dcd2dbac2">
            <annotation></annotation>
            <name>Result Field: db.getdetails.type</name>
            <fieldName>db.getdetails.type</fieldName>
            <sourceType>RAWRESULT</sourceType>
            <filters/>
          </expression>
        </flowVariableAssignment>
        <flowVariableAssignment id="7491ead7-3f31-4db3-b996-72e596c465c0">
          <annotation></annotation>
          <name>assignment</name>
          <action>OVERWRITE</action>
          <assignmentTargetType>FLOW_VARIABLE</assignmentTargetType>
          <contextKey>server.contactemail</contextKey>
          <expression id="59887681-0928-46b0-a62e-8c6c5fd26b05">
            <annotation></annotation>
            <name>Result Field: db.getdetails.contactemail</name>
            <fieldName>db.getdetails.contactemail</fieldName>
            <sourceType>RAWRESULT</sourceType>
            <filters/>
          </expression>
        </flowVariableAssignment>
        <flowVariableAssignment id="7aeb2a05-7c70-4b2f-b09c-64f1e908448d">
          <annotation></annotation>
          <name>assignment</name>
          <action>OVERWRITE</action>
          <assignmentTargetType>FLOW_VARIABLE</assignmentTargetType>
          <contextKey>db.getdetails.iohost</contextKey>
          <expression id="411dceeb-ce03-4567-b9d1-2f6d99ba54fe">
            <annotation></annotation>
            <name>Result Field: db.getdetails.iohost</name>
            <fieldName>db.getdetails.iohost</fieldName>
            <sourceType>RAWRESULT</sourceType>
            <filters/>
          </expression>
        </flowVariableAssignment>
        <flowVariableAssignment id="69245539-28ec-4982-beb3-fd812ae39e0e">
          <annotation></annotation>
          <name>assignment</name>
          <action>OVERWRITE</action>
          <assignmentTargetType>FLOW_VARIABLE</assignmentTargetType>
          <contextKey>db.getdetails.hostname</contextKey>
          <expression id="dc7725bb-cd91-4f7e-a8b6-6db693ae328f">
            <annotation></annotation>
            <name>Result Field: db.getdetails.hostname</name>
            <fieldName>db.getdetails.hostname</fieldName>
            <sourceType>RAWRESULT</sourceType>
            <filters/>
          </expression>
        </flowVariableAssignment>
        <flowVariableAssignment id="d35431e8-33f7-4854-a338-9153505b52a8">
          <annotation></annotation>
          <name>assignment</name>
          <action>OVERWRITE</action>
          <assignmentTargetType>FLOW_VARIABLE</assignmentTargetType>
          <contextKey>server.vmmp.host</contextKey>
          <expression id="8f3bba7f-98f4-4025-b428-789da86bca5f">
            <annotation></annotation>
            <name>Result Field: db.getdetails.vcenterfqdn</name>
            <fieldName>db.getdetails.vcenterfqdn</fieldName>
            <sourceType>RAWRESULT</sourceType>
            <filters/>
          </expression>
        </flowVariableAssignment>
        <flowVariableAssignment id="7edb289a-e31b-43a0-bd70-2ffa3580e0e2">
          <annotation></annotation>
          <name>assignment</name>
          <action>OVERWRITE</action>
          <assignmentTargetType>FLOW_VARIABLE</assignmentTargetType>
          <contextKey>server.vmDatacenter</contextKey>
          <expression id="c5d8702b-f717-4fbd-96b0-e582b21d408c">
            <annotation></annotation>
            <name>Result Field: db.getdetails.vmdatacenter</name>
            <fieldName>db.getdetails.vmdatacenter</fieldName>
            <sourceType>RAWRESULT</sourceType>
            <filters/>
          </expression>
        </flowVariableAssignment>
        <flowVariableAssignment id="e147c3ed-a067-4861-9edd-0e20706e6248">
          <annotation></annotation>
          <name>assignment</name>
          <action>OVERWRITE</action>
          <assignmentTargetType>FLOW_VARIABLE</assignmentTargetType>
          <contextKey>server.resourcepool</contextKey>
          <expression id="774a572c-329a-4fc4-8c8b-f70821a7ed8a">
            <annotation></annotation>
            <name>Result Field: db.getdetails.resourcepool</name>
            <fieldName>db.getdetails.resourcepool</fieldName>
            <sourceType>RAWRESULT</sourceType>
            <filters/>
          </expression>
        </flowVariableAssignment>
        <flowVariableAssignment id="848a2792-f6d8-4240-8e29-59a4d5c39af4">
          <annotation></annotation>
          <name>assignment</name>
          <action>OVERWRITE</action>
          <assignmentTargetType>FLOW_VARIABLE</assignmentTargetType>
          <contextKey>server.hostname</contextKey>
          <expression id="ac1b4fef-a366-408a-a5bd-4ea6475f2df7">
            <annotation></annotation>
            <name>Result Field: db.getdetails.hostname</name>
            <fieldName>db.getdetails.hostname</fieldName>
            <sourceType>RAWRESULT</sourceType>
            <filters/>
          </expression>
        </flowVariableAssignment>
      </assignments>
      <throttleSize>0</throttleSize>
    </step>
    <step id="2b6f7111-a023-4b32-895c-4a807a64f0dc">
      <annotation>92fe01f4-c3a1-46d0-8b57-342228c0a94b.2b6f7111-a023-4b32-895c-4a807a64f0dc.description</annotation>
      <name>MAIL_Process_Template</name>
      <bounds>
        <x>983.0</x>
        <y>383.0</y>
      </bounds>
      <layer>-1</layer>
      <hideInbound>false</hideInbound>
      <addResultToRunContext>false</addResultToRunContext>
      <isCriticalStep>false</isCriticalStep>
      <isNonBlocking>false</isNonBlocking>
      <isParallelStep>false</isParallelStep>
      <isSingleResponse>false</isSingleResponse>
      <recordInHistory>false</recordInHistory>
      <recordRawOutput>true</recordRawOutput>
      <recordPrimaryOutput>true</recordPrimaryOutput>
      <checkPointStep>true</checkPointStep>
      <historyCheckPointStep>true</historyCheckPointStep>
      <scriptResultStep>false</scriptResultStep>
      <userPrompt></userPrompt>
      <bindings>
        <staticBinding id="5db63c0c-3f2b-4bf3-a1a3-01c83fc6364a">
          <annotation></annotation>
          <assignFromContext>true</assignFromContext>
          <assignToContext>true</assignToContext>
          <inputType>STRING</inputType>
          <isList>false</isList>
          <required>false</required>
          <isPersisted>true</isPersisted>
          <inputSymbol>template.name</inputSymbol>
          <listDelimiter>,</listDelimiter>
          <value>email_template_delete_failure</value>
          <record>false</record>
        </staticBinding>
        <staticBinding id="c618a066-820e-41a5-a8ab-42f9ad71668f">
          <annotation></annotation>
          <assignFromContext>true</assignFromContext>
          <assignToContext>true</assignToContext>
          <inputType>STRING</inputType>
          <isList>false</isList>
          <required>true</required>
          <isPersisted>true</isPersisted>
          <inputSymbol>parameter</inputSymbol>
          <listDelimiter>,</listDelimiter>
          <value>[{&quot;server.csaname&quot;:&quot;${server.csaname}&quot;,&quot;servicedesk.email&quot;:&quot;${pc.email.servicedesk}&quot;}]</value>
          <record>false</record>
        </staticBinding>
        <staticBinding id="41990ba2-f8ba-43a3-acdc-a402f19ce75b">
          <annotation></annotation>
          <assignFromContext>true</assignFromContext>
          <assignToContext>true</assignToContext>
          <inputType>STRING</inputType>
          <isList>false</isList>
          <required>true</required>
          <isPersisted>true</isPersisted>
          <inputSymbol>recipient</inputSymbol>
          <listDelimiter>,</listDelimiter>
          <value>${server.contactemail}</value>
          <record>false</record>
        </staticBinding>
      </bindings>
      <transitions>
        <transition id="378e6303-d472-446a-a64c-53d4f1df9867">
          <annotation></annotation>
          <name>success</name>
          <command>NEXT</command>
          <linkMode>false</linkMode>
          <responseSymbol>success</responseSymbol>
          <shouldHandoff>false</shouldHandoff>
          <transitionValue>0.0</transitionValue>
          <destination>
            <refId>0726b0f4-3ca4-4943-a5db-91952e1574f6</refId>
          </destination>
          <source>
            <refId>2b6f7111-a023-4b32-895c-4a807a64f0dc</refId>
          </source>
          <positions>
            <point>
              <x>339.0</x>
              <y>214.0</y>
            </point>
            <point>
              <x>345.0</x>
              <y>82.0</y>
            </point>
          </positions>
          <labelPosition>
            <x>333.0</x>
            <y>0.0</y>
          </labelPosition>
        </transition>
        <transition id="649b2dbb-995c-4105-a4e9-e90acbd1f336">
          <annotation></annotation>
          <name>failure</name>
          <command>NEXT</command>
          <linkMode>false</linkMode>
          <responseSymbol>failure</responseSymbol>
          <shouldHandoff>false</shouldHandoff>
          <transitionValue>0.0</transitionValue>
          <destination>
            <refId>0726b0f4-3ca4-4943-a5db-91952e1574f6</refId>
          </destination>
          <source>
            <refId>2b6f7111-a023-4b32-895c-4a807a64f0dc</refId>
          </source>
          <positions>
            <point>
              <x>1044.0</x>
              <y>416.8076923076923</y>
            </point>
            <point>
              <x>1068.0</x>
              <y>357.0</y>
            </point>
            <point>
              <x>1116.0</x>
              <y>326.0</y>
            </point>
            <point>
              <x>1186.0</x>
              <y>437.0</y>
            </point>
          </positions>
          <labelPosition>
            <x>477.35910538916465</x>
            <y>-83.086999258871</y>
          </labelPosition>
        </transition>
      </transitions>
      <properties/>
      <opRef>
        <refId>93d11783-54db-4d1e-b6f2-9e2acf3098a4</refId>
      </opRef>
      <assignments/>
      <throttleSize>0</throttleSize>
    </step>
    <step id="83d858f1-42ad-4439-ba26-9f798b95dc84">
      <annotation></annotation>
      <name>VM_unprovisionServer</name>
      <bounds>
        <x>203.0</x>
        <y>597.0</y>
      </bounds>
      <layer>-1</layer>
      <hideInbound>false</hideInbound>
      <addResultToRunContext>false</addResultToRunContext>
      <isCriticalStep>false</isCriticalStep>
      <isNonBlocking>false</isNonBlocking>
      <isParallelStep>false</isParallelStep>
      <isSingleResponse>false</isSingleResponse>
      <recordInHistory>false</recordInHistory>
      <recordRawOutput>true</recordRawOutput>
      <recordPrimaryOutput>true</recordPrimaryOutput>
      <checkPointStep>true</checkPointStep>
      <historyCheckPointStep>true</historyCheckPointStep>
      <scriptResultStep>false</scriptResultStep>
      <userPrompt></userPrompt>
      <bindings>
        <userInputBinding id="afe06c5c-d4ca-4190-959c-651102df8cf6">
          <annotation></annotation>
          <assignFromContext>true</assignFromContext>
          <assignToContext>false</assignToContext>
          <inputType>STRING</inputType>
          <isList>false</isList>
          <required>false</required>
          <isPersisted>true</isPersisted>
          <inputSymbol>server.resourcepool</inputSymbol>
          <listDelimiter>,</listDelimiter>
          <record>false</record>
          <prompt></prompt>
          <isMultiSelect>false</isMultiSelect>
          <sourceDelimiter>|</sourceDelimiter>
        </userInputBinding>
        <userInputBinding id="0fc64eed-066a-4c17-a58c-28f51e68bcba">
          <annotation></annotation>
          <assignFromContext>true</assignFromContext>
          <assignToContext>false</assignToContext>
          <inputType>STRING</inputType>
          <isList>false</isList>
          <required>false</required>
          <isPersisted>true</isPersisted>
          <inputSymbol>server.hostname</inputSymbol>
          <listDelimiter>,</listDelimiter>
          <record>false</record>
          <prompt></prompt>
          <isMultiSelect>false</isMultiSelect>
          <sourceDelimiter>|</sourceDelimiter>
        </userInputBinding>
        <userInputBinding id="700e0768-b5fc-4fbd-8139-96cfe3dfa4ec">
          <annotation></annotation>
          <fromContextKey>server.vmDatacenter</fromContextKey>
          <assignFromContext>true</assignFromContext>
          <assignToContext>false</assignToContext>
          <inputType>STRING</inputType>
          <isList>false</isList>
          <required>false</required>
          <isPersisted>true</isPersisted>
          <inputSymbol>vmDatacenter</inputSymbol>
          <listDelimiter>,</listDelimiter>
          <record>false</record>
          <prompt></prompt>
          <isMultiSelect>false</isMultiSelect>
          <sourceDelimiter>|</sourceDelimiter>
        </userInputBinding>
        <staticBinding id="746aba66-acb5-4df6-b9e6-1bece2c00f3b">
          <annotation></annotation>
          <fromContextKey>server.vmmp.host</fromContextKey>
          <assignFromContext>true</assignFromContext>
          <assignToContext>true</assignToContext>
          <inputType>STRING</inputType>
          <isList>false</isList>
          <required>false</required>
          <isPersisted>true</isPersisted>
          <inputSymbol>vmmp.host</inputSymbol>
          <listDelimiter>,</listDelimiter>
          <value></value>
          <record>false</record>
        </staticBinding>
      </bindings>
      <transitions>
        <transition id="d9c05960-11f0-4c47-b42e-b02b60e5e053">
          <annotation></annotation>
          <name>success</name>
          <command>NEXT</command>
          <linkMode>false</linkMode>
          <responseSymbol>success</responseSymbol>
          <shouldHandoff>false</shouldHandoff>
          <transitionValue>0.0</transitionValue>
          <destination>
            <refId>3cc4fe5c-035d-4321-96b9-5441d15b7984</refId>
          </destination>
          <source>
            <refId>83d858f1-42ad-4439-ba26-9f798b95dc84</refId>
          </source>
          <positions>
            <point>
              <x>508.0</x>
              <y>697.0</y>
            </point>
            <point>
              <x>661.0</x>
              <y>571.0</y>
            </point>
          </positions>
          <labelPosition>
            <x>333.0</x>
            <y>0.0</y>
          </labelPosition>
        </transition>
        <transition id="c60e7ac7-7fc6-48de-838d-1a2cb0869c90">
          <annotation></annotation>
          <name>failure</name>
          <command>NEXT</command>
          <linkMode>false</linkMode>
          <responseSymbol>failure</responseSymbol>
          <shouldHandoff>false</shouldHandoff>
          <transitionValue>0.0</transitionValue>
          <destination>
            <refId>7ee70fdc-8364-40c6-a8f8-07cb269139a6</refId>
          </destination>
          <source>
            <refId>83d858f1-42ad-4439-ba26-9f798b95dc84</refId>
          </source>
          <positions>
            <point>
              <x>508.0</x>
              <y>697.0</y>
            </point>
            <point>
              <x>320.0</x>
              <y>289.0</y>
            </point>
          </positions>
          <labelPosition>
            <x>333.0</x>
            <y>0.0</y>
          </labelPosition>
        </transition>
      </transitions>
      <properties/>
      <opRef>
        <refId>41d00124-3eb9-4a89-9873-86892cdf1c20</refId>
      </opRef>
      <assignments/>
      <throttleSize>0</throttleSize>
    </step>
    <returnStep id="13760926-4e89-4eb9-8abf-ea33eb20f1d5">
      <annotation></annotation>
      <name>Resolved : success</name>
      <bounds>
        <x>718.0</x>
        <y>597.0</y>
      </bounds>
      <layer>-1</layer>
      <hideInbound>false</hideInbound>
      <addResultToRunContext>false</addResultToRunContext>
      <isCriticalStep>false</isCriticalStep>
      <isNonBlocking>false</isNonBlocking>
      <isParallelStep>false</isParallelStep>
      <isSingleResponse>false</isSingleResponse>
      <recordInHistory>false</recordInHistory>
      <recordRawOutput>true</recordRawOutput>
      <recordPrimaryOutput>true</recordPrimaryOutput>
      <checkPointStep>true</checkPointStep>
      <historyCheckPointStep>true</historyCheckPointStep>
      <scriptResultStep>false</scriptResultStep>
      <userPrompt></userPrompt>
      <bindings/>
      <transitions>
        <transition id="f9ef6f16-72f0-4924-aa15-789917619542">
          <annotation></annotation>
          <name>return</name>
          <command>NEXT</command>
          <linkMode>false</linkMode>
          <responseSymbol>success</responseSymbol>
          <shouldHandoff>false</shouldHandoff>
          <transitionValue>0.0</transitionValue>
          <destination>
            <refId>13760926-4e89-4eb9-8abf-ea33eb20f1d5</refId>
          </destination>
          <source>
            <refId>13760926-4e89-4eb9-8abf-ea33eb20f1d5</refId>
          </source>
          <positions/>
        </transition>
      </transitions>
      <properties/>
      <returnStepType>RESOLVED</returnStepType>
      <assignments/>
    </returnStep>
    <step id="e6843633-a40f-48a2-a7de-868e25df982f">
      <annotation>92fe01f4-c3a1-46d0-8b57-342228c0a94b.e6843633-a40f-48a2-a7de-868e25df982f.description</annotation>
      <name>Check Null</name>
      <bounds>
        <x>15.0</x>
        <y>287.0</y>
      </bounds>
      <layer>-1</layer>
      <hideInbound>false</hideInbound>
      <addResultToRunContext>false</addResultToRunContext>
      <isCriticalStep>false</isCriticalStep>
      <isNonBlocking>false</isNonBlocking>
      <isParallelStep>false</isParallelStep>
      <isSingleResponse>false</isSingleResponse>
      <recordInHistory>false</recordInHistory>
      <recordRawOutput>true</recordRawOutput>
      <recordPrimaryOutput>true</recordPrimaryOutput>
      <checkPointStep>true</checkPointStep>
      <historyCheckPointStep>true</historyCheckPointStep>
      <scriptResultStep>false</scriptResultStep>
      <userPrompt></userPrompt>
      <bindings>
        <staticBinding id="ce274bda-71a4-4482-b46a-e4a14fd98ee4">
          <annotation></annotation>
          <fromContextKey>server.type</fromContextKey>
          <assignFromContext>false</assignFromContext>
          <assignToContext>false</assignToContext>
          <inputType>STRING</inputType>
          <isList>false</isList>
          <required>true</required>
          <isPersisted>true</isPersisted>
          <inputSymbol>keyName</inputSymbol>
          <listDelimiter>,</listDelimiter>
          <value>server.type</value>
          <record>false</record>
        </staticBinding>
      </bindings>
      <transitions>
        <transition id="650c354d-9ef5-447d-a7f3-16489f3c77bb">
          <annotation></annotation>
          <name>notNull</name>
          <command>NEXT</command>
          <linkMode>false</linkMode>
          <responseSymbol>notNull</responseSymbol>
          <shouldHandoff>false</shouldHandoff>
          <transitionValue>0.0</transitionValue>
          <destination>
            <refId>e1407b2c-14a3-4353-b1ea-c21d1ddd2609</refId>
          </destination>
          <source>
            <refId>e6843633-a40f-48a2-a7de-868e25df982f</refId>
          </source>
          <positions>
            <point>
              <x>334.0</x>
              <y>888.0</y>
            </point>
            <point>
              <x>65.0</x>
              <y>417.0</y>
            </point>
          </positions>
          <labelPosition>
            <x>333.0</x>
            <y>0.0</y>
          </labelPosition>
        </transition>
        <transition id="868b4224-1de9-49d3-85f5-cfcf32eb0067">
          <annotation></annotation>
          <name>isNull</name>
          <command>NEXT</command>
          <linkMode>false</linkMode>
          <responseSymbol>isNull</responseSymbol>
          <shouldHandoff>false</shouldHandoff>
          <transitionValue>0.0</transitionValue>
          <destination>
            <refId>0726b0f4-3ca4-4943-a5db-91952e1574f6</refId>
          </destination>
          <source>
            <refId>e6843633-a40f-48a2-a7de-868e25df982f</refId>
          </source>
          <positions>
            <point>
              <x>110.0</x>
              <y>324.9652715939448</y>
            </point>
            <point>
              <x>24.0</x>
              <y>394.0</y>
            </point>
            <point>
              <x>21.0</x>
              <y>455.0</y>
            </point>
            <point>
              <x>156.0</x>
              <y>686.0</y>
            </point>
            <point>
              <x>424.0</x>
              <y>727.0</y>
            </point>
            <point>
              <x>913.0</x>
              <y>703.0</y>
            </point>
            <point>
              <x>1174.0</x>
              <y>544.0</y>
            </point>
            <point>
              <x>1186.0</x>
              <y>433.0</y>
            </point>
          </positions>
          <labelPosition>
            <x>333.0</x>
            <y>0.0</y>
          </labelPosition>
        </transition>
      </transitions>
      <properties/>
      <opRef>
        <refId>b9997f7f-d19c-4dc6-acc4-fa91a8644a38</refId>
      </opRef>
      <assignments/>
      <throttleSize>0</throttleSize>
    </step>
  </steps>
  <startSteps>1f8ebf1f-480e-4b8c-85d5-6302c1056cdd</startSteps>
</flow>