<?xml version="1.0" encoding="UTF-8"?>
<flow id="fe4c8aa7-417e-4566-b8b4-ecbff69daf14">
  <annotation></annotation>
  <name>DB_GetPathByDatastoreName</name>
  <categories/>
  <inputs>
    <userInputBinding id="74fd1989-40b7-4a0e-ad4d-fc2f2ff0d60e">
      <annotation></annotation>
      <assignFromContext>true</assignFromContext>
      <assignToContext>true</assignToContext>
      <inputType>STRING</inputType>
      <isList>false</isList>
      <required>true</required>
      <isPersisted>true</isPersisted>
      <inputSymbol>db.dsname</inputSymbol>
      <listDelimiter>,</listDelimiter>
      <record>false</record>
      <prompt></prompt>
      <isMultiSelect>false</isMultiSelect>
      <sourceDelimiter>|</sourceDelimiter>
    </userInputBinding>
  </inputs>
  <scriptlet id="c36585ef-8939-439e-a79f-ef36085f503a">
    <annotation></annotation>
    <name>Operation DB_GetPathByDatastoreName (fe4c8aa7-417e-4566-b8b4-ecbff69daf14)</name>
    <type>RHINO</type>
  </scriptlet>
  <possibleResponses>
    <opResponse id="6d35fe49-a7a6-4105-9840-bbb9d34e40d7">
      <annotation></annotation>
      <name>success</name>
      <isDefault>true</isDefault>
      <onFailure>false</onFailure>
      <type>RESOLVED</type>
      <matchRules/>
    </opResponse>
    <opResponse id="39445031-8313-4e15-ac55-6a25fff7cb52">
      <annotation></annotation>
      <name>failure</name>
      <isDefault>false</isDefault>
      <onFailure>true</onFailure>
      <type>ERROR</type>
      <matchRules/>
    </opResponse>
  </possibleResponses>
  <availableResultExpressions>
    <expression id="7938a67c-3e2c-4849-95ca-9bb2e38b4cb1">
      <annotation></annotation>
      <name>ds.path</name>
      <fieldName>ds.path</fieldName>
      <sourceType>RAWRESULT</sourceType>
      <filters/>
    </expression>
  </availableResultExpressions>
  <resultExpression id="4784f7b3-baf9-4b4e-9273-10eaa410c600">
    <annotation></annotation>
    <name>FailureMessage</name>
    <fieldName>FailureMessage</fieldName>
    <sourceType>RAWRESULT</sourceType>
    <filters/>
  </resultExpression>
  <iconSpec id="ee19acb1-e940-4893-a4dc-4e53e212485c">
    <baseIcon>flow.png</baseIcon>
    <basePath>System</basePath>
    <readOnly>false</readOnly>
    <layers/>
  </iconSpec>
  <callouts>
    <callout id="1cb25bbd-a593-4f13-abab-bf448e2c783b">
      <text>fe4c8aa7-417e-4566-b8b4-ecbff69daf14.1cb25bbd-a593-4f13-abab-bf448e2c783b.callout</text>
      <bounds>
        <x>423.0</x>
        <y>89.0</y>
        <width>174.0</width>
        <height>66.0</height>
      </bounds>
      <layer>-1</layer>
    </callout>
    <callout id="09f27035-a468-4a86-b759-c8f6fdbe085b">
      <text>fe4c8aa7-417e-4566-b8b4-ecbff69daf14.09f27035-a468-4a86-b759-c8f6fdbe085b.callout</text>
      <bounds>
        <x>425.0</x>
        <y>356.0</y>
        <width>200.0</width>
        <height>36.0</height>
      </bounds>
      <layer>-1</layer>
    </callout>
  </callouts>
  <checkPointFlow>true</checkPointFlow>
  <compatibleRuntimeContext>false</compatibleRuntimeContext>
  <historyCheckPointFlow>true</historyCheckPointFlow>
  <steps>
    <step id="377d2e53-f4f9-494b-9143-1b6b606c08fe">
      <annotation></annotation>
      <name>TNS Names SQL Query</name>
      <bounds>
        <x>151.0</x>
        <y>201.0</y>
      </bounds>
      <layer>-1</layer>
      <hideInbound>false</hideInbound>
      <iconSpec id="e44f1c15-ba86-430f-9709-c3ecc3039d12">
        <baseIcon>database_green.png</baseIcon>
        <basePath>/Databases/</basePath>
        <readOnly>false</readOnly>
        <layers/>
      </iconSpec>
      <addResultToRunContext>false</addResultToRunContext>
      <isCriticalStep>false</isCriticalStep>
      <isNonBlocking>false</isNonBlocking>
      <isParallelStep>false</isParallelStep>
      <isSingleResponse>false</isSingleResponse>
      <recordInHistory>false</recordInHistory>
      <recordRawOutput>true</recordRawOutput>
      <recordPrimaryOutput>true</recordPrimaryOutput>
      <checkPointStep>true</checkPointStep>
      <historyCheckPointStep>true</historyCheckPointStep>
      <scriptResultStep>false</scriptResultStep>
      <userPrompt></userPrompt>
      <bindings>
        <staticBinding id="1dde4ade-dfeb-487c-8dd5-b943ee599b69">
          <annotation></annotation>
          <toContextKey></toContextKey>
          <fromContextKey></fromContextKey>
          <assignFromContext>false</assignFromContext>
          <assignToContext>false</assignToContext>
          <inputType>STRING</inputType>
          <isList>false</isList>
          <required>true</required>
          <isPersisted>true</isPersisted>
          <inputSymbol>TNSPath</inputSymbol>
          <listDelimiter>,</listDelimiter>
          <value>${pc.infradb.tns.path}</value>
          <record>false</record>
        </staticBinding>
        <staticBinding id="cee02e7e-fee9-42d9-96ca-7ffabddc4023">
          <annotation></annotation>
          <toContextKey></toContextKey>
          <fromContextKey></fromContextKey>
          <assignFromContext>false</assignFromContext>
          <assignToContext>false</assignToContext>
          <inputType>STRING</inputType>
          <isList>false</isList>
          <required>true</required>
          <isPersisted>true</isPersisted>
          <inputSymbol>TNSEntry</inputSymbol>
          <listDelimiter>,</listDelimiter>
          <value>${pc.infradb.tns.entry}</value>
          <record>false</record>
        </staticBinding>
        <identityBinding id="240a9558-c644-4f78-adfe-4d0426b3e750">
          <annotation></annotation>
          <toContextKey></toContextKey>
          <fromContextKey></fromContextKey>
          <assignFromContext>false</assignFromContext>
          <assignToContext>false</assignToContext>
          <inputType>ENCRYPTED</inputType>
          <isList>false</isList>
          <required>true</required>
          <isPersisted>true</isPersisted>
          <inputSymbol>Username</inputSymbol>
          <listDelimiter>,</listDelimiter>
          <record>false</record>
          <link>
            <refId>881ee06f-89ad-4af6-a00d-06654eadccaa</refId>
            <refName>pc.infradb</refName>
          </link>
          <identityAttribute>USERNAME</identityAttribute>
        </identityBinding>
        <identityBinding id="62ea6185-de57-42bf-b50a-88ff14ac0f3e">
          <annotation></annotation>
          <toContextKey></toContextKey>
          <fromContextKey></fromContextKey>
          <assignFromContext>false</assignFromContext>
          <assignToContext>false</assignToContext>
          <inputType>ENCRYPTED</inputType>
          <isList>false</isList>
          <required>true</required>
          <isPersisted>true</isPersisted>
          <inputSymbol>Password</inputSymbol>
          <listDelimiter>,</listDelimiter>
          <record>false</record>
          <link>
            <refId>881ee06f-89ad-4af6-a00d-06654eadccaa</refId>
            <refName>pc.infradb</refName>
          </link>
          <identityAttribute>PASSWORD</identityAttribute>
        </identityBinding>
        <staticBinding id="a2c7c65e-6c58-4818-9d36-2e723759352a">
          <annotation></annotation>
          <toContextKey></toContextKey>
          <fromContextKey></fromContextKey>
          <assignFromContext>false</assignFromContext>
          <assignToContext>false</assignToContext>
          <inputType>STRING</inputType>
          <isList>false</isList>
          <required>true</required>
          <isPersisted>true</isPersisted>
          <inputSymbol>Command</inputSymbol>
          <listDelimiter>,</listDelimiter>
          <value>SELECT * FROM VMDATASTORES WHERE DSNAME =&apos;${db.dsname}&apos;</value>
          <record>false</record>
        </staticBinding>
        <staticBinding id="acc79968-3386-4181-99d2-d887dad87b3e">
          <annotation></annotation>
          <toContextKey></toContextKey>
          <fromContextKey></fromContextKey>
          <assignFromContext>false</assignFromContext>
          <assignToContext>false</assignToContext>
          <inputType>STRING</inputType>
          <isList>false</isList>
          <required>true</required>
          <isPersisted>true</isPersisted>
          <inputSymbol>Delimiter</inputSymbol>
          <listDelimiter>,</listDelimiter>
          <value>&lt;&gt;</value>
          <record>false</record>
        </staticBinding>
        <staticBinding id="c291ef5a-c2ef-4981-8419-d740751e45e6">
          <annotation></annotation>
          <toContextKey></toContextKey>
          <fromContextKey></fromContextKey>
          <assignFromContext>false</assignFromContext>
          <assignToContext>false</assignToContext>
          <inputType>STRING</inputType>
          <isList>false</isList>
          <required>true</required>
          <isPersisted>true</isPersisted>
          <inputSymbol>Key</inputSymbol>
          <listDelimiter>,</listDelimiter>
          <value>[]</value>
          <record>false</record>
        </staticBinding>
      </bindings>
      <transitions>
        <transition id="e477d038-a906-424a-8102-8046e5bcd946">
          <annotation></annotation>
          <name>failure</name>
          <command>NEXT</command>
          <linkMode>false</linkMode>
          <responseSymbol>failure</responseSymbol>
          <shouldHandoff>false</shouldHandoff>
          <transitionValue>0.0</transitionValue>
          <destination>
            <refId>c8efc207-3a65-41d4-966a-17d4bf35c47d</refId>
          </destination>
          <source>
            <refId>377d2e53-f4f9-494b-9143-1b6b606c08fe</refId>
          </source>
          <positions>
            <point>
              <x>478.0</x>
              <y>243.0</y>
            </point>
            <point>
              <x>277.0</x>
              <y>85.0</y>
            </point>
          </positions>
          <labelPosition>
            <x>333.0</x>
            <y>0.0</y>
          </labelPosition>
        </transition>
        <transition id="f2a91ff5-9da0-4ba7-95fe-7acd7f3685ec">
          <annotation></annotation>
          <name>no more items</name>
          <command>NEXT</command>
          <linkMode>false</linkMode>
          <responseSymbol>no more items</responseSymbol>
          <shouldHandoff>false</shouldHandoff>
          <transitionValue>0.0</transitionValue>
          <destination>
            <refId>c8efc207-3a65-41d4-966a-17d4bf35c47d</refId>
          </destination>
          <source>
            <refId>377d2e53-f4f9-494b-9143-1b6b606c08fe</refId>
          </source>
          <positions>
            <point>
              <x>201.0</x>
              <y>235.0</y>
            </point>
            <point>
              <x>226.0</x>
              <y>295.0</y>
            </point>
            <point>
              <x>226.0</x>
              <y>303.0</y>
            </point>
            <point>
              <x>201.0</x>
              <y>363.0</y>
            </point>
          </positions>
          <labelPosition>
            <x>333.0</x>
            <y>0.0</y>
          </labelPosition>
        </transition>
        <transition id="5e791b97-9257-4712-b1ea-0fff6a40b98f">
          <annotation></annotation>
          <name>more items</name>
          <command>NEXT</command>
          <linkMode>false</linkMode>
          <responseSymbol>more items</responseSymbol>
          <shouldHandoff>false</shouldHandoff>
          <transitionValue>0.0</transitionValue>
          <destination>
            <refId>b3711cae-d5a1-44e2-ab0a-92f567d38ea8</refId>
          </destination>
          <source>
            <refId>377d2e53-f4f9-494b-9143-1b6b606c08fe</refId>
          </source>
          <positions>
            <point>
              <x>201.0</x>
              <y>235.0</y>
            </point>
            <point>
              <x>414.0</x>
              <y>234.0</y>
            </point>
          </positions>
          <labelPosition>
            <x>333.0</x>
            <y>0.0</y>
          </labelPosition>
        </transition>
      </transitions>
      <properties/>
      <opRef>
        <refId>e17253d4-82a9-4b5d-a524-97fcf6d693e8</refId>
      </opRef>
      <assignments>
        <flowVariableAssignment id="9fe4c0db-5aea-4f77-a268-e9374869b802">
          <annotation></annotation>
          <name>assignment</name>
          <action>OVERWRITE</action>
          <assignmentTargetType>FLOW_VARIABLE</assignmentTargetType>
          <contextKey>columnNames</contextKey>
          <expression id="f83e24ca-9b86-4fe0-89b7-70552869073f">
            <annotation></annotation>
            <name>Result Field: columnNames</name>
            <fieldName>columnNames</fieldName>
            <sourceType>RAWRESULT</sourceType>
            <filters/>
          </expression>
        </flowVariableAssignment>
      </assignments>
      <throttleSize>0</throttleSize>
    </step>
    <returnStep id="b4e36a9f-4dbd-486f-9143-bbcd3bd779fc">
      <annotation></annotation>
      <name>Resolved : success</name>
      <bounds>
        <x>564.0</x>
        <y>201.0</y>
      </bounds>
      <layer>-1</layer>
      <hideInbound>false</hideInbound>
      <addResultToRunContext>false</addResultToRunContext>
      <isCriticalStep>false</isCriticalStep>
      <isNonBlocking>false</isNonBlocking>
      <isParallelStep>false</isParallelStep>
      <isSingleResponse>false</isSingleResponse>
      <recordInHistory>false</recordInHistory>
      <recordRawOutput>true</recordRawOutput>
      <recordPrimaryOutput>true</recordPrimaryOutput>
      <checkPointStep>true</checkPointStep>
      <historyCheckPointStep>true</historyCheckPointStep>
      <scriptResultStep>false</scriptResultStep>
      <userPrompt></userPrompt>
      <bindings/>
      <transitions>
        <transition id="67583c38-b316-4c37-812e-be11ad1438c8">
          <annotation></annotation>
          <name>return</name>
          <command>NEXT</command>
          <linkMode>false</linkMode>
          <responseSymbol>success</responseSymbol>
          <shouldHandoff>false</shouldHandoff>
          <transitionValue>0.0</transitionValue>
          <destination>
            <refId>b4e36a9f-4dbd-486f-9143-bbcd3bd779fc</refId>
          </destination>
          <source>
            <refId>b4e36a9f-4dbd-486f-9143-bbcd3bd779fc</refId>
          </source>
          <positions/>
        </transition>
      </transitions>
      <properties/>
      <returnStepType>RESOLVED</returnStepType>
      <assignments/>
    </returnStep>
    <returnStep id="c8efc207-3a65-41d4-966a-17d4bf35c47d">
      <annotation></annotation>
      <name>Error : failure</name>
      <bounds>
        <x>151.0</x>
        <y>331.0</y>
      </bounds>
      <layer>-1</layer>
      <hideInbound>false</hideInbound>
      <addResultToRunContext>false</addResultToRunContext>
      <isCriticalStep>false</isCriticalStep>
      <isNonBlocking>false</isNonBlocking>
      <isParallelStep>false</isParallelStep>
      <isSingleResponse>false</isSingleResponse>
      <recordInHistory>false</recordInHistory>
      <recordRawOutput>true</recordRawOutput>
      <recordPrimaryOutput>true</recordPrimaryOutput>
      <checkPointStep>true</checkPointStep>
      <historyCheckPointStep>true</historyCheckPointStep>
      <scriptResultStep>false</scriptResultStep>
      <userPrompt></userPrompt>
      <bindings/>
      <transitions>
        <transition id="b476e7bb-d817-4bf9-b3f1-1e694f30061e">
          <annotation></annotation>
          <name>return</name>
          <command>NEXT</command>
          <linkMode>false</linkMode>
          <responseSymbol>failure</responseSymbol>
          <shouldHandoff>false</shouldHandoff>
          <transitionValue>0.0</transitionValue>
          <destination>
            <refId>c8efc207-3a65-41d4-966a-17d4bf35c47d</refId>
          </destination>
          <source>
            <refId>c8efc207-3a65-41d4-966a-17d4bf35c47d</refId>
          </source>
          <positions/>
        </transition>
      </transitions>
      <properties/>
      <returnStepType>ERROR</returnStepType>
      <assignments/>
    </returnStep>
    <step id="b3711cae-d5a1-44e2-ab0a-92f567d38ea8">
      <annotation>fe4c8aa7-417e-4566-b8b4-ecbff69daf14.b3711cae-d5a1-44e2-ab0a-92f567d38ea8.description</annotation>
      <name>Set query_result as Flow Output</name>
      <bounds>
        <x>364.0</x>
        <y>200.0</y>
      </bounds>
      <layer>-1</layer>
      <hideInbound>false</hideInbound>
      <iconSpec id="587432cc-b2de-407f-ac28-b84ad73c2a19">
        <baseIcon>display_report.png</baseIcon>
        <basePath>Utilities/</basePath>
        <readOnly>false</readOnly>
        <layers/>
      </iconSpec>
      <addResultToRunContext>false</addResultToRunContext>
      <isCriticalStep>false</isCriticalStep>
      <isNonBlocking>false</isNonBlocking>
      <isParallelStep>false</isParallelStep>
      <isSingleResponse>false</isSingleResponse>
      <recordInHistory>false</recordInHistory>
      <recordRawOutput>true</recordRawOutput>
      <recordPrimaryOutput>true</recordPrimaryOutput>
      <checkPointStep>true</checkPointStep>
      <historyCheckPointStep>true</historyCheckPointStep>
      <scriptResultStep>false</scriptResultStep>
      <userPrompt></userPrompt>
      <scriptlet id="c0541ded-36f7-45e9-95b9-567c3819c458">
        <annotation></annotation>
        <name>Step Set query_result as Flow Output in Flow DB_GetPathByDatastoreName (b3711cae-d5a1-44e2-ab0a-92f567d38ea8)</name>
        <script></script>
        <type>RHINO</type>
      </scriptlet>
      <bindings>
        <resultBinding id="3f52f2ec-ea5d-4855-90d4-08c8e6f728cb">
          <annotation></annotation>
          <toContextKey>query_result</toContextKey>
          <fromContextKey>query_result</fromContextKey>
          <assignFromContext>true</assignFromContext>
          <assignToContext>true</assignToContext>
          <inputType>STRING</inputType>
          <isList>false</isList>
          <required>false</required>
          <isPersisted>true</isPersisted>
          <inputSymbol>field1</inputSymbol>
          <listDelimiter>,</listDelimiter>
          <record>false</record>
        </resultBinding>
        <staticBinding id="67a8156f-3707-42f0-b1e4-a77a4709af12">
          <annotation></annotation>
          <assignFromContext>true</assignFromContext>
          <assignToContext>true</assignToContext>
          <inputType>STRING</inputType>
          <isList>false</isList>
          <required>false</required>
          <isPersisted>true</isPersisted>
          <inputSymbol>field2</inputSymbol>
          <listDelimiter>,</listDelimiter>
          <value></value>
          <record>false</record>
        </staticBinding>
        <staticBinding id="ae1f0324-640e-4f4a-8f34-cfe72bc9d61e">
          <annotation></annotation>
          <assignFromContext>true</assignFromContext>
          <assignToContext>true</assignToContext>
          <inputType>STRING</inputType>
          <isList>false</isList>
          <required>false</required>
          <isPersisted>true</isPersisted>
          <inputSymbol>field3</inputSymbol>
          <listDelimiter>,</listDelimiter>
          <value></value>
          <record>false</record>
        </staticBinding>
        <staticBinding id="6415c6f4-218b-4a54-b384-4bb7c1b02370">
          <annotation></annotation>
          <assignFromContext>true</assignFromContext>
          <assignToContext>true</assignToContext>
          <inputType>STRING</inputType>
          <isList>false</isList>
          <required>false</required>
          <isPersisted>true</isPersisted>
          <inputSymbol>field4</inputSymbol>
          <listDelimiter>,</listDelimiter>
          <value></value>
          <record>false</record>
        </staticBinding>
        <staticBinding id="2dd1282b-17df-4bfe-8604-46acbf7ebf99">
          <annotation></annotation>
          <toContextKey></toContextKey>
          <fromContextKey></fromContextKey>
          <assignFromContext>false</assignFromContext>
          <assignToContext>false</assignToContext>
          <inputType>STRING</inputType>
          <recordKey></recordKey>
          <isList>false</isList>
          <required>false</required>
          <isPersisted>true</isPersisted>
          <inputSymbol>Field_2</inputSymbol>
          <listDelimiter></listDelimiter>
          <value>${field2}</value>
          <record>false</record>
        </staticBinding>
        <staticBinding id="73c418cb-8ba3-4512-9b9b-6746530af209">
          <annotation></annotation>
          <toContextKey></toContextKey>
          <fromContextKey></fromContextKey>
          <assignFromContext>false</assignFromContext>
          <assignToContext>false</assignToContext>
          <inputType>STRING</inputType>
          <recordKey></recordKey>
          <isList>false</isList>
          <required>false</required>
          <isPersisted>true</isPersisted>
          <inputSymbol>Field_4</inputSymbol>
          <listDelimiter></listDelimiter>
          <value>${field4}</value>
          <record>false</record>
        </staticBinding>
        <staticBinding id="4e2cb5a8-68f5-4eff-85dd-acea75a5b0f3">
          <annotation></annotation>
          <toContextKey></toContextKey>
          <fromContextKey></fromContextKey>
          <assignFromContext>false</assignFromContext>
          <assignToContext>false</assignToContext>
          <inputType>STRING</inputType>
          <recordKey></recordKey>
          <isList>false</isList>
          <required>false</required>
          <isPersisted>true</isPersisted>
          <inputSymbol>Field_3</inputSymbol>
          <listDelimiter></listDelimiter>
          <value>${field3}</value>
          <record>false</record>
        </staticBinding>
        <staticBinding id="7095603e-f4d1-4c86-9aeb-d86fce596cb8">
          <annotation></annotation>
          <toContextKey></toContextKey>
          <fromContextKey></fromContextKey>
          <assignFromContext>false</assignFromContext>
          <assignToContext>false</assignToContext>
          <inputType>STRING</inputType>
          <recordKey></recordKey>
          <isList>false</isList>
          <required>false</required>
          <isPersisted>true</isPersisted>
          <inputSymbol>Field_1</inputSymbol>
          <listDelimiter></listDelimiter>
          <value>${field1}</value>
          <record>false</record>
        </staticBinding>
      </bindings>
      <transitions>
        <transition id="47523529-3041-4d02-9744-35e9187e016b">
          <annotation></annotation>
          <name>success</name>
          <command>NEXT</command>
          <linkMode>false</linkMode>
          <responseSymbol>success</responseSymbol>
          <shouldHandoff>false</shouldHandoff>
          <transitionValue>0.0</transitionValue>
          <destination>
            <refId>b4e36a9f-4dbd-486f-9143-bbcd3bd779fc</refId>
          </destination>
          <source>
            <refId>b3711cae-d5a1-44e2-ab0a-92f567d38ea8</refId>
          </source>
          <positions>
            <point>
              <x>414.0</x>
              <y>234.0</y>
            </point>
            <point>
              <x>751.0</x>
              <y>238.0</y>
            </point>
          </positions>
          <labelPosition>
            <x>333.0</x>
            <y>0.0</y>
          </labelPosition>
        </transition>
      </transitions>
      <properties/>
      <opRef>
        <refId>ddd79f22-8b1e-4605-88d5-d912bb2da2b9</refId>
      </opRef>
      <assignments>
        <flowVariableAssignment id="767db8a0-1fcd-466e-8dd9-b5766b97c81e">
          <annotation></annotation>
          <name>assignment</name>
          <action>OVERWRITE</action>
          <assignmentTargetType>FLOW_OUTPUT_FIELD</assignmentTargetType>
          <contextKey>ds.path</contextKey>
          <expression id="2cf12d6a-93af-4d52-b32b-6d09c26e54f9">
            <annotation></annotation>
            <name>Input: field1</name>
            <fieldName>field1</fieldName>
            <sourceType>INPUT</sourceType>
            <filters>
              <scriptletFilter id="601eb7a8-262f-47d4-9eae-f0835b6a6569">
                <annotation></annotation>
                <name>Scriptlet</name>
                <scriptlet id="dff96fca-b344-426a-9350-7ae0575089f0">
                  <annotation></annotation>
                  <name>default</name>
                  <script>targetColumnName=&quot;PATH&quot;
scriptletContext.put(&quot;targetColumnName&quot;, targetColumnName);
scriptletResult=scriptletInput;</script>
                  <type>RHINO</type>
                </scriptlet>
              </scriptletFilter>
              <referenceFilter id="63243b7e-6dd1-4469-bad7-cc93c35aedf6">
                <annotation></annotation>
                <name>Config Item</name>
                <filterRef>
                  <refId>b78e5871-e5c1-4e09-95a0-451b1c785cd5</refId>
                  <refName>Extract DB Query Column Value By Name</refName>
                </filterRef>
              </referenceFilter>
            </filters>
          </expression>
        </flowVariableAssignment>
      </assignments>
      <throttleSize>0</throttleSize>
    </step>
  </steps>
  <startSteps>377d2e53-f4f9-494b-9143-1b6b606c08fe</startSteps>
</flow>