<?xml version="1.0" encoding="UTF-8"?>
<flow id="76bb3c72-3da3-4a4d-afbe-c1ae3ded6c90">
  <annotation>76bb3c72-3da3-4a4d-afbe-c1ae3ded6c90.description</annotation>
  <name>MOE_CreateIoService</name>
  <categories/>
  <inputs>
    <userInputBinding id="9a00123d-f23b-4511-ac33-9b60ba20b328">
      <annotation></annotation>
      <assignFromContext>true</assignFromContext>
      <assignToContext>true</assignToContext>
      <inputType>STRING</inputType>
      <isList>false</isList>
      <required>true</required>
      <isPersisted>true</isPersisted>
      <inputSymbol>url</inputSymbol>
      <listDelimiter>,</listDelimiter>
      <record>false</record>
      <prompt></prompt>
      <isMultiSelect>false</isMultiSelect>
      <sourceDelimiter>|</sourceDelimiter>
    </userInputBinding>
    <userInputBinding id="21b66796-a8f1-47f8-8ef1-a07863c68308">
      <annotation></annotation>
      <assignFromContext>true</assignFromContext>
      <assignToContext>true</assignToContext>
      <inputType>STRING</inputType>
      <isList>false</isList>
      <required>true</required>
      <isPersisted>true</isPersisted>
      <inputSymbol>username</inputSymbol>
      <listDelimiter>,</listDelimiter>
      <record>false</record>
      <prompt></prompt>
      <isMultiSelect>false</isMultiSelect>
      <sourceDelimiter>|</sourceDelimiter>
    </userInputBinding>
    <userInputBinding id="9659f0e0-f10e-42d4-b35d-3e5b525e5725">
      <annotation></annotation>
      <assignFromContext>true</assignFromContext>
      <assignToContext>true</assignToContext>
      <inputType>ENCRYPTED</inputType>
      <isList>false</isList>
      <required>true</required>
      <isPersisted>true</isPersisted>
      <inputSymbol>password</inputSymbol>
      <listDelimiter>,</listDelimiter>
      <record>false</record>
      <prompt></prompt>
      <isMultiSelect>false</isMultiSelect>
      <sourceDelimiter>|</sourceDelimiter>
    </userInputBinding>
    <userInputBinding id="ffe5e89e-8ac1-4cb9-8e95-b0d57b872f27">
      <annotation></annotation>
      <assignFromContext>true</assignFromContext>
      <assignToContext>true</assignToContext>
      <inputType>STRING</inputType>
      <isList>false</isList>
      <required>true</required>
      <isPersisted>true</isPersisted>
      <inputSymbol>serviceName</inputSymbol>
      <listDelimiter>,</listDelimiter>
      <record>false</record>
      <prompt></prompt>
      <isMultiSelect>false</isMultiSelect>
      <sourceDelimiter>|</sourceDelimiter>
    </userInputBinding>
    <staticBinding id="4fbbdd4a-f012-4c0b-b86f-a68adee560b2">
      <annotation></annotation>
      <assignFromContext>true</assignFromContext>
      <assignToContext>true</assignToContext>
      <inputType>STRING</inputType>
      <isList>false</isList>
      <required>false</required>
      <isPersisted>true</isPersisted>
      <inputSymbol>serverPoolName</inputSymbol>
      <listDelimiter>,</listDelimiter>
      <value></value>
      <record>false</record>
    </staticBinding>
    <userInputBinding id="3d7f3fe5-b0d2-4719-b983-a385461b1ab2">
      <annotation></annotation>
      <assignFromContext>true</assignFromContext>
      <assignToContext>true</assignToContext>
      <inputType>STRING</inputType>
      <isList>false</isList>
      <required>true</required>
      <isPersisted>true</isPersisted>
      <inputSymbol>templateName</inputSymbol>
      <listDelimiter>,</listDelimiter>
      <record>false</record>
      <prompt></prompt>
      <isMultiSelect>false</isMultiSelect>
      <sourceDelimiter>|</sourceDelimiter>
    </userInputBinding>
    <userInputBinding id="3aadcd55-eefd-4e4f-996e-9096f4620cdb">
      <annotation></annotation>
      <assignFromContext>true</assignFromContext>
      <assignToContext>true</assignToContext>
      <inputType>STRING</inputType>
      <isList>false</isList>
      <required>true</required>
      <isPersisted>true</isPersisted>
      <inputSymbol>hostSuffix</inputSymbol>
      <listDelimiter>,</listDelimiter>
      <record>false</record>
      <prompt></prompt>
      <isMultiSelect>false</isMultiSelect>
      <sourceDelimiter>|</sourceDelimiter>
    </userInputBinding>
    <userInputBinding id="e686259a-fddf-4f31-969f-b15660db42e8">
      <annotation></annotation>
      <assignFromContext>true</assignFromContext>
      <assignToContext>true</assignToContext>
      <inputType>STRING</inputType>
      <isList>false</isList>
      <required>true</required>
      <isPersisted>true</isPersisted>
      <inputSymbol>userEmail</inputSymbol>
      <listDelimiter>,</listDelimiter>
      <record>false</record>
      <prompt></prompt>
      <isMultiSelect>false</isMultiSelect>
      <sourceDelimiter>|</sourceDelimiter>
    </userInputBinding>
    <staticBinding id="29c1dcc1-7977-47f5-9ac4-877b1a8438db">
      <annotation></annotation>
      <assignFromContext>true</assignFromContext>
      <assignToContext>true</assignToContext>
      <inputType>STRING</inputType>
      <isList>false</isList>
      <required>false</required>
      <isPersisted>true</isPersisted>
      <inputSymbol>serviceDescription</inputSymbol>
      <listDelimiter>,</listDelimiter>
      <value>An infraservice provided by an HPIO solution.</value>
      <record>false</record>
    </staticBinding>
    <staticBinding id="ad01974a-0c53-41a1-bc0a-f03ae7144de8">
      <annotation></annotation>
      <assignFromContext>true</assignFromContext>
      <assignToContext>true</assignToContext>
      <inputType>STRING</inputType>
      <isList>false</isList>
      <required>true</required>
      <isPersisted>true</isPersisted>
      <inputSymbol>lobUser</inputSymbol>
      <listDelimiter>,</listDelimiter>
      <value>${username}</value>
      <record>false</record>
    </staticBinding>
    <staticBinding id="b55fd45b-18c8-4189-8b17-f820b762faa7">
      <annotation></annotation>
      <assignFromContext>false</assignFromContext>
      <assignToContext>false</assignToContext>
      <inputType>STRING</inputType>
      <isList>false</isList>
      <required>false</required>
      <isPersisted>true</isPersisted>
      <inputSymbol>billingCode</inputSymbol>
      <listDelimiter>,</listDelimiter>
      <value></value>
      <record>false</record>
    </staticBinding>
    <staticBinding id="c7c9a2a0-7f03-4d18-8f4c-11ddd250e60e">
      <annotation></annotation>
      <assignFromContext>false</assignFromContext>
      <assignToContext>false</assignToContext>
      <inputType>STRING</inputType>
      <isList>false</isList>
      <required>false</required>
      <isPersisted>true</isPersisted>
      <inputSymbol>startEpoch</inputSymbol>
      <listDelimiter>,</listDelimiter>
      <value></value>
      <record>false</record>
    </staticBinding>
    <staticBinding id="0f0ec922-25b9-48b5-ab9f-2b86f9a34329">
      <annotation></annotation>
      <assignFromContext>false</assignFromContext>
      <assignToContext>false</assignToContext>
      <inputType>STRING</inputType>
      <isList>false</isList>
      <required>false</required>
      <isPersisted>true</isPersisted>
      <inputSymbol>endEpoch</inputSymbol>
      <listDelimiter>,</listDelimiter>
      <value></value>
      <record>false</record>
    </staticBinding>
    <userInputBinding id="77113742-0e77-419e-89e3-7cf578dd3dd6">
      <annotation></annotation>
      <assignFromContext>false</assignFromContext>
      <assignToContext>false</assignToContext>
      <inputType>STRING</inputType>
      <isList>false</isList>
      <required>false</required>
      <isPersisted>true</isPersisted>
      <inputSymbol>impersonationHeader</inputSymbol>
      <listDelimiter>,</listDelimiter>
      <record>false</record>
      <prompt></prompt>
      <isMultiSelect>false</isMultiSelect>
      <sourceDelimiter>|</sourceDelimiter>
    </userInputBinding>
  </inputs>
  <scriptlet id="df1a367b-1452-4c32-a536-b00ebdbdc97c">
    <annotation></annotation>
    <name>Operation MOE_CreateIoService (76bb3c72-3da3-4a4d-afbe-c1ae3ded6c90)</name>
    <type>RHINO</type>
  </scriptlet>
  <possibleResponses>
    <opResponse id="fbbc09a3-538d-403c-bebd-71f3cd797523">
      <annotation></annotation>
      <name>failure</name>
      <isDefault>false</isDefault>
      <onFailure>true</onFailure>
      <type>ERROR</type>
      <matchRules/>
    </opResponse>
    <opResponse id="b6314601-9570-4946-a929-eb5f64b37464">
      <annotation></annotation>
      <name>success</name>
      <isDefault>true</isDefault>
      <onFailure>false</onFailure>
      <type>RESOLVED</type>
      <matchRules/>
    </opResponse>
  </possibleResponses>
  <availableResultExpressions/>
  <resultExpression id="e78258ee-747a-4fb8-96c2-034ee7e1b18d">
    <annotation></annotation>
    <name>document</name>
    <fieldName>document</fieldName>
    <sourceType>RAWRESULT</sourceType>
    <filters/>
  </resultExpression>
  <iconSpec id="83942afd-0efb-45aa-b5c5-5ba7d3ab1129">
    <baseIcon>flow.png</baseIcon>
    <basePath>System</basePath>
    <readOnly>false</readOnly>
    <layers/>
  </iconSpec>
  <callouts/>
  <checkPointFlow>true</checkPointFlow>
  <compatibleRuntimeContext>true</compatibleRuntimeContext>
  <historyCheckPointFlow>true</historyCheckPointFlow>
  <steps>
    <step id="7a10aaa3-0128-46fb-985b-354b71126712">
      <annotation></annotation>
      <name>Get IO Soap Endpoint Info</name>
      <bounds>
        <x>0.0</x>
        <y>0.0</y>
      </bounds>
      <layer>-1</layer>
      <hideInbound>false</hideInbound>
      <iconSpec id="faf83188-a946-4014-9f22-45ad62982355">
        <baseIcon>flow.png</baseIcon>
        <basePath>System</basePath>
        <readOnly>false</readOnly>
        <layers/>
      </iconSpec>
      <addResultToRunContext>false</addResultToRunContext>
      <isCriticalStep>false</isCriticalStep>
      <isNonBlocking>false</isNonBlocking>
      <isParallelStep>false</isParallelStep>
      <isSingleResponse>false</isSingleResponse>
      <recordInHistory>false</recordInHistory>
      <recordRawOutput>true</recordRawOutput>
      <recordPrimaryOutput>true</recordPrimaryOutput>
      <checkPointStep>true</checkPointStep>
      <historyCheckPointStep>true</historyCheckPointStep>
      <scriptResultStep>false</scriptResultStep>
      <userPrompt></userPrompt>
      <bindings>
        <userInputBinding id="ea60a4bb-0355-4a69-ac64-a09b4e4d8838">
          <annotation></annotation>
          <fromContextKey>url</fromContextKey>
          <assignFromContext>true</assignFromContext>
          <assignToContext>true</assignToContext>
          <inputType>STRING</inputType>
          <isList>false</isList>
          <required>true</required>
          <isPersisted>true</isPersisted>
          <inputSymbol>ioSoapEndPoint</inputSymbol>
          <listDelimiter>,</listDelimiter>
          <record>false</record>
          <prompt>76bb3c72-3da3-4a4d-afbe-c1ae3ded6c90.ea60a4bb-0355-4a69-ac64-a09b4e4d8838.prompt</prompt>
          <isMultiSelect>false</isMultiSelect>
          <sourceDelimiter>|</sourceDelimiter>
        </userInputBinding>
      </bindings>
      <transitions>
        <transition id="7127dc31-32d7-4ff7-a80c-51d1ade53e41">
          <annotation></annotation>
          <name>success</name>
          <command>NEXT</command>
          <linkMode>false</linkMode>
          <responseSymbol>success</responseSymbol>
          <shouldHandoff>false</shouldHandoff>
          <transitionValue>0.0</transitionValue>
          <destination>
            <refId>60952c80-90da-4da7-92b7-02f0e61d051f</refId>
          </destination>
          <source>
            <refId>7a10aaa3-0128-46fb-985b-354b71126712</refId>
          </source>
          <positions>
            <point>
              <x>50.0</x>
              <y>34.0</y>
            </point>
            <point>
              <x>50.0</x>
              <y>187.0</y>
            </point>
          </positions>
          <labelPosition>
            <x>333.0</x>
            <y>0.0</y>
          </labelPosition>
        </transition>
      </transitions>
      <properties/>
      <opRef>
        <refId>228833e1-0d51-4037-b7d0-cec2d362e376</refId>
      </opRef>
      <assignments>
        <flowVariableAssignment id="e8b8f4f7-7fe0-4dfc-aec9-8570e0f188e6">
          <annotation></annotation>
          <name>assignment</name>
          <action>OVERWRITE</action>
          <assignmentTargetType>FLOW_VARIABLE</assignmentTargetType>
          <contextKey>soapEndpoint</contextKey>
          <expression id="4dd96e39-566c-423b-97ec-39aca9d8c677">
            <annotation></annotation>
            <name>Result Field: wsdlVersion</name>
            <fieldName>wsdlVersion</fieldName>
            <sourceType>RAWRESULT</sourceType>
            <filters/>
          </expression>
        </flowVariableAssignment>
      </assignments>
      <throttleSize>0</throttleSize>
    </step>
    <step id="f51bda5e-b271-492a-b18c-6f1e88556db4">
      <annotation>76bb3c72-3da3-4a4d-afbe-c1ae3ded6c90.f51bda5e-b271-492a-b18c-6f1e88556db4.description</annotation>
      <name>Sleep</name>
      <bounds>
        <x>0.0</x>
        <y>307.0</y>
      </bounds>
      <layer>-1</layer>
      <hideInbound>false</hideInbound>
      <iconSpec id="86167333-1bb7-4b37-b83e-70e09168cf32">
        <baseIcon>hourglass.png</baseIcon>
        <basePath>Utilities</basePath>
        <readOnly>false</readOnly>
        <layers/>
      </iconSpec>
      <addResultToRunContext>false</addResultToRunContext>
      <isCriticalStep>false</isCriticalStep>
      <isNonBlocking>false</isNonBlocking>
      <isParallelStep>false</isParallelStep>
      <isSingleResponse>false</isSingleResponse>
      <recordInHistory>false</recordInHistory>
      <recordRawOutput>true</recordRawOutput>
      <recordPrimaryOutput>true</recordPrimaryOutput>
      <checkPointStep>true</checkPointStep>
      <historyCheckPointStep>true</historyCheckPointStep>
      <scriptResultStep>false</scriptResultStep>
      <userPrompt></userPrompt>
      <bindings>
        <staticBinding id="ba429e03-dae6-4cf5-bc3b-d5ad6fa4d47b">
          <annotation></annotation>
          <assignFromContext>true</assignFromContext>
          <assignToContext>true</assignToContext>
          <inputType>STRING</inputType>
          <isList>false</isList>
          <required>true</required>
          <isPersisted>true</isPersisted>
          <inputSymbol>seconds</inputSymbol>
          <listDelimiter>,</listDelimiter>
          <value>60</value>
          <record>false</record>
        </staticBinding>
        <staticBinding id="1b082adc-4514-41b4-a017-46f4f0c7d9e3">
          <annotation></annotation>
          <toContextKey></toContextKey>
          <fromContextKey></fromContextKey>
          <assignFromContext>false</assignFromContext>
          <assignToContext>false</assignToContext>
          <inputType>STRING</inputType>
          <recordKey></recordKey>
          <isList>false</isList>
          <required>false</required>
          <isPersisted>true</isPersisted>
          <inputSymbol>to</inputSymbol>
          <listDelimiter></listDelimiter>
          <value>${to}</value>
          <record>false</record>
        </staticBinding>
        <staticBinding id="1b831f2d-383d-4012-a3c9-bd2875592eef">
          <annotation></annotation>
          <toContextKey></toContextKey>
          <fromContextKey></fromContextKey>
          <assignFromContext>false</assignFromContext>
          <assignToContext>false</assignToContext>
          <inputType>STRING</inputType>
          <recordKey></recordKey>
          <isList>false</isList>
          <required>false</required>
          <isPersisted>true</isPersisted>
          <inputSymbol>from</inputSymbol>
          <listDelimiter></listDelimiter>
          <value>${from}</value>
          <record>false</record>
        </staticBinding>
      </bindings>
      <transitions>
        <transition id="3d34d7f9-83f9-49a5-80da-a6db5ef3b0e1">
          <annotation></annotation>
          <name>success</name>
          <command>NEXT</command>
          <linkMode>false</linkMode>
          <responseSymbol>success</responseSymbol>
          <shouldHandoff>false</shouldHandoff>
          <transitionValue>0.0</transitionValue>
          <destination>
            <refId>5d44ce79-1dda-47ff-94b9-f2d75b4e17e5</refId>
          </destination>
          <source>
            <refId>f51bda5e-b271-492a-b18c-6f1e88556db4</refId>
          </source>
          <positions>
            <point>
              <x>61.0</x>
              <y>341.0</y>
            </point>
            <point>
              <x>57.0</x>
              <y>466.0</y>
            </point>
          </positions>
          <labelPosition>
            <x>333.0</x>
            <y>0.0</y>
          </labelPosition>
        </transition>
        <transition id="1ebdc139-18b3-4727-a93c-9d1ab637cdec">
          <annotation></annotation>
          <name>failure</name>
          <command>NEXT</command>
          <linkMode>false</linkMode>
          <responseSymbol>failure</responseSymbol>
          <shouldHandoff>false</shouldHandoff>
          <transitionValue>0.0</transitionValue>
          <destination>
            <refId>6e2e1091-c43d-4393-96d7-825b6f462f02</refId>
          </destination>
          <source>
            <refId>f51bda5e-b271-492a-b18c-6f1e88556db4</refId>
          </source>
          <positions>
            <point>
              <x>61.0</x>
              <y>341.0</y>
            </point>
            <point>
              <x>226.0</x>
              <y>187.0</y>
            </point>
          </positions>
          <labelPosition>
            <x>333.0</x>
            <y>0.0</y>
          </labelPosition>
        </transition>
      </transitions>
      <properties/>
      <opRef>
        <refId>d1bbf441-824a-450e-afae-2ddec0e0f35e</refId>
      </opRef>
      <assignments/>
      <throttleSize>0</throttleSize>
    </step>
    <step id="b2ca52de-bf4e-4a74-b7da-86653cc9d84c">
      <annotation></annotation>
      <name>Rename XML tag</name>
      <bounds>
        <x>500.0</x>
        <y>153.0</y>
      </bounds>
      <layer>-1</layer>
      <hideInbound>false</hideInbound>
      <addResultToRunContext>false</addResultToRunContext>
      <isCriticalStep>false</isCriticalStep>
      <isNonBlocking>false</isNonBlocking>
      <isParallelStep>false</isParallelStep>
      <isSingleResponse>false</isSingleResponse>
      <recordInHistory>false</recordInHistory>
      <recordRawOutput>true</recordRawOutput>
      <recordPrimaryOutput>true</recordPrimaryOutput>
      <checkPointStep>true</checkPointStep>
      <historyCheckPointStep>true</historyCheckPointStep>
      <scriptResultStep>false</scriptResultStep>
      <userPrompt></userPrompt>
      <bindings>
        <userInputBinding id="3c0d2c87-d450-4b68-860c-ad3cfb3a99a2">
          <annotation></annotation>
          <fromContextKey>document</fromContextKey>
          <assignFromContext>true</assignFromContext>
          <assignToContext>true</assignToContext>
          <inputType>STRING</inputType>
          <isList>false</isList>
          <required>true</required>
          <isPersisted>true</isPersisted>
          <inputSymbol>xml</inputSymbol>
          <listDelimiter>,</listDelimiter>
          <record>false</record>
          <prompt></prompt>
          <isMultiSelect>false</isMultiSelect>
          <sourceDelimiter>|</sourceDelimiter>
        </userInputBinding>
        <staticBinding id="ab8f34b6-be6e-4576-9cfe-a33106a53864">
          <annotation></annotation>
          <assignFromContext>false</assignFromContext>
          <assignToContext>false</assignToContext>
          <inputType>STRING</inputType>
          <isList>false</isList>
          <required>true</required>
          <isPersisted>true</isPersisted>
          <inputSymbol>existingTag</inputSymbol>
          <listDelimiter>,</listDelimiter>
          <value>service,basedOnTemplate,ownerName</value>
          <record>false</record>
        </staticBinding>
        <staticBinding id="bd6344ab-e11b-492d-8db7-ca1a205232cd">
          <annotation></annotation>
          <assignFromContext>false</assignFromContext>
          <assignToContext>false</assignToContext>
          <inputType>STRING</inputType>
          <isList>false</isList>
          <required>true</required>
          <isPersisted>true</isPersisted>
          <inputSymbol>newTag</inputSymbol>
          <listDelimiter>,</listDelimiter>
          <value>ServiceDetails,template,owner</value>
          <record>false</record>
        </staticBinding>
        <staticBinding id="fe8e9613-5a40-43e5-bde5-311ac8d38250">
          <annotation></annotation>
          <assignFromContext>true</assignFromContext>
          <assignToContext>true</assignToContext>
          <inputType>STRING</inputType>
          <isList>false</isList>
          <required>false</required>
          <isPersisted>true</isPersisted>
          <inputSymbol>delimiter</inputSymbol>
          <listDelimiter>,</listDelimiter>
          <value>,</value>
          <record>false</record>
        </staticBinding>
      </bindings>
      <transitions>
        <transition id="4a3deb15-6686-4f1f-ada4-5ef151550ed5">
          <annotation></annotation>
          <name>success</name>
          <command>NEXT</command>
          <linkMode>false</linkMode>
          <responseSymbol>success</responseSymbol>
          <shouldHandoff>false</shouldHandoff>
          <transitionValue>0.0</transitionValue>
          <destination>
            <refId>917bed37-2b59-457f-a21d-6d25bb5efee3</refId>
          </destination>
          <source>
            <refId>b2ca52de-bf4e-4a74-b7da-86653cc9d84c</refId>
          </source>
          <positions>
            <point>
              <x>393.0</x>
              <y>178.0</y>
            </point>
            <point>
              <x>395.0</x>
              <y>34.0</y>
            </point>
          </positions>
          <labelPosition>
            <x>333.0</x>
            <y>0.0</y>
          </labelPosition>
        </transition>
        <transition id="96939bb0-a004-4567-87c4-36f9e45a86c9">
          <annotation></annotation>
          <name>failure</name>
          <command>NEXT</command>
          <linkMode>false</linkMode>
          <responseSymbol>failure</responseSymbol>
          <shouldHandoff>false</shouldHandoff>
          <transitionValue>0.0</transitionValue>
          <destination>
            <refId>68f6cec6-1a53-47d7-ab92-4f17d71e3f39</refId>
          </destination>
          <source>
            <refId>b2ca52de-bf4e-4a74-b7da-86653cc9d84c</refId>
          </source>
          <positions>
            <point>
              <x>601.0</x>
              <y>190.0</y>
            </point>
            <point>
              <x>794.0</x>
              <y>225.0</y>
            </point>
          </positions>
          <labelPosition>
            <x>333.0</x>
            <y>0.0</y>
          </labelPosition>
        </transition>
      </transitions>
      <properties/>
      <opRef>
        <refId>f6eedc7e-f253-41d9-9f99-4552f737def0</refId>
      </opRef>
      <assignments>
        <flowVariableAssignment id="59cfb95d-ef21-4f09-8131-055077fdaa57">
          <annotation></annotation>
          <name>assignment</name>
          <action>OVERWRITE</action>
          <assignmentTargetType>FLOW_OUTPUT_FIELD</assignmentTargetType>
          <contextKey>ioXml</contextKey>
          <expression id="d844522e-d93a-48dc-8146-b2c1bc283707">
            <annotation></annotation>
            <name>Result Field: ioXml</name>
            <fieldName>ioXml</fieldName>
            <sourceType>RAWRESULT</sourceType>
            <filters/>
          </expression>
        </flowVariableAssignment>
      </assignments>
      <throttleSize>0</throttleSize>
    </step>
    <step id="93ff5718-490e-4937-8a79-26d186a401bd">
      <annotation>76bb3c72-3da3-4a4d-afbe-c1ae3ded6c90.93ff5718-490e-4937-8a79-26d186a401bd.description</annotation>
      <name>Set IO Request Approval State</name>
      <bounds>
        <x>350.0</x>
        <y>466.0</y>
      </bounds>
      <layer>-1</layer>
      <hideInbound>false</hideInbound>
      <addResultToRunContext>false</addResultToRunContext>
      <isCriticalStep>false</isCriticalStep>
      <isNonBlocking>false</isNonBlocking>
      <isParallelStep>false</isParallelStep>
      <isSingleResponse>false</isSingleResponse>
      <recordInHistory>false</recordInHistory>
      <recordRawOutput>true</recordRawOutput>
      <recordPrimaryOutput>true</recordPrimaryOutput>
      <checkPointStep>true</checkPointStep>
      <historyCheckPointStep>true</historyCheckPointStep>
      <scriptResultStep>false</scriptResultStep>
      <userPrompt></userPrompt>
      <bindings>
        <userInputBinding id="e39c9f5b-f723-4616-8494-3ef7c2525b6f">
          <annotation></annotation>
          <assignFromContext>true</assignFromContext>
          <assignToContext>true</assignToContext>
          <inputType>STRING</inputType>
          <isList>false</isList>
          <required>true</required>
          <isPersisted>true</isPersisted>
          <inputSymbol>url</inputSymbol>
          <listDelimiter>,</listDelimiter>
          <record>false</record>
          <prompt></prompt>
          <isMultiSelect>false</isMultiSelect>
          <sourceDelimiter>|</sourceDelimiter>
        </userInputBinding>
        <userInputBinding id="9ca0c6b9-f5f1-4602-9f58-23b3b4578de6">
          <annotation></annotation>
          <assignFromContext>true</assignFromContext>
          <assignToContext>true</assignToContext>
          <inputType>STRING</inputType>
          <isList>false</isList>
          <required>true</required>
          <isPersisted>true</isPersisted>
          <inputSymbol>username</inputSymbol>
          <listDelimiter>,</listDelimiter>
          <record>false</record>
          <prompt></prompt>
          <isMultiSelect>false</isMultiSelect>
          <sourceDelimiter>|</sourceDelimiter>
        </userInputBinding>
        <userInputBinding id="7a246314-55ca-4011-a517-1c8e8c236bb5">
          <annotation></annotation>
          <assignFromContext>true</assignFromContext>
          <assignToContext>true</assignToContext>
          <inputType>ENCRYPTED</inputType>
          <isList>false</isList>
          <required>true</required>
          <isPersisted>true</isPersisted>
          <inputSymbol>password</inputSymbol>
          <listDelimiter>,</listDelimiter>
          <record>false</record>
          <prompt></prompt>
          <isMultiSelect>false</isMultiSelect>
          <sourceDelimiter>|</sourceDelimiter>
        </userInputBinding>
        <staticBinding id="8b032b2c-0098-4452-8033-ff5e0895cb9e">
          <annotation></annotation>
          <assignFromContext>true</assignFromContext>
          <assignToContext>true</assignToContext>
          <inputType>STRING</inputType>
          <isList>false</isList>
          <required>false</required>
          <isPersisted>true</isPersisted>
          <inputSymbol>approved</inputSymbol>
          <listDelimiter>,</listDelimiter>
          <value>true</value>
          <record>false</record>
        </staticBinding>
        <staticBinding id="e0df9d82-1f40-422e-b594-3987aa8015d9">
          <annotation></annotation>
          <assignFromContext>true</assignFromContext>
          <assignToContext>true</assignToContext>
          <inputType>STRING</inputType>
          <isList>false</isList>
          <required>false</required>
          <isPersisted>true</isPersisted>
          <inputSymbol>note</inputSymbol>
          <listDelimiter>,</listDelimiter>
          <value></value>
          <record>false</record>
        </staticBinding>
        <userInputBinding id="b704fe67-05b6-4239-940e-d546de99f29d">
          <annotation></annotation>
          <assignFromContext>true</assignFromContext>
          <assignToContext>true</assignToContext>
          <inputType>STRING</inputType>
          <isList>false</isList>
          <required>true</required>
          <isPersisted>true</isPersisted>
          <inputSymbol>requestId</inputSymbol>
          <listDelimiter>,</listDelimiter>
          <record>false</record>
          <prompt></prompt>
          <isMultiSelect>false</isMultiSelect>
          <sourceDelimiter>|</sourceDelimiter>
        </userInputBinding>
        <staticBinding id="60bcc452-4426-4f0b-8692-76403eb3224e">
          <annotation></annotation>
          <assignFromContext>false</assignFromContext>
          <assignToContext>false</assignToContext>
          <inputType>STRING</inputType>
          <isList>false</isList>
          <required>false</required>
          <isPersisted>true</isPersisted>
          <inputSymbol>lobUser</inputSymbol>
          <listDelimiter>,</listDelimiter>
          <value>${username}</value>
          <record>false</record>
        </staticBinding>
      </bindings>
      <transitions>
        <transition id="0c96a33f-f314-4264-8d13-273d8a5b1c85">
          <annotation></annotation>
          <name>success</name>
          <command>NEXT</command>
          <linkMode>false</linkMode>
          <responseSymbol>success</responseSymbol>
          <shouldHandoff>false</shouldHandoff>
          <transitionValue>0.0</transitionValue>
          <destination>
            <refId>39092a1d-5363-416d-8866-6be342cc5367</refId>
          </destination>
          <source>
            <refId>93ff5718-490e-4937-8a79-26d186a401bd</refId>
          </source>
          <positions>
            <point>
              <x>53.0</x>
              <y>330.0</y>
            </point>
            <point>
              <x>224.0</x>
              <y>333.0</y>
            </point>
          </positions>
          <labelPosition>
            <x>333.0</x>
            <y>0.0</y>
          </labelPosition>
        </transition>
        <transition id="fd582cd8-3132-4161-b07a-7cb971747e8f">
          <annotation></annotation>
          <name>failure</name>
          <command>NEXT</command>
          <linkMode>false</linkMode>
          <responseSymbol>failure</responseSymbol>
          <shouldHandoff>false</shouldHandoff>
          <transitionValue>0.0</transitionValue>
          <destination>
            <refId>68f6cec6-1a53-47d7-ab92-4f17d71e3f39</refId>
          </destination>
          <source>
            <refId>93ff5718-490e-4937-8a79-26d186a401bd</refId>
          </source>
          <positions>
            <point>
              <x>425.0</x>
              <y>187.0</y>
            </point>
            <point>
              <x>546.0</x>
              <y>195.0</y>
            </point>
          </positions>
          <labelPosition>
            <x>333.0</x>
            <y>0.0</y>
          </labelPosition>
        </transition>
      </transitions>
      <properties/>
      <opRef>
        <refId>b0172421-2369-4910-9359-2b3032d3d0ab</refId>
      </opRef>
      <assignments/>
      <throttleSize>0</throttleSize>
    </step>
    <step id="ef15e894-04ce-499f-ad0b-9c9fca25aa7f">
      <annotation>76bb3c72-3da3-4a4d-afbe-c1ae3ded6c90.ef15e894-04ce-499f-ad0b-9c9fca25aa7f.description</annotation>
      <name>String Equals</name>
      <bounds>
        <x>176.0</x>
        <y>466.0</y>
      </bounds>
      <layer>-1</layer>
      <hideInbound>false</hideInbound>
      <iconSpec id="d0258eaf-3ced-4d4e-90b2-8acb9acaed89">
        <baseIcon>compare.png</baseIcon>
        <basePath>Utilities/</basePath>
        <readOnly>false</readOnly>
        <layers/>
      </iconSpec>
      <addResultToRunContext>false</addResultToRunContext>
      <isCriticalStep>false</isCriticalStep>
      <isNonBlocking>false</isNonBlocking>
      <isParallelStep>false</isParallelStep>
      <isSingleResponse>false</isSingleResponse>
      <recordInHistory>false</recordInHistory>
      <recordRawOutput>true</recordRawOutput>
      <recordPrimaryOutput>true</recordPrimaryOutput>
      <checkPointStep>true</checkPointStep>
      <historyCheckPointStep>true</historyCheckPointStep>
      <scriptResultStep>false</scriptResultStep>
      <userPrompt></userPrompt>
      <bindings>
        <staticBinding id="755f9bf2-03b3-4aba-b207-16178f11a695">
          <annotation></annotation>
          <assignFromContext>false</assignFromContext>
          <assignToContext>false</assignToContext>
          <inputType>STRING</inputType>
          <isList>false</isList>
          <required>false</required>
          <isPersisted>true</isPersisted>
          <inputSymbol>string1</inputSymbol>
          <listDelimiter>,</listDelimiter>
          <value>PAUSED_FOR_APPROVAL</value>
          <record>false</record>
        </staticBinding>
        <userInputBinding id="1f1902e1-6443-47d8-80e2-fd81a890f3d6">
          <annotation></annotation>
          <fromContextKey>status</fromContextKey>
          <assignFromContext>true</assignFromContext>
          <assignToContext>false</assignToContext>
          <inputType>STRING</inputType>
          <isList>false</isList>
          <required>false</required>
          <isPersisted>true</isPersisted>
          <inputSymbol>string2</inputSymbol>
          <listDelimiter>,</listDelimiter>
          <record>false</record>
          <prompt></prompt>
          <isMultiSelect>false</isMultiSelect>
          <sourceDelimiter>|</sourceDelimiter>
        </userInputBinding>
        <staticBinding id="3ae95c28-71bb-4965-b84d-b81dc23381c6">
          <annotation></annotation>
          <assignFromContext>false</assignFromContext>
          <assignToContext>false</assignToContext>
          <inputType>STRING</inputType>
          <isList>false</isList>
          <required>false</required>
          <isPersisted>true</isPersisted>
          <inputSymbol>ignoreCase</inputSymbol>
          <listDelimiter>,</listDelimiter>
          <value>true</value>
          <record>false</record>
        </staticBinding>
        <staticBinding id="a597c108-c0dc-4de7-8aa2-3136eb144e57">
          <annotation></annotation>
          <toContextKey></toContextKey>
          <fromContextKey></fromContextKey>
          <assignFromContext>false</assignFromContext>
          <assignToContext>false</assignToContext>
          <inputType>STRING</inputType>
          <recordKey></recordKey>
          <isList>false</isList>
          <required>false</required>
          <isPersisted>true</isPersisted>
          <inputSymbol>Field_4</inputSymbol>
          <listDelimiter></listDelimiter>
          <value>${in4}</value>
          <record>false</record>
        </staticBinding>
        <staticBinding id="4232a79b-c8fa-48d9-85b5-1d4d270788cb">
          <annotation></annotation>
          <toContextKey></toContextKey>
          <fromContextKey></fromContextKey>
          <assignFromContext>false</assignFromContext>
          <assignToContext>false</assignToContext>
          <inputType>STRING</inputType>
          <recordKey></recordKey>
          <isList>false</isList>
          <required>false</required>
          <isPersisted>true</isPersisted>
          <inputSymbol>Field_3</inputSymbol>
          <listDelimiter></listDelimiter>
          <value>${in3}</value>
          <record>false</record>
        </staticBinding>
        <staticBinding id="739160e0-78b1-4c86-9285-2332b30dd708">
          <annotation></annotation>
          <toContextKey></toContextKey>
          <fromContextKey></fromContextKey>
          <assignFromContext>false</assignFromContext>
          <assignToContext>false</assignToContext>
          <inputType>STRING</inputType>
          <recordKey></recordKey>
          <isList>false</isList>
          <required>false</required>
          <isPersisted>true</isPersisted>
          <inputSymbol>Field_1</inputSymbol>
          <listDelimiter></listDelimiter>
          <value>${in1}</value>
          <record>false</record>
        </staticBinding>
        <staticBinding id="a071760c-90a9-4947-b5e0-94ccd80efd72">
          <annotation></annotation>
          <toContextKey></toContextKey>
          <fromContextKey></fromContextKey>
          <assignFromContext>false</assignFromContext>
          <assignToContext>false</assignToContext>
          <inputType>STRING</inputType>
          <recordKey></recordKey>
          <isList>false</isList>
          <required>false</required>
          <isPersisted>true</isPersisted>
          <inputSymbol>Field_2</inputSymbol>
          <listDelimiter></listDelimiter>
          <value>${in2}</value>
          <record>false</record>
        </staticBinding>
      </bindings>
      <transitions>
        <transition id="b9486919-c41f-424b-a0ea-a73daa846147">
          <annotation></annotation>
          <name>false</name>
          <command>NEXT</command>
          <linkMode>false</linkMode>
          <responseSymbol>false</responseSymbol>
          <shouldHandoff>false</shouldHandoff>
          <transitionValue>0.0</transitionValue>
          <destination>
            <refId>39092a1d-5363-416d-8866-6be342cc5367</refId>
          </destination>
          <source>
            <refId>ef15e894-04ce-499f-ad0b-9c9fca25aa7f</refId>
          </source>
          <positions>
            <point>
              <x>434.0</x>
              <y>349.0</y>
            </point>
            <point>
              <x>240.0</x>
              <y>36.0</y>
            </point>
          </positions>
          <labelPosition>
            <x>333.0</x>
            <y>0.0</y>
          </labelPosition>
        </transition>
        <transition id="5a192147-96e7-4a11-bf58-11cd3b0e954b">
          <annotation></annotation>
          <name>true</name>
          <command>NEXT</command>
          <linkMode>false</linkMode>
          <responseSymbol>true</responseSymbol>
          <shouldHandoff>false</shouldHandoff>
          <transitionValue>0.0</transitionValue>
          <destination>
            <refId>93ff5718-490e-4937-8a79-26d186a401bd</refId>
          </destination>
          <source>
            <refId>ef15e894-04ce-499f-ad0b-9c9fca25aa7f</refId>
          </source>
          <positions>
            <point>
              <x>434.0</x>
              <y>349.0</y>
            </point>
            <point>
              <x>425.0</x>
              <y>187.0</y>
            </point>
          </positions>
          <labelPosition>
            <x>333.0</x>
            <y>0.0</y>
          </labelPosition>
        </transition>
      </transitions>
      <properties/>
      <opRef>
        <refId>7c2f47aa-a4b3-4a7d-b3d4-007f285f7d29</refId>
      </opRef>
      <assignments/>
      <throttleSize>0</throttleSize>
    </step>
    <returnStep id="68f6cec6-1a53-47d7-ab92-4f17d71e3f39">
      <annotation></annotation>
      <name>Error : failure</name>
      <bounds>
        <x>498.0</x>
        <y>307.0</y>
      </bounds>
      <layer>-1</layer>
      <hideInbound>false</hideInbound>
      <addResultToRunContext>false</addResultToRunContext>
      <isCriticalStep>false</isCriticalStep>
      <isNonBlocking>false</isNonBlocking>
      <isParallelStep>false</isParallelStep>
      <isSingleResponse>false</isSingleResponse>
      <recordInHistory>false</recordInHistory>
      <recordRawOutput>true</recordRawOutput>
      <recordPrimaryOutput>true</recordPrimaryOutput>
      <checkPointStep>true</checkPointStep>
      <historyCheckPointStep>true</historyCheckPointStep>
      <scriptResultStep>false</scriptResultStep>
      <userPrompt></userPrompt>
      <bindings/>
      <transitions>
        <transition id="89ed8030-fef1-45ad-aa93-e1d0e191ebc4">
          <annotation></annotation>
          <name>return</name>
          <command>NEXT</command>
          <linkMode>false</linkMode>
          <responseSymbol>failure</responseSymbol>
          <shouldHandoff>false</shouldHandoff>
          <transitionValue>0.0</transitionValue>
          <destination>
            <refId>68f6cec6-1a53-47d7-ab92-4f17d71e3f39</refId>
          </destination>
          <source>
            <refId>68f6cec6-1a53-47d7-ab92-4f17d71e3f39</refId>
          </source>
          <positions/>
        </transition>
      </transitions>
      <properties/>
      <returnStepType>ERROR</returnStepType>
      <assignments/>
    </returnStep>
    <step id="e518e5e5-cace-4389-8aaa-221792208e31">
      <annotation>76bb3c72-3da3-4a4d-afbe-c1ae3ded6c90.e518e5e5-cace-4389-8aaa-221792208e31.description</annotation>
      <name>Get IO Service Details</name>
      <bounds>
        <x>350.0</x>
        <y>153.0</y>
      </bounds>
      <layer>-1</layer>
      <hideInbound>false</hideInbound>
      <addResultToRunContext>false</addResultToRunContext>
      <isCriticalStep>false</isCriticalStep>
      <isNonBlocking>false</isNonBlocking>
      <isParallelStep>false</isParallelStep>
      <isSingleResponse>false</isSingleResponse>
      <recordInHistory>false</recordInHistory>
      <recordRawOutput>true</recordRawOutput>
      <recordPrimaryOutput>true</recordPrimaryOutput>
      <checkPointStep>true</checkPointStep>
      <historyCheckPointStep>true</historyCheckPointStep>
      <scriptResultStep>false</scriptResultStep>
      <userPrompt></userPrompt>
      <bindings>
        <userInputBinding id="b7746e35-3294-494e-aacc-b38e10b118f8">
          <annotation></annotation>
          <assignFromContext>true</assignFromContext>
          <assignToContext>true</assignToContext>
          <inputType>STRING</inputType>
          <isList>false</isList>
          <required>true</required>
          <isPersisted>true</isPersisted>
          <inputSymbol>serviceName</inputSymbol>
          <listDelimiter>,</listDelimiter>
          <record>false</record>
          <prompt></prompt>
          <isMultiSelect>false</isMultiSelect>
          <sourceDelimiter>|</sourceDelimiter>
        </userInputBinding>
        <userInputBinding id="2bc685bf-5289-47a5-9013-fe7bc1f2e572">
          <annotation></annotation>
          <assignFromContext>true</assignFromContext>
          <assignToContext>true</assignToContext>
          <inputType>STRING</inputType>
          <isList>false</isList>
          <required>true</required>
          <isPersisted>true</isPersisted>
          <inputSymbol>username</inputSymbol>
          <listDelimiter>,</listDelimiter>
          <record>false</record>
          <prompt></prompt>
          <isMultiSelect>false</isMultiSelect>
          <sourceDelimiter>|</sourceDelimiter>
        </userInputBinding>
        <userInputBinding id="78681d68-4cfc-40e1-b5a8-36c83a027217">
          <annotation></annotation>
          <assignFromContext>true</assignFromContext>
          <assignToContext>true</assignToContext>
          <inputType>ENCRYPTED</inputType>
          <isList>false</isList>
          <required>true</required>
          <isPersisted>true</isPersisted>
          <inputSymbol>password</inputSymbol>
          <listDelimiter>,</listDelimiter>
          <record>false</record>
          <prompt></prompt>
          <isMultiSelect>false</isMultiSelect>
          <sourceDelimiter>|</sourceDelimiter>
        </userInputBinding>
        <userInputBinding id="4e59beaa-fc58-4da2-9f9e-68ca944c18ef">
          <annotation></annotation>
          <assignFromContext>true</assignFromContext>
          <assignToContext>true</assignToContext>
          <inputType>STRING</inputType>
          <isList>false</isList>
          <required>true</required>
          <isPersisted>true</isPersisted>
          <inputSymbol>url</inputSymbol>
          <listDelimiter>,</listDelimiter>
          <record>false</record>
          <prompt></prompt>
          <isMultiSelect>false</isMultiSelect>
          <sourceDelimiter>|</sourceDelimiter>
        </userInputBinding>
        <userInputBinding id="0e39d456-bf3a-4a3c-a26c-487c9e35e897">
          <annotation></annotation>
          <assignFromContext>true</assignFromContext>
          <assignToContext>true</assignToContext>
          <inputType>STRING</inputType>
          <isList>false</isList>
          <required>true</required>
          <isPersisted>true</isPersisted>
          <inputSymbol>soapEndpoint</inputSymbol>
          <listDelimiter>,</listDelimiter>
          <record>false</record>
          <prompt></prompt>
          <isMultiSelect>false</isMultiSelect>
          <sourceDelimiter>|</sourceDelimiter>
        </userInputBinding>
        <staticBinding id="54dc2677-ba96-4986-98bc-7e9d8ad5a1e8">
          <annotation></annotation>
          <assignFromContext>true</assignFromContext>
          <assignToContext>true</assignToContext>
          <inputType>STRING</inputType>
          <isList>false</isList>
          <required>false</required>
          <isPersisted>true</isPersisted>
          <inputSymbol>lobUser</inputSymbol>
          <listDelimiter>,</listDelimiter>
          <value>${username}</value>
          <record>false</record>
        </staticBinding>
        <staticBinding id="9357c779-d879-47ef-b940-d43046f78e56">
          <annotation></annotation>
          <assignFromContext>true</assignFromContext>
          <assignToContext>true</assignToContext>
          <inputType>STRING</inputType>
          <isList>false</isList>
          <required>false</required>
          <isPersisted>true</isPersisted>
          <inputSymbol>impersonationHeader</inputSymbol>
          <listDelimiter>,</listDelimiter>
          <value></value>
          <record>false</record>
        </staticBinding>
      </bindings>
      <transitions>
        <transition id="6d404bcb-6630-4be6-9586-c9dfd44e5f86">
          <annotation></annotation>
          <name>success</name>
          <command>NEXT</command>
          <linkMode>false</linkMode>
          <responseSymbol>success</responseSymbol>
          <shouldHandoff>false</shouldHandoff>
          <transitionValue>0.0</transitionValue>
          <destination>
            <refId>b2ca52de-bf4e-4a74-b7da-86653cc9d84c</refId>
          </destination>
          <source>
            <refId>e518e5e5-cace-4389-8aaa-221792208e31</refId>
          </source>
          <positions>
            <point>
              <x>390.0</x>
              <y>333.0</y>
            </point>
            <point>
              <x>393.0</x>
              <y>178.0</y>
            </point>
          </positions>
          <labelPosition>
            <x>333.0</x>
            <y>0.0</y>
          </labelPosition>
        </transition>
        <transition id="a5b66cd7-7f56-445f-87f2-2b4bfbf8e70f">
          <annotation></annotation>
          <name>failure</name>
          <command>NEXT</command>
          <linkMode>false</linkMode>
          <responseSymbol>failure</responseSymbol>
          <shouldHandoff>false</shouldHandoff>
          <transitionValue>0.0</transitionValue>
          <destination>
            <refId>68f6cec6-1a53-47d7-ab92-4f17d71e3f39</refId>
          </destination>
          <source>
            <refId>e518e5e5-cace-4389-8aaa-221792208e31</refId>
          </source>
          <positions>
            <point>
              <x>605.0</x>
              <y>43.0</y>
            </point>
            <point>
              <x>794.0</x>
              <y>225.0</y>
            </point>
          </positions>
          <labelPosition>
            <x>333.0</x>
            <y>0.0</y>
          </labelPosition>
        </transition>
      </transitions>
      <properties/>
      <opRef>
        <refId>863a459a-6647-4b90-a55c-4d4546db88b1</refId>
      </opRef>
      <assignments>
        <flowVariableAssignment id="ab37f552-67c5-4c8c-be7c-de496a27283c">
          <annotation></annotation>
          <name>assignment</name>
          <action>OVERWRITE</action>
          <assignmentTargetType>FLOW_VARIABLE</assignmentTargetType>
          <contextKey>document</contextKey>
          <expression id="2121394b-1edd-4622-9593-b1a463138d9e">
            <annotation></annotation>
            <name>Result Field: documentStripped</name>
            <fieldName>documentStripped</fieldName>
            <sourceType>RAWRESULT</sourceType>
            <filters/>
          </expression>
        </flowVariableAssignment>
      </assignments>
      <throttleSize>0</throttleSize>
    </step>
    <returnStep id="917bed37-2b59-457f-a21d-6d25bb5efee3">
      <annotation></annotation>
      <name>Resolved : success</name>
      <bounds>
        <x>672.0</x>
        <y>153.0</y>
      </bounds>
      <layer>-1</layer>
      <hideInbound>false</hideInbound>
      <addResultToRunContext>false</addResultToRunContext>
      <isCriticalStep>false</isCriticalStep>
      <isNonBlocking>false</isNonBlocking>
      <isParallelStep>false</isParallelStep>
      <isSingleResponse>false</isSingleResponse>
      <recordInHistory>false</recordInHistory>
      <recordRawOutput>true</recordRawOutput>
      <recordPrimaryOutput>true</recordPrimaryOutput>
      <checkPointStep>true</checkPointStep>
      <historyCheckPointStep>true</historyCheckPointStep>
      <scriptResultStep>false</scriptResultStep>
      <userPrompt></userPrompt>
      <bindings/>
      <transitions>
        <transition id="ce4ebe41-4577-4b82-84ea-5d8fc6bb8424">
          <annotation></annotation>
          <name>return</name>
          <command>NEXT</command>
          <linkMode>false</linkMode>
          <responseSymbol>success</responseSymbol>
          <shouldHandoff>false</shouldHandoff>
          <transitionValue>0.0</transitionValue>
          <destination>
            <refId>917bed37-2b59-457f-a21d-6d25bb5efee3</refId>
          </destination>
          <source>
            <refId>917bed37-2b59-457f-a21d-6d25bb5efee3</refId>
          </source>
          <positions/>
        </transition>
      </transitions>
      <properties/>
      <returnStepType>RESOLVED</returnStepType>
      <assignments/>
    </returnStep>
    <step id="40b7b243-1d64-4be4-aad1-3cb434709aac">
      <annotation>76bb3c72-3da3-4a4d-afbe-c1ae3ded6c90.40b7b243-1d64-4be4-aad1-3cb434709aac.description</annotation>
      <name>Greater Than or Equal</name>
      <bounds>
        <x>0.0</x>
        <y>466.0</y>
      </bounds>
      <layer>-1</layer>
      <hideInbound>false</hideInbound>
      <iconSpec id="1f8ac037-c14b-4540-b137-4257add9dddc">
        <baseIcon>calculator.png</baseIcon>
        <basePath>Others</basePath>
        <readOnly>false</readOnly>
        <layers/>
      </iconSpec>
      <addResultToRunContext>false</addResultToRunContext>
      <isCriticalStep>false</isCriticalStep>
      <isNonBlocking>false</isNonBlocking>
      <isParallelStep>false</isParallelStep>
      <isSingleResponse>false</isSingleResponse>
      <recordInHistory>false</recordInHistory>
      <recordRawOutput>true</recordRawOutput>
      <recordPrimaryOutput>true</recordPrimaryOutput>
      <checkPointStep>true</checkPointStep>
      <historyCheckPointStep>true</historyCheckPointStep>
      <scriptResultStep>false</scriptResultStep>
      <userPrompt></userPrompt>
      <bindings>
        <userInputBinding id="e973e24d-ed2d-4568-9231-543fc40584aa">
          <annotation></annotation>
          <fromContextKey>percentCompleted</fromContextKey>
          <assignFromContext>true</assignFromContext>
          <assignToContext>true</assignToContext>
          <inputType>STRING</inputType>
          <isList>false</isList>
          <required>true</required>
          <isPersisted>true</isPersisted>
          <inputSymbol>value1</inputSymbol>
          <listDelimiter>,</listDelimiter>
          <record>false</record>
          <prompt>76bb3c72-3da3-4a4d-afbe-c1ae3ded6c90.e973e24d-ed2d-4568-9231-543fc40584aa.prompt</prompt>
          <isMultiSelect>false</isMultiSelect>
          <sourceDelimiter>|</sourceDelimiter>
        </userInputBinding>
        <staticBinding id="64d62d9d-80d9-411a-9869-d0087989170a">
          <annotation></annotation>
          <assignFromContext>true</assignFromContext>
          <assignToContext>true</assignToContext>
          <inputType>STRING</inputType>
          <isList>false</isList>
          <required>true</required>
          <isPersisted>true</isPersisted>
          <inputSymbol>value2</inputSymbol>
          <listDelimiter>,</listDelimiter>
          <value>10</value>
          <record>false</record>
        </staticBinding>
        <staticBinding id="c4fb60e0-57fb-4956-9687-c074e5564a92">
          <annotation></annotation>
          <toContextKey></toContextKey>
          <fromContextKey></fromContextKey>
          <assignFromContext>false</assignFromContext>
          <assignToContext>false</assignToContext>
          <inputType>STRING</inputType>
          <recordKey></recordKey>
          <isList>false</isList>
          <required>false</required>
          <isPersisted>true</isPersisted>
          <inputSymbol>operation</inputSymbol>
          <listDelimiter></listDelimiter>
          <value>&gt;=</value>
          <record>false</record>
        </staticBinding>
      </bindings>
      <transitions>
        <transition id="c09b3b89-9f15-43e9-94f5-5e7c806df7c4">
          <annotation></annotation>
          <name>success</name>
          <command>NEXT</command>
          <linkMode>false</linkMode>
          <responseSymbol>success</responseSymbol>
          <shouldHandoff>false</shouldHandoff>
          <transitionValue>0.0</transitionValue>
          <destination>
            <refId>ef15e894-04ce-499f-ad0b-9c9fca25aa7f</refId>
          </destination>
          <source>
            <refId>40b7b243-1d64-4be4-aad1-3cb434709aac</refId>
          </source>
          <positions>
            <point>
              <x>220.0</x>
              <y>463.0</y>
            </point>
            <point>
              <x>434.0</x>
              <y>349.0</y>
            </point>
          </positions>
          <labelPosition>
            <x>333.0</x>
            <y>0.0</y>
          </labelPosition>
        </transition>
        <transition id="ad9efc27-d64b-4c0c-89f5-833f2f8dbec9">
          <annotation></annotation>
          <name>failure</name>
          <command>NEXT</command>
          <linkMode>false</linkMode>
          <responseSymbol>failure</responseSymbol>
          <shouldHandoff>false</shouldHandoff>
          <transitionValue>0.0</transitionValue>
          <destination>
            <refId>f51bda5e-b271-492a-b18c-6f1e88556db4</refId>
          </destination>
          <source>
            <refId>40b7b243-1d64-4be4-aad1-3cb434709aac</refId>
          </source>
          <positions>
            <point>
              <x>220.0</x>
              <y>463.0</y>
            </point>
            <point>
              <x>61.0</x>
              <y>341.0</y>
            </point>
          </positions>
          <labelPosition>
            <x>333.0</x>
            <y>0.0</y>
          </labelPosition>
        </transition>
      </transitions>
      <properties/>
      <opRef>
        <refId>79d5aafa-fbba-48db-9b4e-d25a2d3e2c7d</refId>
      </opRef>
      <assignments/>
      <throttleSize>0</throttleSize>
    </step>
    <step id="39092a1d-5363-416d-8866-6be342cc5367">
      <annotation></annotation>
      <name>Wait For IO Request To Complete</name>
      <bounds>
        <x>350.0</x>
        <y>307.0</y>
      </bounds>
      <layer>-1</layer>
      <hideInbound>false</hideInbound>
      <iconSpec id="1a170884-5e08-4f19-a9cc-2c215383ae2f">
        <baseIcon>flow.png</baseIcon>
        <basePath>System</basePath>
        <readOnly>false</readOnly>
        <layers/>
      </iconSpec>
      <addResultToRunContext>false</addResultToRunContext>
      <isCriticalStep>false</isCriticalStep>
      <isNonBlocking>false</isNonBlocking>
      <isParallelStep>false</isParallelStep>
      <isSingleResponse>false</isSingleResponse>
      <recordInHistory>false</recordInHistory>
      <recordRawOutput>true</recordRawOutput>
      <recordPrimaryOutput>true</recordPrimaryOutput>
      <checkPointStep>true</checkPointStep>
      <historyCheckPointStep>true</historyCheckPointStep>
      <scriptResultStep>false</scriptResultStep>
      <userPrompt></userPrompt>
      <bindings>
        <userInputBinding id="161db421-eded-4bf1-9ba5-a062faf3b5b9">
          <annotation></annotation>
          <assignFromContext>true</assignFromContext>
          <assignToContext>true</assignToContext>
          <inputType>STRING</inputType>
          <isList>false</isList>
          <required>true</required>
          <isPersisted>true</isPersisted>
          <inputSymbol>url</inputSymbol>
          <listDelimiter>,</listDelimiter>
          <record>false</record>
          <prompt>76bb3c72-3da3-4a4d-afbe-c1ae3ded6c90.161db421-eded-4bf1-9ba5-a062faf3b5b9.prompt</prompt>
          <isMultiSelect>false</isMultiSelect>
          <sourceDelimiter>|</sourceDelimiter>
        </userInputBinding>
        <userInputBinding id="0cb00e05-6efa-41d6-ab35-6e0f821c68d3">
          <annotation></annotation>
          <assignFromContext>true</assignFromContext>
          <assignToContext>true</assignToContext>
          <inputType>STRING</inputType>
          <isList>false</isList>
          <required>true</required>
          <isPersisted>true</isPersisted>
          <inputSymbol>soapEndpoint</inputSymbol>
          <listDelimiter>,</listDelimiter>
          <record>false</record>
          <prompt>76bb3c72-3da3-4a4d-afbe-c1ae3ded6c90.0cb00e05-6efa-41d6-ab35-6e0f821c68d3.prompt</prompt>
          <isMultiSelect>false</isMultiSelect>
          <sourceDelimiter>|</sourceDelimiter>
        </userInputBinding>
        <userInputBinding id="a63c39d8-ce5f-4bb7-bb71-b937d7dfc3fe">
          <annotation></annotation>
          <assignFromContext>true</assignFromContext>
          <assignToContext>true</assignToContext>
          <inputType>STRING</inputType>
          <isList>false</isList>
          <required>true</required>
          <isPersisted>true</isPersisted>
          <inputSymbol>username</inputSymbol>
          <listDelimiter>,</listDelimiter>
          <record>false</record>
          <prompt></prompt>
          <isMultiSelect>false</isMultiSelect>
          <sourceDelimiter>|</sourceDelimiter>
        </userInputBinding>
        <userInputBinding id="a214b93e-b327-408f-b327-764f7e728500">
          <annotation></annotation>
          <assignFromContext>true</assignFromContext>
          <assignToContext>true</assignToContext>
          <inputType>ENCRYPTED</inputType>
          <isList>false</isList>
          <required>true</required>
          <isPersisted>true</isPersisted>
          <inputSymbol>password</inputSymbol>
          <listDelimiter>,</listDelimiter>
          <record>false</record>
          <prompt></prompt>
          <isMultiSelect>false</isMultiSelect>
          <sourceDelimiter>|</sourceDelimiter>
        </userInputBinding>
        <userInputBinding id="acdbc2a6-99f8-4d22-b1e9-1a90d82608c9">
          <annotation></annotation>
          <assignFromContext>true</assignFromContext>
          <assignToContext>true</assignToContext>
          <inputType>STRING</inputType>
          <isList>false</isList>
          <required>true</required>
          <isPersisted>true</isPersisted>
          <inputSymbol>requestId</inputSymbol>
          <listDelimiter>,</listDelimiter>
          <record>false</record>
          <prompt>76bb3c72-3da3-4a4d-afbe-c1ae3ded6c90.acdbc2a6-99f8-4d22-b1e9-1a90d82608c9.prompt</prompt>
          <isMultiSelect>false</isMultiSelect>
          <sourceDelimiter>|</sourceDelimiter>
        </userInputBinding>
        <staticBinding id="c5dca177-b0d0-4875-aa0d-0538d8d02420">
          <annotation></annotation>
          <assignFromContext>true</assignFromContext>
          <assignToContext>true</assignToContext>
          <inputType>STRING</inputType>
          <isList>false</isList>
          <required>false</required>
          <isPersisted>true</isPersisted>
          <inputSymbol>lobUser</inputSymbol>
          <listDelimiter>,</listDelimiter>
          <value>${username}</value>
          <record>false</record>
        </staticBinding>
        <staticBinding id="7a0466a9-2f95-4fc4-94fe-0b7d4011f213">
          <annotation></annotation>
          <assignFromContext>true</assignFromContext>
          <assignToContext>true</assignToContext>
          <inputType>STRING</inputType>
          <isList>false</isList>
          <required>false</required>
          <isPersisted>true</isPersisted>
          <inputSymbol>impersonationHeader</inputSymbol>
          <listDelimiter>,</listDelimiter>
          <value></value>
          <record>false</record>
        </staticBinding>
      </bindings>
      <transitions>
        <transition id="54fd0d23-23ca-4889-bd1c-e970ab51c1ec">
          <annotation></annotation>
          <name>failure</name>
          <command>NEXT</command>
          <linkMode>false</linkMode>
          <responseSymbol>failure</responseSymbol>
          <shouldHandoff>false</shouldHandoff>
          <transitionValue>0.0</transitionValue>
          <destination>
            <refId>6e2e1091-c43d-4393-96d7-825b6f462f02</refId>
          </destination>
          <source>
            <refId>39092a1d-5363-416d-8866-6be342cc5367</refId>
          </source>
          <positions>
            <point>
              <x>463.0</x>
              <y>263.0</y>
            </point>
            <point>
              <x>200.0</x>
              <y>184.0</y>
            </point>
          </positions>
          <labelPosition>
            <x>333.0</x>
            <y>0.0</y>
          </labelPosition>
        </transition>
        <transition id="9c636994-8b23-4c63-90cb-9961e9b891e9">
          <annotation></annotation>
          <name>success</name>
          <command>NEXT</command>
          <linkMode>false</linkMode>
          <responseSymbol>success</responseSymbol>
          <shouldHandoff>false</shouldHandoff>
          <transitionValue>0.0</transitionValue>
          <destination>
            <refId>e518e5e5-cace-4389-8aaa-221792208e31</refId>
          </destination>
          <source>
            <refId>39092a1d-5363-416d-8866-6be342cc5367</refId>
          </source>
          <positions>
            <point>
              <x>226.0</x>
              <y>335.0</y>
            </point>
            <point>
              <x>390.0</x>
              <y>333.0</y>
            </point>
          </positions>
          <labelPosition>
            <x>333.0</x>
            <y>0.0</y>
          </labelPosition>
        </transition>
      </transitions>
      <properties/>
      <opRef>
        <refId>4400cc0c-0b7d-4b63-ae1e-8e896ba0e5cb</refId>
      </opRef>
      <assignments/>
      <throttleSize>0</throttleSize>
    </step>
    <returnStep id="6e2e1091-c43d-4393-96d7-825b6f462f02">
      <annotation></annotation>
      <name>Error : failure</name>
      <bounds>
        <x>176.0</x>
        <y>153.0</y>
      </bounds>
      <layer>-1</layer>
      <hideInbound>false</hideInbound>
      <addResultToRunContext>false</addResultToRunContext>
      <isCriticalStep>false</isCriticalStep>
      <isNonBlocking>false</isNonBlocking>
      <isParallelStep>false</isParallelStep>
      <isSingleResponse>false</isSingleResponse>
      <recordInHistory>false</recordInHistory>
      <recordRawOutput>true</recordRawOutput>
      <recordPrimaryOutput>true</recordPrimaryOutput>
      <checkPointStep>true</checkPointStep>
      <historyCheckPointStep>true</historyCheckPointStep>
      <scriptResultStep>false</scriptResultStep>
      <userPrompt></userPrompt>
      <bindings/>
      <transitions>
        <transition id="065d21c0-5793-42ba-80db-d3be80c8a194">
          <annotation></annotation>
          <name>return</name>
          <command>NEXT</command>
          <linkMode>false</linkMode>
          <responseSymbol>failure</responseSymbol>
          <shouldHandoff>false</shouldHandoff>
          <transitionValue>0.0</transitionValue>
          <destination>
            <refId>6e2e1091-c43d-4393-96d7-825b6f462f02</refId>
          </destination>
          <source>
            <refId>6e2e1091-c43d-4393-96d7-825b6f462f02</refId>
          </source>
          <positions/>
        </transition>
      </transitions>
      <properties/>
      <returnStepType>ERROR</returnStepType>
      <assignments/>
    </returnStep>
    <step id="60952c80-90da-4da7-92b7-02f0e61d051f">
      <annotation>76bb3c72-3da3-4a4d-afbe-c1ae3ded6c90.60952c80-90da-4da7-92b7-02f0e61d051f.description</annotation>
      <name>Invoke Method 2</name>
      <bounds>
        <x>0.0</x>
        <y>153.0</y>
      </bounds>
      <layer>-1</layer>
      <hideInbound>false</hideInbound>
      <iconSpec id="92bacf94-72a3-4bff-935b-585c7a304c1e">
        <baseIcon>generic_server_plain.png</baseIcon>
        <basePath>Servers/</basePath>
        <readOnly>false</readOnly>
        <layers>
          <iconSpec id="95056b92-575b-4fef-9ecc-a16cef49f85d">
            <baseIcon>remote.png</baseIcon>
            <basePath>Annotations/</basePath>
            <readOnly>false</readOnly>
            <layers/>
          </iconSpec>
        </layers>
      </iconSpec>
      <addResultToRunContext>false</addResultToRunContext>
      <isCriticalStep>false</isCriticalStep>
      <isNonBlocking>false</isNonBlocking>
      <isParallelStep>false</isParallelStep>
      <isSingleResponse>false</isSingleResponse>
      <recordInHistory>false</recordInHistory>
      <recordRawOutput>true</recordRawOutput>
      <recordPrimaryOutput>true</recordPrimaryOutput>
      <checkPointStep>true</checkPointStep>
      <historyCheckPointStep>true</historyCheckPointStep>
      <scriptResultStep>false</scriptResultStep>
      <userPrompt></userPrompt>
      <bindings>
        <staticBinding id="703f774d-c447-4a62-bcce-5dd8a5394ead">
          <annotation></annotation>
          <assignFromContext>false</assignFromContext>
          <assignToContext>true</assignToContext>
          <inputType>STRING</inputType>
          <isList>false</isList>
          <required>false</required>
          <isPersisted>true</isPersisted>
          <inputSymbol>xmlTemplate</inputSymbol>
          <listDelimiter>,</listDelimiter>
          <value>&lt;soapenv:Envelope xmlns:soapenv=&quot;http://schemas.xmlsoap.org/soap/envelope/&quot; xmlns:${soapEndpoint}=&quot;http://${soapEndpoint}.soap.io.hp.com/&quot;&gt;
   &lt;soapenv:Header/&gt;
   &lt;soapenv:Body&gt;
      &lt;${soapEndpoint}:createService&gt;
         &lt;!--Optional:--&gt;
         &lt;serviceName&gt;?&lt;/serviceName&gt;
         &lt;!--Optional:--&gt;
         &lt;templateName&gt;?&lt;/templateName&gt;
         &lt;!--Optional:--&gt;
         &lt;leasePeriod&gt;
            &lt;!--Optional:--&gt;
            &lt;startEpoch&gt;?&lt;/startEpoch&gt;
            &lt;!--Optional:--&gt;
            &lt;endEpoch&gt;?&lt;/endEpoch&gt;
         &lt;/leasePeriod&gt;
         &lt;!--Optional:--&gt;
         &lt;hostnameCompletion&gt;?&lt;/hostnameCompletion&gt;
         &lt;!--Zero or more repetitions:--&gt;
         &lt;serverPoolNames&gt;?&lt;/serverPoolNames&gt;
         &lt;!--Optional:--&gt;
         &lt;ownerEmailAddress&gt;?&lt;/ownerEmailAddress&gt;
         &lt;!--Optional:--&gt;
         &lt;note&gt;?&lt;/note&gt;
         &lt;!--Optional:--&gt;
         &lt;billingCode&gt;?&lt;/billingCode&gt;
      &lt;/${soapEndpoint}:createService&gt;
   &lt;/soapenv:Body&gt;
&lt;/soapenv:Envelope&gt;</value>
          <record>false</record>
        </staticBinding>
        <staticBinding id="805c2edb-12d9-4f4d-8d8c-b4bf8a587a32">
          <annotation></annotation>
          <assignFromContext>false</assignFromContext>
          <assignToContext>true</assignToContext>
          <inputType>STRING</inputType>
          <isList>false</isList>
          <required>false</required>
          <isPersisted>true</isPersisted>
          <inputSymbol>inputMap</inputSymbol>
          <listDelimiter>,</listDelimiter>
          <value>createService|billingCode=billingCode
createService|leasePeriod|endEpoch=endEpoch
createService|hostnameCompletion=hostnameCompletion
createService|note=note
createService|ownerEmailAddress=ownerEmailAddress
createService|*|serverPoolNames=serverPoolNames*
createService|serviceName=serviceName
createService|leasePeriod|startEpoch=startEpoch
createService|templateName=templateName</value>
          <record>false</record>
        </staticBinding>
        <userInputBinding id="9d7989c7-43de-420c-8606-a2e41e03d0c3">
          <annotation></annotation>
          <assignFromContext>true</assignFromContext>
          <assignToContext>true</assignToContext>
          <inputType>STRING</inputType>
          <isList>false</isList>
          <required>false</required>
          <isPersisted>true</isPersisted>
          <inputSymbol>url</inputSymbol>
          <listDelimiter>,</listDelimiter>
          <record>false</record>
          <prompt></prompt>
          <isMultiSelect>false</isMultiSelect>
          <sourceDelimiter>|</sourceDelimiter>
        </userInputBinding>
        <staticBinding id="38629e08-0fee-4a01-96e2-082a34e52ea4">
          <annotation></annotation>
          <assignFromContext>false</assignFromContext>
          <assignToContext>true</assignToContext>
          <inputType>STRING</inputType>
          <isList>false</isList>
          <required>false</required>
          <isPersisted>true</isPersisted>
          <inputSymbol>header_SOAPAction</inputSymbol>
          <listDelimiter>,</listDelimiter>
          <value></value>
          <record>false</record>
        </staticBinding>
        <staticBinding id="d0ffd1eb-3e7c-4d3a-a335-1759253636b3">
          <annotation></annotation>
          <assignFromContext>true</assignFromContext>
          <assignToContext>true</assignToContext>
          <inputType>STRING</inputType>
          <isList>false</isList>
          <required>true</required>
          <isPersisted>true</isPersisted>
          <inputSymbol>wswAuthenticationType</inputSymbol>
          <listDelimiter>,</listDelimiter>
          <value>ws-security text</value>
          <record>false</record>
        </staticBinding>
        <staticBinding id="49591bc6-15c6-4eaa-b3f4-3493db2e9568">
          <annotation></annotation>
          <assignFromContext>false</assignFromContext>
          <assignToContext>true</assignToContext>
          <inputType>STRING</inputType>
          <isList>false</isList>
          <required>false</required>
          <isPersisted>true</isPersisted>
          <inputSymbol>WSSecuritySignRequest</inputSymbol>
          <listDelimiter>,</listDelimiter>
          <value>false</value>
          <record>false</record>
        </staticBinding>
        <staticBinding id="228cec0f-0cd2-47ef-a3ed-9a2f2b9a4c95">
          <annotation></annotation>
          <assignFromContext>false</assignFromContext>
          <assignToContext>true</assignToContext>
          <inputType>STRING</inputType>
          <isList>false</isList>
          <required>false</required>
          <isPersisted>true</isPersisted>
          <inputSymbol>WSSecurityEncryptRequest</inputSymbol>
          <listDelimiter>,</listDelimiter>
          <value>false</value>
          <record>false</record>
        </staticBinding>
        <staticBinding id="505065d0-0923-4c60-860f-3f9404e2e0af">
          <annotation></annotation>
          <assignFromContext>false</assignFromContext>
          <assignToContext>true</assignToContext>
          <inputType>STRING</inputType>
          <isList>false</isList>
          <required>false</required>
          <isPersisted>true</isPersisted>
          <inputSymbol>WSSecurityTimestampRequest</inputSymbol>
          <listDelimiter>,</listDelimiter>
          <value>true</value>
          <record>false</record>
        </staticBinding>
        <staticBinding id="27e79451-d621-4814-b639-99c4adaf1a06">
          <annotation></annotation>
          <assignFromContext>false</assignFromContext>
          <assignToContext>true</assignToContext>
          <inputType>STRING</inputType>
          <isList>false</isList>
          <required>false</required>
          <isPersisted>true</isPersisted>
          <inputSymbol>WSSecurityKeystore</inputSymbol>
          <listDelimiter>,</listDelimiter>
          <value></value>
          <record>false</record>
        </staticBinding>
        <staticBinding id="8cfe5b8c-6ce8-430b-a397-da360339cb6e">
          <annotation></annotation>
          <assignFromContext>false</assignFromContext>
          <assignToContext>true</assignToContext>
          <inputType>STRING</inputType>
          <isList>false</isList>
          <required>false</required>
          <isPersisted>true</isPersisted>
          <inputSymbol>WSSecurityKeystoreType</inputSymbol>
          <listDelimiter>,</listDelimiter>
          <value></value>
          <record>false</record>
        </staticBinding>
        <staticBinding id="670f4f1f-5341-459a-ad1a-d9e0a5cd8b1b">
          <annotation></annotation>
          <assignFromContext>true</assignFromContext>
          <assignToContext>true</assignToContext>
          <inputType>ENCRYPTED</inputType>
          <isList>false</isList>
          <required>false</required>
          <isPersisted>true</isPersisted>
          <inputSymbol>WSSecurityKeystorePassword</inputSymbol>
          <listDelimiter>,</listDelimiter>
          <value></value>
          <record>false</record>
        </staticBinding>
        <staticBinding id="b3372e77-f7e6-429d-b33c-c8bbe54f86e5">
          <annotation></annotation>
          <assignFromContext>true</assignFromContext>
          <assignToContext>true</assignToContext>
          <inputType>STRING</inputType>
          <isList>false</isList>
          <required>false</required>
          <isPersisted>true</isPersisted>
          <inputSymbol>contentType</inputSymbol>
          <listDelimiter>,</listDelimiter>
          <value>text/xml; charset=utf-8</value>
          <record>false</record>
        </staticBinding>
        <staticBinding id="3d8c4917-0ff4-40c7-a6f0-4b452aa4c0b5">
          <annotation></annotation>
          <assignFromContext>true</assignFromContext>
          <assignToContext>true</assignToContext>
          <inputType>STRING</inputType>
          <isList>false</isList>
          <required>false</required>
          <isPersisted>true</isPersisted>
          <inputSymbol>username</inputSymbol>
          <listDelimiter>,</listDelimiter>
          <value></value>
          <record>false</record>
        </staticBinding>
        <staticBinding id="3b93f7ad-829f-4f97-bd00-b5486b1469a9">
          <annotation></annotation>
          <assignFromContext>true</assignFromContext>
          <assignToContext>true</assignToContext>
          <inputType>ENCRYPTED</inputType>
          <isList>false</isList>
          <required>false</required>
          <isPersisted>true</isPersisted>
          <inputSymbol>password</inputSymbol>
          <listDelimiter>,</listDelimiter>
          <value></value>
          <record>false</record>
        </staticBinding>
        <staticBinding id="63f2e5c6-b675-4787-8e6e-1f1bc5530fb8">
          <annotation></annotation>
          <assignFromContext>true</assignFromContext>
          <assignToContext>true</assignToContext>
          <inputType>STRING</inputType>
          <isList>false</isList>
          <required>false</required>
          <isPersisted>true</isPersisted>
          <inputSymbol>trustAllRoots</inputSymbol>
          <listDelimiter>,</listDelimiter>
          <value>true</value>
          <record>false</record>
        </staticBinding>
        <staticBinding id="42157467-083e-42bf-bfa5-22297645d0e1">
          <annotation></annotation>
          <assignFromContext>true</assignFromContext>
          <assignToContext>true</assignToContext>
          <inputType>STRING</inputType>
          <isList>false</isList>
          <required>false</required>
          <isPersisted>true</isPersisted>
          <inputSymbol>useCookies</inputSymbol>
          <listDelimiter>,</listDelimiter>
          <value>true</value>
          <record>false</record>
        </staticBinding>
        <staticBinding id="c1103a68-0c6a-4bfd-8713-0794f9dc43fc">
          <annotation></annotation>
          <assignFromContext>true</assignFromContext>
          <assignToContext>true</assignToContext>
          <inputType>STRING</inputType>
          <isList>false</isList>
          <required>false</required>
          <isPersisted>true</isPersisted>
          <inputSymbol>timeout</inputSymbol>
          <listDelimiter>,</listDelimiter>
          <value></value>
          <record>false</record>
        </staticBinding>
        <staticBinding id="c0897266-95f5-4b32-aead-95214dec8f2d">
          <annotation></annotation>
          <assignFromContext>true</assignFromContext>
          <assignToContext>true</assignToContext>
          <inputType>STRING</inputType>
          <isList>false</isList>
          <required>false</required>
          <isPersisted>true</isPersisted>
          <inputSymbol>proxy</inputSymbol>
          <listDelimiter>,</listDelimiter>
          <value></value>
          <record>false</record>
        </staticBinding>
        <staticBinding id="57afd1a7-d438-4040-b0e3-f7615d3f6ba4">
          <annotation></annotation>
          <assignFromContext>true</assignFromContext>
          <assignToContext>true</assignToContext>
          <inputType>STRING</inputType>
          <isList>false</isList>
          <required>false</required>
          <isPersisted>true</isPersisted>
          <inputSymbol>proxyPort</inputSymbol>
          <listDelimiter>,</listDelimiter>
          <value></value>
          <record>false</record>
        </staticBinding>
        <staticBinding id="1d30feee-bcab-4034-8bd6-32dd929ab0b6">
          <annotation></annotation>
          <assignFromContext>true</assignFromContext>
          <assignToContext>true</assignToContext>
          <inputType>STRING</inputType>
          <isList>false</isList>
          <required>false</required>
          <isPersisted>true</isPersisted>
          <inputSymbol>proxyUsername</inputSymbol>
          <listDelimiter>,</listDelimiter>
          <value></value>
          <record>false</record>
        </staticBinding>
        <staticBinding id="ee118764-152c-4ec8-9671-02247622dddb">
          <annotation></annotation>
          <assignFromContext>true</assignFromContext>
          <assignToContext>true</assignToContext>
          <inputType>ENCRYPTED</inputType>
          <isList>false</isList>
          <required>false</required>
          <isPersisted>true</isPersisted>
          <inputSymbol>proxyPassword</inputSymbol>
          <listDelimiter>,</listDelimiter>
          <value></value>
          <record>false</record>
        </staticBinding>
        <staticBinding id="24e0b55c-2b76-4a62-a6ef-15ec01c2a01a">
          <annotation></annotation>
          <assignFromContext>true</assignFromContext>
          <assignToContext>true</assignToContext>
          <inputType>STRING</inputType>
          <isList>false</isList>
          <required>false</required>
          <isPersisted>true</isPersisted>
          <inputSymbol>keystore</inputSymbol>
          <listDelimiter>,</listDelimiter>
          <value></value>
          <record>false</record>
        </staticBinding>
        <staticBinding id="fd0288d0-d5ce-4301-8616-b80fcbe29829">
          <annotation></annotation>
          <assignFromContext>true</assignFromContext>
          <assignToContext>true</assignToContext>
          <inputType>ENCRYPTED</inputType>
          <isList>false</isList>
          <required>false</required>
          <isPersisted>true</isPersisted>
          <inputSymbol>keystorePassword</inputSymbol>
          <listDelimiter>,</listDelimiter>
          <value></value>
          <record>false</record>
        </staticBinding>
        <staticBinding id="223749d8-5308-402a-bdbf-ef42b692437a">
          <annotation></annotation>
          <assignFromContext>true</assignFromContext>
          <assignToContext>true</assignToContext>
          <inputType>STRING</inputType>
          <isList>false</isList>
          <required>false</required>
          <isPersisted>true</isPersisted>
          <inputSymbol>ICONCLUDE_WSW_VERSION</inputSymbol>
          <listDelimiter>,</listDelimiter>
          <value>2</value>
          <record>false</record>
        </staticBinding>
        <staticBinding id="521c1317-8841-4c3c-b052-39a67f32de63">
          <annotation></annotation>
          <assignFromContext>true</assignFromContext>
          <assignToContext>true</assignToContext>
          <inputType>STRING</inputType>
          <isList>false</isList>
          <required>false</required>
          <isPersisted>true</isPersisted>
          <inputSymbol>billingCode</inputSymbol>
          <listDelimiter>,</listDelimiter>
          <value></value>
          <record>false</record>
        </staticBinding>
        <staticBinding id="9347236e-c27a-4ae3-acd5-070047d60259">
          <annotation></annotation>
          <assignFromContext>true</assignFromContext>
          <assignToContext>true</assignToContext>
          <inputType>STRING</inputType>
          <isList>false</isList>
          <required>false</required>
          <isPersisted>true</isPersisted>
          <inputSymbol>endEpoch</inputSymbol>
          <listDelimiter>,</listDelimiter>
          <value></value>
          <record>false</record>
        </staticBinding>
        <staticBinding id="f6f3b7ad-09e7-4bf6-8e86-8edec6c7e170">
          <annotation></annotation>
          <fromContextKey>hostSuffix</fromContextKey>
          <assignFromContext>true</assignFromContext>
          <assignToContext>true</assignToContext>
          <inputType>STRING</inputType>
          <isList>false</isList>
          <required>false</required>
          <isPersisted>true</isPersisted>
          <inputSymbol>hostnameCompletion</inputSymbol>
          <listDelimiter>,</listDelimiter>
          <value></value>
          <record>false</record>
        </staticBinding>
        <staticBinding id="57820370-5ee4-4a2c-9349-419aac482eed">
          <annotation></annotation>
          <assignFromContext>true</assignFromContext>
          <assignToContext>true</assignToContext>
          <inputType>STRING</inputType>
          <isList>false</isList>
          <required>false</required>
          <isPersisted>true</isPersisted>
          <inputSymbol>note</inputSymbol>
          <listDelimiter>,</listDelimiter>
          <value></value>
          <record>false</record>
        </staticBinding>
        <staticBinding id="1adb1eb8-12cc-4b5f-8b2a-53056af37a64">
          <annotation></annotation>
          <assignFromContext>true</assignFromContext>
          <assignToContext>true</assignToContext>
          <inputType>STRING</inputType>
          <isList>false</isList>
          <required>false</required>
          <isPersisted>true</isPersisted>
          <inputSymbol>ownerEmailAddress</inputSymbol>
          <listDelimiter>,</listDelimiter>
          <value></value>
          <record>false</record>
        </staticBinding>
        <staticBinding id="40b5fdea-ea03-4adf-83de-b3e99f9e3413">
          <annotation></annotation>
          <fromContextKey>serverPoolName</fromContextKey>
          <assignFromContext>true</assignFromContext>
          <assignToContext>true</assignToContext>
          <inputType>STRING</inputType>
          <isList>false</isList>
          <required>false</required>
          <isPersisted>true</isPersisted>
          <inputSymbol>serverPoolNames0</inputSymbol>
          <listDelimiter>,</listDelimiter>
          <value></value>
          <record>false</record>
        </staticBinding>
        <staticBinding id="9ccb9a14-fada-4004-9e96-3cc16816227f">
          <annotation></annotation>
          <assignFromContext>true</assignFromContext>
          <assignToContext>true</assignToContext>
          <inputType>STRING</inputType>
          <isList>false</isList>
          <required>false</required>
          <isPersisted>true</isPersisted>
          <inputSymbol>serviceName</inputSymbol>
          <listDelimiter>,</listDelimiter>
          <value></value>
          <record>false</record>
        </staticBinding>
        <staticBinding id="05459b60-1843-4fb8-9f1d-d5f6280d6fdf">
          <annotation></annotation>
          <assignFromContext>true</assignFromContext>
          <assignToContext>true</assignToContext>
          <inputType>STRING</inputType>
          <isList>false</isList>
          <required>false</required>
          <isPersisted>true</isPersisted>
          <inputSymbol>startEpoch</inputSymbol>
          <listDelimiter>,</listDelimiter>
          <value></value>
          <record>false</record>
        </staticBinding>
        <staticBinding id="88517f63-f40c-4ed3-b819-e8a49cbf36c4">
          <annotation></annotation>
          <assignFromContext>true</assignFromContext>
          <assignToContext>true</assignToContext>
          <inputType>STRING</inputType>
          <isList>false</isList>
          <required>false</required>
          <isPersisted>true</isPersisted>
          <inputSymbol>templateName</inputSymbol>
          <listDelimiter>,</listDelimiter>
          <value></value>
          <record>false</record>
        </staticBinding>
        <staticBinding id="9d76c9ff-0a97-43b1-9f19-476794aad672">
          <annotation></annotation>
          <fromContextKey>impersonationHeader</fromContextKey>
          <assignFromContext>true</assignFromContext>
          <assignToContext>true</assignToContext>
          <inputType>STRING</inputType>
          <isList>false</isList>
          <required>false</required>
          <isPersisted>true</isPersisted>
          <inputSymbol>header_Cookie</inputSymbol>
          <listDelimiter>,</listDelimiter>
          <value></value>
          <record>false</record>
        </staticBinding>
      </bindings>
      <transitions>
        <transition id="227a5519-2057-4660-a294-d45a1d3361fe">
          <annotation></annotation>
          <name>failure</name>
          <command>NEXT</command>
          <linkMode>false</linkMode>
          <responseSymbol>failure</responseSymbol>
          <shouldHandoff>false</shouldHandoff>
          <transitionValue>0.0</transitionValue>
          <destination>
            <refId>6e2e1091-c43d-4393-96d7-825b6f462f02</refId>
          </destination>
          <source>
            <refId>60952c80-90da-4da7-92b7-02f0e61d051f</refId>
          </source>
          <positions>
            <point>
              <x>429.0</x>
              <y>162.0</y>
            </point>
            <point>
              <x>226.0</x>
              <y>184.0</y>
            </point>
          </positions>
          <labelPosition>
            <x>333.0</x>
            <y>0.0</y>
          </labelPosition>
        </transition>
        <transition id="6f947ac2-3dad-412b-9451-c107f642164f">
          <annotation></annotation>
          <name>success</name>
          <command>NEXT</command>
          <linkMode>false</linkMode>
          <responseSymbol>success</responseSymbol>
          <shouldHandoff>false</shouldHandoff>
          <transitionValue>0.0</transitionValue>
          <destination>
            <refId>f51bda5e-b271-492a-b18c-6f1e88556db4</refId>
          </destination>
          <source>
            <refId>60952c80-90da-4da7-92b7-02f0e61d051f</refId>
          </source>
          <positions>
            <point>
              <x>50.0</x>
              <y>187.0</y>
            </point>
            <point>
              <x>61.0</x>
              <y>341.0</y>
            </point>
          </positions>
          <labelPosition>
            <x>333.0</x>
            <y>0.0</y>
          </labelPosition>
        </transition>
      </transitions>
      <properties/>
      <opRef>
        <refId>962ffbf8-4105-46bb-8c71-84f037c4de61</refId>
      </opRef>
      <assignments>
        <flowVariableAssignment id="30f08368-a5ac-4d7a-8e35-2d3718a06d4d">
          <annotation></annotation>
          <name>documentStripped</name>
          <action>OVERWRITE</action>
          <assignmentTargetType>FLOW_OUTPUT_FIELD</assignmentTargetType>
          <contextKey>documentStripped</contextKey>
          <expression id="7ca266be-2b3d-47f4-81db-147549adfe8b">
            <annotation></annotation>
            <name>documentStripped</name>
            <fieldName>documentStripped</fieldName>
            <sourceType>RAWRESULT</sourceType>
            <filters/>
          </expression>
        </flowVariableAssignment>
        <flowVariableAssignment id="2a70eb86-5374-453a-bc6d-5a02b84c78d2">
          <annotation></annotation>
          <name>documentStripped</name>
          <action>OVERWRITE</action>
          <assignmentTargetType>FLOW_VARIABLE</assignmentTargetType>
          <contextKey>requestId</contextKey>
          <expression id="64e803d0-e07e-4892-820c-ae7ca0c1f331">
            <annotation></annotation>
            <name>documentStripped</name>
            <fieldName>documentStripped</fieldName>
            <sourceType>RAWRESULT</sourceType>
            <filters>
              <xpathFilter id="02a359ef-650f-48b9-82ef-72850cd37f95">
                <annotation></annotation>
                <name>Config Item</name>
                <xpathQuery>/Envelope/Body/createServiceResponse/requestId/text()</xpathQuery>
              </xpathFilter>
            </filters>
          </expression>
        </flowVariableAssignment>
        <flowVariableAssignment id="28d5dbfb-1f83-418b-ae4f-6883e26d4e83">
          <annotation></annotation>
          <name>document</name>
          <action>OVERWRITE</action>
          <assignmentTargetType>FLOW_OUTPUT_FIELD</assignmentTargetType>
          <contextKey>document</contextKey>
          <expression id="4d85fcd0-2106-4386-bf2d-2de2a229af60">
            <annotation></annotation>
            <name>document</name>
            <fieldName>document</fieldName>
            <sourceType>RAWRESULT</sourceType>
            <filters/>
          </expression>
        </flowVariableAssignment>
      </assignments>
      <throttleSize>0</throttleSize>
    </step>
    <step id="5d44ce79-1dda-47ff-94b9-f2d75b4e17e5">
      <annotation>76bb3c72-3da3-4a4d-afbe-c1ae3ded6c90.5d44ce79-1dda-47ff-94b9-f2d75b4e17e5.description</annotation>
      <name>Get IO Request Info</name>
      <bounds>
        <x>176.0</x>
        <y>307.0</y>
      </bounds>
      <layer>-1</layer>
      <hideInbound>false</hideInbound>
      <iconSpec id="60ea0787-aa2a-4cd8-817b-fdff23ea85c9">
        <baseIcon>flow.png</baseIcon>
        <basePath>System</basePath>
        <readOnly>false</readOnly>
        <layers/>
      </iconSpec>
      <addResultToRunContext>false</addResultToRunContext>
      <isCriticalStep>false</isCriticalStep>
      <isNonBlocking>false</isNonBlocking>
      <isParallelStep>false</isParallelStep>
      <isSingleResponse>false</isSingleResponse>
      <recordInHistory>false</recordInHistory>
      <recordRawOutput>true</recordRawOutput>
      <recordPrimaryOutput>true</recordPrimaryOutput>
      <checkPointStep>true</checkPointStep>
      <historyCheckPointStep>true</historyCheckPointStep>
      <scriptResultStep>false</scriptResultStep>
      <userPrompt></userPrompt>
      <bindings>
        <userInputBinding id="06c147fb-218c-4639-89e0-45806d79cb7e">
          <annotation></annotation>
          <assignFromContext>true</assignFromContext>
          <assignToContext>true</assignToContext>
          <inputType>STRING</inputType>
          <isList>false</isList>
          <required>true</required>
          <isPersisted>true</isPersisted>
          <inputSymbol>url</inputSymbol>
          <listDelimiter>,</listDelimiter>
          <record>false</record>
          <prompt>76bb3c72-3da3-4a4d-afbe-c1ae3ded6c90.06c147fb-218c-4639-89e0-45806d79cb7e.prompt</prompt>
          <isMultiSelect>false</isMultiSelect>
          <sourceDelimiter>|</sourceDelimiter>
        </userInputBinding>
        <userInputBinding id="f1b2b91b-329d-46f4-8fbe-5626e6dc04c3">
          <annotation></annotation>
          <assignFromContext>true</assignFromContext>
          <assignToContext>true</assignToContext>
          <inputType>STRING</inputType>
          <isList>false</isList>
          <required>true</required>
          <isPersisted>true</isPersisted>
          <inputSymbol>soapEndpoint</inputSymbol>
          <listDelimiter>,</listDelimiter>
          <record>false</record>
          <prompt>76bb3c72-3da3-4a4d-afbe-c1ae3ded6c90.f1b2b91b-329d-46f4-8fbe-5626e6dc04c3.prompt</prompt>
          <isMultiSelect>false</isMultiSelect>
          <sourceDelimiter>|</sourceDelimiter>
        </userInputBinding>
        <userInputBinding id="98bbaa5b-6390-4118-864e-7c4c119ca084">
          <annotation></annotation>
          <assignFromContext>true</assignFromContext>
          <assignToContext>true</assignToContext>
          <inputType>STRING</inputType>
          <isList>false</isList>
          <required>true</required>
          <isPersisted>true</isPersisted>
          <inputSymbol>requestId</inputSymbol>
          <listDelimiter>,</listDelimiter>
          <record>false</record>
          <prompt>76bb3c72-3da3-4a4d-afbe-c1ae3ded6c90.98bbaa5b-6390-4118-864e-7c4c119ca084.prompt</prompt>
          <isMultiSelect>false</isMultiSelect>
          <sourceDelimiter>|</sourceDelimiter>
        </userInputBinding>
        <userInputBinding id="d210836d-42ca-42d1-b004-b9d7c5f78b5c">
          <annotation></annotation>
          <assignFromContext>true</assignFromContext>
          <assignToContext>true</assignToContext>
          <inputType>STRING</inputType>
          <isList>false</isList>
          <required>true</required>
          <isPersisted>true</isPersisted>
          <inputSymbol>username</inputSymbol>
          <listDelimiter>,</listDelimiter>
          <record>false</record>
          <prompt>76bb3c72-3da3-4a4d-afbe-c1ae3ded6c90.d210836d-42ca-42d1-b004-b9d7c5f78b5c.prompt</prompt>
          <isMultiSelect>false</isMultiSelect>
          <sourceDelimiter>|</sourceDelimiter>
        </userInputBinding>
        <userInputBinding id="0b4ddf5a-cb31-4cb2-a5bd-fddfb335af7b">
          <annotation></annotation>
          <assignFromContext>true</assignFromContext>
          <assignToContext>true</assignToContext>
          <inputType>ENCRYPTED</inputType>
          <isList>false</isList>
          <required>true</required>
          <isPersisted>true</isPersisted>
          <inputSymbol>password</inputSymbol>
          <listDelimiter>,</listDelimiter>
          <record>false</record>
          <prompt>76bb3c72-3da3-4a4d-afbe-c1ae3ded6c90.0b4ddf5a-cb31-4cb2-a5bd-fddfb335af7b.prompt</prompt>
          <isMultiSelect>false</isMultiSelect>
          <sourceDelimiter>|</sourceDelimiter>
        </userInputBinding>
        <staticBinding id="f14d438a-ee8e-4503-a2a8-89ea0f055f08">
          <annotation></annotation>
          <assignFromContext>false</assignFromContext>
          <assignToContext>false</assignToContext>
          <inputType>STRING</inputType>
          <isList>false</isList>
          <required>false</required>
          <isPersisted>true</isPersisted>
          <inputSymbol>lobUser</inputSymbol>
          <listDelimiter>,</listDelimiter>
          <value>${username}</value>
          <record>false</record>
        </staticBinding>
        <staticBinding id="b03f68b1-105f-4a41-ba3b-d85523a33601">
          <annotation></annotation>
          <assignFromContext>true</assignFromContext>
          <assignToContext>true</assignToContext>
          <inputType>STRING</inputType>
          <isList>false</isList>
          <required>false</required>
          <isPersisted>true</isPersisted>
          <inputSymbol>impersonationHeader</inputSymbol>
          <listDelimiter>,</listDelimiter>
          <value></value>
          <record>false</record>
        </staticBinding>
      </bindings>
      <transitions>
        <transition id="8b6823ec-dc24-4c12-a1fc-ee79d874303f">
          <annotation></annotation>
          <name>success</name>
          <command>NEXT</command>
          <linkMode>false</linkMode>
          <responseSymbol>success</responseSymbol>
          <shouldHandoff>false</shouldHandoff>
          <transitionValue>0.0</transitionValue>
          <destination>
            <refId>40b7b243-1d64-4be4-aad1-3cb434709aac</refId>
          </destination>
          <source>
            <refId>5d44ce79-1dda-47ff-94b9-f2d75b4e17e5</refId>
          </source>
          <positions>
            <point>
              <x>57.0</x>
              <y>466.0</y>
            </point>
            <point>
              <x>220.0</x>
              <y>463.0</y>
            </point>
          </positions>
          <labelPosition>
            <x>333.0</x>
            <y>0.0</y>
          </labelPosition>
        </transition>
        <transition id="830c5e1e-ce9e-4b24-b3cd-5c129c1cb746">
          <annotation></annotation>
          <name>failure</name>
          <command>NEXT</command>
          <linkMode>false</linkMode>
          <responseSymbol>failure</responseSymbol>
          <shouldHandoff>false</shouldHandoff>
          <transitionValue>0.0</transitionValue>
          <destination>
            <refId>6e2e1091-c43d-4393-96d7-825b6f462f02</refId>
          </destination>
          <source>
            <refId>5d44ce79-1dda-47ff-94b9-f2d75b4e17e5</refId>
          </source>
          <positions>
            <point>
              <x>242.0</x>
              <y>345.0</y>
            </point>
            <point>
              <x>226.0</x>
              <y>187.0</y>
            </point>
          </positions>
          <labelPosition>
            <x>333.0</x>
            <y>0.0</y>
          </labelPosition>
        </transition>
      </transitions>
      <properties/>
      <opRef>
        <refId>3715ef3b-19d4-4c69-92b9-446f9577ccb3</refId>
      </opRef>
      <assignments>
        <flowVariableAssignment id="2d23b70e-15cb-42fb-9161-3cbcee973d39">
          <annotation></annotation>
          <name>assignment</name>
          <action>OVERWRITE</action>
          <assignmentTargetType>FLOW_VARIABLE</assignmentTargetType>
          <contextKey>percentCompleted</contextKey>
          <expression id="486cdc6e-9db8-4062-b15d-fee37c4b9848">
            <annotation></annotation>
            <name>Result Field: percentComplete</name>
            <fieldName>percentComplete</fieldName>
            <sourceType>RAWRESULT</sourceType>
            <filters/>
          </expression>
        </flowVariableAssignment>
        <flowVariableAssignment id="783cd81d-e387-462e-b5d2-337dd8b346cf">
          <annotation></annotation>
          <name>assignment</name>
          <action>OVERWRITE</action>
          <assignmentTargetType>FLOW_VARIABLE</assignmentTargetType>
          <contextKey>status</contextKey>
          <expression id="1b70e345-66ba-4277-89a3-b3cc4ce1494b">
            <annotation></annotation>
            <name>Result Field: status.enumValue</name>
            <fieldName>status.enumValue</fieldName>
            <sourceType>RAWRESULT</sourceType>
            <filters/>
          </expression>
        </flowVariableAssignment>
      </assignments>
      <throttleSize>0</throttleSize>
    </step>
  </steps>
  <startSteps>7a10aaa3-0128-46fb-985b-354b71126712</startSteps>
</flow>