<?xml version="1.0" encoding="UTF-8"?>
<flow id="52f4275e-bde9-4435-9725-fc76a232a4b1">
  <annotation>52f4275e-bde9-4435-9725-fc76a232a4b1.description</annotation>
  <name>vCenter_Remove_VM</name>
  <categories/>
  <inputs>
    <userInputBinding id="59d6e321-1003-4460-b5df-ad557f3bc78e">
      <annotation></annotation>
      <toContextKey>vmName</toContextKey>
      <fromContextKey>vmName</fromContextKey>
      <assignFromContext>true</assignFromContext>
      <assignToContext>true</assignToContext>
      <inputType>STRING</inputType>
      <isList>false</isList>
      <required>true</required>
      <isPersisted>true</isPersisted>
      <inputSymbol>vmName</inputSymbol>
      <listDelimiter>,</listDelimiter>
      <record>false</record>
      <prompt></prompt>
      <isMultiSelect>false</isMultiSelect>
      <sourceDelimiter>|</sourceDelimiter>
    </userInputBinding>
    <userInputBinding id="413ccebb-ede0-4680-94ef-34890f4698af">
      <annotation></annotation>
      <assignFromContext>true</assignFromContext>
      <assignToContext>true</assignToContext>
      <inputType>OBJECT</inputType>
      <isList>false</isList>
      <required>true</required>
      <isPersisted>true</isPersisted>
      <inputSymbol>host</inputSymbol>
      <listDelimiter>,</listDelimiter>
      <record>false</record>
      <prompt></prompt>
      <isMultiSelect>false</isMultiSelect>
      <sourceDelimiter>|</sourceDelimiter>
    </userInputBinding>
    <userInputBinding id="d3e0389a-7c6e-4be2-af3a-f8d1b7b21932">
      <annotation></annotation>
      <assignFromContext>true</assignFromContext>
      <assignToContext>true</assignToContext>
      <inputType>OBJECT</inputType>
      <isList>false</isList>
      <required>true</required>
      <isPersisted>true</isPersisted>
      <inputSymbol>user</inputSymbol>
      <listDelimiter>,</listDelimiter>
      <record>false</record>
      <prompt></prompt>
      <isMultiSelect>false</isMultiSelect>
      <sourceDelimiter>|</sourceDelimiter>
    </userInputBinding>
    <userInputBinding id="096165c9-c547-4901-a9e5-1e2976dcbe69">
      <annotation></annotation>
      <assignFromContext>true</assignFromContext>
      <assignToContext>true</assignToContext>
      <inputType>ENCRYPTED</inputType>
      <isList>false</isList>
      <required>true</required>
      <isPersisted>true</isPersisted>
      <inputSymbol>password</inputSymbol>
      <listDelimiter>,</listDelimiter>
      <record>false</record>
      <prompt></prompt>
      <isMultiSelect>false</isMultiSelect>
      <sourceDelimiter>|</sourceDelimiter>
    </userInputBinding>
    <staticBinding id="7123bc58-d7d4-46b3-9788-18feeff384ba">
      <annotation></annotation>
      <assignFromContext>true</assignFromContext>
      <assignToContext>true</assignToContext>
      <inputType>STRING</inputType>
      <isList>false</isList>
      <required>false</required>
      <isPersisted>true</isPersisted>
      <inputSymbol>hostSystem</inputSymbol>
      <listDelimiter>,</listDelimiter>
      <value></value>
      <record>false</record>
    </staticBinding>
    <userInputBinding id="ac763ce5-4246-4df7-86b2-cacfe68f9202">
      <annotation></annotation>
      <assignFromContext>true</assignFromContext>
      <assignToContext>true</assignToContext>
      <inputType>STRING</inputType>
      <isList>false</isList>
      <required>true</required>
      <isPersisted>true</isPersisted>
      <inputSymbol>vmDatacenter</inputSymbol>
      <listDelimiter>,</listDelimiter>
      <record>false</record>
      <prompt></prompt>
      <isMultiSelect>false</isMultiSelect>
      <sourceDelimiter>|</sourceDelimiter>
    </userInputBinding>
    <userInputBinding id="f0ff61fd-9ba1-4f7d-b340-fc8bc7cd08b5">
      <annotation></annotation>
      <assignFromContext>true</assignFromContext>
      <assignToContext>true</assignToContext>
      <inputType>STRING</inputType>
      <isList>false</isList>
      <required>true</required>
      <isPersisted>true</isPersisted>
      <inputSymbol>port</inputSymbol>
      <listDelimiter>,</listDelimiter>
      <record>false</record>
      <prompt></prompt>
      <isMultiSelect>false</isMultiSelect>
      <sourceDelimiter>|</sourceDelimiter>
    </userInputBinding>
    <userInputBinding id="8779d9f9-fbdd-46e9-9179-e8f01f02a864">
      <annotation></annotation>
      <assignFromContext>true</assignFromContext>
      <assignToContext>true</assignToContext>
      <inputType>STRING</inputType>
      <isList>false</isList>
      <required>true</required>
      <isPersisted>true</isPersisted>
      <inputSymbol>protocol</inputSymbol>
      <listDelimiter>,</listDelimiter>
      <record>false</record>
      <prompt></prompt>
      <isMultiSelect>false</isMultiSelect>
      <sourceDelimiter>|</sourceDelimiter>
    </userInputBinding>
  </inputs>
  <scriptlet id="37375ed9-cba8-4163-afb2-3d8d22c773f4">
    <annotation></annotation>
    <name>Operation vCenter_Remove_VM (52f4275e-bde9-4435-9725-fc76a232a4b1)</name>
    <type>RHINO</type>
  </scriptlet>
  <possibleResponses>
    <opResponse id="b879237e-ed96-4bbf-9861-0425e1d2236d">
      <annotation></annotation>
      <name>failure</name>
      <isDefault>false</isDefault>
      <onFailure>true</onFailure>
      <type>ERROR</type>
      <matchRules/>
    </opResponse>
    <opResponse id="1197f7ec-17ae-455a-89d2-e4e73a1b34e6">
      <annotation></annotation>
      <name>success</name>
      <isDefault>true</isDefault>
      <onFailure>false</onFailure>
      <type>RESOLVED</type>
      <matchRules/>
    </opResponse>
  </possibleResponses>
  <availableResultExpressions/>
  <resultExpression id="4ec19e37-8010-45f7-8707-240020f929ef">
    <annotation></annotation>
    <name>FailureMessage</name>
    <fieldName>FailureMessage</fieldName>
    <sourceType>RAWRESULT</sourceType>
    <filters/>
  </resultExpression>
  <iconSpec id="b9d12706-90db-4e90-826c-ad599988f206">
    <baseIcon>flow.png</baseIcon>
    <basePath>System</basePath>
    <readOnly>false</readOnly>
    <layers/>
  </iconSpec>
  <callouts/>
  <checkPointFlow>true</checkPointFlow>
  <compatibleRuntimeContext>false</compatibleRuntimeContext>
  <historyCheckPointFlow>true</historyCheckPointFlow>
  <steps>
    <step id="360d4ae0-6018-47a7-a4ad-ea502e0ded7f">
      <annotation>52f4275e-bde9-4435-9725-fc76a232a4b1.360d4ae0-6018-47a7-a4ad-ea502e0ded7f.description</annotation>
      <name>Get Virtual Machine</name>
      <bounds>
        <x>186.0</x>
        <y>176.0</y>
      </bounds>
      <layer>-1</layer>
      <hideInbound>false</hideInbound>
      <addResultToRunContext>false</addResultToRunContext>
      <isCriticalStep>false</isCriticalStep>
      <isNonBlocking>false</isNonBlocking>
      <isParallelStep>false</isParallelStep>
      <isSingleResponse>false</isSingleResponse>
      <recordInHistory>false</recordInHistory>
      <recordRawOutput>true</recordRawOutput>
      <recordPrimaryOutput>true</recordPrimaryOutput>
      <checkPointStep>true</checkPointStep>
      <historyCheckPointStep>true</historyCheckPointStep>
      <scriptResultStep>false</scriptResultStep>
      <userPrompt></userPrompt>
      <bindings>
        <staticBinding id="089e24a8-4d2d-4748-ae98-bb0dcb13f080">
          <annotation></annotation>
          <toContextKey></toContextKey>
          <assignFromContext>true</assignFromContext>
          <assignToContext>true</assignToContext>
          <inputType>STRING</inputType>
          <isList>false</isList>
          <required>true</required>
          <isPersisted>true</isPersisted>
          <inputSymbol>host</inputSymbol>
          <listDelimiter>,</listDelimiter>
          <value></value>
          <record>false</record>
        </staticBinding>
        <staticBinding id="2306bb4e-7e4f-4f20-bb52-8787bf32c4e7">
          <annotation></annotation>
          <toContextKey></toContextKey>
          <assignFromContext>true</assignFromContext>
          <assignToContext>true</assignToContext>
          <inputType>STRING</inputType>
          <isList>false</isList>
          <required>false</required>
          <isPersisted>true</isPersisted>
          <inputSymbol>user</inputSymbol>
          <listDelimiter>,</listDelimiter>
          <value></value>
          <record>false</record>
        </staticBinding>
        <staticBinding id="0242cb52-a24c-49b1-a06d-38bfa5f322e6">
          <annotation></annotation>
          <toContextKey></toContextKey>
          <assignFromContext>true</assignFromContext>
          <assignToContext>true</assignToContext>
          <inputType>ENCRYPTED</inputType>
          <recordKey></recordKey>
          <isList>false</isList>
          <required>true</required>
          <isPersisted>false</isPersisted>
          <inputSymbol>password</inputSymbol>
          <listDelimiter>,</listDelimiter>
          <value></value>
          <record>false</record>
        </staticBinding>
        <staticBinding id="8680ca1e-8850-4899-a6f3-cf2b857abbe0">
          <annotation></annotation>
          <toContextKey></toContextKey>
          <fromContextKey></fromContextKey>
          <assignFromContext>true</assignFromContext>
          <assignToContext>true</assignToContext>
          <inputType>STRING</inputType>
          <isList>false</isList>
          <required>true</required>
          <isPersisted>true</isPersisted>
          <inputSymbol>port</inputSymbol>
          <listDelimiter>,</listDelimiter>
          <value></value>
          <record>false</record>
        </staticBinding>
        <staticBinding id="260fee1c-0784-457d-8c42-cd3208da439c">
          <annotation></annotation>
          <toContextKey></toContextKey>
          <fromContextKey></fromContextKey>
          <assignFromContext>true</assignFromContext>
          <assignToContext>true</assignToContext>
          <inputType>STRING</inputType>
          <isList>false</isList>
          <required>true</required>
          <isPersisted>true</isPersisted>
          <inputSymbol>protocol</inputSymbol>
          <listDelimiter>,</listDelimiter>
          <value></value>
          <record>false</record>
        </staticBinding>
        <staticBinding id="69189159-7829-4937-862c-5a2dfcc342e6">
          <annotation></annotation>
          <assignFromContext>true</assignFromContext>
          <assignToContext>true</assignToContext>
          <inputType>STRING</inputType>
          <isList>false</isList>
          <required>true</required>
          <isPersisted>true</isPersisted>
          <inputSymbol>closeSession</inputSymbol>
          <listDelimiter>,</listDelimiter>
          <value>false</value>
          <record>false</record>
        </staticBinding>
        <staticBinding id="6fb223ac-37c9-4a6a-baeb-e8f8d4c92e9e">
          <annotation></annotation>
          <toContextKey></toContextKey>
          <fromContextKey></fromContextKey>
          <assignFromContext>true</assignFromContext>
          <assignToContext>true</assignToContext>
          <inputType>STRING</inputType>
          <isList>false</isList>
          <required>false</required>
          <isPersisted>true</isPersisted>
          <inputSymbol>vmDatacenter</inputSymbol>
          <listDelimiter>,</listDelimiter>
          <value></value>
          <record>false</record>
        </staticBinding>
        <staticBinding id="693d7d10-256e-4aa7-82e6-ad41262d051e">
          <annotation></annotation>
          <assignFromContext>true</assignFromContext>
          <assignToContext>true</assignToContext>
          <inputType>STRING</inputType>
          <isList>false</isList>
          <required>false</required>
          <isPersisted>true</isPersisted>
          <inputSymbol>hostSystem</inputSymbol>
          <listDelimiter>,</listDelimiter>
          <value></value>
          <record>false</record>
        </staticBinding>
        <staticBinding id="1d12ac7b-29f2-4482-ac3b-9f582b40ba03">
          <annotation></annotation>
          <toContextKey></toContextKey>
          <fromContextKey></fromContextKey>
          <assignFromContext>true</assignFromContext>
          <assignToContext>true</assignToContext>
          <inputType>STRING</inputType>
          <isList>false</isList>
          <required>false</required>
          <isPersisted>true</isPersisted>
          <inputSymbol>vmIdentifierType</inputSymbol>
          <listDelimiter>,</listDelimiter>
          <value>NAME</value>
          <record>false</record>
        </staticBinding>
        <userInputBinding id="b60ee601-36a6-40a5-9c7e-f6ffb05bfaa2">
          <annotation></annotation>
          <assignFromContext>true</assignFromContext>
          <assignToContext>true</assignToContext>
          <inputType>STRING</inputType>
          <isList>false</isList>
          <required>false</required>
          <isPersisted>true</isPersisted>
          <inputSymbol>vmName</inputSymbol>
          <listDelimiter>,</listDelimiter>
          <record>false</record>
          <prompt></prompt>
          <isMultiSelect>false</isMultiSelect>
          <sourceDelimiter>|</sourceDelimiter>
        </userInputBinding>
        <userInputBinding id="ec1c2d1c-0cc0-46d9-b9f8-3ec5bcd121a0">
          <annotation></annotation>
          <toContextKey></toContextKey>
          <fromContextKey>vmName</fromContextKey>
          <assignFromContext>true</assignFromContext>
          <assignToContext>true</assignToContext>
          <inputType>STRING</inputType>
          <isList>false</isList>
          <required>false</required>
          <isPersisted>true</isPersisted>
          <inputSymbol>virtualMachine</inputSymbol>
          <listDelimiter>,</listDelimiter>
          <record>false</record>
          <prompt></prompt>
          <isMultiSelect>false</isMultiSelect>
          <sourceDelimiter>|</sourceDelimiter>
        </userInputBinding>
        <staticBinding id="aa1d318a-1745-450d-a94d-de1b6d444a9a">
          <annotation></annotation>
          <assignFromContext>true</assignFromContext>
          <assignToContext>true</assignToContext>
          <inputType>STRING</inputType>
          <isList>false</isList>
          <required>true</required>
          <isPersisted>true</isPersisted>
          <inputSymbol>getDetailed</inputSymbol>
          <listDelimiter>,</listDelimiter>
          <value></value>
          <record>false</record>
        </staticBinding>
      </bindings>
      <transitions>
        <transition id="7363a6c9-5f63-4e9d-9d82-36dad27122ac">
          <annotation></annotation>
          <name>failure</name>
          <command>NEXT</command>
          <linkMode>false</linkMode>
          <responseSymbol>failure</responseSymbol>
          <shouldHandoff>false</shouldHandoff>
          <transitionValue>0.0</transitionValue>
          <destination>
            <refId>db5b86e9-3261-4e89-aa9c-f3966b5f92bf</refId>
          </destination>
          <source>
            <refId>360d4ae0-6018-47a7-a4ad-ea502e0ded7f</refId>
          </source>
          <positions>
            <point>
              <x>248.0</x>
              <y>236.06666666666666</y>
            </point>
            <point>
              <x>271.0</x>
              <y>290.0</y>
            </point>
            <point>
              <x>365.0</x>
              <y>364.0</y>
            </point>
            <point>
              <x>459.0</x>
              <y>399.0</y>
            </point>
          </positions>
          <labelPosition>
            <x>463.53027858838493</x>
            <y>29.319425579329238</y>
          </labelPosition>
        </transition>
        <transition id="3983a0e6-d6db-4433-acb7-36a5edeff684">
          <annotation></annotation>
          <name>no more</name>
          <command>NEXT</command>
          <linkMode>false</linkMode>
          <responseSymbol>no more</responseSymbol>
          <shouldHandoff>false</shouldHandoff>
          <transitionValue>0.0</transitionValue>
          <destination>
            <refId>db5b86e9-3261-4e89-aa9c-f3966b5f92bf</refId>
          </destination>
          <source>
            <refId>360d4ae0-6018-47a7-a4ad-ea502e0ded7f</refId>
          </source>
          <positions>
            <point>
              <x>236.0</x>
              <y>210.0</y>
            </point>
            <point>
              <x>237.0</x>
              <y>384.0</y>
            </point>
          </positions>
          <labelPosition>
            <x>333.0</x>
            <y>0.0</y>
          </labelPosition>
        </transition>
        <transition id="5e453b86-0424-4165-a3ae-4b0465ef65c7">
          <annotation></annotation>
          <name>success</name>
          <command>NEXT</command>
          <linkMode>false</linkMode>
          <responseSymbol>success</responseSymbol>
          <shouldHandoff>false</shouldHandoff>
          <transitionValue>0.0</transitionValue>
          <destination>
            <refId>0d0a16a9-056d-415b-b3b3-98a89244d571</refId>
          </destination>
          <source>
            <refId>360d4ae0-6018-47a7-a4ad-ea502e0ded7f</refId>
          </source>
          <positions>
            <point>
              <x>236.0</x>
              <y>210.0</y>
            </point>
            <point>
              <x>458.0</x>
              <y>212.0</y>
            </point>
          </positions>
          <labelPosition>
            <x>333.0</x>
            <y>0.0</y>
          </labelPosition>
        </transition>
      </transitions>
      <properties/>
      <opRef>
        <refId>a7b8a2c3-99a3-47a7-99e2-6e6d5988c060</refId>
      </opRef>
      <assignments>
        <flowVariableAssignment id="e38adce7-c0aa-4f02-a233-6e9ce840a85f">
          <annotation></annotation>
          <name>assignment</name>
          <action>OVERWRITE</action>
          <assignmentTargetType>FLOW_VARIABLE</assignmentTargetType>
          <contextKey>vmId</contextKey>
          <expression id="0cb4c69a-1db4-427e-825c-9653816faca9">
            <annotation></annotation>
            <name>Result Field: returnResult</name>
            <fieldName>returnResult</fieldName>
            <sourceType>RAWRESULT</sourceType>
            <filters/>
          </expression>
        </flowVariableAssignment>
      </assignments>
      <throttleSize>0</throttleSize>
    </step>
    <returnStep id="db5b86e9-3261-4e89-aa9c-f3966b5f92bf">
      <annotation></annotation>
      <name>Error : failure</name>
      <bounds>
        <x>409.0</x>
        <y>349.0</y>
      </bounds>
      <layer>-1</layer>
      <hideInbound>false</hideInbound>
      <addResultToRunContext>false</addResultToRunContext>
      <isCriticalStep>false</isCriticalStep>
      <isNonBlocking>false</isNonBlocking>
      <isParallelStep>false</isParallelStep>
      <isSingleResponse>false</isSingleResponse>
      <recordInHistory>false</recordInHistory>
      <recordRawOutput>true</recordRawOutput>
      <recordPrimaryOutput>true</recordPrimaryOutput>
      <checkPointStep>true</checkPointStep>
      <historyCheckPointStep>true</historyCheckPointStep>
      <scriptResultStep>false</scriptResultStep>
      <userPrompt></userPrompt>
      <bindings/>
      <transitions>
        <transition id="e5fe05df-df5c-4055-bace-a35c762bef46">
          <annotation></annotation>
          <name>return</name>
          <command>NEXT</command>
          <linkMode>false</linkMode>
          <responseSymbol>failure</responseSymbol>
          <shouldHandoff>false</shouldHandoff>
          <transitionValue>0.0</transitionValue>
          <destination>
            <refId>db5b86e9-3261-4e89-aa9c-f3966b5f92bf</refId>
          </destination>
          <source>
            <refId>db5b86e9-3261-4e89-aa9c-f3966b5f92bf</refId>
          </source>
          <positions/>
        </transition>
      </transitions>
      <properties/>
      <returnStepType>ERROR</returnStepType>
      <assignments/>
    </returnStep>
    <step id="24d14fb9-72d3-4ece-adbe-1f6b48e9e388">
      <annotation>52f4275e-bde9-4435-9725-fc76a232a4b1.24d14fb9-72d3-4ece-adbe-1f6b48e9e388.description</annotation>
      <name>Destroy Object</name>
      <bounds>
        <x>578.0</x>
        <y>177.0</y>
      </bounds>
      <layer>-1</layer>
      <hideInbound>false</hideInbound>
      <addResultToRunContext>false</addResultToRunContext>
      <isCriticalStep>false</isCriticalStep>
      <isNonBlocking>false</isNonBlocking>
      <isParallelStep>false</isParallelStep>
      <isSingleResponse>false</isSingleResponse>
      <recordInHistory>false</recordInHistory>
      <recordRawOutput>true</recordRawOutput>
      <recordPrimaryOutput>true</recordPrimaryOutput>
      <checkPointStep>true</checkPointStep>
      <historyCheckPointStep>true</historyCheckPointStep>
      <scriptResultStep>false</scriptResultStep>
      <userPrompt></userPrompt>
      <bindings>
        <staticBinding id="ba54cd51-25e1-4eb5-a3f0-93228e870ffe">
          <annotation></annotation>
          <toContextKey></toContextKey>
          <assignFromContext>true</assignFromContext>
          <assignToContext>true</assignToContext>
          <inputType>STRING</inputType>
          <isList>false</isList>
          <required>true</required>
          <isPersisted>true</isPersisted>
          <inputSymbol>host</inputSymbol>
          <listDelimiter>,</listDelimiter>
          <value></value>
          <record>false</record>
        </staticBinding>
        <staticBinding id="46798da0-0a2c-4d79-a91a-733c96190bdb">
          <annotation></annotation>
          <toContextKey></toContextKey>
          <assignFromContext>true</assignFromContext>
          <assignToContext>true</assignToContext>
          <inputType>STRING</inputType>
          <isList>false</isList>
          <required>true</required>
          <isPersisted>true</isPersisted>
          <inputSymbol>user</inputSymbol>
          <listDelimiter>,</listDelimiter>
          <value></value>
          <record>false</record>
        </staticBinding>
        <staticBinding id="63aa09eb-32cf-4b51-9fff-f0e563e02f65">
          <annotation></annotation>
          <toContextKey></toContextKey>
          <assignFromContext>true</assignFromContext>
          <assignToContext>true</assignToContext>
          <inputType>ENCRYPTED</inputType>
          <isList>false</isList>
          <required>true</required>
          <isPersisted>true</isPersisted>
          <inputSymbol>password</inputSymbol>
          <listDelimiter>,</listDelimiter>
          <value></value>
          <record>false</record>
        </staticBinding>
        <staticBinding id="7d8ad5d4-5657-41f9-975e-0f2726cf789f">
          <annotation></annotation>
          <toContextKey></toContextKey>
          <fromContextKey></fromContextKey>
          <assignFromContext>true</assignFromContext>
          <assignToContext>true</assignToContext>
          <inputType>STRING</inputType>
          <isList>false</isList>
          <required>true</required>
          <isPersisted>true</isPersisted>
          <inputSymbol>port</inputSymbol>
          <listDelimiter>,</listDelimiter>
          <value></value>
          <record>false</record>
        </staticBinding>
        <staticBinding id="8fc37c39-3483-4e2d-98d6-5694ae84d394">
          <annotation></annotation>
          <toContextKey></toContextKey>
          <fromContextKey></fromContextKey>
          <assignFromContext>true</assignFromContext>
          <assignToContext>true</assignToContext>
          <inputType>STRING</inputType>
          <isList>false</isList>
          <required>true</required>
          <isPersisted>true</isPersisted>
          <inputSymbol>protocol</inputSymbol>
          <listDelimiter>,</listDelimiter>
          <value></value>
          <record>false</record>
        </staticBinding>
        <staticBinding id="ace59c3c-0d00-49e0-9c30-245cf39bc4b9">
          <annotation></annotation>
          <assignFromContext>true</assignFromContext>
          <assignToContext>true</assignToContext>
          <inputType>STRING</inputType>
          <isList>false</isList>
          <required>true</required>
          <isPersisted>true</isPersisted>
          <inputSymbol>closeSession</inputSymbol>
          <listDelimiter>,</listDelimiter>
          <value>True</value>
          <record>false</record>
        </staticBinding>
        <staticBinding id="7a95ec16-2636-41d9-926d-6b168f8c15b3">
          <annotation></annotation>
          <toContextKey></toContextKey>
          <fromContextKey></fromContextKey>
          <assignFromContext>true</assignFromContext>
          <assignToContext>true</assignToContext>
          <inputType>STRING</inputType>
          <isList>false</isList>
          <required>true</required>
          <isPersisted>true</isPersisted>
          <inputSymbol>async</inputSymbol>
          <listDelimiter>,</listDelimiter>
          <value>False</value>
          <record>false</record>
        </staticBinding>
        <staticBinding id="b20a8a32-4725-45e3-9da6-dae1401b2ee3">
          <annotation></annotation>
          <toContextKey></toContextKey>
          <fromContextKey></fromContextKey>
          <assignFromContext>true</assignFromContext>
          <assignToContext>true</assignToContext>
          <inputType>STRING</inputType>
          <isList>false</isList>
          <required>false</required>
          <isPersisted>true</isPersisted>
          <inputSymbol>taskTimeOut</inputSymbol>
          <listDelimiter>,</listDelimiter>
          <value>4800000</value>
          <record>false</record>
        </staticBinding>
        <staticBinding id="a2de2a5a-3f51-423c-92c6-860c685afbf1">
          <annotation></annotation>
          <toContextKey></toContextKey>
          <fromContextKey></fromContextKey>
          <assignFromContext>true</assignFromContext>
          <assignToContext>true</assignToContext>
          <inputType>STRING</inputType>
          <isList>false</isList>
          <required>true</required>
          <isPersisted>true</isPersisted>
          <inputSymbol>propsRootObjType</inputSymbol>
          <listDelimiter>,</listDelimiter>
          <value>VirtualMachine</value>
          <record>false</record>
        </staticBinding>
        <userInputBinding id="ab2a07d8-5dbe-4812-be06-8c618d3a865d">
          <annotation></annotation>
          <toContextKey></toContextKey>
          <fromContextKey>vmId</fromContextKey>
          <assignFromContext>true</assignFromContext>
          <assignToContext>true</assignToContext>
          <inputType>STRING</inputType>
          <isList>false</isList>
          <required>true</required>
          <isPersisted>true</isPersisted>
          <inputSymbol>propsRootObj</inputSymbol>
          <listDelimiter>,</listDelimiter>
          <record>false</record>
          <prompt></prompt>
          <isMultiSelect>false</isMultiSelect>
          <sourceDelimiter>|</sourceDelimiter>
        </userInputBinding>
      </bindings>
      <transitions>
        <transition id="0adfe1a9-4a10-4c6e-9084-79b9bdbf4d85">
          <annotation></annotation>
          <name>success</name>
          <command>NEXT</command>
          <linkMode>false</linkMode>
          <responseSymbol>success</responseSymbol>
          <shouldHandoff>false</shouldHandoff>
          <transitionValue>0.0</transitionValue>
          <destination>
            <refId>d99e85ce-0cb6-4d32-bbe7-37bfc3a42926</refId>
          </destination>
          <source>
            <refId>24d14fb9-72d3-4ece-adbe-1f6b48e9e388</refId>
          </source>
          <positions>
            <point>
              <x>451.0</x>
              <y>205.0</y>
            </point>
            <point>
              <x>453.0</x>
              <y>369.0</y>
            </point>
          </positions>
          <labelPosition>
            <x>333.0</x>
            <y>0.0</y>
          </labelPosition>
        </transition>
        <transition id="bd427057-d425-4305-ba05-9b56e80c4fb4">
          <annotation></annotation>
          <name>failure</name>
          <command>NEXT</command>
          <linkMode>false</linkMode>
          <responseSymbol>failure</responseSymbol>
          <shouldHandoff>false</shouldHandoff>
          <transitionValue>0.0</transitionValue>
          <destination>
            <refId>db5b86e9-3261-4e89-aa9c-f3966b5f92bf</refId>
          </destination>
          <source>
            <refId>24d14fb9-72d3-4ece-adbe-1f6b48e9e388</refId>
          </source>
          <positions>
            <point>
              <x>451.0</x>
              <y>205.0</y>
            </point>
            <point>
              <x>247.0</x>
              <y>387.0</y>
            </point>
          </positions>
          <labelPosition>
            <x>333.0</x>
            <y>0.0</y>
          </labelPosition>
        </transition>
      </transitions>
      <properties/>
      <opRef>
        <refId>7d631aa4-f67f-4887-9442-602fde4a964a</refId>
      </opRef>
      <assignments/>
      <throttleSize>0</throttleSize>
    </step>
    <step id="0d0a16a9-056d-415b-b3b3-98a89244d571">
      <annotation>52f4275e-bde9-4435-9725-fc76a232a4b1.0d0a16a9-056d-415b-b3b3-98a89244d571.description</annotation>
      <name>Set Power State</name>
      <bounds>
        <x>408.0</x>
        <y>178.0</y>
      </bounds>
      <layer>-1</layer>
      <hideInbound>false</hideInbound>
      <addResultToRunContext>false</addResultToRunContext>
      <isCriticalStep>false</isCriticalStep>
      <isNonBlocking>false</isNonBlocking>
      <isParallelStep>false</isParallelStep>
      <isSingleResponse>false</isSingleResponse>
      <recordInHistory>false</recordInHistory>
      <recordRawOutput>true</recordRawOutput>
      <recordPrimaryOutput>true</recordPrimaryOutput>
      <checkPointStep>true</checkPointStep>
      <historyCheckPointStep>true</historyCheckPointStep>
      <scriptResultStep>false</scriptResultStep>
      <userPrompt></userPrompt>
      <bindings>
        <staticBinding id="e83b3349-6322-4f0f-8c54-ed6291617685">
          <annotation></annotation>
          <toContextKey></toContextKey>
          <assignFromContext>true</assignFromContext>
          <assignToContext>true</assignToContext>
          <inputType>STRING</inputType>
          <isList>false</isList>
          <required>true</required>
          <isPersisted>true</isPersisted>
          <inputSymbol>host</inputSymbol>
          <listDelimiter>,</listDelimiter>
          <value></value>
          <record>false</record>
        </staticBinding>
        <staticBinding id="96ab7252-1ee4-4bab-a5b6-3580a0df3f4c">
          <annotation></annotation>
          <toContextKey></toContextKey>
          <assignFromContext>true</assignFromContext>
          <assignToContext>true</assignToContext>
          <inputType>STRING</inputType>
          <isList>false</isList>
          <required>false</required>
          <isPersisted>true</isPersisted>
          <inputSymbol>user</inputSymbol>
          <listDelimiter>,</listDelimiter>
          <value></value>
          <record>false</record>
        </staticBinding>
        <staticBinding id="ad1405fc-dc6a-45eb-9161-b6b25ba7144b">
          <annotation></annotation>
          <toContextKey></toContextKey>
          <assignFromContext>true</assignFromContext>
          <assignToContext>true</assignToContext>
          <inputType>ENCRYPTED</inputType>
          <recordKey></recordKey>
          <isList>false</isList>
          <required>true</required>
          <isPersisted>false</isPersisted>
          <inputSymbol>password</inputSymbol>
          <listDelimiter>,</listDelimiter>
          <value></value>
          <record>false</record>
        </staticBinding>
        <staticBinding id="4d4b5f9b-d3f1-4542-8790-ff5f9d295302">
          <annotation></annotation>
          <toContextKey></toContextKey>
          <fromContextKey></fromContextKey>
          <assignFromContext>true</assignFromContext>
          <assignToContext>true</assignToContext>
          <inputType>STRING</inputType>
          <isList>false</isList>
          <required>true</required>
          <isPersisted>true</isPersisted>
          <inputSymbol>port</inputSymbol>
          <listDelimiter>,</listDelimiter>
          <value></value>
          <record>false</record>
        </staticBinding>
        <staticBinding id="ea6b4211-00f8-4d80-b474-3e3aa64af1ad">
          <annotation></annotation>
          <toContextKey></toContextKey>
          <fromContextKey></fromContextKey>
          <assignFromContext>true</assignFromContext>
          <assignToContext>true</assignToContext>
          <inputType>STRING</inputType>
          <isList>false</isList>
          <required>true</required>
          <isPersisted>true</isPersisted>
          <inputSymbol>protocol</inputSymbol>
          <listDelimiter>,</listDelimiter>
          <value></value>
          <record>false</record>
        </staticBinding>
        <staticBinding id="ca115534-a174-471d-b988-35659bea8992">
          <annotation></annotation>
          <assignFromContext>true</assignFromContext>
          <assignToContext>true</assignToContext>
          <inputType>STRING</inputType>
          <isList>false</isList>
          <required>true</required>
          <isPersisted>true</isPersisted>
          <inputSymbol>closeSession</inputSymbol>
          <listDelimiter>,</listDelimiter>
          <value>False</value>
          <record>false</record>
        </staticBinding>
        <staticBinding id="8add3c18-b91b-4b6a-acc2-f50e03fe628e">
          <annotation></annotation>
          <toContextKey></toContextKey>
          <fromContextKey></fromContextKey>
          <assignFromContext>true</assignFromContext>
          <assignToContext>true</assignToContext>
          <inputType>STRING</inputType>
          <isList>false</isList>
          <required>true</required>
          <isPersisted>true</isPersisted>
          <inputSymbol>async</inputSymbol>
          <listDelimiter>,</listDelimiter>
          <value>False</value>
          <record>false</record>
        </staticBinding>
        <staticBinding id="9a4bf202-8fb2-4913-9388-a2c54b36ee9e">
          <annotation></annotation>
          <toContextKey></toContextKey>
          <fromContextKey></fromContextKey>
          <assignFromContext>true</assignFromContext>
          <assignToContext>true</assignToContext>
          <inputType>STRING</inputType>
          <isList>false</isList>
          <required>false</required>
          <isPersisted>true</isPersisted>
          <inputSymbol>taskTimeOut</inputSymbol>
          <listDelimiter>,</listDelimiter>
          <value>4800000</value>
          <record>false</record>
        </staticBinding>
        <staticBinding id="bcda489f-2f74-4b7b-ac7a-caf2433a86d9">
          <annotation></annotation>
          <toContextKey></toContextKey>
          <fromContextKey></fromContextKey>
          <assignFromContext>false</assignFromContext>
          <assignToContext>true</assignToContext>
          <inputType>STRING</inputType>
          <isList>false</isList>
          <required>true</required>
          <isPersisted>true</isPersisted>
          <inputSymbol>vmIdentifierType</inputSymbol>
          <listDelimiter>,</listDelimiter>
          <value>NAME</value>
          <record>false</record>
        </staticBinding>
        <userInputBinding id="8982e520-e785-47b2-a814-1fac9f6e6aac">
          <annotation></annotation>
          <toContextKey></toContextKey>
          <fromContextKey>vmName</fromContextKey>
          <assignFromContext>true</assignFromContext>
          <assignToContext>true</assignToContext>
          <inputType>STRING</inputType>
          <isList>false</isList>
          <required>true</required>
          <isPersisted>true</isPersisted>
          <inputSymbol>virtualMachine</inputSymbol>
          <listDelimiter>,</listDelimiter>
          <record>false</record>
          <prompt>52f4275e-bde9-4435-9725-fc76a232a4b1.8982e520-e785-47b2-a814-1fac9f6e6aac.prompt</prompt>
          <isMultiSelect>false</isMultiSelect>
          <sourceDelimiter>|</sourceDelimiter>
        </userInputBinding>
        <staticBinding id="ec791d9b-cb7b-4598-ab10-9578784e3b1b">
          <annotation></annotation>
          <toContextKey></toContextKey>
          <fromContextKey></fromContextKey>
          <assignFromContext>true</assignFromContext>
          <assignToContext>true</assignToContext>
          <inputType>STRING</inputType>
          <isList>false</isList>
          <required>true</required>
          <isPersisted>true</isPersisted>
          <inputSymbol>vmPowerState</inputSymbol>
          <listDelimiter>,</listDelimiter>
          <value>poweredOff</value>
          <record>false</record>
        </staticBinding>
      </bindings>
      <transitions>
        <transition id="5fdf5933-7280-4891-af1f-ce176fe035b7">
          <annotation></annotation>
          <name>success</name>
          <command>NEXT</command>
          <linkMode>false</linkMode>
          <responseSymbol>success</responseSymbol>
          <shouldHandoff>false</shouldHandoff>
          <transitionValue>0.0</transitionValue>
          <destination>
            <refId>24d14fb9-72d3-4ece-adbe-1f6b48e9e388</refId>
          </destination>
          <source>
            <refId>0d0a16a9-056d-415b-b3b3-98a89244d571</refId>
          </source>
          <positions>
            <point>
              <x>458.0</x>
              <y>212.0</y>
            </point>
            <point>
              <x>633.0</x>
              <y>233.0</y>
            </point>
          </positions>
          <labelPosition>
            <x>495.0339602052284</x>
            <y>3.314367605726518</y>
          </labelPosition>
        </transition>
        <transition id="4437653f-803f-40f7-ba89-7124efa5889f">
          <annotation></annotation>
          <name>failure</name>
          <command>NEXT</command>
          <linkMode>false</linkMode>
          <responseSymbol>failure</responseSymbol>
          <shouldHandoff>false</shouldHandoff>
          <transitionValue>0.0</transitionValue>
          <destination>
            <refId>db5b86e9-3261-4e89-aa9c-f3966b5f92bf</refId>
          </destination>
          <source>
            <refId>0d0a16a9-056d-415b-b3b3-98a89244d571</refId>
          </source>
          <positions>
            <point>
              <x>458.0</x>
              <y>212.0</y>
            </point>
            <point>
              <x>237.0</x>
              <y>384.0</y>
            </point>
          </positions>
          <labelPosition>
            <x>333.0</x>
            <y>0.0</y>
          </labelPosition>
        </transition>
        <transition id="942791c7-9da6-47e9-9c86-0d68ee50782e">
          <annotation></annotation>
          <name>no action</name>
          <command>NEXT</command>
          <linkMode>false</linkMode>
          <responseSymbol>no action</responseSymbol>
          <shouldHandoff>false</shouldHandoff>
          <transitionValue>0.0</transitionValue>
          <destination>
            <refId>24d14fb9-72d3-4ece-adbe-1f6b48e9e388</refId>
          </destination>
          <source>
            <refId>0d0a16a9-056d-415b-b3b3-98a89244d571</refId>
          </source>
          <positions>
            <point>
              <x>462.0</x>
              <y>215.4418604651163</y>
            </point>
            <point>
              <x>518.0</x>
              <y>256.0</y>
            </point>
            <point>
              <x>553.0</x>
              <y>253.0</y>
            </point>
            <point>
              <x>628.0</x>
              <y>227.0</y>
            </point>
          </positions>
          <labelPosition>
            <x>418.1506217630561</x>
            <y>22.28897640901966</y>
          </labelPosition>
        </transition>
      </transitions>
      <properties/>
      <opRef>
        <refId>4168aefd-81bd-4703-a759-5c22ef67e5da</refId>
      </opRef>
      <assignments/>
      <throttleSize>0</throttleSize>
    </step>
    <returnStep id="d99e85ce-0cb6-4d32-bbe7-37bfc3a42926">
      <annotation></annotation>
      <name>Resolved : success</name>
      <bounds>
        <x>740.0</x>
        <y>177.0</y>
      </bounds>
      <layer>-1</layer>
      <hideInbound>false</hideInbound>
      <addResultToRunContext>false</addResultToRunContext>
      <isCriticalStep>false</isCriticalStep>
      <isNonBlocking>false</isNonBlocking>
      <isParallelStep>false</isParallelStep>
      <isSingleResponse>false</isSingleResponse>
      <recordInHistory>false</recordInHistory>
      <recordRawOutput>true</recordRawOutput>
      <recordPrimaryOutput>true</recordPrimaryOutput>
      <checkPointStep>true</checkPointStep>
      <historyCheckPointStep>true</historyCheckPointStep>
      <scriptResultStep>false</scriptResultStep>
      <userPrompt></userPrompt>
      <bindings/>
      <transitions>
        <transition id="48d6f72d-3f90-4b72-9690-6078af0cd315">
          <annotation></annotation>
          <name>return</name>
          <command>NEXT</command>
          <linkMode>false</linkMode>
          <responseSymbol>success</responseSymbol>
          <shouldHandoff>false</shouldHandoff>
          <transitionValue>0.0</transitionValue>
          <destination>
            <refId>d99e85ce-0cb6-4d32-bbe7-37bfc3a42926</refId>
          </destination>
          <source>
            <refId>d99e85ce-0cb6-4d32-bbe7-37bfc3a42926</refId>
          </source>
          <positions/>
        </transition>
      </transitions>
      <properties/>
      <returnStepType>RESOLVED</returnStepType>
      <assignments/>
    </returnStep>
  </steps>
  <startSteps>360d4ae0-6018-47a7-a4ad-ea502e0ded7f</startSteps>
</flow>