<?xml version="1.0" encoding="UTF-8"?>
<flow id="cf84e265-0c16-4061-ab32-e86f6e3794a6">
  <annotation></annotation>
  <name>DB_GetIDListByStatus</name>
  <categories/>
  <inputs>
    <staticBinding id="83c848c5-5164-41cb-a131-2c669a0b40f3">
      <annotation></annotation>
      <assignFromContext>true</assignFromContext>
      <assignToContext>true</assignToContext>
      <inputType>STRING</inputType>
      <isList>false</isList>
      <required>true</required>
      <isPersisted>true</isPersisted>
      <inputSymbol>db.getidlist.status</inputSymbol>
      <listDelimiter>,</listDelimiter>
      <value>01_REQUESTED</value>
      <record>false</record>
    </staticBinding>
  </inputs>
  <scriptlet id="44ea2f88-41b5-416d-b46c-dc4a10bff6e2">
    <annotation></annotation>
    <name>Operation DB_GetIDListByStatus (cf84e265-0c16-4061-ab32-e86f6e3794a6)</name>
    <type>RHINO</type>
  </scriptlet>
  <possibleResponses>
    <opResponse id="8f4eaafe-719a-4f90-adf9-3e592be94736">
      <annotation></annotation>
      <name>success</name>
      <isDefault>true</isDefault>
      <onFailure>false</onFailure>
      <type>RESOLVED</type>
      <matchRules/>
    </opResponse>
    <opResponse id="5de7df6e-4e64-46f3-b7b3-48926a0f58df">
      <annotation></annotation>
      <name>failure</name>
      <isDefault>false</isDefault>
      <onFailure>true</onFailure>
      <type>ERROR</type>
      <matchRules/>
    </opResponse>
  </possibleResponses>
  <availableResultExpressions/>
  <resultExpression id="15b41d3b-b7c9-4883-a041-bfd8093e123f">
    <annotation></annotation>
    <name>FailureMessage</name>
    <fieldName>FailureMessage</fieldName>
    <sourceType>RAWRESULT</sourceType>
    <filters/>
  </resultExpression>
  <iconSpec id="e70ccc95-6a71-47a6-8dca-1910ca082b1b">
    <baseIcon>flow.png</baseIcon>
    <basePath>System</basePath>
    <readOnly>false</readOnly>
    <layers/>
  </iconSpec>
  <callouts/>
  <checkPointFlow>true</checkPointFlow>
  <compatibleRuntimeContext>false</compatibleRuntimeContext>
  <historyCheckPointFlow>true</historyCheckPointFlow>
  <steps>
    <step id="5a9a11f7-8af7-4e86-be51-82491feef6e8">
      <annotation>cf84e265-0c16-4061-ab32-e86f6e3794a6.5a9a11f7-8af7-4e86-be51-82491feef6e8.description</annotation>
      <name>Reset Result</name>
      <bounds>
        <x>221.0</x>
        <y>380.0</y>
      </bounds>
      <layer>-1</layer>
      <hideInbound>false</hideInbound>
      <addResultToRunContext>false</addResultToRunContext>
      <isCriticalStep>false</isCriticalStep>
      <isNonBlocking>false</isNonBlocking>
      <isParallelStep>false</isParallelStep>
      <isSingleResponse>false</isSingleResponse>
      <recordInHistory>false</recordInHistory>
      <recordRawOutput>true</recordRawOutput>
      <recordPrimaryOutput>true</recordPrimaryOutput>
      <checkPointStep>true</checkPointStep>
      <historyCheckPointStep>true</historyCheckPointStep>
      <scriptResultStep>false</scriptResultStep>
      <userPrompt></userPrompt>
      <bindings>
        <staticBinding id="45b8573a-522b-4675-84c7-5d58dc2d6a3a">
          <annotation></annotation>
          <assignFromContext>true</assignFromContext>
          <assignToContext>true</assignToContext>
          <inputType>STRING</inputType>
          <isList>false</isList>
          <required>false</required>
          <isPersisted>true</isPersisted>
          <inputSymbol>field3</inputSymbol>
          <listDelimiter>,</listDelimiter>
          <value>PARAMS</value>
          <record>false</record>
        </staticBinding>
        <staticBinding id="22d437c7-4b58-45f4-9dc1-29e4616f40fb">
          <annotation></annotation>
          <assignFromContext>true</assignFromContext>
          <assignToContext>true</assignToContext>
          <inputType>STRING</inputType>
          <isList>false</isList>
          <required>false</required>
          <isPersisted>true</isPersisted>
          <inputSymbol>field4</inputSymbol>
          <listDelimiter>,</listDelimiter>
          <value></value>
          <record>false</record>
        </staticBinding>
        <staticBinding id="de83027f-612b-403a-bd24-172ba3314cae">
          <annotation></annotation>
          <toContextKey></toContextKey>
          <fromContextKey></fromContextKey>
          <assignFromContext>false</assignFromContext>
          <assignToContext>false</assignToContext>
          <inputType>STRING</inputType>
          <recordKey></recordKey>
          <isList>false</isList>
          <required>false</required>
          <isPersisted>true</isPersisted>
          <inputSymbol>Field_2</inputSymbol>
          <listDelimiter></listDelimiter>
          <value>${field2}</value>
          <record>false</record>
        </staticBinding>
        <staticBinding id="93185b6a-e964-488c-84ac-8d3cbf866614">
          <annotation></annotation>
          <toContextKey></toContextKey>
          <fromContextKey></fromContextKey>
          <assignFromContext>false</assignFromContext>
          <assignToContext>false</assignToContext>
          <inputType>STRING</inputType>
          <recordKey></recordKey>
          <isList>false</isList>
          <required>false</required>
          <isPersisted>true</isPersisted>
          <inputSymbol>Field_4</inputSymbol>
          <listDelimiter></listDelimiter>
          <value>${field4}</value>
          <record>false</record>
        </staticBinding>
        <staticBinding id="d406ba2a-d7a1-4fc5-b2b9-ab1828e54d25">
          <annotation></annotation>
          <toContextKey></toContextKey>
          <fromContextKey></fromContextKey>
          <assignFromContext>false</assignFromContext>
          <assignToContext>false</assignToContext>
          <inputType>STRING</inputType>
          <recordKey></recordKey>
          <isList>false</isList>
          <required>false</required>
          <isPersisted>true</isPersisted>
          <inputSymbol>Field_3</inputSymbol>
          <listDelimiter></listDelimiter>
          <value>${field3}</value>
          <record>false</record>
        </staticBinding>
        <staticBinding id="05b558b1-6fa3-4507-ad3a-0c3256e857c5">
          <annotation></annotation>
          <toContextKey></toContextKey>
          <fromContextKey></fromContextKey>
          <assignFromContext>false</assignFromContext>
          <assignToContext>false</assignToContext>
          <inputType>STRING</inputType>
          <recordKey></recordKey>
          <isList>false</isList>
          <required>false</required>
          <isPersisted>true</isPersisted>
          <inputSymbol>Field_1</inputSymbol>
          <listDelimiter></listDelimiter>
          <value>${field1}</value>
          <record>false</record>
        </staticBinding>
      </bindings>
      <transitions>
        <transition id="0bd71dc7-ddbb-481f-8550-9a91eadf650d">
          <annotation></annotation>
          <name>success</name>
          <command>NEXT</command>
          <linkMode>false</linkMode>
          <responseSymbol>success</responseSymbol>
          <shouldHandoff>false</shouldHandoff>
          <transitionValue>0.0</transitionValue>
          <destination>
            <refId>5837d261-7ebb-4ea2-bcb5-72a9268bdf55</refId>
          </destination>
          <source>
            <refId>5a9a11f7-8af7-4e86-be51-82491feef6e8</refId>
          </source>
          <positions>
            <point>
              <x>123.0</x>
              <y>237.0</y>
            </point>
            <point>
              <x>478.0</x>
              <y>243.0</y>
            </point>
          </positions>
          <labelPosition>
            <x>333.0</x>
            <y>0.0</y>
          </labelPosition>
        </transition>
      </transitions>
      <properties/>
      <opRef>
        <refId>ddd79f22-8b1e-4605-88d5-d912bb2da2b9</refId>
      </opRef>
      <assignments>
        <flowVariableAssignment id="3f8b246d-914b-40d1-ae80-9a764bb13ff4">
          <annotation></annotation>
          <name>assignment</name>
          <action>OVERWRITE</action>
          <assignmentTargetType>FLOW_VARIABLE</assignmentTargetType>
          <contextKey>query_result</contextKey>
          <expression id="2682ed88-ab6e-46b0-a2a8-0cce78d89bb1">
            <annotation></annotation>
            <name>Input: field3</name>
            <fieldName>field3</fieldName>
            <sourceType>INPUT</sourceType>
            <filters/>
          </expression>
        </flowVariableAssignment>
      </assignments>
      <throttleSize>0</throttleSize>
    </step>
    <step id="6ce37cc7-397c-4536-b09b-4f4d0bf41ff9">
      <annotation>cf84e265-0c16-4061-ab32-e86f6e3794a6.6ce37cc7-397c-4536-b09b-4f4d0bf41ff9.description</annotation>
      <name>Append CSASVCUUID to List</name>
      <bounds>
        <x>221.0</x>
        <y>25.0</y>
      </bounds>
      <layer>-1</layer>
      <hideInbound>false</hideInbound>
      <addResultToRunContext>false</addResultToRunContext>
      <isCriticalStep>false</isCriticalStep>
      <isNonBlocking>false</isNonBlocking>
      <isParallelStep>false</isParallelStep>
      <isSingleResponse>false</isSingleResponse>
      <recordInHistory>false</recordInHistory>
      <recordRawOutput>true</recordRawOutput>
      <recordPrimaryOutput>true</recordPrimaryOutput>
      <checkPointStep>true</checkPointStep>
      <historyCheckPointStep>true</historyCheckPointStep>
      <scriptResultStep>false</scriptResultStep>
      <userPrompt></userPrompt>
      <bindings>
        <staticBinding id="cf72bb80-46fa-4436-84a0-780b0dfe0d4a">
          <annotation></annotation>
          <assignFromContext>false</assignFromContext>
          <assignToContext>false</assignToContext>
          <inputType>STRING</inputType>
          <isList>false</isList>
          <required>true</required>
          <isPersisted>true</isPersisted>
          <inputSymbol>keyName</inputSymbol>
          <listDelimiter>,</listDelimiter>
          <value>query_result</value>
          <record>false</record>
        </staticBinding>
        <resultBinding id="5a4b0846-633c-4d97-933b-b46ebdfabbab">
          <annotation></annotation>
          <assignFromContext>false</assignFromContext>
          <assignToContext>false</assignToContext>
          <inputType>STRING</inputType>
          <isList>false</isList>
          <required>true</required>
          <isPersisted>true</isPersisted>
          <inputSymbol>resultText</inputSymbol>
          <listDelimiter>,</listDelimiter>
          <record>false</record>
        </resultBinding>
        <staticBinding id="34544c09-a020-460d-ac17-e62a489c1a66">
          <annotation></annotation>
          <assignFromContext>false</assignFromContext>
          <assignToContext>false</assignToContext>
          <inputType>STRING</inputType>
          <isList>false</isList>
          <required>false</required>
          <isPersisted>true</isPersisted>
          <inputSymbol>delimiter</inputSymbol>
          <listDelimiter>,</listDelimiter>
          <value>|</value>
          <record>false</record>
        </staticBinding>
      </bindings>
      <transitions>
        <transition id="2fb2ca29-a383-4d23-a791-b43374d0b38a">
          <annotation></annotation>
          <name>success</name>
          <command>NEXT</command>
          <linkMode>false</linkMode>
          <responseSymbol>success</responseSymbol>
          <shouldHandoff>false</shouldHandoff>
          <transitionValue>0.0</transitionValue>
          <destination>
            <refId>5837d261-7ebb-4ea2-bcb5-72a9268bdf55</refId>
          </destination>
          <source>
            <refId>6ce37cc7-397c-4536-b09b-4f4d0bf41ff9</refId>
          </source>
          <positions>
            <point>
              <x>475.0</x>
              <y>240.0</y>
            </point>
            <point>
              <x>278.0</x>
              <y>236.0</y>
            </point>
          </positions>
          <labelPosition>
            <x>333.0</x>
            <y>0.0</y>
          </labelPosition>
        </transition>
      </transitions>
      <properties/>
      <opRef>
        <refId>f6e6cb22-1802-4fca-9f9b-4c699c486aa6</refId>
      </opRef>
      <assignments/>
      <throttleSize>0</throttleSize>
    </step>
    <returnStep id="4235f5a5-1191-4683-bf13-e8e41ac5d45e">
      <annotation></annotation>
      <name>Error : failure</name>
      <bounds>
        <x>66.0</x>
        <y>200.0</y>
      </bounds>
      <layer>-1</layer>
      <hideInbound>false</hideInbound>
      <addResultToRunContext>false</addResultToRunContext>
      <isCriticalStep>false</isCriticalStep>
      <isNonBlocking>false</isNonBlocking>
      <isParallelStep>false</isParallelStep>
      <isSingleResponse>false</isSingleResponse>
      <recordInHistory>false</recordInHistory>
      <recordRawOutput>true</recordRawOutput>
      <recordPrimaryOutput>true</recordPrimaryOutput>
      <checkPointStep>true</checkPointStep>
      <historyCheckPointStep>true</historyCheckPointStep>
      <scriptResultStep>false</scriptResultStep>
      <userPrompt></userPrompt>
      <bindings/>
      <transitions>
        <transition id="4825dda9-f17d-4365-9487-99105b32f1a2">
          <annotation></annotation>
          <name>return</name>
          <command>NEXT</command>
          <linkMode>false</linkMode>
          <responseSymbol>failure</responseSymbol>
          <shouldHandoff>false</shouldHandoff>
          <transitionValue>0.0</transitionValue>
          <destination>
            <refId>4235f5a5-1191-4683-bf13-e8e41ac5d45e</refId>
          </destination>
          <source>
            <refId>4235f5a5-1191-4683-bf13-e8e41ac5d45e</refId>
          </source>
          <positions/>
        </transition>
      </transitions>
      <properties/>
      <returnStepType>ERROR</returnStepType>
      <assignments/>
    </returnStep>
    <step id="5837d261-7ebb-4ea2-bcb5-72a9268bdf55">
      <annotation>cf84e265-0c16-4061-ab32-e86f6e3794a6.5837d261-7ebb-4ea2-bcb5-72a9268bdf55.description</annotation>
      <name>TNS Names SQL Query</name>
      <bounds>
        <x>221.0</x>
        <y>200.0</y>
      </bounds>
      <layer>-1</layer>
      <hideInbound>false</hideInbound>
      <addResultToRunContext>false</addResultToRunContext>
      <isCriticalStep>false</isCriticalStep>
      <isNonBlocking>false</isNonBlocking>
      <isParallelStep>false</isParallelStep>
      <isSingleResponse>false</isSingleResponse>
      <recordInHistory>false</recordInHistory>
      <recordRawOutput>true</recordRawOutput>
      <recordPrimaryOutput>true</recordPrimaryOutput>
      <checkPointStep>true</checkPointStep>
      <historyCheckPointStep>true</historyCheckPointStep>
      <scriptResultStep>false</scriptResultStep>
      <userPrompt></userPrompt>
      <bindings>
        <staticBinding id="a2016209-c8a8-46ef-8871-fa5e76f1bedf">
          <annotation></annotation>
          <toContextKey></toContextKey>
          <fromContextKey></fromContextKey>
          <assignFromContext>false</assignFromContext>
          <assignToContext>false</assignToContext>
          <inputType>STRING</inputType>
          <isList>false</isList>
          <required>true</required>
          <isPersisted>true</isPersisted>
          <inputSymbol>TNSPath</inputSymbol>
          <listDelimiter>,</listDelimiter>
          <value>${pc.infradb.tns.path}</value>
          <record>false</record>
        </staticBinding>
        <staticBinding id="a128aaa6-17a9-432a-8843-7dc91e661a19">
          <annotation></annotation>
          <toContextKey></toContextKey>
          <fromContextKey></fromContextKey>
          <assignFromContext>false</assignFromContext>
          <assignToContext>false</assignToContext>
          <inputType>STRING</inputType>
          <isList>false</isList>
          <required>true</required>
          <isPersisted>true</isPersisted>
          <inputSymbol>TNSEntry</inputSymbol>
          <listDelimiter>,</listDelimiter>
          <value>${pc.infradb.tns.entry}</value>
          <record>false</record>
        </staticBinding>
        <identityBinding id="c2fe247a-276a-45d5-a995-418176540957">
          <annotation></annotation>
          <toContextKey></toContextKey>
          <fromContextKey></fromContextKey>
          <assignFromContext>false</assignFromContext>
          <assignToContext>false</assignToContext>
          <inputType>ENCRYPTED</inputType>
          <isList>false</isList>
          <required>true</required>
          <isPersisted>true</isPersisted>
          <inputSymbol>Username</inputSymbol>
          <listDelimiter>,</listDelimiter>
          <record>false</record>
          <link>
            <refId>881ee06f-89ad-4af6-a00d-06654eadccaa</refId>
            <refName>pc.infradb</refName>
          </link>
          <identityAttribute>USERNAME</identityAttribute>
        </identityBinding>
        <identityBinding id="a6c036f0-2dcc-4521-92a5-6e5554c0d6c7">
          <annotation></annotation>
          <toContextKey></toContextKey>
          <fromContextKey></fromContextKey>
          <assignFromContext>false</assignFromContext>
          <assignToContext>false</assignToContext>
          <inputType>ENCRYPTED</inputType>
          <isList>false</isList>
          <required>true</required>
          <isPersisted>true</isPersisted>
          <inputSymbol>Password</inputSymbol>
          <listDelimiter>,</listDelimiter>
          <record>false</record>
          <link>
            <refId>881ee06f-89ad-4af6-a00d-06654eadccaa</refId>
            <refName>pc.infradb</refName>
          </link>
          <identityAttribute>PASSWORD</identityAttribute>
        </identityBinding>
        <staticBinding id="3630e857-5185-4660-9002-5b41a2f6cf36">
          <annotation></annotation>
          <toContextKey></toContextKey>
          <fromContextKey></fromContextKey>
          <assignFromContext>false</assignFromContext>
          <assignToContext>false</assignToContext>
          <inputType>STRING</inputType>
          <isList>false</isList>
          <required>true</required>
          <isPersisted>true</isPersisted>
          <inputSymbol>Command</inputSymbol>
          <listDelimiter>,</listDelimiter>
          <value>SELECT CSASVCUUID FROM SERVER WHERE STATUS =&apos;${db.getidlist.status}&apos;</value>
          <record>false</record>
        </staticBinding>
        <staticBinding id="1d7910e5-306c-423f-9344-a8a2dd1bd513">
          <annotation></annotation>
          <toContextKey></toContextKey>
          <fromContextKey></fromContextKey>
          <assignFromContext>false</assignFromContext>
          <assignToContext>false</assignToContext>
          <inputType>STRING</inputType>
          <isList>false</isList>
          <required>true</required>
          <isPersisted>true</isPersisted>
          <inputSymbol>Delimiter</inputSymbol>
          <listDelimiter>,</listDelimiter>
          <value>&lt;&gt;</value>
          <record>false</record>
        </staticBinding>
        <staticBinding id="49252783-5a92-4d8b-af57-ed94970afd4d">
          <annotation></annotation>
          <toContextKey></toContextKey>
          <fromContextKey></fromContextKey>
          <assignFromContext>false</assignFromContext>
          <assignToContext>false</assignToContext>
          <inputType>STRING</inputType>
          <isList>false</isList>
          <required>true</required>
          <isPersisted>true</isPersisted>
          <inputSymbol>Key</inputSymbol>
          <listDelimiter>,</listDelimiter>
          <value>[]</value>
          <record>false</record>
        </staticBinding>
      </bindings>
      <transitions>
        <transition id="dcf64c18-21e6-4796-85cc-a03a2bf8c08b">
          <annotation></annotation>
          <name>failure</name>
          <command>NEXT</command>
          <linkMode>false</linkMode>
          <responseSymbol>failure</responseSymbol>
          <shouldHandoff>false</shouldHandoff>
          <transitionValue>0.0</transitionValue>
          <destination>
            <refId>4235f5a5-1191-4683-bf13-e8e41ac5d45e</refId>
          </destination>
          <source>
            <refId>5837d261-7ebb-4ea2-bcb5-72a9268bdf55</refId>
          </source>
          <positions>
            <point>
              <x>478.0</x>
              <y>243.0</y>
            </point>
            <point>
              <x>277.0</x>
              <y>85.0</y>
            </point>
          </positions>
          <labelPosition>
            <x>333.0</x>
            <y>0.0</y>
          </labelPosition>
        </transition>
        <transition id="63e56d16-0336-4284-8017-7b7b1c1ced22">
          <annotation></annotation>
          <name>more items</name>
          <command>NEXT</command>
          <linkMode>false</linkMode>
          <responseSymbol>more items</responseSymbol>
          <shouldHandoff>false</shouldHandoff>
          <transitionValue>0.0</transitionValue>
          <destination>
            <refId>6ce37cc7-397c-4536-b09b-4f4d0bf41ff9</refId>
          </destination>
          <source>
            <refId>5837d261-7ebb-4ea2-bcb5-72a9268bdf55</refId>
          </source>
          <positions>
            <point>
              <x>478.0</x>
              <y>243.0</y>
            </point>
            <point>
              <x>606.0</x>
              <y>252.0</y>
            </point>
          </positions>
          <labelPosition>
            <x>333.0</x>
            <y>0.0</y>
          </labelPosition>
        </transition>
        <transition id="cd90cb1b-34e3-4eb7-9ae5-2ab15b7be0d6">
          <annotation></annotation>
          <name>no more items</name>
          <command>NEXT</command>
          <linkMode>false</linkMode>
          <responseSymbol>no more items</responseSymbol>
          <shouldHandoff>false</shouldHandoff>
          <transitionValue>0.0</transitionValue>
          <destination>
            <refId>67eca689-7e23-4110-a180-a1ffdc88ab6e</refId>
          </destination>
          <source>
            <refId>5837d261-7ebb-4ea2-bcb5-72a9268bdf55</refId>
          </source>
          <positions>
            <point>
              <x>278.0</x>
              <y>236.0</y>
            </point>
            <point>
              <x>204.0</x>
              <y>388.0</y>
            </point>
          </positions>
          <labelPosition>
            <x>333.0</x>
            <y>0.0</y>
          </labelPosition>
        </transition>
      </transitions>
      <properties/>
      <opRef>
        <refId>e17253d4-82a9-4b5d-a524-97fcf6d693e8</refId>
      </opRef>
      <assignments/>
      <throttleSize>0</throttleSize>
    </step>
    <returnStep id="7e3478c7-6a84-4b96-b450-5181a4b4009d">
      <annotation></annotation>
      <name>Resolved : success</name>
      <bounds>
        <x>546.0</x>
        <y>200.0</y>
      </bounds>
      <layer>-1</layer>
      <hideInbound>false</hideInbound>
      <addResultToRunContext>false</addResultToRunContext>
      <isCriticalStep>false</isCriticalStep>
      <isNonBlocking>false</isNonBlocking>
      <isParallelStep>false</isParallelStep>
      <isSingleResponse>false</isSingleResponse>
      <recordInHistory>false</recordInHistory>
      <recordRawOutput>true</recordRawOutput>
      <recordPrimaryOutput>true</recordPrimaryOutput>
      <checkPointStep>true</checkPointStep>
      <historyCheckPointStep>true</historyCheckPointStep>
      <scriptResultStep>false</scriptResultStep>
      <userPrompt></userPrompt>
      <bindings/>
      <transitions>
        <transition id="8681c12b-6c01-42b6-9588-e789e079ab57">
          <annotation></annotation>
          <name>return</name>
          <command>NEXT</command>
          <linkMode>false</linkMode>
          <responseSymbol>success</responseSymbol>
          <shouldHandoff>false</shouldHandoff>
          <transitionValue>0.0</transitionValue>
          <destination>
            <refId>7e3478c7-6a84-4b96-b450-5181a4b4009d</refId>
          </destination>
          <source>
            <refId>7e3478c7-6a84-4b96-b450-5181a4b4009d</refId>
          </source>
          <positions/>
        </transition>
      </transitions>
      <properties/>
      <returnStepType>RESOLVED</returnStepType>
      <assignments/>
    </returnStep>
    <step id="67eca689-7e23-4110-a180-a1ffdc88ab6e">
      <annotation>cf84e265-0c16-4061-ab32-e86f6e3794a6.67eca689-7e23-4110-a180-a1ffdc88ab6e.description</annotation>
      <name>Set query_result as Flow Output</name>
      <bounds>
        <x>364.0</x>
        <y>200.0</y>
      </bounds>
      <layer>-1</layer>
      <hideInbound>false</hideInbound>
      <addResultToRunContext>false</addResultToRunContext>
      <isCriticalStep>false</isCriticalStep>
      <isNonBlocking>false</isNonBlocking>
      <isParallelStep>false</isParallelStep>
      <isSingleResponse>false</isSingleResponse>
      <recordInHistory>false</recordInHistory>
      <recordRawOutput>true</recordRawOutput>
      <recordPrimaryOutput>true</recordPrimaryOutput>
      <checkPointStep>true</checkPointStep>
      <historyCheckPointStep>true</historyCheckPointStep>
      <scriptResultStep>false</scriptResultStep>
      <userPrompt></userPrompt>
      <bindings>
        <staticBinding id="7713d465-0f80-404c-8159-c181a9df018d">
          <annotation></annotation>
          <toContextKey>query_result</toContextKey>
          <fromContextKey>query_result</fromContextKey>
          <assignFromContext>true</assignFromContext>
          <assignToContext>true</assignToContext>
          <inputType>STRING</inputType>
          <isList>false</isList>
          <required>false</required>
          <isPersisted>true</isPersisted>
          <inputSymbol>field1</inputSymbol>
          <listDelimiter>,</listDelimiter>
          <value>${query_result}</value>
          <record>false</record>
        </staticBinding>
        <staticBinding id="04e26afb-2cc7-40ba-8efd-02fd66b6d619">
          <annotation></annotation>
          <assignFromContext>true</assignFromContext>
          <assignToContext>true</assignToContext>
          <inputType>STRING</inputType>
          <isList>false</isList>
          <required>false</required>
          <isPersisted>true</isPersisted>
          <inputSymbol>field2</inputSymbol>
          <listDelimiter>,</listDelimiter>
          <value></value>
          <record>false</record>
        </staticBinding>
        <staticBinding id="277ad34f-d828-4bb9-b88a-52fd13f27cc2">
          <annotation></annotation>
          <assignFromContext>true</assignFromContext>
          <assignToContext>true</assignToContext>
          <inputType>STRING</inputType>
          <isList>false</isList>
          <required>false</required>
          <isPersisted>true</isPersisted>
          <inputSymbol>field3</inputSymbol>
          <listDelimiter>,</listDelimiter>
          <value></value>
          <record>false</record>
        </staticBinding>
        <staticBinding id="6850f180-37f6-4455-bc26-74c52534fa97">
          <annotation></annotation>
          <assignFromContext>true</assignFromContext>
          <assignToContext>true</assignToContext>
          <inputType>STRING</inputType>
          <isList>false</isList>
          <required>false</required>
          <isPersisted>true</isPersisted>
          <inputSymbol>field4</inputSymbol>
          <listDelimiter>,</listDelimiter>
          <value></value>
          <record>false</record>
        </staticBinding>
        <staticBinding id="f5caa136-9959-4831-8fed-3b67872ecc52">
          <annotation></annotation>
          <toContextKey></toContextKey>
          <fromContextKey></fromContextKey>
          <assignFromContext>false</assignFromContext>
          <assignToContext>false</assignToContext>
          <inputType>STRING</inputType>
          <recordKey></recordKey>
          <isList>false</isList>
          <required>false</required>
          <isPersisted>true</isPersisted>
          <inputSymbol>Field_2</inputSymbol>
          <listDelimiter></listDelimiter>
          <value>${field2}</value>
          <record>false</record>
        </staticBinding>
        <staticBinding id="44371b3d-3936-457b-a227-bd978aa1d9cd">
          <annotation></annotation>
          <toContextKey></toContextKey>
          <fromContextKey></fromContextKey>
          <assignFromContext>false</assignFromContext>
          <assignToContext>false</assignToContext>
          <inputType>STRING</inputType>
          <recordKey></recordKey>
          <isList>false</isList>
          <required>false</required>
          <isPersisted>true</isPersisted>
          <inputSymbol>Field_4</inputSymbol>
          <listDelimiter></listDelimiter>
          <value>${field4}</value>
          <record>false</record>
        </staticBinding>
        <staticBinding id="7a2142e6-a0d3-4f2e-a457-ab3d07b860ba">
          <annotation></annotation>
          <toContextKey></toContextKey>
          <fromContextKey></fromContextKey>
          <assignFromContext>false</assignFromContext>
          <assignToContext>false</assignToContext>
          <inputType>STRING</inputType>
          <recordKey></recordKey>
          <isList>false</isList>
          <required>false</required>
          <isPersisted>true</isPersisted>
          <inputSymbol>Field_3</inputSymbol>
          <listDelimiter></listDelimiter>
          <value>${field3}</value>
          <record>false</record>
        </staticBinding>
        <staticBinding id="bfab5267-682a-4d58-a255-c6878ef6f65d">
          <annotation></annotation>
          <toContextKey></toContextKey>
          <fromContextKey></fromContextKey>
          <assignFromContext>false</assignFromContext>
          <assignToContext>false</assignToContext>
          <inputType>STRING</inputType>
          <recordKey></recordKey>
          <isList>false</isList>
          <required>false</required>
          <isPersisted>true</isPersisted>
          <inputSymbol>Field_1</inputSymbol>
          <listDelimiter></listDelimiter>
          <value>${field1}</value>
          <record>false</record>
        </staticBinding>
      </bindings>
      <transitions>
        <transition id="a14dc0eb-23c6-4b87-9b44-05da8c2ad39f">
          <annotation></annotation>
          <name>success</name>
          <command>NEXT</command>
          <linkMode>false</linkMode>
          <responseSymbol>success</responseSymbol>
          <shouldHandoff>false</shouldHandoff>
          <transitionValue>0.0</transitionValue>
          <destination>
            <refId>7e3478c7-6a84-4b96-b450-5181a4b4009d</refId>
          </destination>
          <source>
            <refId>67eca689-7e23-4110-a180-a1ffdc88ab6e</refId>
          </source>
          <positions>
            <point>
              <x>204.0</x>
              <y>388.0</y>
            </point>
            <point>
              <x>278.0</x>
              <y>539.0</y>
            </point>
          </positions>
          <labelPosition>
            <x>333.0</x>
            <y>0.0</y>
          </labelPosition>
        </transition>
      </transitions>
      <properties/>
      <opRef>
        <refId>ddd79f22-8b1e-4605-88d5-d912bb2da2b9</refId>
      </opRef>
      <assignments>
        <flowVariableAssignment id="7b09c87e-9415-4100-b75b-ce9bbeb41c3f">
          <annotation></annotation>
          <name>assignment</name>
          <action>OVERWRITE</action>
          <assignmentTargetType>FLOW_OUTPUT_FIELD</assignmentTargetType>
          <contextKey>db.getidlist.list</contextKey>
          <expression id="883ea48a-77cb-4cdd-b3bf-de17462a0529">
            <annotation></annotation>
            <name>Result Field: Field_1</name>
            <fieldName>Field_1</fieldName>
            <sourceType>RAWRESULT</sourceType>
            <filters>
              <replaceAllFilter id="0e52e655-807a-4b23-b936-3b64587e021c">
                <annotation></annotation>
                <name>Replace</name>
                <ignoreCase>false</ignoreCase>
                <searchString>PARAMS|</searchString>
                <replaceType>ALL</replaceType>
              </replaceAllFilter>
            </filters>
          </expression>
        </flowVariableAssignment>
      </assignments>
      <throttleSize>0</throttleSize>
    </step>
  </steps>
  <startSteps>5a9a11f7-8af7-4e86-be51-82491feef6e8</startSteps>
</flow>