<?xml version="1.0" encoding="UTF-8"?>
<flow id="4aaefc76-4d51-47e6-b78d-a82fb803a1ef">
  <annotation></annotation>
  <name>CSA_UpdateMultipleArtefactProperties</name>
  <categories/>
  <inputs>
    <staticBinding id="205fdd17-bc74-4789-bea6-323fcca901c0">
      <annotation></annotation>
      <assignFromContext>true</assignFromContext>
      <assignToContext>true</assignToContext>
      <inputType>STRING</inputType>
      <isList>false</isList>
      <required>true</required>
      <isPersisted>true</isPersisted>
      <inputSymbol>CSAID</inputSymbol>
      <listDelimiter>,</listDelimiter>
      <value>8af9809147a5487a0147c95792b456d1</value>
      <record>false</record>
    </staticBinding>
    <staticBinding id="5d54cb42-fcfc-418d-b7c9-64f1cd5c3ecd">
      <annotation></annotation>
      <assignFromContext>true</assignFromContext>
      <assignToContext>true</assignToContext>
      <inputType>STRING</inputType>
      <isList>false</isList>
      <required>true</required>
      <isPersisted>true</isPersisted>
      <inputSymbol>Properties</inputSymbol>
      <listDelimiter>,</listDelimiter>
      <value>[{&quot;name&quot;:&quot;server.1.name&quot;,&quot;value&quot;:&quot;defrpc30102&quot;,&quot;displayname&quot;:&quot;Hostname&quot;},
{&quot;name&quot;:&quot;server.1.hw.net.1.ip&quot;,&quot;value&quot;:&quot;10.191.10.75&quot;,&quot;displayname&quot;:&quot;Vlan 1 - IP address&quot;},
{&quot;name&quot;:&quot;server.1.hw.net.1.mask&quot;,&quot;value&quot;:&quot;255.255.255.0&quot;,&quot;displayname&quot;:&quot;Vlan 1 - Subnetmask&quot;},
{&quot;name&quot;:&quot;server.1.hw.net.1.gateway&quot;,&quot;value&quot;:&quot;10.191.10.254&quot;,&quot;displayname&quot;:&quot;Vlan 1 - Gateway&quot;},
{&quot;name&quot;:&quot;server.1.hw.net.2.ip&quot;,&quot;value&quot;:&quot;0.0.0.0&quot;,&quot;displayname&quot;:&quot;Vlan 2 - IP&quot;},
{&quot;name&quot;:&quot;server.1.hw.net.2.mask&quot;,&quot;value&quot;:&quot;&quot;,&quot;displayname&quot;:&quot;Vlan 2 - Subnetmask&quot;},
{&quot;name&quot;:&quot;server.1.hw.net.2.gateway&quot;,&quot;value&quot;:&quot;&quot;,&quot;displayname&quot;:&quot;Vlan 2 - Gateway&quot;},
{&quot;name&quot;:&quot;server.1.hw.net.backup.ip&quot;,&quot;value&quot;:&quot;0.0.0.0&quot;,&quot;displayname&quot;:&quot;Vlan Backup - IP&quot;},
{&quot;name&quot;:&quot;server.1.hw.net.backup.mask&quot;,&quot;value&quot;:&quot;255.255.0.0&quot;,&quot;displayname&quot;:&quot;Vlan Backup - Subnetmask&quot;},
{&quot;name&quot;:&quot;server.1.hw.net.backup.vlan&quot;,&quot;value&quot;:&quot;TI11-bak-001&quot;,&quot;displayname&quot;:&quot;Vlan Backup - VlanID&quot;}
]</value>
      <record>false</record>
    </staticBinding>
  </inputs>
  <scriptlet id="03d046b8-d887-4c31-8ffd-c4b265fb9b14">
    <annotation></annotation>
    <name>Operation CSA_UpdateMultipleArtefactProperties (4aaefc76-4d51-47e6-b78d-a82fb803a1ef)</name>
    <type>RHINO</type>
  </scriptlet>
  <possibleResponses>
    <opResponse id="15bf90f6-5507-497b-b35c-b62c37f4bf9d">
      <annotation></annotation>
      <name>success</name>
      <isDefault>true</isDefault>
      <onFailure>false</onFailure>
      <type>RESOLVED</type>
      <matchRules/>
    </opResponse>
    <opResponse id="7737c490-cf3f-4ff3-8b78-23ddd8af93da">
      <annotation></annotation>
      <name>failure</name>
      <isDefault>false</isDefault>
      <onFailure>true</onFailure>
      <type>ERROR</type>
      <matchRules/>
    </opResponse>
  </possibleResponses>
  <availableResultExpressions/>
  <resultExpression id="cb753e1e-2aed-4c94-a8cd-a964d6dee294">
    <annotation></annotation>
    <name>FailureMessage</name>
    <fieldName>FailureMessage</fieldName>
    <sourceType>RAWRESULT</sourceType>
    <filters/>
  </resultExpression>
  <iconSpec id="cdb6409d-f36b-4083-9851-bb2624a97cff">
    <baseIcon>flow.png</baseIcon>
    <basePath>System</basePath>
    <readOnly>false</readOnly>
    <layers/>
  </iconSpec>
  <callouts/>
  <checkPointFlow>true</checkPointFlow>
  <compatibleRuntimeContext>false</compatibleRuntimeContext>
  <historyCheckPointFlow>true</historyCheckPointFlow>
  <steps>
    <step id="073d4336-48ce-46c2-ad12-83e0d29058fb">
      <annotation>4aaefc76-4d51-47e6-b78d-a82fb803a1ef.073d4336-48ce-46c2-ad12-83e0d29058fb.description</annotation>
      <name>Array Iterator</name>
      <bounds>
        <x>139.0</x>
        <y>4.0</y>
      </bounds>
      <layer>-1</layer>
      <hideInbound>false</hideInbound>
      <addResultToRunContext>false</addResultToRunContext>
      <isCriticalStep>false</isCriticalStep>
      <isNonBlocking>false</isNonBlocking>
      <isParallelStep>false</isParallelStep>
      <isSingleResponse>false</isSingleResponse>
      <recordInHistory>false</recordInHistory>
      <recordRawOutput>true</recordRawOutput>
      <recordPrimaryOutput>true</recordPrimaryOutput>
      <checkPointStep>true</checkPointStep>
      <historyCheckPointStep>true</historyCheckPointStep>
      <scriptResultStep>false</scriptResultStep>
      <userPrompt></userPrompt>
      <bindings>
        <staticBinding id="fedd3c80-2fe6-434d-9b79-eceb25bd10e1">
          <annotation></annotation>
          <assignFromContext>true</assignFromContext>
          <assignToContext>true</assignToContext>
          <inputType>STRING</inputType>
          <isList>false</isList>
          <required>true</required>
          <isPersisted>true</isPersisted>
          <inputSymbol>array</inputSymbol>
          <listDelimiter>,</listDelimiter>
          <value>${Properties}</value>
          <record>false</record>
        </staticBinding>
      </bindings>
      <transitions>
        <transition id="14c81b73-ee39-4945-9aa4-46dc2d7ea2e2">
          <annotation></annotation>
          <name>has more</name>
          <command>NEXT</command>
          <linkMode>false</linkMode>
          <responseSymbol>has more</responseSymbol>
          <shouldHandoff>false</shouldHandoff>
          <transitionValue>0.0</transitionValue>
          <destination>
            <refId>7bdd54dc-70c1-42e2-a696-d951bef43acc</refId>
          </destination>
          <source>
            <refId>073d4336-48ce-46c2-ad12-83e0d29058fb</refId>
          </source>
          <positions>
            <point>
              <x>131.0</x>
              <y>210.0</y>
            </point>
            <point>
              <x>138.0</x>
              <y>349.0</y>
            </point>
          </positions>
          <labelPosition>
            <x>333.0</x>
            <y>0.0</y>
          </labelPosition>
        </transition>
        <transition id="e073b727-7537-4870-afb8-1bfa02897b00">
          <annotation></annotation>
          <name>failure</name>
          <command>NEXT</command>
          <linkMode>false</linkMode>
          <responseSymbol>failure</responseSymbol>
          <shouldHandoff>false</shouldHandoff>
          <transitionValue>0.0</transitionValue>
          <destination>
            <refId>3395fd48-1d6c-408c-b62a-ab145f7bb791</refId>
          </destination>
          <source>
            <refId>073d4336-48ce-46c2-ad12-83e0d29058fb</refId>
          </source>
          <positions>
            <point>
              <x>131.0</x>
              <y>210.0</y>
            </point>
            <point>
              <x>246.0</x>
              <y>338.0</y>
            </point>
          </positions>
          <labelPosition>
            <x>333.0</x>
            <y>0.0</y>
          </labelPosition>
        </transition>
        <transition id="3e1e608a-a9f3-4202-8b51-21a27b72335f">
          <annotation></annotation>
          <name>no more</name>
          <command>NEXT</command>
          <linkMode>false</linkMode>
          <responseSymbol>no more</responseSymbol>
          <shouldHandoff>false</shouldHandoff>
          <transitionValue>0.0</transitionValue>
          <destination>
            <refId>aa021352-d4d9-4303-9f98-0217c22f463e</refId>
          </destination>
          <source>
            <refId>073d4336-48ce-46c2-ad12-83e0d29058fb</refId>
          </source>
          <positions>
            <point>
              <x>199.0</x>
              <y>209.0</y>
            </point>
            <point>
              <x>486.0</x>
              <y>213.0</y>
            </point>
          </positions>
          <labelPosition>
            <x>333.0</x>
            <y>0.0</y>
          </labelPosition>
        </transition>
      </transitions>
      <properties/>
      <opRef>
        <refId>50efc8cb-f1e7-4123-984c-979039f22f2c</refId>
      </opRef>
      <assignments>
        <flowVariableAssignment id="c4ce89ec-045f-45a8-a30e-aed6e7917909">
          <annotation></annotation>
          <name>assignment</name>
          <action>OVERWRITE</action>
          <assignmentTargetType>FLOW_VARIABLE</assignmentTargetType>
          <contextKey>item</contextKey>
          <expression id="d43d4ef9-5066-47cf-95e4-11dc9fd62788">
            <annotation></annotation>
            <name>Result Field: Result</name>
            <fieldName>Result</fieldName>
            <sourceType>RAWRESULT</sourceType>
            <filters/>
          </expression>
        </flowVariableAssignment>
      </assignments>
      <throttleSize>0</throttleSize>
    </step>
    <step id="9558aaa8-2679-4ff3-8508-86dbdb19e8b4">
      <annotation>4aaefc76-4d51-47e6-b78d-a82fb803a1ef.9558aaa8-2679-4ff3-8508-86dbdb19e8b4.description</annotation>
      <name>Type Set?</name>
      <bounds>
        <x>139.0</x>
        <y>318.0</y>
      </bounds>
      <layer>-1</layer>
      <hideInbound>false</hideInbound>
      <addResultToRunContext>false</addResultToRunContext>
      <isCriticalStep>false</isCriticalStep>
      <isNonBlocking>false</isNonBlocking>
      <isParallelStep>false</isParallelStep>
      <isSingleResponse>false</isSingleResponse>
      <recordInHistory>false</recordInHistory>
      <recordRawOutput>true</recordRawOutput>
      <recordPrimaryOutput>true</recordPrimaryOutput>
      <checkPointStep>true</checkPointStep>
      <historyCheckPointStep>true</historyCheckPointStep>
      <scriptResultStep>false</scriptResultStep>
      <userPrompt></userPrompt>
      <bindings>
        <staticBinding id="f8891b89-7486-41ad-bc31-c59c35636f27">
          <annotation></annotation>
          <assignFromContext>false</assignFromContext>
          <assignToContext>false</assignToContext>
          <inputType>STRING</inputType>
          <isList>false</isList>
          <required>true</required>
          <isPersisted>true</isPersisted>
          <inputSymbol>keyName</inputSymbol>
          <listDelimiter>,</listDelimiter>
          <value>item.type</value>
          <record>false</record>
        </staticBinding>
        <staticBinding id="1d970b4e-bc3c-4130-b737-8f1df108cc5d">
          <annotation></annotation>
          <toContextKey></toContextKey>
          <fromContextKey></fromContextKey>
          <assignFromContext>false</assignFromContext>
          <assignToContext>false</assignToContext>
          <inputType>STRING</inputType>
          <recordKey></recordKey>
          <isList>false</isList>
          <required>false</required>
          <isPersisted>true</isPersisted>
          <inputSymbol>Field_4</inputSymbol>
          <listDelimiter></listDelimiter>
          <value>${in4}</value>
          <record>false</record>
        </staticBinding>
        <staticBinding id="9747ecf5-987c-40f2-9c1b-2514eb73b625">
          <annotation></annotation>
          <toContextKey></toContextKey>
          <fromContextKey></fromContextKey>
          <assignFromContext>false</assignFromContext>
          <assignToContext>false</assignToContext>
          <inputType>STRING</inputType>
          <recordKey></recordKey>
          <isList>false</isList>
          <required>false</required>
          <isPersisted>true</isPersisted>
          <inputSymbol>Field_3</inputSymbol>
          <listDelimiter></listDelimiter>
          <value>${in3}</value>
          <record>false</record>
        </staticBinding>
        <staticBinding id="1cf83370-dccf-4fe5-b7c4-68a432220fcf">
          <annotation></annotation>
          <toContextKey></toContextKey>
          <fromContextKey></fromContextKey>
          <assignFromContext>false</assignFromContext>
          <assignToContext>false</assignToContext>
          <inputType>STRING</inputType>
          <recordKey></recordKey>
          <isList>false</isList>
          <required>false</required>
          <isPersisted>true</isPersisted>
          <inputSymbol>Field_2</inputSymbol>
          <listDelimiter></listDelimiter>
          <value>${in2}</value>
          <record>false</record>
        </staticBinding>
        <staticBinding id="bc711ec1-1ea8-45d8-9810-7f5ec8ba4f31">
          <annotation></annotation>
          <toContextKey></toContextKey>
          <fromContextKey></fromContextKey>
          <assignFromContext>false</assignFromContext>
          <assignToContext>false</assignToContext>
          <inputType>STRING</inputType>
          <recordKey></recordKey>
          <isList>false</isList>
          <required>false</required>
          <isPersisted>true</isPersisted>
          <inputSymbol>Field_1</inputSymbol>
          <listDelimiter></listDelimiter>
          <value>${keyName}</value>
          <record>false</record>
        </staticBinding>
      </bindings>
      <transitions>
        <transition id="bc41bf03-cfda-4a6c-b61d-c17df477cfea">
          <annotation></annotation>
          <name>isNull</name>
          <command>NEXT</command>
          <linkMode>false</linkMode>
          <responseSymbol>isNull</responseSymbol>
          <shouldHandoff>false</shouldHandoff>
          <transitionValue>0.0</transitionValue>
          <destination>
            <refId>0edc060f-ce49-4012-9e75-711f7d3f24a4</refId>
          </destination>
          <source>
            <refId>9558aaa8-2679-4ff3-8508-86dbdb19e8b4</refId>
          </source>
          <positions>
            <point>
              <x>201.0</x>
              <y>604.0</y>
            </point>
            <point>
              <x>200.0</x>
              <y>722.0</y>
            </point>
          </positions>
          <labelPosition>
            <x>333.0</x>
            <y>0.0</y>
          </labelPosition>
        </transition>
        <transition id="d9ab2d66-8163-47f0-b7e8-3ea5c9fbba8b">
          <annotation></annotation>
          <name>notNull</name>
          <command>NEXT</command>
          <linkMode>false</linkMode>
          <responseSymbol>notNull</responseSymbol>
          <shouldHandoff>false</shouldHandoff>
          <transitionValue>0.0</transitionValue>
          <destination>
            <refId>f5a355b1-2e9a-4e4b-a26e-e38ef34a7769</refId>
          </destination>
          <source>
            <refId>9558aaa8-2679-4ff3-8508-86dbdb19e8b4</refId>
          </source>
          <positions>
            <point>
              <x>201.0</x>
              <y>604.0</y>
            </point>
            <point>
              <x>376.0</x>
              <y>610.0</y>
            </point>
          </positions>
          <labelPosition>
            <x>333.0</x>
            <y>0.0</y>
          </labelPosition>
        </transition>
      </transitions>
      <properties/>
      <opRef>
        <refId>b9997f7f-d19c-4dc6-acc4-fa91a8644a38</refId>
      </opRef>
      <assignments/>
      <throttleSize>0</throttleSize>
    </step>
    <step id="f4e44870-7617-4c81-8b12-022e60c90a1d">
      <annotation></annotation>
      <name>CSA_UpdateArtefactProperty</name>
      <bounds>
        <x>316.0</x>
        <y>131.0</y>
      </bounds>
      <layer>-1</layer>
      <hideInbound>false</hideInbound>
      <addResultToRunContext>false</addResultToRunContext>
      <isCriticalStep>false</isCriticalStep>
      <isNonBlocking>false</isNonBlocking>
      <isParallelStep>false</isParallelStep>
      <isSingleResponse>false</isSingleResponse>
      <recordInHistory>false</recordInHistory>
      <recordRawOutput>true</recordRawOutput>
      <recordPrimaryOutput>true</recordPrimaryOutput>
      <checkPointStep>true</checkPointStep>
      <historyCheckPointStep>true</historyCheckPointStep>
      <scriptResultStep>false</scriptResultStep>
      <userPrompt></userPrompt>
      <bindings>
        <staticBinding id="8f96100a-a57d-4e98-8447-3c34c476504b">
          <annotation></annotation>
          <assignFromContext>true</assignFromContext>
          <assignToContext>false</assignToContext>
          <inputType>STRING</inputType>
          <isList>false</isList>
          <required>true</required>
          <isPersisted>true</isPersisted>
          <inputSymbol>propName</inputSymbol>
          <listDelimiter>,</listDelimiter>
          <value>${item.name}</value>
          <record>false</record>
        </staticBinding>
        <staticBinding id="108f3e6b-f87d-4681-97b0-e12a60b12cc1">
          <annotation></annotation>
          <assignFromContext>true</assignFromContext>
          <assignToContext>false</assignToContext>
          <inputType>STRING</inputType>
          <isList>false</isList>
          <required>false</required>
          <isPersisted>true</isPersisted>
          <inputSymbol>propType</inputSymbol>
          <listDelimiter>,</listDelimiter>
          <value>${item.type}</value>
          <record>false</record>
        </staticBinding>
        <staticBinding id="3a8bd407-3971-4c1b-9516-7373dd8f2dcc">
          <annotation></annotation>
          <assignFromContext>true</assignFromContext>
          <assignToContext>false</assignToContext>
          <inputType>STRING</inputType>
          <isList>false</isList>
          <required>true</required>
          <isPersisted>true</isPersisted>
          <inputSymbol>propValue</inputSymbol>
          <listDelimiter>,</listDelimiter>
          <value>${item.value}</value>
          <record>false</record>
        </staticBinding>
        <staticBinding id="ec9c6686-c852-45e5-82c9-e6cf8b42bd2b">
          <annotation></annotation>
          <assignFromContext>true</assignFromContext>
          <assignToContext>false</assignToContext>
          <inputType>STRING</inputType>
          <isList>false</isList>
          <required>false</required>
          <isPersisted>true</isPersisted>
          <inputSymbol>customerVisible</inputSymbol>
          <listDelimiter>,</listDelimiter>
          <value>${item.visible}</value>
          <record>false</record>
        </staticBinding>
        <staticBinding id="27e6fb4a-6659-449f-9dc9-9be01adc1c3c">
          <annotation></annotation>
          <assignFromContext>true</assignFromContext>
          <assignToContext>false</assignToContext>
          <inputType>STRING</inputType>
          <isList>false</isList>
          <required>true</required>
          <isPersisted>true</isPersisted>
          <inputSymbol>csasvcuuid</inputSymbol>
          <listDelimiter>,</listDelimiter>
          <value>${CSAID}</value>
          <record>false</record>
        </staticBinding>
        <staticBinding id="4239adc0-e3e2-468e-9c7e-a7b5a1540093">
          <annotation></annotation>
          <assignFromContext>true</assignFromContext>
          <assignToContext>false</assignToContext>
          <inputType>STRING</inputType>
          <isList>false</isList>
          <required>true</required>
          <isPersisted>true</isPersisted>
          <inputSymbol>displayname</inputSymbol>
          <listDelimiter>,</listDelimiter>
          <value>${item.displayname}</value>
          <record>false</record>
        </staticBinding>
      </bindings>
      <transitions>
        <transition id="fe3aa94d-9bde-445c-b975-ad41efd3d2bd">
          <annotation></annotation>
          <name>success</name>
          <command>NEXT</command>
          <linkMode>false</linkMode>
          <responseSymbol>success</responseSymbol>
          <shouldHandoff>false</shouldHandoff>
          <transitionValue>0.0</transitionValue>
          <destination>
            <refId>073d4336-48ce-46c2-ad12-83e0d29058fb</refId>
          </destination>
          <source>
            <refId>f4e44870-7617-4c81-8b12-022e60c90a1d</refId>
          </source>
          <positions>
            <point>
              <x>317.5</x>
              <y>155.0857142857143</y>
            </point>
            <point>
              <x>304.0</x>
              <y>82.0</y>
            </point>
            <point>
              <x>195.0</x>
              <y>54.0</y>
            </point>
          </positions>
          <labelPosition>
            <x>333.0</x>
            <y>0.0</y>
          </labelPosition>
        </transition>
        <transition id="d912cde3-ccd2-435a-8470-115acaac413f">
          <annotation></annotation>
          <name>failure</name>
          <command>NEXT</command>
          <linkMode>false</linkMode>
          <responseSymbol>failure</responseSymbol>
          <shouldHandoff>false</shouldHandoff>
          <transitionValue>0.0</transitionValue>
          <destination>
            <refId>073d4336-48ce-46c2-ad12-83e0d29058fb</refId>
          </destination>
          <source>
            <refId>f4e44870-7617-4c81-8b12-022e60c90a1d</refId>
          </source>
          <positions>
            <point>
              <x>372.0</x>
              <y>175.0</y>
            </point>
            <point>
              <x>195.0</x>
              <y>38.0</y>
            </point>
          </positions>
          <labelPosition>
            <x>333.0</x>
            <y>0.0</y>
          </labelPosition>
        </transition>
      </transitions>
      <properties/>
      <opRef>
        <refId>7f62af65-07d6-41ad-b715-9fd434b36a72</refId>
      </opRef>
      <assignments/>
      <throttleSize>0</throttleSize>
    </step>
    <step id="52b5978f-22e7-42c5-8c3e-83c8eda6c1df">
      <annotation>4aaefc76-4d51-47e6-b78d-a82fb803a1ef.52b5978f-22e7-42c5-8c3e-83c8eda6c1df.description</annotation>
      <name>SetVisible</name>
      <bounds>
        <x>457.0</x>
        <y>318.0</y>
      </bounds>
      <layer>-1</layer>
      <hideInbound>false</hideInbound>
      <addResultToRunContext>false</addResultToRunContext>
      <isCriticalStep>false</isCriticalStep>
      <isNonBlocking>false</isNonBlocking>
      <isParallelStep>false</isParallelStep>
      <isSingleResponse>false</isSingleResponse>
      <recordInHistory>false</recordInHistory>
      <recordRawOutput>true</recordRawOutput>
      <recordPrimaryOutput>true</recordPrimaryOutput>
      <checkPointStep>true</checkPointStep>
      <historyCheckPointStep>true</historyCheckPointStep>
      <scriptResultStep>false</scriptResultStep>
      <userPrompt></userPrompt>
      <bindings>
        <staticBinding id="2cc5844e-6d86-4494-a3a3-bbf6e86c2aed">
          <annotation></annotation>
          <assignFromContext>false</assignFromContext>
          <assignToContext>false</assignToContext>
          <inputType>STRING</inputType>
          <isList>false</isList>
          <required>true</required>
          <isPersisted>true</isPersisted>
          <inputSymbol>keyName</inputSymbol>
          <listDelimiter>,</listDelimiter>
          <value>item.visible</value>
          <record>false</record>
        </staticBinding>
        <staticBinding id="3c1e5888-2c81-4fb0-8fa7-1eaafff24dd1">
          <annotation></annotation>
          <assignFromContext>false</assignFromContext>
          <assignToContext>false</assignToContext>
          <inputType>STRING</inputType>
          <isList>false</isList>
          <required>true</required>
          <isPersisted>true</isPersisted>
          <inputSymbol>myValue</inputSymbol>
          <listDelimiter>,</listDelimiter>
          <value>true</value>
          <record>false</record>
        </staticBinding>
        <staticBinding id="227baef7-2ca5-4f3b-a21e-8372ab9d6a25">
          <annotation></annotation>
          <toContextKey></toContextKey>
          <fromContextKey></fromContextKey>
          <assignFromContext>false</assignFromContext>
          <assignToContext>false</assignToContext>
          <inputType>STRING</inputType>
          <recordKey></recordKey>
          <isList>false</isList>
          <required>false</required>
          <isPersisted>true</isPersisted>
          <inputSymbol>Field_2</inputSymbol>
          <listDelimiter></listDelimiter>
          <value>${myValue}</value>
          <record>false</record>
        </staticBinding>
        <staticBinding id="b821ab38-0c35-45b6-9d1d-cfe50b7a5ff7">
          <annotation></annotation>
          <toContextKey></toContextKey>
          <fromContextKey></fromContextKey>
          <assignFromContext>false</assignFromContext>
          <assignToContext>false</assignToContext>
          <inputType>STRING</inputType>
          <recordKey></recordKey>
          <isList>false</isList>
          <required>false</required>
          <isPersisted>true</isPersisted>
          <inputSymbol>Field_1</inputSymbol>
          <listDelimiter></listDelimiter>
          <value>${keyName}</value>
          <record>false</record>
        </staticBinding>
      </bindings>
      <transitions>
        <transition id="a9436db5-3797-424a-b880-9af3328e6e68">
          <annotation></annotation>
          <name>success</name>
          <command>NEXT</command>
          <linkMode>false</linkMode>
          <responseSymbol>success</responseSymbol>
          <shouldHandoff>false</shouldHandoff>
          <transitionValue>0.0</transitionValue>
          <destination>
            <refId>f4e44870-7617-4c81-8b12-022e60c90a1d</refId>
          </destination>
          <source>
            <refId>52b5978f-22e7-42c5-8c3e-83c8eda6c1df</refId>
          </source>
          <positions>
            <point>
              <x>383.0</x>
              <y>719.0</y>
            </point>
            <point>
              <x>474.0</x>
              <y>453.0</y>
            </point>
          </positions>
          <labelPosition>
            <x>333.0</x>
            <y>0.0</y>
          </labelPosition>
        </transition>
      </transitions>
      <properties/>
      <opRef>
        <refId>f3112e9d-ed88-47bf-be86-2f99e8541a33</refId>
      </opRef>
      <assignments/>
      <throttleSize>0</throttleSize>
    </step>
    <step id="f5a355b1-2e9a-4e4b-a26e-e38ef34a7769">
      <annotation>4aaefc76-4d51-47e6-b78d-a82fb803a1ef.f5a355b1-2e9a-4e4b-a26e-e38ef34a7769.description</annotation>
      <name>Visible Set?</name>
      <bounds>
        <x>316.0</x>
        <y>318.0</y>
      </bounds>
      <layer>-1</layer>
      <hideInbound>false</hideInbound>
      <addResultToRunContext>false</addResultToRunContext>
      <isCriticalStep>false</isCriticalStep>
      <isNonBlocking>false</isNonBlocking>
      <isParallelStep>false</isParallelStep>
      <isSingleResponse>false</isSingleResponse>
      <recordInHistory>false</recordInHistory>
      <recordRawOutput>true</recordRawOutput>
      <recordPrimaryOutput>true</recordPrimaryOutput>
      <checkPointStep>true</checkPointStep>
      <historyCheckPointStep>true</historyCheckPointStep>
      <scriptResultStep>false</scriptResultStep>
      <userPrompt></userPrompt>
      <bindings>
        <staticBinding id="8c6f99be-42a7-4be4-9d2e-8ca501fedae9">
          <annotation></annotation>
          <assignFromContext>false</assignFromContext>
          <assignToContext>false</assignToContext>
          <inputType>STRING</inputType>
          <isList>false</isList>
          <required>true</required>
          <isPersisted>true</isPersisted>
          <inputSymbol>keyName</inputSymbol>
          <listDelimiter>,</listDelimiter>
          <value>item.visible</value>
          <record>false</record>
        </staticBinding>
        <staticBinding id="619d280f-c1c2-4c28-8776-657571af66bb">
          <annotation></annotation>
          <toContextKey></toContextKey>
          <fromContextKey></fromContextKey>
          <assignFromContext>false</assignFromContext>
          <assignToContext>false</assignToContext>
          <inputType>STRING</inputType>
          <recordKey></recordKey>
          <isList>false</isList>
          <required>false</required>
          <isPersisted>true</isPersisted>
          <inputSymbol>Field_4</inputSymbol>
          <listDelimiter></listDelimiter>
          <value>${in4}</value>
          <record>false</record>
        </staticBinding>
        <staticBinding id="6e1dd132-1668-4fd6-b998-0a39f19dc858">
          <annotation></annotation>
          <toContextKey></toContextKey>
          <fromContextKey></fromContextKey>
          <assignFromContext>false</assignFromContext>
          <assignToContext>false</assignToContext>
          <inputType>STRING</inputType>
          <recordKey></recordKey>
          <isList>false</isList>
          <required>false</required>
          <isPersisted>true</isPersisted>
          <inputSymbol>Field_3</inputSymbol>
          <listDelimiter></listDelimiter>
          <value>${in3}</value>
          <record>false</record>
        </staticBinding>
        <staticBinding id="ed91340b-023c-4d4f-bc36-5198c80b1b88">
          <annotation></annotation>
          <toContextKey></toContextKey>
          <fromContextKey></fromContextKey>
          <assignFromContext>false</assignFromContext>
          <assignToContext>false</assignToContext>
          <inputType>STRING</inputType>
          <recordKey></recordKey>
          <isList>false</isList>
          <required>false</required>
          <isPersisted>true</isPersisted>
          <inputSymbol>Field_2</inputSymbol>
          <listDelimiter></listDelimiter>
          <value>${in2}</value>
          <record>false</record>
        </staticBinding>
        <staticBinding id="fe46c848-5457-4b57-a2d9-564bc4e2b7cd">
          <annotation></annotation>
          <toContextKey></toContextKey>
          <fromContextKey></fromContextKey>
          <assignFromContext>false</assignFromContext>
          <assignToContext>false</assignToContext>
          <inputType>STRING</inputType>
          <recordKey></recordKey>
          <isList>false</isList>
          <required>false</required>
          <isPersisted>true</isPersisted>
          <inputSymbol>Field_1</inputSymbol>
          <listDelimiter></listDelimiter>
          <value>${keyName}</value>
          <record>false</record>
        </staticBinding>
      </bindings>
      <transitions>
        <transition id="965de0c4-44ee-4b93-8505-f9bed6c32ed0">
          <annotation></annotation>
          <name>isNull</name>
          <command>NEXT</command>
          <linkMode>false</linkMode>
          <responseSymbol>isNull</responseSymbol>
          <shouldHandoff>false</shouldHandoff>
          <transitionValue>0.0</transitionValue>
          <destination>
            <refId>52b5978f-22e7-42c5-8c3e-83c8eda6c1df</refId>
          </destination>
          <source>
            <refId>f5a355b1-2e9a-4e4b-a26e-e38ef34a7769</refId>
          </source>
          <positions>
            <point>
              <x>376.0</x>
              <y>610.0</y>
            </point>
            <point>
              <x>383.0</x>
              <y>719.0</y>
            </point>
          </positions>
          <labelPosition>
            <x>333.0</x>
            <y>0.0</y>
          </labelPosition>
        </transition>
        <transition id="6b0934a4-fbb1-442f-83cb-1e1a5712123f">
          <annotation></annotation>
          <name>notNull</name>
          <command>NEXT</command>
          <linkMode>false</linkMode>
          <responseSymbol>notNull</responseSymbol>
          <shouldHandoff>false</shouldHandoff>
          <transitionValue>0.0</transitionValue>
          <destination>
            <refId>f4e44870-7617-4c81-8b12-022e60c90a1d</refId>
          </destination>
          <source>
            <refId>f5a355b1-2e9a-4e4b-a26e-e38ef34a7769</refId>
          </source>
          <positions>
            <point>
              <x>376.0</x>
              <y>610.0</y>
            </point>
            <point>
              <x>474.0</x>
              <y>453.0</y>
            </point>
          </positions>
          <labelPosition>
            <x>333.0</x>
            <y>0.0</y>
          </labelPosition>
        </transition>
      </transitions>
      <properties/>
      <opRef>
        <refId>b9997f7f-d19c-4dc6-acc4-fa91a8644a38</refId>
      </opRef>
      <assignments/>
      <throttleSize>0</throttleSize>
    </step>
    <step id="0edc060f-ce49-4012-9e75-711f7d3f24a4">
      <annotation>4aaefc76-4d51-47e6-b78d-a82fb803a1ef.0edc060f-ce49-4012-9e75-711f7d3f24a4.description</annotation>
      <name>SetType</name>
      <bounds>
        <x>139.0</x>
        <y>448.0</y>
      </bounds>
      <layer>-1</layer>
      <hideInbound>false</hideInbound>
      <addResultToRunContext>false</addResultToRunContext>
      <isCriticalStep>false</isCriticalStep>
      <isNonBlocking>false</isNonBlocking>
      <isParallelStep>false</isParallelStep>
      <isSingleResponse>false</isSingleResponse>
      <recordInHistory>false</recordInHistory>
      <recordRawOutput>true</recordRawOutput>
      <recordPrimaryOutput>true</recordPrimaryOutput>
      <checkPointStep>true</checkPointStep>
      <historyCheckPointStep>true</historyCheckPointStep>
      <scriptResultStep>false</scriptResultStep>
      <userPrompt></userPrompt>
      <bindings>
        <staticBinding id="3854135f-df9b-4f62-8386-7d0dd28a3bce">
          <annotation></annotation>
          <assignFromContext>false</assignFromContext>
          <assignToContext>false</assignToContext>
          <inputType>STRING</inputType>
          <isList>false</isList>
          <required>true</required>
          <isPersisted>true</isPersisted>
          <inputSymbol>keyName</inputSymbol>
          <listDelimiter>,</listDelimiter>
          <value>item.type</value>
          <record>false</record>
        </staticBinding>
        <staticBinding id="1b3e90cf-40a8-47b9-afed-6e9ce46852ee">
          <annotation></annotation>
          <assignFromContext>false</assignFromContext>
          <assignToContext>false</assignToContext>
          <inputType>STRING</inputType>
          <isList>false</isList>
          <required>true</required>
          <isPersisted>true</isPersisted>
          <inputSymbol>myValue</inputSymbol>
          <listDelimiter>,</listDelimiter>
          <value>STRING</value>
          <record>false</record>
        </staticBinding>
        <staticBinding id="b6374781-354d-4507-95fc-2782c3349feb">
          <annotation></annotation>
          <toContextKey></toContextKey>
          <fromContextKey></fromContextKey>
          <assignFromContext>false</assignFromContext>
          <assignToContext>false</assignToContext>
          <inputType>STRING</inputType>
          <recordKey></recordKey>
          <isList>false</isList>
          <required>false</required>
          <isPersisted>true</isPersisted>
          <inputSymbol>Field_2</inputSymbol>
          <listDelimiter></listDelimiter>
          <value>${myValue}</value>
          <record>false</record>
        </staticBinding>
        <staticBinding id="37560253-e2e2-4e34-9a75-83e2a9174a12">
          <annotation></annotation>
          <toContextKey></toContextKey>
          <fromContextKey></fromContextKey>
          <assignFromContext>false</assignFromContext>
          <assignToContext>false</assignToContext>
          <inputType>STRING</inputType>
          <recordKey></recordKey>
          <isList>false</isList>
          <required>false</required>
          <isPersisted>true</isPersisted>
          <inputSymbol>Field_1</inputSymbol>
          <listDelimiter></listDelimiter>
          <value>${keyName}</value>
          <record>false</record>
        </staticBinding>
      </bindings>
      <transitions>
        <transition id="533ec9dd-7a5e-4807-a2e2-2493b07f3347">
          <annotation></annotation>
          <name>success</name>
          <command>NEXT</command>
          <linkMode>false</linkMode>
          <responseSymbol>success</responseSymbol>
          <shouldHandoff>false</shouldHandoff>
          <transitionValue>0.0</transitionValue>
          <destination>
            <refId>f5a355b1-2e9a-4e4b-a26e-e38ef34a7769</refId>
          </destination>
          <source>
            <refId>0edc060f-ce49-4012-9e75-711f7d3f24a4</refId>
          </source>
          <positions>
            <point>
              <x>200.0</x>
              <y>722.0</y>
            </point>
            <point>
              <x>376.0</x>
              <y>610.0</y>
            </point>
          </positions>
          <labelPosition>
            <x>333.0</x>
            <y>0.0</y>
          </labelPosition>
        </transition>
      </transitions>
      <properties/>
      <opRef>
        <refId>f3112e9d-ed88-47bf-be86-2f99e8541a33</refId>
      </opRef>
      <assignments/>
      <throttleSize>0</throttleSize>
    </step>
    <returnStep id="aa021352-d4d9-4303-9f98-0217c22f463e">
      <annotation></annotation>
      <name>Resolved : success</name>
      <bounds>
        <x>432.0</x>
        <y>8.0</y>
      </bounds>
      <layer>-1</layer>
      <hideInbound>false</hideInbound>
      <addResultToRunContext>false</addResultToRunContext>
      <isCriticalStep>false</isCriticalStep>
      <isNonBlocking>false</isNonBlocking>
      <isParallelStep>false</isParallelStep>
      <isSingleResponse>false</isSingleResponse>
      <recordInHistory>false</recordInHistory>
      <recordRawOutput>true</recordRawOutput>
      <recordPrimaryOutput>true</recordPrimaryOutput>
      <checkPointStep>true</checkPointStep>
      <historyCheckPointStep>true</historyCheckPointStep>
      <scriptResultStep>false</scriptResultStep>
      <userPrompt></userPrompt>
      <bindings/>
      <transitions>
        <transition id="61e844c2-88ef-4a1e-94f2-18287a1738bb">
          <annotation></annotation>
          <name>return</name>
          <command>NEXT</command>
          <linkMode>false</linkMode>
          <responseSymbol>success</responseSymbol>
          <shouldHandoff>false</shouldHandoff>
          <transitionValue>0.0</transitionValue>
          <destination>
            <refId>aa021352-d4d9-4303-9f98-0217c22f463e</refId>
          </destination>
          <source>
            <refId>aa021352-d4d9-4303-9f98-0217c22f463e</refId>
          </source>
          <positions/>
        </transition>
      </transitions>
      <properties/>
      <returnStepType>RESOLVED</returnStepType>
      <assignments/>
    </returnStep>
    <returnStep id="3395fd48-1d6c-408c-b62a-ab145f7bb791">
      <annotation></annotation>
      <name>Error : failure</name>
      <bounds>
        <x>5.0</x>
        <y>131.0</y>
      </bounds>
      <layer>-1</layer>
      <hideInbound>false</hideInbound>
      <addResultToRunContext>false</addResultToRunContext>
      <isCriticalStep>false</isCriticalStep>
      <isNonBlocking>false</isNonBlocking>
      <isParallelStep>false</isParallelStep>
      <isSingleResponse>false</isSingleResponse>
      <recordInHistory>false</recordInHistory>
      <recordRawOutput>true</recordRawOutput>
      <recordPrimaryOutput>true</recordPrimaryOutput>
      <checkPointStep>true</checkPointStep>
      <historyCheckPointStep>true</historyCheckPointStep>
      <scriptResultStep>false</scriptResultStep>
      <userPrompt></userPrompt>
      <bindings/>
      <transitions>
        <transition id="a36771c8-e785-427f-8b49-626e4bfdf411">
          <annotation></annotation>
          <name>return</name>
          <command>NEXT</command>
          <linkMode>false</linkMode>
          <responseSymbol>failure</responseSymbol>
          <shouldHandoff>false</shouldHandoff>
          <transitionValue>0.0</transitionValue>
          <destination>
            <refId>3395fd48-1d6c-408c-b62a-ab145f7bb791</refId>
          </destination>
          <source>
            <refId>3395fd48-1d6c-408c-b62a-ab145f7bb791</refId>
          </source>
          <positions/>
        </transition>
      </transitions>
      <properties/>
      <returnStepType>ERROR</returnStepType>
      <assignments/>
    </returnStep>
    <step id="7bdd54dc-70c1-42e2-a696-d951bef43acc">
      <annotation>4aaefc76-4d51-47e6-b78d-a82fb803a1ef.7bdd54dc-70c1-42e2-a696-d951bef43acc.description</annotation>
      <name>Convert Object to Flow Variables</name>
      <bounds>
        <x>140.0</x>
        <y>194.0</y>
      </bounds>
      <layer>-1</layer>
      <hideInbound>false</hideInbound>
      <addResultToRunContext>false</addResultToRunContext>
      <isCriticalStep>false</isCriticalStep>
      <isNonBlocking>false</isNonBlocking>
      <isParallelStep>false</isParallelStep>
      <isSingleResponse>false</isSingleResponse>
      <recordInHistory>false</recordInHistory>
      <recordRawOutput>true</recordRawOutput>
      <recordPrimaryOutput>true</recordPrimaryOutput>
      <checkPointStep>true</checkPointStep>
      <historyCheckPointStep>true</historyCheckPointStep>
      <scriptResultStep>false</scriptResultStep>
      <userPrompt></userPrompt>
      <bindings>
        <staticBinding id="af354309-6be4-4b14-9a24-932f720e856f">
          <annotation></annotation>
          <assignFromContext>false</assignFromContext>
          <assignToContext>false</assignToContext>
          <inputType>STRING</inputType>
          <isList>false</isList>
          <required>true</required>
          <isPersisted>true</isPersisted>
          <inputSymbol>object</inputSymbol>
          <listDelimiter>,</listDelimiter>
          <value>${item}</value>
          <record>false</record>
        </staticBinding>
        <staticBinding id="9a921b9d-dbbb-4380-9e7a-a5ffc17f14f2">
          <annotation></annotation>
          <assignFromContext>true</assignFromContext>
          <assignToContext>true</assignToContext>
          <inputType>STRING</inputType>
          <isList>false</isList>
          <required>false</required>
          <isPersisted>true</isPersisted>
          <inputSymbol>prefix</inputSymbol>
          <listDelimiter>,</listDelimiter>
          <value>item.</value>
          <record>false</record>
        </staticBinding>
      </bindings>
      <transitions>
        <transition id="11cf31ba-3955-4d7f-8161-0a660ea1b68e">
          <annotation></annotation>
          <name>failure</name>
          <command>NEXT</command>
          <linkMode>false</linkMode>
          <responseSymbol>failure</responseSymbol>
          <shouldHandoff>false</shouldHandoff>
          <transitionValue>0.0</transitionValue>
          <destination>
            <refId>3395fd48-1d6c-408c-b62a-ab145f7bb791</refId>
          </destination>
          <source>
            <refId>7bdd54dc-70c1-42e2-a696-d951bef43acc</refId>
          </source>
          <positions>
            <point>
              <x>131.0</x>
              <y>437.0</y>
            </point>
            <point>
              <x>246.0</x>
              <y>338.0</y>
            </point>
          </positions>
          <labelPosition>
            <x>333.0</x>
            <y>0.0</y>
          </labelPosition>
        </transition>
        <transition id="9bd35e6f-f3cb-44b0-9c68-3abff804a134">
          <annotation></annotation>
          <name>success</name>
          <command>NEXT</command>
          <linkMode>false</linkMode>
          <responseSymbol>success</responseSymbol>
          <shouldHandoff>false</shouldHandoff>
          <transitionValue>0.0</transitionValue>
          <destination>
            <refId>9558aaa8-2679-4ff3-8508-86dbdb19e8b4</refId>
          </destination>
          <source>
            <refId>7bdd54dc-70c1-42e2-a696-d951bef43acc</refId>
          </source>
          <positions>
            <point>
              <x>201.0</x>
              <y>460.0</y>
            </point>
            <point>
              <x>201.0</x>
              <y>604.0</y>
            </point>
          </positions>
          <labelPosition>
            <x>333.0</x>
            <y>0.0</y>
          </labelPosition>
        </transition>
      </transitions>
      <properties/>
      <opRef>
        <refId>9ce72792-294c-458b-a4bc-9b6bee854b79</refId>
      </opRef>
      <assignments/>
      <throttleSize>0</throttleSize>
    </step>
  </steps>
  <startSteps>073d4336-48ce-46c2-ad12-83e0d29058fb</startSteps>
</flow>