<?xml version="1.0" encoding="UTF-8"?>
<flow id="3c9b3a64-5f4e-481f-8b34-6b81376c5a38">
  <annotation></annotation>
  <name>DeleteTemplateByIDs</name>
  <categories/>
  <inputs/>
  <scriptlet id="377fb001-fd19-4a3d-8ba1-817ad816e319">
    <annotation></annotation>
    <name>Operation DeleteTemplateByIDs (3c9b3a64-5f4e-481f-8b34-6b81376c5a38)</name>
    <type>RHINO</type>
  </scriptlet>
  <possibleResponses>
    <opResponse id="492da7f9-559d-4f60-b606-21511e17e78c">
      <annotation></annotation>
      <name>failure</name>
      <isDefault>false</isDefault>
      <onFailure>true</onFailure>
      <type>ERROR</type>
      <matchRules/>
    </opResponse>
    <opResponse id="7b88486d-897a-4582-82b6-047cef94bcd3">
      <annotation></annotation>
      <name>success</name>
      <isDefault>true</isDefault>
      <onFailure>false</onFailure>
      <type>RESOLVED</type>
      <matchRules/>
    </opResponse>
  </possibleResponses>
  <availableResultExpressions/>
  <resultExpression id="f034d1e6-5095-49e1-a363-253081128e4f">
    <annotation></annotation>
    <name>FailureMessage</name>
    <fieldName>FailureMessage</fieldName>
    <sourceType>RAWRESULT</sourceType>
    <filters/>
  </resultExpression>
  <iconSpec id="447d506f-8ea3-46b5-8b9e-91a7d3f7d9c8">
    <baseIcon>flow.png</baseIcon>
    <basePath>System</basePath>
    <readOnly>false</readOnly>
    <layers/>
  </iconSpec>
  <callouts/>
  <checkPointFlow>true</checkPointFlow>
  <compatibleRuntimeContext>false</compatibleRuntimeContext>
  <historyCheckPointFlow>true</historyCheckPointFlow>
  <steps>
    <step id="75bf1ffb-3c9d-40f4-81d4-1d5fa48b3080">
      <annotation></annotation>
      <name>DB_GetIDListByStatus</name>
      <bounds>
        <x>52.0</x>
        <y>156.0</y>
      </bounds>
      <layer>-1</layer>
      <hideInbound>false</hideInbound>
      <addResultToRunContext>false</addResultToRunContext>
      <isCriticalStep>false</isCriticalStep>
      <isNonBlocking>false</isNonBlocking>
      <isParallelStep>false</isParallelStep>
      <isSingleResponse>false</isSingleResponse>
      <recordInHistory>false</recordInHistory>
      <recordRawOutput>true</recordRawOutput>
      <recordPrimaryOutput>true</recordPrimaryOutput>
      <checkPointStep>true</checkPointStep>
      <historyCheckPointStep>true</historyCheckPointStep>
      <scriptResultStep>false</scriptResultStep>
      <userPrompt></userPrompt>
      <bindings>
        <userInputBinding id="4c11bc0b-93ae-4f87-9ea3-015c5fa23581">
          <annotation></annotation>
          <assignFromContext>true</assignFromContext>
          <assignToContext>true</assignToContext>
          <inputType>STRING</inputType>
          <isList>false</isList>
          <required>true</required>
          <isPersisted>true</isPersisted>
          <inputSymbol>db.getidlist.status</inputSymbol>
          <listDelimiter>,</listDelimiter>
          <record>false</record>
          <prompt></prompt>
          <isMultiSelect>false</isMultiSelect>
          <sourceDelimiter>|</sourceDelimiter>
        </userInputBinding>
      </bindings>
      <transitions>
        <transition id="f6a22ecc-3dc3-4bff-ab32-c3f82e11c43f">
          <annotation></annotation>
          <name>success</name>
          <command>NEXT</command>
          <linkMode>false</linkMode>
          <responseSymbol>success</responseSymbol>
          <shouldHandoff>false</shouldHandoff>
          <transitionValue>0.0</transitionValue>
          <destination>
            <refId>08d88ab8-449e-47f9-8861-ab58f15f34fa</refId>
          </destination>
          <source>
            <refId>75bf1ffb-3c9d-40f4-81d4-1d5fa48b3080</refId>
          </source>
          <positions>
            <point>
              <x>76.0</x>
              <y>64.0</y>
            </point>
            <point>
              <x>271.0</x>
              <y>67.0</y>
            </point>
          </positions>
          <labelPosition>
            <x>333.0</x>
            <y>0.0</y>
          </labelPosition>
        </transition>
        <transition id="e3ea59cf-bc5f-4f57-a581-80cb6c60a250">
          <annotation></annotation>
          <name>failure</name>
          <command>NEXT</command>
          <linkMode>false</linkMode>
          <responseSymbol>failure</responseSymbol>
          <shouldHandoff>false</shouldHandoff>
          <transitionValue>0.0</transitionValue>
          <destination>
            <refId>240ca15c-ce4e-4902-924b-a58b36fddb90</refId>
          </destination>
          <source>
            <refId>75bf1ffb-3c9d-40f4-81d4-1d5fa48b3080</refId>
          </source>
          <positions>
            <point>
              <x>76.0</x>
              <y>64.0</y>
            </point>
            <point>
              <x>94.0</x>
              <y>249.0</y>
            </point>
          </positions>
          <labelPosition>
            <x>333.0</x>
            <y>0.0</y>
          </labelPosition>
        </transition>
      </transitions>
      <properties/>
      <opRef>
        <refId>cf84e265-0c16-4061-ab32-e86f6e3794a6</refId>
      </opRef>
      <assignments>
        <flowVariableAssignment id="77c55e74-87b8-4847-ba73-622b58ca71dd">
          <annotation></annotation>
          <name>assignment</name>
          <action>OVERWRITE</action>
          <assignmentTargetType>FLOW_VARIABLE</assignmentTargetType>
          <contextKey>db.getidlist.list</contextKey>
          <expression id="80e23ca6-ff88-4f61-a9f1-1482db9cf1dd">
            <annotation></annotation>
            <name>Result Field: db.getidlist.list</name>
            <fieldName>db.getidlist.list</fieldName>
            <sourceType>RAWRESULT</sourceType>
            <filters/>
          </expression>
        </flowVariableAssignment>
      </assignments>
      <throttleSize>0</throttleSize>
    </step>
    <step id="95cb731e-12b1-46f3-beaa-e20c2c6066af">
      <annotation></annotation>
      <name>DB_GetDetailsBySubscriptionID</name>
      <bounds>
        <x>517.0</x>
        <y>160.0</y>
      </bounds>
      <layer>-1</layer>
      <hideInbound>false</hideInbound>
      <addResultToRunContext>false</addResultToRunContext>
      <isCriticalStep>false</isCriticalStep>
      <isNonBlocking>false</isNonBlocking>
      <isParallelStep>false</isParallelStep>
      <isSingleResponse>false</isSingleResponse>
      <recordInHistory>false</recordInHistory>
      <recordRawOutput>true</recordRawOutput>
      <recordPrimaryOutput>true</recordPrimaryOutput>
      <checkPointStep>true</checkPointStep>
      <historyCheckPointStep>true</historyCheckPointStep>
      <scriptResultStep>false</scriptResultStep>
      <userPrompt></userPrompt>
      <bindings>
        <staticBinding id="3921f4c2-ce7e-4528-8524-ff7dd1a55e80">
          <annotation></annotation>
          <assignFromContext>false</assignFromContext>
          <assignToContext>true</assignToContext>
          <inputType>STRING</inputType>
          <isList>false</isList>
          <required>true</required>
          <isPersisted>true</isPersisted>
          <inputSymbol>db.getdetails.csasvcuuid</inputSymbol>
          <listDelimiter>,</listDelimiter>
          <value>${server.csasvcuuid}</value>
          <record>false</record>
        </staticBinding>
      </bindings>
      <transitions>
        <transition id="2c4a31cd-ce56-4099-bbcb-d15b8509ae78">
          <annotation></annotation>
          <name>failure</name>
          <command>NEXT</command>
          <linkMode>false</linkMode>
          <responseSymbol>failure</responseSymbol>
          <shouldHandoff>false</shouldHandoff>
          <transitionValue>0.0</transitionValue>
          <destination>
            <refId>ff1ee946-5613-4083-aff0-85e0dcbd5fbe</refId>
          </destination>
          <source>
            <refId>95cb731e-12b1-46f3-beaa-e20c2c6066af</refId>
          </source>
          <positions>
            <point>
              <x>564.0</x>
              <y>184.0</y>
            </point>
            <point>
              <x>559.0</x>
              <y>38.0</y>
            </point>
          </positions>
          <labelPosition>
            <x>333.0</x>
            <y>0.0</y>
          </labelPosition>
        </transition>
        <transition id="d810d659-013d-4099-b741-09aa06c052fe">
          <annotation></annotation>
          <name>success</name>
          <command>NEXT</command>
          <linkMode>false</linkMode>
          <responseSymbol>success</responseSymbol>
          <shouldHandoff>false</shouldHandoff>
          <transitionValue>0.0</transitionValue>
          <destination>
            <refId>a9fdb942-328d-4f45-a82d-255fff7b6de6</refId>
          </destination>
          <source>
            <refId>95cb731e-12b1-46f3-beaa-e20c2c6066af</refId>
          </source>
          <positions>
            <point>
              <x>567.0</x>
              <y>194.0</y>
            </point>
            <point>
              <x>362.0</x>
              <y>411.0</y>
            </point>
          </positions>
          <labelPosition>
            <x>333.0</x>
            <y>0.0</y>
          </labelPosition>
        </transition>
      </transitions>
      <properties/>
      <opRef>
        <refId>26e16199-ac42-40d7-8725-27b18ed3509d</refId>
      </opRef>
      <assignments>
        <flowVariableAssignment id="bfdf5541-6fa1-497d-b1a1-a1c43f8ba709">
          <annotation></annotation>
          <name>assignment</name>
          <action>OVERWRITE</action>
          <assignmentTargetType>FLOW_VARIABLE</assignmentTargetType>
          <contextKey>db.getdetails.iohost</contextKey>
          <expression id="18d1559b-3a92-4986-9bc7-b759148a70d3">
            <annotation></annotation>
            <name>Result Field: db.getdetails.iohost</name>
            <fieldName>db.getdetails.iohost</fieldName>
            <sourceType>RAWRESULT</sourceType>
            <filters/>
          </expression>
        </flowVariableAssignment>
        <flowVariableAssignment id="74b38724-8c9a-4258-88bb-a6d958dc5bc4">
          <annotation></annotation>
          <name>assignment</name>
          <action>OVERWRITE</action>
          <assignmentTargetType>FLOW_VARIABLE</assignmentTargetType>
          <contextKey>db.getdetails.iotemplate</contextKey>
          <expression id="46fb320d-c3be-4c80-b5b2-6cffcf4192f2">
            <annotation></annotation>
            <name>Result Field: db.getdetails.iotemplate</name>
            <fieldName>db.getdetails.iotemplate</fieldName>
            <sourceType>RAWRESULT</sourceType>
            <filters/>
          </expression>
        </flowVariableAssignment>
      </assignments>
      <throttleSize>0</throttleSize>
    </step>
    <returnStep id="ff1ee946-5613-4083-aff0-85e0dcbd5fbe">
      <annotation></annotation>
      <name>Error : failure</name>
      <bounds>
        <x>509.0</x>
        <y>4.0</y>
      </bounds>
      <layer>-1</layer>
      <hideInbound>false</hideInbound>
      <addResultToRunContext>false</addResultToRunContext>
      <isCriticalStep>false</isCriticalStep>
      <isNonBlocking>false</isNonBlocking>
      <isParallelStep>false</isParallelStep>
      <isSingleResponse>false</isSingleResponse>
      <recordInHistory>false</recordInHistory>
      <recordRawOutput>true</recordRawOutput>
      <recordPrimaryOutput>true</recordPrimaryOutput>
      <checkPointStep>true</checkPointStep>
      <historyCheckPointStep>true</historyCheckPointStep>
      <scriptResultStep>false</scriptResultStep>
      <userPrompt></userPrompt>
      <bindings/>
      <transitions>
        <transition id="2e2c8b4e-4f12-4213-8c20-81dd6cfca905">
          <annotation></annotation>
          <name>return</name>
          <command>NEXT</command>
          <linkMode>false</linkMode>
          <responseSymbol>failure</responseSymbol>
          <shouldHandoff>false</shouldHandoff>
          <transitionValue>0.0</transitionValue>
          <destination>
            <refId>ff1ee946-5613-4083-aff0-85e0dcbd5fbe</refId>
          </destination>
          <source>
            <refId>ff1ee946-5613-4083-aff0-85e0dcbd5fbe</refId>
          </source>
          <positions/>
        </transition>
      </transitions>
      <properties/>
      <returnStepType>ERROR</returnStepType>
      <assignments/>
    </returnStep>
    <returnStep id="240ca15c-ce4e-4902-924b-a58b36fddb90">
      <annotation></annotation>
      <name>Error : failure</name>
      <bounds>
        <x>52.0</x>
        <y>382.0</y>
      </bounds>
      <layer>-1</layer>
      <hideInbound>false</hideInbound>
      <addResultToRunContext>false</addResultToRunContext>
      <isCriticalStep>false</isCriticalStep>
      <isNonBlocking>false</isNonBlocking>
      <isParallelStep>false</isParallelStep>
      <isSingleResponse>false</isSingleResponse>
      <recordInHistory>false</recordInHistory>
      <recordRawOutput>true</recordRawOutput>
      <recordPrimaryOutput>true</recordPrimaryOutput>
      <checkPointStep>true</checkPointStep>
      <historyCheckPointStep>true</historyCheckPointStep>
      <scriptResultStep>false</scriptResultStep>
      <userPrompt></userPrompt>
      <bindings/>
      <transitions>
        <transition id="aca9094d-10c2-4a15-9998-75a40612747e">
          <annotation></annotation>
          <name>return</name>
          <command>NEXT</command>
          <linkMode>false</linkMode>
          <responseSymbol>failure</responseSymbol>
          <shouldHandoff>false</shouldHandoff>
          <transitionValue>0.0</transitionValue>
          <destination>
            <refId>240ca15c-ce4e-4902-924b-a58b36fddb90</refId>
          </destination>
          <source>
            <refId>240ca15c-ce4e-4902-924b-a58b36fddb90</refId>
          </source>
          <positions/>
        </transition>
      </transitions>
      <properties/>
      <returnStepType>ERROR</returnStepType>
      <assignments/>
    </returnStep>
    <step id="a9fdb942-328d-4f45-a82d-255fff7b6de6">
      <annotation></annotation>
      <name>DeleteTemplate</name>
      <bounds>
        <x>315.0</x>
        <y>380.0</y>
      </bounds>
      <layer>-1</layer>
      <hideInbound>false</hideInbound>
      <addResultToRunContext>false</addResultToRunContext>
      <isCriticalStep>false</isCriticalStep>
      <isNonBlocking>false</isNonBlocking>
      <isParallelStep>false</isParallelStep>
      <isSingleResponse>false</isSingleResponse>
      <recordInHistory>false</recordInHistory>
      <recordRawOutput>true</recordRawOutput>
      <recordPrimaryOutput>true</recordPrimaryOutput>
      <checkPointStep>true</checkPointStep>
      <historyCheckPointStep>true</historyCheckPointStep>
      <scriptResultStep>false</scriptResultStep>
      <userPrompt></userPrompt>
      <bindings>
        <staticBinding id="4a4be4d4-d08a-48de-817c-c90f1b0914e6">
          <annotation></annotation>
          <assignFromContext>true</assignFromContext>
          <assignToContext>true</assignToContext>
          <inputType>STRING</inputType>
          <isList>false</isList>
          <required>false</required>
          <isPersisted>true</isPersisted>
          <inputSymbol>deletetemplate.io.url</inputSymbol>
          <listDelimiter>,</listDelimiter>
          <value>https://${db.getdetails.iohost}:51443/hpio/controller/soap/v2</value>
          <record>false</record>
        </staticBinding>
        <staticBinding id="cac74392-f306-47ac-9d8a-55b96c2c8fd1">
          <annotation></annotation>
          <assignFromContext>true</assignFromContext>
          <assignToContext>true</assignToContext>
          <inputType>STRING</inputType>
          <isList>false</isList>
          <required>false</required>
          <isPersisted>true</isPersisted>
          <inputSymbol>deletetemplate.io.template</inputSymbol>
          <listDelimiter>,</listDelimiter>
          <value>${db.getdetails.iotemplate}</value>
          <record>false</record>
        </staticBinding>
      </bindings>
      <transitions>
        <transition id="626057a0-fd82-4b75-a669-5eb51f350cbd">
          <annotation></annotation>
          <name>success</name>
          <command>NEXT</command>
          <linkMode>false</linkMode>
          <responseSymbol>success</responseSymbol>
          <shouldHandoff>false</shouldHandoff>
          <transitionValue>0.0</transitionValue>
          <destination>
            <refId>08d88ab8-449e-47f9-8861-ab58f15f34fa</refId>
          </destination>
          <source>
            <refId>a9fdb942-328d-4f45-a82d-255fff7b6de6</refId>
          </source>
          <positions>
            <point>
              <x>362.0</x>
              <y>411.0</y>
            </point>
            <point>
              <x>360.0</x>
              <y>190.0</y>
            </point>
          </positions>
          <labelPosition>
            <x>333.0</x>
            <y>0.0</y>
          </labelPosition>
        </transition>
        <transition id="20d699e3-2049-4f81-92df-f38d66775ce4">
          <annotation></annotation>
          <name>failure</name>
          <command>NEXT</command>
          <linkMode>false</linkMode>
          <responseSymbol>failure</responseSymbol>
          <shouldHandoff>false</shouldHandoff>
          <transitionValue>0.0</transitionValue>
          <destination>
            <refId>240ca15c-ce4e-4902-924b-a58b36fddb90</refId>
          </destination>
          <source>
            <refId>a9fdb942-328d-4f45-a82d-255fff7b6de6</refId>
          </source>
          <positions>
            <point>
              <x>362.0</x>
              <y>411.0</y>
            </point>
            <point>
              <x>102.0</x>
              <y>416.0</y>
            </point>
          </positions>
          <labelPosition>
            <x>333.0</x>
            <y>0.0</y>
          </labelPosition>
        </transition>
      </transitions>
      <properties/>
      <opRef>
        <refId>3692ebf9-cb8e-4351-89f1-4381252733a6</refId>
      </opRef>
      <assignments/>
      <throttleSize>0</throttleSize>
    </step>
    <step id="08d88ab8-449e-47f9-8861-ab58f15f34fa">
      <annotation>3c9b3a64-5f4e-481f-8b34-6b81376c5a38.08d88ab8-449e-47f9-8861-ab58f15f34fa.description</annotation>
      <name>ID Iterator</name>
      <bounds>
        <x>310.0</x>
        <y>156.0</y>
      </bounds>
      <layer>-1</layer>
      <hideInbound>false</hideInbound>
      <addResultToRunContext>false</addResultToRunContext>
      <isCriticalStep>false</isCriticalStep>
      <isNonBlocking>false</isNonBlocking>
      <isParallelStep>false</isParallelStep>
      <isSingleResponse>false</isSingleResponse>
      <recordInHistory>false</recordInHistory>
      <recordRawOutput>true</recordRawOutput>
      <recordPrimaryOutput>true</recordPrimaryOutput>
      <checkPointStep>true</checkPointStep>
      <historyCheckPointStep>true</historyCheckPointStep>
      <scriptResultStep>false</scriptResultStep>
      <userPrompt></userPrompt>
      <bindings>
        <staticBinding id="6ab60738-7694-460d-87a2-614a9ace7921">
          <annotation></annotation>
          <assignFromContext>true</assignFromContext>
          <assignToContext>true</assignToContext>
          <inputType>STRING</inputType>
          <isList>false</isList>
          <required>true</required>
          <isPersisted>true</isPersisted>
          <inputSymbol>list</inputSymbol>
          <listDelimiter>,</listDelimiter>
          <value>${db.getidlist.list}</value>
          <record>false</record>
        </staticBinding>
        <staticBinding id="8c64484e-afd9-4113-8b03-a5d02964d7fa">
          <annotation></annotation>
          <assignFromContext>true</assignFromContext>
          <assignToContext>true</assignToContext>
          <inputType>STRING</inputType>
          <isList>false</isList>
          <required>true</required>
          <isPersisted>true</isPersisted>
          <inputSymbol>separator</inputSymbol>
          <listDelimiter>,</listDelimiter>
          <value>|</value>
          <record>false</record>
        </staticBinding>
      </bindings>
      <transitions>
        <transition id="038f8107-a142-477e-8f51-861007ee3ed9">
          <annotation></annotation>
          <name>no more</name>
          <command>NEXT</command>
          <linkMode>false</linkMode>
          <responseSymbol>no more</responseSymbol>
          <shouldHandoff>false</shouldHandoff>
          <transitionValue>0.0</transitionValue>
          <destination>
            <refId>0a5daa39-207a-4566-bc67-8503d1484801</refId>
          </destination>
          <source>
            <refId>08d88ab8-449e-47f9-8861-ab58f15f34fa</refId>
          </source>
          <positions>
            <point>
              <x>271.0</x>
              <y>67.0</y>
            </point>
            <point>
              <x>266.0</x>
              <y>226.0</y>
            </point>
          </positions>
          <labelPosition>
            <x>333.0</x>
            <y>0.0</y>
          </labelPosition>
        </transition>
        <transition id="b43b9f8a-67d2-4bca-9eab-ea51316ec1ed">
          <annotation></annotation>
          <name>failure</name>
          <command>NEXT</command>
          <linkMode>false</linkMode>
          <responseSymbol>failure</responseSymbol>
          <shouldHandoff>false</shouldHandoff>
          <transitionValue>0.0</transitionValue>
          <destination>
            <refId>240ca15c-ce4e-4902-924b-a58b36fddb90</refId>
          </destination>
          <source>
            <refId>08d88ab8-449e-47f9-8861-ab58f15f34fa</refId>
          </source>
          <positions>
            <point>
              <x>271.0</x>
              <y>67.0</y>
            </point>
            <point>
              <x>77.0</x>
              <y>221.0</y>
            </point>
          </positions>
          <labelPosition>
            <x>333.0</x>
            <y>0.0</y>
          </labelPosition>
        </transition>
        <transition id="2072e100-b822-476e-868c-88e987c27810">
          <annotation></annotation>
          <name>has more</name>
          <command>NEXT</command>
          <linkMode>false</linkMode>
          <responseSymbol>has more</responseSymbol>
          <shouldHandoff>false</shouldHandoff>
          <transitionValue>0.0</transitionValue>
          <destination>
            <refId>95cb731e-12b1-46f3-beaa-e20c2c6066af</refId>
          </destination>
          <source>
            <refId>08d88ab8-449e-47f9-8861-ab58f15f34fa</refId>
          </source>
          <positions>
            <point>
              <x>360.0</x>
              <y>190.0</y>
            </point>
            <point>
              <x>564.0</x>
              <y>184.0</y>
            </point>
          </positions>
          <labelPosition>
            <x>333.0</x>
            <y>0.0</y>
          </labelPosition>
        </transition>
      </transitions>
      <properties/>
      <opRef>
        <refId>cd75ca75-e64e-4b1e-9fe9-8dbc76f03865</refId>
      </opRef>
      <assignments>
        <flowVariableAssignment id="f37ad50c-8fea-4595-8a5a-7247e4f3cb0a">
          <annotation></annotation>
          <name>assignment</name>
          <action>OVERWRITE</action>
          <assignmentTargetType>FLOW_VARIABLE</assignmentTargetType>
          <contextKey>server.csasvcuuid</contextKey>
          <expression id="8d9f13ca-dd0c-42c3-9b2c-e0fc499652cf">
            <annotation></annotation>
            <name>Result Field: resultString</name>
            <fieldName>resultString</fieldName>
            <sourceType>RAWRESULT</sourceType>
            <filters/>
          </expression>
        </flowVariableAssignment>
      </assignments>
      <throttleSize>0</throttleSize>
    </step>
    <returnStep id="0a5daa39-207a-4566-bc67-8503d1484801">
      <annotation></annotation>
      <name>Resolved : success</name>
      <bounds>
        <x>310.0</x>
        <y>4.0</y>
      </bounds>
      <layer>-1</layer>
      <hideInbound>false</hideInbound>
      <addResultToRunContext>false</addResultToRunContext>
      <isCriticalStep>false</isCriticalStep>
      <isNonBlocking>false</isNonBlocking>
      <isParallelStep>false</isParallelStep>
      <isSingleResponse>false</isSingleResponse>
      <recordInHistory>false</recordInHistory>
      <recordRawOutput>true</recordRawOutput>
      <recordPrimaryOutput>true</recordPrimaryOutput>
      <checkPointStep>true</checkPointStep>
      <historyCheckPointStep>true</historyCheckPointStep>
      <scriptResultStep>false</scriptResultStep>
      <userPrompt></userPrompt>
      <bindings/>
      <transitions>
        <transition id="dc53bbf9-60c1-4bc3-8852-8c67e7e4d92f">
          <annotation></annotation>
          <name>return</name>
          <command>NEXT</command>
          <linkMode>false</linkMode>
          <responseSymbol>success</responseSymbol>
          <shouldHandoff>false</shouldHandoff>
          <transitionValue>0.0</transitionValue>
          <destination>
            <refId>0a5daa39-207a-4566-bc67-8503d1484801</refId>
          </destination>
          <source>
            <refId>0a5daa39-207a-4566-bc67-8503d1484801</refId>
          </source>
          <positions/>
        </transition>
      </transitions>
      <properties/>
      <returnStepType>RESOLVED</returnStepType>
      <assignments/>
    </returnStep>
  </steps>
  <startSteps>75bf1ffb-3c9d-40f4-81d4-1d5fa48b3080</startSteps>
</flow>