<?xml version="1.0" encoding="UTF-8"?>
<flow id="733cdfd8-b799-4795-854c-f9af63f5ffd4">
  <annotation></annotation>
  <name>DB_UpdateServerWith2ndAccount</name>
  <categories/>
  <inputs>
    <staticBinding id="5595090a-4271-458b-9791-8d16b3717e09">
      <annotation></annotation>
      <assignFromContext>true</assignFromContext>
      <assignToContext>true</assignToContext>
      <inputType>STRING</inputType>
      <isList>false</isList>
      <required>false</required>
      <isPersisted>true</isPersisted>
      <inputSymbol>db.updateserver.seconduser</inputSymbol>
      <listDelimiter>,</listDelimiter>
      <value>AdminCust</value>
      <record>false</record>
    </staticBinding>
    <staticBinding id="d9dd86ff-bfff-4086-87e5-bb8eb0534a79">
      <annotation></annotation>
      <assignFromContext>true</assignFromContext>
      <assignToContext>true</assignToContext>
      <inputType>STRING</inputType>
      <isList>false</isList>
      <required>false</required>
      <isPersisted>true</isPersisted>
      <inputSymbol>db.updateserver.secondpw</inputSymbol>
      <listDelimiter>,</listDelimiter>
      <value>ADMINPW</value>
      <record>false</record>
    </staticBinding>
    <staticBinding id="452378e3-30e5-49a7-bc8d-07489f9cd618">
      <annotation></annotation>
      <assignFromContext>true</assignFromContext>
      <assignToContext>true</assignToContext>
      <inputType>STRING</inputType>
      <isList>false</isList>
      <required>false</required>
      <isPersisted>true</isPersisted>
      <inputSymbol>db.updateserver.hostname</inputSymbol>
      <listDelimiter>,</listDelimiter>
      <value>DEFRHPT0003</value>
      <record>false</record>
    </staticBinding>
  </inputs>
  <scriptlet id="1bee3cc7-eeb2-4fa3-9554-d7e2da8248b7">
    <annotation></annotation>
    <name>Operation DB_UpdateServerWith2ndAccount (733cdfd8-b799-4795-854c-f9af63f5ffd4)</name>
    <type>RHINO</type>
  </scriptlet>
  <possibleResponses>
    <opResponse id="32885159-ecc5-4178-b8cf-2e8e40606fbe">
      <annotation></annotation>
      <name>success</name>
      <isDefault>true</isDefault>
      <onFailure>false</onFailure>
      <type>RESOLVED</type>
      <matchRules/>
    </opResponse>
    <opResponse id="67ba9ef3-141c-421d-a3c9-65ab8d3deda2">
      <annotation></annotation>
      <name>failure</name>
      <isDefault>false</isDefault>
      <onFailure>true</onFailure>
      <type>ERROR</type>
      <matchRules/>
    </opResponse>
  </possibleResponses>
  <availableResultExpressions/>
  <resultExpression id="96272954-1e6e-409d-aa29-12c76ffefce7">
    <annotation></annotation>
    <name>FailureMessage</name>
    <fieldName>FailureMessage</fieldName>
    <sourceType>RAWRESULT</sourceType>
    <filters/>
  </resultExpression>
  <iconSpec id="49e7dbfd-078a-4df7-85c8-a1e8ecd56170">
    <baseIcon>flow.png</baseIcon>
    <basePath>System</basePath>
    <readOnly>false</readOnly>
    <layers/>
  </iconSpec>
  <callouts/>
  <checkPointFlow>true</checkPointFlow>
  <compatibleRuntimeContext>false</compatibleRuntimeContext>
  <historyCheckPointFlow>true</historyCheckPointFlow>
  <steps>
    <step id="b4006fc2-7fcb-4be9-96fb-b65ea29cd000">
      <annotation>733cdfd8-b799-4795-854c-f9af63f5ffd4.b4006fc2-7fcb-4be9-96fb-b65ea29cd000.description</annotation>
      <name>TNS Names SQL Command</name>
      <bounds>
        <x>224.0</x>
        <y>214.0</y>
      </bounds>
      <layer>-1</layer>
      <hideInbound>false</hideInbound>
      <addResultToRunContext>false</addResultToRunContext>
      <isCriticalStep>false</isCriticalStep>
      <isNonBlocking>false</isNonBlocking>
      <isParallelStep>false</isParallelStep>
      <isSingleResponse>false</isSingleResponse>
      <recordInHistory>false</recordInHistory>
      <recordRawOutput>true</recordRawOutput>
      <recordPrimaryOutput>true</recordPrimaryOutput>
      <checkPointStep>true</checkPointStep>
      <historyCheckPointStep>true</historyCheckPointStep>
      <scriptResultStep>false</scriptResultStep>
      <userPrompt></userPrompt>
      <bindings>
        <staticBinding id="f7214a11-007d-4ac2-9f3c-d86158824af1">
          <annotation></annotation>
          <toContextKey></toContextKey>
          <fromContextKey></fromContextKey>
          <assignFromContext>false</assignFromContext>
          <assignToContext>false</assignToContext>
          <inputType>STRING</inputType>
          <isList>false</isList>
          <required>true</required>
          <isPersisted>true</isPersisted>
          <inputSymbol>TNSPath</inputSymbol>
          <listDelimiter>,</listDelimiter>
          <value>${pc.infradb.tns.path}</value>
          <record>false</record>
        </staticBinding>
        <staticBinding id="81343dd4-8bf6-4f72-8381-48ca5b9e718a">
          <annotation></annotation>
          <toContextKey></toContextKey>
          <fromContextKey></fromContextKey>
          <assignFromContext>false</assignFromContext>
          <assignToContext>false</assignToContext>
          <inputType>STRING</inputType>
          <isList>false</isList>
          <required>true</required>
          <isPersisted>true</isPersisted>
          <inputSymbol>TNSEntry</inputSymbol>
          <listDelimiter>,</listDelimiter>
          <value>${pc.infradb.tns.entry}</value>
          <record>false</record>
        </staticBinding>
        <identityBinding id="70b2282c-5e09-49c4-b29b-773f0ec4f670">
          <annotation></annotation>
          <toContextKey></toContextKey>
          <fromContextKey></fromContextKey>
          <assignFromContext>false</assignFromContext>
          <assignToContext>false</assignToContext>
          <inputType>ENCRYPTED</inputType>
          <isList>false</isList>
          <required>true</required>
          <isPersisted>true</isPersisted>
          <inputSymbol>Username</inputSymbol>
          <listDelimiter>,</listDelimiter>
          <record>false</record>
          <link>
            <refId>881ee06f-89ad-4af6-a00d-06654eadccaa</refId>
            <refName>pc.infradb</refName>
          </link>
          <identityAttribute>USERNAME</identityAttribute>
        </identityBinding>
        <identityBinding id="580d5654-8019-4aac-a2ee-3009084cabf4">
          <annotation></annotation>
          <toContextKey></toContextKey>
          <fromContextKey></fromContextKey>
          <assignFromContext>false</assignFromContext>
          <assignToContext>false</assignToContext>
          <inputType>ENCRYPTED</inputType>
          <isList>false</isList>
          <required>true</required>
          <isPersisted>true</isPersisted>
          <inputSymbol>Password</inputSymbol>
          <listDelimiter>,</listDelimiter>
          <record>false</record>
          <link>
            <refId>881ee06f-89ad-4af6-a00d-06654eadccaa</refId>
            <refName>pc.infradb</refName>
          </link>
          <identityAttribute>PASSWORD</identityAttribute>
        </identityBinding>
        <staticBinding id="c058a348-deb7-4188-9cd3-098661e0fdd1">
          <annotation></annotation>
          <toContextKey></toContextKey>
          <fromContextKey></fromContextKey>
          <assignFromContext>false</assignFromContext>
          <assignToContext>false</assignToContext>
          <inputType>STRING</inputType>
          <isList>false</isList>
          <required>true</required>
          <isPersisted>true</isPersisted>
          <inputSymbol>Command</inputSymbol>
          <listDelimiter>,</listDelimiter>
          <value>UPDATE SERVER SET SECONDUSER=&apos;${db.updateserver.seconduser}&apos;,
SECONDPW=&apos;${db.updateserver.secondpw}&apos;
WHERE HOSTNAME = &apos;${db.updateserver.hostname}&apos;</value>
          <record>false</record>
        </staticBinding>
      </bindings>
      <transitions>
        <transition id="a714f21c-c8da-4398-bfa7-bb4b37a9593f">
          <annotation></annotation>
          <name>more items</name>
          <command>NEXT</command>
          <linkMode>false</linkMode>
          <responseSymbol>more items</responseSymbol>
          <shouldHandoff>false</shouldHandoff>
          <transitionValue>0.0</transitionValue>
          <destination>
            <refId>3e3ba01b-7bc2-4ad8-ba67-66067c84c476</refId>
          </destination>
          <source>
            <refId>b4006fc2-7fcb-4be9-96fb-b65ea29cd000</refId>
          </source>
          <positions>
            <point>
              <x>274.0</x>
              <y>229.0</y>
            </point>
            <point>
              <x>277.0</x>
              <y>418.0</y>
            </point>
          </positions>
          <labelPosition>
            <x>333.0</x>
            <y>0.0</y>
          </labelPosition>
        </transition>
        <transition id="fcc7b4d6-72a6-4344-bc29-41da2b898eb1">
          <annotation></annotation>
          <name>failure</name>
          <command>NEXT</command>
          <linkMode>false</linkMode>
          <responseSymbol>failure</responseSymbol>
          <shouldHandoff>false</shouldHandoff>
          <transitionValue>0.0</transitionValue>
          <destination>
            <refId>527eee42-7419-4c8d-bb1d-5dbd0b8b9cc7</refId>
          </destination>
          <source>
            <refId>b4006fc2-7fcb-4be9-96fb-b65ea29cd000</refId>
          </source>
          <positions>
            <point>
              <x>274.0</x>
              <y>229.0</y>
            </point>
            <point>
              <x>277.0</x>
              <y>85.0</y>
            </point>
          </positions>
          <labelPosition>
            <x>333.0</x>
            <y>0.0</y>
          </labelPosition>
        </transition>
      </transitions>
      <properties/>
      <opRef>
        <refId>c081c558-b08f-48e0-b994-24d1a6674002</refId>
      </opRef>
      <assignments>
        <flowVariableAssignment id="afb0808b-18bd-4fc8-a59d-b431764c2542">
          <annotation></annotation>
          <name>assignment</name>
          <action>OVERWRITE</action>
          <assignmentTargetType>FLOW_OUTPUT_FIELD</assignmentTargetType>
          <contextKey>db.gethostname.hostname</contextKey>
          <expression id="ab7f1e67-5633-4245-b5bb-ab914b0227ab">
            <annotation></annotation>
            <name>Result Field: outputText</name>
            <fieldName>outputText</fieldName>
            <sourceType>RAWRESULT</sourceType>
            <filters/>
          </expression>
        </flowVariableAssignment>
      </assignments>
      <throttleSize>0</throttleSize>
    </step>
    <returnStep id="3e3ba01b-7bc2-4ad8-ba67-66067c84c476">
      <annotation></annotation>
      <name>Resolved : success</name>
      <bounds>
        <x>224.0</x>
        <y>384.0</y>
      </bounds>
      <layer>-1</layer>
      <hideInbound>false</hideInbound>
      <addResultToRunContext>false</addResultToRunContext>
      <isCriticalStep>false</isCriticalStep>
      <isNonBlocking>false</isNonBlocking>
      <isParallelStep>false</isParallelStep>
      <isSingleResponse>false</isSingleResponse>
      <recordInHistory>false</recordInHistory>
      <recordRawOutput>true</recordRawOutput>
      <recordPrimaryOutput>true</recordPrimaryOutput>
      <checkPointStep>true</checkPointStep>
      <historyCheckPointStep>true</historyCheckPointStep>
      <scriptResultStep>false</scriptResultStep>
      <userPrompt></userPrompt>
      <bindings/>
      <transitions>
        <transition id="c480021b-66da-48e8-8c2b-5cbee2d691e3">
          <annotation></annotation>
          <name>return</name>
          <command>NEXT</command>
          <linkMode>false</linkMode>
          <responseSymbol>success</responseSymbol>
          <shouldHandoff>false</shouldHandoff>
          <transitionValue>0.0</transitionValue>
          <destination>
            <refId>3e3ba01b-7bc2-4ad8-ba67-66067c84c476</refId>
          </destination>
          <source>
            <refId>3e3ba01b-7bc2-4ad8-ba67-66067c84c476</refId>
          </source>
          <positions/>
        </transition>
      </transitions>
      <properties/>
      <returnStepType>RESOLVED</returnStepType>
      <assignments/>
    </returnStep>
    <returnStep id="527eee42-7419-4c8d-bb1d-5dbd0b8b9cc7">
      <annotation></annotation>
      <name>Error : failure</name>
      <bounds>
        <x>224.0</x>
        <y>51.0</y>
      </bounds>
      <layer>-1</layer>
      <hideInbound>false</hideInbound>
      <addResultToRunContext>false</addResultToRunContext>
      <isCriticalStep>false</isCriticalStep>
      <isNonBlocking>false</isNonBlocking>
      <isParallelStep>false</isParallelStep>
      <isSingleResponse>false</isSingleResponse>
      <recordInHistory>false</recordInHistory>
      <recordRawOutput>true</recordRawOutput>
      <recordPrimaryOutput>true</recordPrimaryOutput>
      <checkPointStep>true</checkPointStep>
      <historyCheckPointStep>true</historyCheckPointStep>
      <scriptResultStep>false</scriptResultStep>
      <userPrompt></userPrompt>
      <bindings/>
      <transitions>
        <transition id="9f27833e-484d-4edf-88bd-bf4ccb71fd34">
          <annotation></annotation>
          <name>return</name>
          <command>NEXT</command>
          <linkMode>false</linkMode>
          <responseSymbol>failure</responseSymbol>
          <shouldHandoff>false</shouldHandoff>
          <transitionValue>0.0</transitionValue>
          <destination>
            <refId>527eee42-7419-4c8d-bb1d-5dbd0b8b9cc7</refId>
          </destination>
          <source>
            <refId>527eee42-7419-4c8d-bb1d-5dbd0b8b9cc7</refId>
          </source>
          <positions/>
        </transition>
      </transitions>
      <properties/>
      <returnStepType>ERROR</returnStepType>
      <assignments/>
    </returnStep>
  </steps>
  <startSteps>b4006fc2-7fcb-4be9-96fb-b65ea29cd000</startSteps>
</flow>