<?xml version="1.0" encoding="UTF-8"?>
<flow id="9b5fecbe-d389-4403-8b37-db78cd190516">
  <annotation></annotation>
  <name>DB_GetSizeParams</name>
  <categories/>
  <inputs>
    <staticBinding id="1d89faab-c29e-4be4-b0d5-3926e61e9b54">
      <annotation></annotation>
      <assignFromContext>true</assignFromContext>
      <assignToContext>true</assignToContext>
      <inputType>STRING</inputType>
      <isList>false</isList>
      <required>false</required>
      <isPersisted>true</isPersisted>
      <inputSymbol>db.getsizeparams.tshirtsize</inputSymbol>
      <listDelimiter>,</listDelimiter>
      <value></value>
      <record>false</record>
    </staticBinding>
  </inputs>
  <scriptlet id="e7297f79-208f-4f52-b644-9fbf1c47db61">
    <annotation></annotation>
    <name>Operation DB_GetSizeParams (9b5fecbe-d389-4403-8b37-db78cd190516)</name>
    <type>RHINO</type>
  </scriptlet>
  <possibleResponses>
    <opResponse id="a1a1a4ce-f6d2-4474-a2a2-e8db7b5d4d70">
      <annotation></annotation>
      <name>success</name>
      <isDefault>true</isDefault>
      <onFailure>false</onFailure>
      <type>RESOLVED</type>
      <matchRules/>
    </opResponse>
    <opResponse id="c88ec486-0e58-4ba9-a1dd-2cfe9a77f46b">
      <annotation></annotation>
      <name>failure</name>
      <isDefault>false</isDefault>
      <onFailure>true</onFailure>
      <type>ERROR</type>
      <matchRules/>
    </opResponse>
  </possibleResponses>
  <availableResultExpressions>
    <expression id="7414d02e-7130-48a9-ab5b-d62ef18bb472">
      <annotation></annotation>
      <name>db.getresourcepool.disk</name>
      <fieldName>db.getsizeparams.disk</fieldName>
      <sourceType>RAWRESULT</sourceType>
      <filters>
        <stripWhitespaceFilter id="a6cc771f-523f-4813-8de6-9424599d9646">
          <annotation></annotation>
          <name>Strip Whitespace</name>
        </stripWhitespaceFilter>
      </filters>
    </expression>
    <expression id="0cce204d-6ef6-4c89-8225-198efe1af55e">
      <annotation></annotation>
      <name>db.getresourcepool.resourcepool</name>
      <fieldName>db.getsizeparams.cpu</fieldName>
      <sourceType>RAWRESULT</sourceType>
      <filters>
        <stripWhitespaceFilter id="33d87f31-21ee-4db2-9d82-dca9e20263c3">
          <annotation></annotation>
          <name>Strip Whitespace</name>
        </stripWhitespaceFilter>
      </filters>
    </expression>
    <expression id="de37bbfc-ae74-41fd-89ed-90e43d60269a">
      <annotation></annotation>
      <name>db.getresourcepool.vmpath</name>
      <fieldName>db.getsizeparams.ram</fieldName>
      <sourceType>RAWRESULT</sourceType>
      <filters>
        <stripWhitespaceFilter id="b6e706f7-a4aa-4721-a0ca-e5ac5b910575">
          <annotation></annotation>
          <name>Strip Whitespace</name>
        </stripWhitespaceFilter>
      </filters>
    </expression>
  </availableResultExpressions>
  <resultExpression id="37612adf-918e-4bf1-8c1b-0ae31092599d">
    <annotation></annotation>
    <name>FailureMessage</name>
    <fieldName>FailureMessage</fieldName>
    <sourceType>RAWRESULT</sourceType>
    <filters/>
  </resultExpression>
  <iconSpec id="b3c22cf6-745d-4111-b7de-360cab674a7f">
    <baseIcon>flow.png</baseIcon>
    <basePath>System</basePath>
    <readOnly>false</readOnly>
    <layers/>
  </iconSpec>
  <callouts/>
  <checkPointFlow>true</checkPointFlow>
  <compatibleRuntimeContext>false</compatibleRuntimeContext>
  <historyCheckPointFlow>true</historyCheckPointFlow>
  <steps>
    <step id="71540b51-4a3f-4888-9746-5b91742cfcce">
      <annotation>9b5fecbe-d389-4403-8b37-db78cd190516.71540b51-4a3f-4888-9746-5b91742cfcce.description</annotation>
      <name>Generate Systemtype and CustID Query</name>
      <bounds>
        <x>221.0</x>
        <y>380.0</y>
      </bounds>
      <layer>-1</layer>
      <hideInbound>false</hideInbound>
      <addResultToRunContext>false</addResultToRunContext>
      <isCriticalStep>false</isCriticalStep>
      <isNonBlocking>false</isNonBlocking>
      <isParallelStep>false</isParallelStep>
      <isSingleResponse>false</isSingleResponse>
      <recordInHistory>false</recordInHistory>
      <recordRawOutput>true</recordRawOutput>
      <recordPrimaryOutput>true</recordPrimaryOutput>
      <checkPointStep>true</checkPointStep>
      <historyCheckPointStep>true</historyCheckPointStep>
      <scriptResultStep>false</scriptResultStep>
      <userPrompt></userPrompt>
      <bindings>
        <staticBinding id="054ed513-c742-4ce8-8cbf-a04acfc6bffe">
          <annotation></annotation>
          <assignFromContext>true</assignFromContext>
          <assignToContext>true</assignToContext>
          <inputType>STRING</inputType>
          <isList>false</isList>
          <required>false</required>
          <isPersisted>true</isPersisted>
          <inputSymbol>field3</inputSymbol>
          <listDelimiter>,</listDelimiter>
          <value>PARAMS</value>
          <record>false</record>
        </staticBinding>
        <staticBinding id="1e67dc06-63f0-4568-aec9-81ac1881a4da">
          <annotation></annotation>
          <assignFromContext>true</assignFromContext>
          <assignToContext>true</assignToContext>
          <inputType>STRING</inputType>
          <isList>false</isList>
          <required>false</required>
          <isPersisted>true</isPersisted>
          <inputSymbol>field4</inputSymbol>
          <listDelimiter>,</listDelimiter>
          <value></value>
          <record>false</record>
        </staticBinding>
        <staticBinding id="9bfe8902-3093-4160-bc23-8db359dabba1">
          <annotation></annotation>
          <toContextKey></toContextKey>
          <fromContextKey></fromContextKey>
          <assignFromContext>false</assignFromContext>
          <assignToContext>false</assignToContext>
          <inputType>STRING</inputType>
          <recordKey></recordKey>
          <isList>false</isList>
          <required>false</required>
          <isPersisted>true</isPersisted>
          <inputSymbol>Field_2</inputSymbol>
          <listDelimiter></listDelimiter>
          <value>${field2}</value>
          <record>false</record>
        </staticBinding>
        <staticBinding id="3fc08993-b508-4783-9446-a42f769dd7f8">
          <annotation></annotation>
          <toContextKey></toContextKey>
          <fromContextKey></fromContextKey>
          <assignFromContext>false</assignFromContext>
          <assignToContext>false</assignToContext>
          <inputType>STRING</inputType>
          <recordKey></recordKey>
          <isList>false</isList>
          <required>false</required>
          <isPersisted>true</isPersisted>
          <inputSymbol>Field_4</inputSymbol>
          <listDelimiter></listDelimiter>
          <value>${field4}</value>
          <record>false</record>
        </staticBinding>
        <staticBinding id="e4be76ae-9b06-419e-8e79-a8b69bd81daa">
          <annotation></annotation>
          <toContextKey></toContextKey>
          <fromContextKey></fromContextKey>
          <assignFromContext>false</assignFromContext>
          <assignToContext>false</assignToContext>
          <inputType>STRING</inputType>
          <recordKey></recordKey>
          <isList>false</isList>
          <required>false</required>
          <isPersisted>true</isPersisted>
          <inputSymbol>Field_3</inputSymbol>
          <listDelimiter></listDelimiter>
          <value>${field3}</value>
          <record>false</record>
        </staticBinding>
        <staticBinding id="b9ddbc1d-3d61-41ba-bcc2-06657b3e8d3b">
          <annotation></annotation>
          <toContextKey></toContextKey>
          <fromContextKey></fromContextKey>
          <assignFromContext>false</assignFromContext>
          <assignToContext>false</assignToContext>
          <inputType>STRING</inputType>
          <recordKey></recordKey>
          <isList>false</isList>
          <required>false</required>
          <isPersisted>true</isPersisted>
          <inputSymbol>Field_1</inputSymbol>
          <listDelimiter></listDelimiter>
          <value>${field1}</value>
          <record>false</record>
        </staticBinding>
      </bindings>
      <transitions>
        <transition id="54124d1d-45e7-4135-824e-13ad0fe1247c">
          <annotation></annotation>
          <name>success</name>
          <command>NEXT</command>
          <linkMode>false</linkMode>
          <responseSymbol>success</responseSymbol>
          <shouldHandoff>false</shouldHandoff>
          <transitionValue>0.0</transitionValue>
          <destination>
            <refId>5494df0f-e8e3-4a35-b740-8304eb23dee4</refId>
          </destination>
          <source>
            <refId>71540b51-4a3f-4888-9746-5b91742cfcce</refId>
          </source>
          <positions>
            <point>
              <x>123.0</x>
              <y>237.0</y>
            </point>
            <point>
              <x>478.0</x>
              <y>243.0</y>
            </point>
          </positions>
          <labelPosition>
            <x>333.0</x>
            <y>0.0</y>
          </labelPosition>
        </transition>
      </transitions>
      <properties/>
      <opRef>
        <refId>ddd79f22-8b1e-4605-88d5-d912bb2da2b9</refId>
      </opRef>
      <assignments>
        <flowVariableAssignment id="a12dafe5-ee99-4d84-bd26-7ff9627eb2e1">
          <annotation></annotation>
          <name>assignment</name>
          <action>OVERWRITE</action>
          <assignmentTargetType>FLOW_VARIABLE</assignmentTargetType>
          <contextKey>query_result</contextKey>
          <expression id="cc8e1eda-8858-4eeb-879b-4463d537716f">
            <annotation></annotation>
            <name>Input: field3</name>
            <fieldName>field3</fieldName>
            <sourceType>INPUT</sourceType>
            <filters/>
          </expression>
        </flowVariableAssignment>
      </assignments>
      <throttleSize>0</throttleSize>
    </step>
    <returnStep id="5ca00230-d879-4241-a818-f7b6c1883f77">
      <annotation></annotation>
      <name>Error : failure</name>
      <bounds>
        <x>66.0</x>
        <y>200.0</y>
      </bounds>
      <layer>-1</layer>
      <hideInbound>false</hideInbound>
      <addResultToRunContext>false</addResultToRunContext>
      <isCriticalStep>false</isCriticalStep>
      <isNonBlocking>false</isNonBlocking>
      <isParallelStep>false</isParallelStep>
      <isSingleResponse>false</isSingleResponse>
      <recordInHistory>false</recordInHistory>
      <recordRawOutput>true</recordRawOutput>
      <recordPrimaryOutput>true</recordPrimaryOutput>
      <checkPointStep>true</checkPointStep>
      <historyCheckPointStep>true</historyCheckPointStep>
      <scriptResultStep>false</scriptResultStep>
      <userPrompt></userPrompt>
      <bindings/>
      <transitions>
        <transition id="00cb4987-f225-4224-9c12-16cd42af6ad7">
          <annotation></annotation>
          <name>return</name>
          <command>NEXT</command>
          <linkMode>false</linkMode>
          <responseSymbol>failure</responseSymbol>
          <shouldHandoff>false</shouldHandoff>
          <transitionValue>0.0</transitionValue>
          <destination>
            <refId>5ca00230-d879-4241-a818-f7b6c1883f77</refId>
          </destination>
          <source>
            <refId>5ca00230-d879-4241-a818-f7b6c1883f77</refId>
          </source>
          <positions/>
        </transition>
      </transitions>
      <properties/>
      <returnStepType>ERROR</returnStepType>
      <assignments/>
    </returnStep>
    <returnStep id="008f5ab7-7bf3-41df-9752-93262d0dba1b">
      <annotation></annotation>
      <name>Resolved : success</name>
      <bounds>
        <x>546.0</x>
        <y>200.0</y>
      </bounds>
      <layer>-1</layer>
      <hideInbound>false</hideInbound>
      <addResultToRunContext>false</addResultToRunContext>
      <isCriticalStep>false</isCriticalStep>
      <isNonBlocking>false</isNonBlocking>
      <isParallelStep>false</isParallelStep>
      <isSingleResponse>false</isSingleResponse>
      <recordInHistory>false</recordInHistory>
      <recordRawOutput>true</recordRawOutput>
      <recordPrimaryOutput>true</recordPrimaryOutput>
      <checkPointStep>true</checkPointStep>
      <historyCheckPointStep>true</historyCheckPointStep>
      <scriptResultStep>false</scriptResultStep>
      <userPrompt></userPrompt>
      <bindings/>
      <transitions>
        <transition id="09d52bea-dc6e-45b9-bac3-b9609cb0bcd8">
          <annotation></annotation>
          <name>return</name>
          <command>NEXT</command>
          <linkMode>false</linkMode>
          <responseSymbol>success</responseSymbol>
          <shouldHandoff>false</shouldHandoff>
          <transitionValue>0.0</transitionValue>
          <destination>
            <refId>008f5ab7-7bf3-41df-9752-93262d0dba1b</refId>
          </destination>
          <source>
            <refId>008f5ab7-7bf3-41df-9752-93262d0dba1b</refId>
          </source>
          <positions/>
        </transition>
      </transitions>
      <properties/>
      <returnStepType>RESOLVED</returnStepType>
      <assignments/>
    </returnStep>
    <step id="79b39c5f-902b-4e2f-9a86-e32bb911650c">
      <annotation>9b5fecbe-d389-4403-8b37-db78cd190516.79b39c5f-902b-4e2f-9a86-e32bb911650c.description</annotation>
      <name>Set query_result as Flow Output</name>
      <bounds>
        <x>364.0</x>
        <y>200.0</y>
      </bounds>
      <layer>-1</layer>
      <hideInbound>false</hideInbound>
      <addResultToRunContext>false</addResultToRunContext>
      <isCriticalStep>false</isCriticalStep>
      <isNonBlocking>false</isNonBlocking>
      <isParallelStep>false</isParallelStep>
      <isSingleResponse>false</isSingleResponse>
      <recordInHistory>false</recordInHistory>
      <recordRawOutput>true</recordRawOutput>
      <recordPrimaryOutput>true</recordPrimaryOutput>
      <checkPointStep>true</checkPointStep>
      <historyCheckPointStep>true</historyCheckPointStep>
      <scriptResultStep>false</scriptResultStep>
      <userPrompt></userPrompt>
      <bindings>
        <staticBinding id="aa7a10d2-482e-45d7-9136-dceb686d6e8b">
          <annotation></annotation>
          <toContextKey>query_result</toContextKey>
          <fromContextKey>query_result</fromContextKey>
          <assignFromContext>true</assignFromContext>
          <assignToContext>true</assignToContext>
          <inputType>STRING</inputType>
          <isList>false</isList>
          <required>false</required>
          <isPersisted>true</isPersisted>
          <inputSymbol>field1</inputSymbol>
          <listDelimiter>,</listDelimiter>
          <value>${query_result}</value>
          <record>false</record>
        </staticBinding>
        <staticBinding id="6ac4f56a-d5db-43ca-934a-81349a0fe5ee">
          <annotation></annotation>
          <assignFromContext>true</assignFromContext>
          <assignToContext>true</assignToContext>
          <inputType>STRING</inputType>
          <isList>false</isList>
          <required>false</required>
          <isPersisted>true</isPersisted>
          <inputSymbol>field2</inputSymbol>
          <listDelimiter>,</listDelimiter>
          <value></value>
          <record>false</record>
        </staticBinding>
        <staticBinding id="6419a82b-f031-4b67-a58d-4ed738418da6">
          <annotation></annotation>
          <assignFromContext>true</assignFromContext>
          <assignToContext>true</assignToContext>
          <inputType>STRING</inputType>
          <isList>false</isList>
          <required>false</required>
          <isPersisted>true</isPersisted>
          <inputSymbol>field3</inputSymbol>
          <listDelimiter>,</listDelimiter>
          <value></value>
          <record>false</record>
        </staticBinding>
        <staticBinding id="d34318dd-60b7-4da3-9955-5978fa0b8026">
          <annotation></annotation>
          <assignFromContext>true</assignFromContext>
          <assignToContext>true</assignToContext>
          <inputType>STRING</inputType>
          <isList>false</isList>
          <required>false</required>
          <isPersisted>true</isPersisted>
          <inputSymbol>field4</inputSymbol>
          <listDelimiter>,</listDelimiter>
          <value></value>
          <record>false</record>
        </staticBinding>
        <staticBinding id="f6b4fa67-c47b-4a81-b748-3b4ae8bd14c4">
          <annotation></annotation>
          <toContextKey></toContextKey>
          <fromContextKey></fromContextKey>
          <assignFromContext>false</assignFromContext>
          <assignToContext>false</assignToContext>
          <inputType>STRING</inputType>
          <recordKey></recordKey>
          <isList>false</isList>
          <required>false</required>
          <isPersisted>true</isPersisted>
          <inputSymbol>Field_2</inputSymbol>
          <listDelimiter></listDelimiter>
          <value>${field2}</value>
          <record>false</record>
        </staticBinding>
        <staticBinding id="04b0e800-62a8-47ad-ba28-ba517c89ca5b">
          <annotation></annotation>
          <toContextKey></toContextKey>
          <fromContextKey></fromContextKey>
          <assignFromContext>false</assignFromContext>
          <assignToContext>false</assignToContext>
          <inputType>STRING</inputType>
          <recordKey></recordKey>
          <isList>false</isList>
          <required>false</required>
          <isPersisted>true</isPersisted>
          <inputSymbol>Field_4</inputSymbol>
          <listDelimiter></listDelimiter>
          <value>${field4}</value>
          <record>false</record>
        </staticBinding>
        <staticBinding id="a30c89d7-24f2-4a49-8862-dae9eedbc7c4">
          <annotation></annotation>
          <toContextKey></toContextKey>
          <fromContextKey></fromContextKey>
          <assignFromContext>false</assignFromContext>
          <assignToContext>false</assignToContext>
          <inputType>STRING</inputType>
          <recordKey></recordKey>
          <isList>false</isList>
          <required>false</required>
          <isPersisted>true</isPersisted>
          <inputSymbol>Field_3</inputSymbol>
          <listDelimiter></listDelimiter>
          <value>${field3}</value>
          <record>false</record>
        </staticBinding>
        <staticBinding id="e93857ad-740f-4e31-8445-336c0ba5a4b6">
          <annotation></annotation>
          <toContextKey></toContextKey>
          <fromContextKey></fromContextKey>
          <assignFromContext>false</assignFromContext>
          <assignToContext>false</assignToContext>
          <inputType>STRING</inputType>
          <recordKey></recordKey>
          <isList>false</isList>
          <required>false</required>
          <isPersisted>true</isPersisted>
          <inputSymbol>Field_1</inputSymbol>
          <listDelimiter></listDelimiter>
          <value>${field1}</value>
          <record>false</record>
        </staticBinding>
      </bindings>
      <transitions>
        <transition id="e23a9727-5fc8-4993-a8d9-403204c0c6e5">
          <annotation></annotation>
          <name>success</name>
          <command>NEXT</command>
          <linkMode>false</linkMode>
          <responseSymbol>success</responseSymbol>
          <shouldHandoff>false</shouldHandoff>
          <transitionValue>0.0</transitionValue>
          <destination>
            <refId>008f5ab7-7bf3-41df-9752-93262d0dba1b</refId>
          </destination>
          <source>
            <refId>79b39c5f-902b-4e2f-9a86-e32bb911650c</refId>
          </source>
          <positions>
            <point>
              <x>204.0</x>
              <y>388.0</y>
            </point>
            <point>
              <x>278.0</x>
              <y>539.0</y>
            </point>
          </positions>
          <labelPosition>
            <x>333.0</x>
            <y>0.0</y>
          </labelPosition>
        </transition>
      </transitions>
      <properties/>
      <opRef>
        <refId>ddd79f22-8b1e-4605-88d5-d912bb2da2b9</refId>
      </opRef>
      <assignments>
        <flowVariableAssignment id="47f4ad99-c729-478e-b9c4-f4f2dd079295">
          <annotation></annotation>
          <name>assignment</name>
          <action>OVERWRITE</action>
          <assignmentTargetType>FLOW_OUTPUT_FIELD</assignmentTargetType>
          <contextKey>db.getsizeparams.cpu</contextKey>
          <expression id="ceb083a3-a913-474e-866d-88bb6ef35431">
            <annotation></annotation>
            <name>Input: field1</name>
            <fieldName>field1</fieldName>
            <sourceType>INPUT</sourceType>
            <filters>
              <tableFilter id="bdbdd98f-caff-4015-b8c3-a83a2945b5ab">
                <annotation></annotation>
                <name>Table</name>
                <ascending>false</ascending>
                <columnDelimiter>PIPE</columnDelimiter>
                <firstRowHeader>false</firstRowHeader>
                <lineDelimintor>NEWLINE</lineDelimintor>
                <selectCol>1</selectCol>
                <selectHeight>1</selectHeight>
                <selectRow>0</selectRow>
                <selectWidth>1</selectWidth>
                <sortColumn>-1</sortColumn>
                <stripFirstRow>false</stripFirstRow>
              </tableFilter>
              <replaceAllFilter id="ba525e8f-4aa9-49e9-84ca-367005726775">
                <annotation></annotation>
                <name>Replace</name>
                <ignoreCase>false</ignoreCase>
                <searchString>&lt;&gt;</searchString>
                <replaceString>|</replaceString>
                <replaceType>ALL</replaceType>
              </replaceAllFilter>
              <tableFilter id="bb8f4ba5-ce3f-47b9-a64a-785bb7eb9756">
                <annotation></annotation>
                <name>Table</name>
                <ascending>false</ascending>
                <columnDelimiter>PIPE</columnDelimiter>
                <firstRowHeader>false</firstRowHeader>
                <lineDelimintor>NEWLINE</lineDelimintor>
                <selectCol>0</selectCol>
                <selectHeight>1</selectHeight>
                <selectRow>0</selectRow>
                <selectWidth>1</selectWidth>
                <sortColumn>-1</sortColumn>
                <stripFirstRow>false</stripFirstRow>
              </tableFilter>
            </filters>
          </expression>
        </flowVariableAssignment>
        <flowVariableAssignment id="5e85f527-c60c-45cb-9fc8-44f540617ee6">
          <annotation></annotation>
          <name>assignment</name>
          <action>OVERWRITE</action>
          <assignmentTargetType>FLOW_OUTPUT_FIELD</assignmentTargetType>
          <contextKey>db.getsizeparams.ram</contextKey>
          <expression id="ab390ac7-b68b-452e-985e-ee484150228a">
            <annotation></annotation>
            <name>Input: field1</name>
            <fieldName>field1</fieldName>
            <sourceType>INPUT</sourceType>
            <filters>
              <tableFilter id="245c19f4-5374-4415-8fb2-8f5a2b8e06a0">
                <annotation></annotation>
                <name>Table</name>
                <ascending>false</ascending>
                <columnDelimiter>PIPE</columnDelimiter>
                <firstRowHeader>false</firstRowHeader>
                <lineDelimintor>NEWLINE</lineDelimintor>
                <selectCol>1</selectCol>
                <selectHeight>1</selectHeight>
                <selectRow>0</selectRow>
                <selectWidth>1</selectWidth>
                <sortColumn>-1</sortColumn>
                <stripFirstRow>false</stripFirstRow>
              </tableFilter>
              <replaceAllFilter id="135e9e6f-c76b-4289-b9c4-d39235a78b52">
                <annotation></annotation>
                <name>Replace</name>
                <ignoreCase>false</ignoreCase>
                <searchString>&lt;&gt;</searchString>
                <replaceString>|</replaceString>
                <replaceType>ALL</replaceType>
              </replaceAllFilter>
              <tableFilter id="c98dc32a-72b9-44bf-a4bc-e6e07b1de9ef">
                <annotation></annotation>
                <name>Table</name>
                <ascending>false</ascending>
                <columnDelimiter>PIPE</columnDelimiter>
                <firstRowHeader>false</firstRowHeader>
                <lineDelimintor>NEWLINE</lineDelimintor>
                <selectCol>1</selectCol>
                <selectHeight>1</selectHeight>
                <selectRow>0</selectRow>
                <selectWidth>1</selectWidth>
                <sortColumn>-1</sortColumn>
                <stripFirstRow>false</stripFirstRow>
              </tableFilter>
            </filters>
          </expression>
        </flowVariableAssignment>
        <flowVariableAssignment id="e893797d-36b6-44a6-b116-ee7bbd6df5eb">
          <annotation></annotation>
          <name>assignment</name>
          <action>OVERWRITE</action>
          <assignmentTargetType>FLOW_OUTPUT_FIELD</assignmentTargetType>
          <contextKey>db.getsizeparams.disk</contextKey>
          <expression id="1be39f69-37bd-4e05-9bbb-fb40292736e9">
            <annotation></annotation>
            <name>Input: field1</name>
            <fieldName>field1</fieldName>
            <sourceType>INPUT</sourceType>
            <filters>
              <tableFilter id="20e74ecb-3783-4fe5-afe5-1166f8a49950">
                <annotation></annotation>
                <name>Table</name>
                <ascending>false</ascending>
                <columnDelimiter>PIPE</columnDelimiter>
                <firstRowHeader>false</firstRowHeader>
                <lineDelimintor>NEWLINE</lineDelimintor>
                <selectCol>1</selectCol>
                <selectHeight>1</selectHeight>
                <selectRow>0</selectRow>
                <selectWidth>1</selectWidth>
                <sortColumn>-1</sortColumn>
                <stripFirstRow>false</stripFirstRow>
              </tableFilter>
              <replaceAllFilter id="92fdffa0-be1d-42de-955d-0ba297bb5a60">
                <annotation></annotation>
                <name>Replace</name>
                <ignoreCase>false</ignoreCase>
                <searchString>&lt;&gt;</searchString>
                <replaceString>|</replaceString>
                <replaceType>ALL</replaceType>
              </replaceAllFilter>
              <tableFilter id="71ddc47d-c1a1-48a2-aa0a-ef180c4a743e">
                <annotation></annotation>
                <name>Table</name>
                <ascending>false</ascending>
                <columnDelimiter>PIPE</columnDelimiter>
                <firstRowHeader>false</firstRowHeader>
                <lineDelimintor>NEWLINE</lineDelimintor>
                <selectCol>2</selectCol>
                <selectHeight>1</selectHeight>
                <selectRow>0</selectRow>
                <selectWidth>1</selectWidth>
                <sortColumn>-1</sortColumn>
                <stripFirstRow>false</stripFirstRow>
              </tableFilter>
            </filters>
          </expression>
        </flowVariableAssignment>
      </assignments>
      <throttleSize>0</throttleSize>
    </step>
    <step id="5494df0f-e8e3-4a35-b740-8304eb23dee4">
      <annotation>9b5fecbe-d389-4403-8b37-db78cd190516.5494df0f-e8e3-4a35-b740-8304eb23dee4.description</annotation>
      <name>TNS Names SQL Query</name>
      <bounds>
        <x>221.0</x>
        <y>200.0</y>
      </bounds>
      <layer>-1</layer>
      <hideInbound>false</hideInbound>
      <addResultToRunContext>false</addResultToRunContext>
      <isCriticalStep>false</isCriticalStep>
      <isNonBlocking>false</isNonBlocking>
      <isParallelStep>false</isParallelStep>
      <isSingleResponse>false</isSingleResponse>
      <recordInHistory>false</recordInHistory>
      <recordRawOutput>true</recordRawOutput>
      <recordPrimaryOutput>true</recordPrimaryOutput>
      <checkPointStep>true</checkPointStep>
      <historyCheckPointStep>true</historyCheckPointStep>
      <scriptResultStep>false</scriptResultStep>
      <userPrompt></userPrompt>
      <bindings>
        <staticBinding id="d1287ac3-39dd-4692-bf14-9afd9276b530">
          <annotation></annotation>
          <toContextKey></toContextKey>
          <fromContextKey></fromContextKey>
          <assignFromContext>false</assignFromContext>
          <assignToContext>false</assignToContext>
          <inputType>STRING</inputType>
          <isList>false</isList>
          <required>true</required>
          <isPersisted>true</isPersisted>
          <inputSymbol>TNSPath</inputSymbol>
          <listDelimiter>,</listDelimiter>
          <value>${pc.infradb.tns.path}</value>
          <record>false</record>
        </staticBinding>
        <staticBinding id="4cfc5b36-9f69-4dea-8bda-fdd67e2819ca">
          <annotation></annotation>
          <toContextKey></toContextKey>
          <fromContextKey></fromContextKey>
          <assignFromContext>false</assignFromContext>
          <assignToContext>false</assignToContext>
          <inputType>STRING</inputType>
          <isList>false</isList>
          <required>true</required>
          <isPersisted>true</isPersisted>
          <inputSymbol>TNSEntry</inputSymbol>
          <listDelimiter>,</listDelimiter>
          <value>${pc.infradb.tns.entry}</value>
          <record>false</record>
        </staticBinding>
        <identityBinding id="54804b3e-6bec-4193-8f2c-740d90dddaa0">
          <annotation></annotation>
          <toContextKey></toContextKey>
          <fromContextKey></fromContextKey>
          <assignFromContext>false</assignFromContext>
          <assignToContext>false</assignToContext>
          <inputType>ENCRYPTED</inputType>
          <isList>false</isList>
          <required>true</required>
          <isPersisted>true</isPersisted>
          <inputSymbol>Username</inputSymbol>
          <listDelimiter>,</listDelimiter>
          <record>false</record>
          <link>
            <refId>881ee06f-89ad-4af6-a00d-06654eadccaa</refId>
            <refName>pc.infradb</refName>
          </link>
          <identityAttribute>USERNAME</identityAttribute>
        </identityBinding>
        <identityBinding id="d6d506f9-644d-4795-b38b-4d65667f8064">
          <annotation></annotation>
          <toContextKey></toContextKey>
          <fromContextKey></fromContextKey>
          <assignFromContext>false</assignFromContext>
          <assignToContext>false</assignToContext>
          <inputType>ENCRYPTED</inputType>
          <isList>false</isList>
          <required>true</required>
          <isPersisted>true</isPersisted>
          <inputSymbol>Password</inputSymbol>
          <listDelimiter>,</listDelimiter>
          <record>false</record>
          <link>
            <refId>881ee06f-89ad-4af6-a00d-06654eadccaa</refId>
            <refName>pc.infradb</refName>
          </link>
          <identityAttribute>PASSWORD</identityAttribute>
        </identityBinding>
        <staticBinding id="ef4438af-8253-497b-b0f4-abfc369044df">
          <annotation></annotation>
          <toContextKey></toContextKey>
          <fromContextKey></fromContextKey>
          <assignFromContext>false</assignFromContext>
          <assignToContext>false</assignToContext>
          <inputType>STRING</inputType>
          <isList>false</isList>
          <required>true</required>
          <isPersisted>true</isPersisted>
          <inputSymbol>Command</inputSymbol>
          <listDelimiter>,</listDelimiter>
          <value>SELECT CPU,RAM,DISK0SIZE FROM TSHIRTSIZES WHERE TSHIRTSIZE =&apos;${db.getsizeparams.tshirtsize}&apos;</value>
          <record>false</record>
        </staticBinding>
        <staticBinding id="46d0257b-924a-4d2a-8839-46c9942aff34">
          <annotation></annotation>
          <toContextKey></toContextKey>
          <fromContextKey></fromContextKey>
          <assignFromContext>false</assignFromContext>
          <assignToContext>false</assignToContext>
          <inputType>STRING</inputType>
          <isList>false</isList>
          <required>true</required>
          <isPersisted>true</isPersisted>
          <inputSymbol>Delimiter</inputSymbol>
          <listDelimiter>,</listDelimiter>
          <value>&lt;&gt;</value>
          <record>false</record>
        </staticBinding>
        <staticBinding id="492a864f-9762-42b4-8563-86a1d9b25e9f">
          <annotation></annotation>
          <toContextKey></toContextKey>
          <fromContextKey></fromContextKey>
          <assignFromContext>false</assignFromContext>
          <assignToContext>false</assignToContext>
          <inputType>STRING</inputType>
          <isList>false</isList>
          <required>true</required>
          <isPersisted>true</isPersisted>
          <inputSymbol>Key</inputSymbol>
          <listDelimiter>,</listDelimiter>
          <value>[]</value>
          <record>false</record>
        </staticBinding>
      </bindings>
      <transitions>
        <transition id="2323b760-23bb-4084-b387-3d75c5de6b07">
          <annotation></annotation>
          <name>failure</name>
          <command>NEXT</command>
          <linkMode>false</linkMode>
          <responseSymbol>failure</responseSymbol>
          <shouldHandoff>false</shouldHandoff>
          <transitionValue>0.0</transitionValue>
          <destination>
            <refId>5ca00230-d879-4241-a818-f7b6c1883f77</refId>
          </destination>
          <source>
            <refId>5494df0f-e8e3-4a35-b740-8304eb23dee4</refId>
          </source>
          <positions>
            <point>
              <x>478.0</x>
              <y>243.0</y>
            </point>
            <point>
              <x>277.0</x>
              <y>85.0</y>
            </point>
          </positions>
          <labelPosition>
            <x>333.0</x>
            <y>0.0</y>
          </labelPosition>
        </transition>
        <transition id="e52fbaa6-31d5-441c-a976-44a533d3da05">
          <annotation></annotation>
          <name>more items</name>
          <command>NEXT</command>
          <linkMode>false</linkMode>
          <responseSymbol>more items</responseSymbol>
          <shouldHandoff>false</shouldHandoff>
          <transitionValue>0.0</transitionValue>
          <destination>
            <refId>9e3695ce-7a1f-43a9-8bb5-09c90e29cfd5</refId>
          </destination>
          <source>
            <refId>5494df0f-e8e3-4a35-b740-8304eb23dee4</refId>
          </source>
          <positions>
            <point>
              <x>478.0</x>
              <y>243.0</y>
            </point>
            <point>
              <x>606.0</x>
              <y>252.0</y>
            </point>
          </positions>
          <labelPosition>
            <x>333.0</x>
            <y>0.0</y>
          </labelPosition>
        </transition>
        <transition id="bc86c5cc-7066-443e-80bc-b40f315a29ae">
          <annotation></annotation>
          <name>no more items</name>
          <command>NEXT</command>
          <linkMode>false</linkMode>
          <responseSymbol>no more items</responseSymbol>
          <shouldHandoff>false</shouldHandoff>
          <transitionValue>0.0</transitionValue>
          <destination>
            <refId>79b39c5f-902b-4e2f-9a86-e32bb911650c</refId>
          </destination>
          <source>
            <refId>5494df0f-e8e3-4a35-b740-8304eb23dee4</refId>
          </source>
          <positions>
            <point>
              <x>278.0</x>
              <y>236.0</y>
            </point>
            <point>
              <x>204.0</x>
              <y>388.0</y>
            </point>
          </positions>
          <labelPosition>
            <x>333.0</x>
            <y>0.0</y>
          </labelPosition>
        </transition>
      </transitions>
      <properties/>
      <opRef>
        <refId>e17253d4-82a9-4b5d-a524-97fcf6d693e8</refId>
      </opRef>
      <assignments/>
      <throttleSize>0</throttleSize>
    </step>
    <step id="9e3695ce-7a1f-43a9-8bb5-09c90e29cfd5">
      <annotation>9b5fecbe-d389-4403-8b37-db78cd190516.9e3695ce-7a1f-43a9-8bb5-09c90e29cfd5.description</annotation>
      <name>List Appender</name>
      <bounds>
        <x>221.0</x>
        <y>25.0</y>
      </bounds>
      <layer>-1</layer>
      <hideInbound>false</hideInbound>
      <addResultToRunContext>false</addResultToRunContext>
      <isCriticalStep>false</isCriticalStep>
      <isNonBlocking>false</isNonBlocking>
      <isParallelStep>false</isParallelStep>
      <isSingleResponse>false</isSingleResponse>
      <recordInHistory>false</recordInHistory>
      <recordRawOutput>true</recordRawOutput>
      <recordPrimaryOutput>true</recordPrimaryOutput>
      <checkPointStep>true</checkPointStep>
      <historyCheckPointStep>true</historyCheckPointStep>
      <scriptResultStep>false</scriptResultStep>
      <userPrompt></userPrompt>
      <bindings>
        <staticBinding id="31589fcb-d650-49dc-bdc7-c3e79f3bce65">
          <annotation></annotation>
          <assignFromContext>false</assignFromContext>
          <assignToContext>false</assignToContext>
          <inputType>STRING</inputType>
          <isList>false</isList>
          <required>true</required>
          <isPersisted>true</isPersisted>
          <inputSymbol>keyName</inputSymbol>
          <listDelimiter>,</listDelimiter>
          <value>query_result</value>
          <record>false</record>
        </staticBinding>
        <resultBinding id="d57bbdc4-1929-4dbe-b28b-f2c3ed30efd3">
          <annotation></annotation>
          <assignFromContext>false</assignFromContext>
          <assignToContext>false</assignToContext>
          <inputType>STRING</inputType>
          <isList>false</isList>
          <required>true</required>
          <isPersisted>true</isPersisted>
          <inputSymbol>resultText</inputSymbol>
          <listDelimiter>,</listDelimiter>
          <record>false</record>
        </resultBinding>
        <staticBinding id="5047a605-c66e-401f-9ce0-aa582102af22">
          <annotation></annotation>
          <assignFromContext>false</assignFromContext>
          <assignToContext>false</assignToContext>
          <inputType>STRING</inputType>
          <isList>false</isList>
          <required>false</required>
          <isPersisted>true</isPersisted>
          <inputSymbol>delimiter</inputSymbol>
          <listDelimiter>,</listDelimiter>
          <value>|</value>
          <record>false</record>
        </staticBinding>
      </bindings>
      <transitions>
        <transition id="365db0b2-f5a2-4bdf-b95c-fb2a94985144">
          <annotation></annotation>
          <name>success</name>
          <command>NEXT</command>
          <linkMode>false</linkMode>
          <responseSymbol>success</responseSymbol>
          <shouldHandoff>false</shouldHandoff>
          <transitionValue>0.0</transitionValue>
          <destination>
            <refId>5494df0f-e8e3-4a35-b740-8304eb23dee4</refId>
          </destination>
          <source>
            <refId>9e3695ce-7a1f-43a9-8bb5-09c90e29cfd5</refId>
          </source>
          <positions>
            <point>
              <x>475.0</x>
              <y>240.0</y>
            </point>
            <point>
              <x>278.0</x>
              <y>236.0</y>
            </point>
          </positions>
          <labelPosition>
            <x>333.0</x>
            <y>0.0</y>
          </labelPosition>
        </transition>
      </transitions>
      <properties/>
      <opRef>
        <refId>f6e6cb22-1802-4fca-9f9b-4c699c486aa6</refId>
      </opRef>
      <assignments/>
      <throttleSize>0</throttleSize>
    </step>
  </steps>
  <startSteps>71540b51-4a3f-4888-9746-5b91742cfcce</startSteps>
</flow>