<?xml version="1.0" encoding="UTF-8"?>
<flow id="ac9796c6-0b53-46d3-905d-fc28be063e0e">
  <annotation></annotation>
  <name>SCVMM_setMemorySize</name>
  <categories/>
  <inputs>
    <staticBinding id="49f8881a-8a3a-4082-93e5-9bc7210e211f">
      <annotation></annotation>
      <assignFromContext>false</assignFromContext>
      <assignToContext>false</assignToContext>
      <inputType>STRING</inputType>
      <isList>false</isList>
      <required>false</required>
      <isPersisted>true</isPersisted>
      <inputSymbol>vmName</inputSymbol>
      <listDelimiter>,</listDelimiter>
      <value>${vmName}</value>
      <record>false</record>
    </staticBinding>
    <staticBinding id="c67276f0-b261-4b0e-89b4-6dbacb1d78ec">
      <annotation></annotation>
      <assignFromContext>false</assignFromContext>
      <assignToContext>false</assignToContext>
      <inputType>STRING</inputType>
      <isList>false</isList>
      <required>false</required>
      <isPersisted>true</isPersisted>
      <inputSymbol>memorySize</inputSymbol>
      <listDelimiter>,</listDelimiter>
      <value>${memorySize}</value>
      <record>false</record>
    </staticBinding>
    <staticBinding id="164d6e68-6091-47ba-8279-7bfc97c0d770">
      <annotation></annotation>
      <assignFromContext>true</assignFromContext>
      <assignToContext>false</assignToContext>
      <inputType>STRING</inputType>
      <isList>false</isList>
      <required>false</required>
      <isPersisted>true</isPersisted>
      <inputSymbol>host</inputSymbol>
      <listDelimiter>,</listDelimiter>
      <value>${host}</value>
      <record>false</record>
    </staticBinding>
  </inputs>
  <scriptlet id="3b49f9ae-9886-43cc-80e4-cfbfce3a364d">
    <annotation></annotation>
    <name>Operation SCVMM_setMemorySize (ac9796c6-0b53-46d3-905d-fc28be063e0e)</name>
    <type>RHINO</type>
  </scriptlet>
  <possibleResponses>
    <opResponse id="1a155287-3019-465a-9238-94b71f78f342">
      <annotation></annotation>
      <name>failure</name>
      <isDefault>false</isDefault>
      <onFailure>true</onFailure>
      <type>ERROR</type>
      <matchRules/>
    </opResponse>
    <opResponse id="7bb3dc6d-2e9b-4ee9-85be-1af2633ecf9d">
      <annotation></annotation>
      <name>success</name>
      <isDefault>true</isDefault>
      <onFailure>false</onFailure>
      <type>RESOLVED</type>
      <matchRules/>
    </opResponse>
  </possibleResponses>
  <availableResultExpressions/>
  <resultExpression id="d9e9b9f6-a8eb-4104-b951-d65d0f0143f9">
    <annotation></annotation>
    <name>FailureMessage</name>
    <fieldName>FailureMessage</fieldName>
    <sourceType>RAWRESULT</sourceType>
    <filters/>
  </resultExpression>
  <iconSpec id="18278d04-8eda-45b6-ba66-0b381cc20552">
    <baseIcon>flow.png</baseIcon>
    <basePath>System</basePath>
    <readOnly>false</readOnly>
    <layers/>
  </iconSpec>
  <callouts/>
  <checkPointFlow>true</checkPointFlow>
  <compatibleRuntimeContext>false</compatibleRuntimeContext>
  <historyCheckPointFlow>true</historyCheckPointFlow>
  <steps>
    <step id="562549c9-2a20-4d8a-848e-e2c16fa246ba">
      <annotation>ac9796c6-0b53-46d3-905d-fc28be063e0e.562549c9-2a20-4d8a-848e-e2c16fa246ba.description</annotation>
      <name>Set Flow Variable</name>
      <bounds>
        <x>268.0</x>
        <y>189.0</y>
      </bounds>
      <layer>-1</layer>
      <hideInbound>false</hideInbound>
      <iconSpec id="36cf6962-67a7-45eb-98dc-c84e9d6d98ae">
        <baseIcon>jar.png</baseIcon>
        <basePath>Others/</basePath>
        <readOnly>false</readOnly>
        <layers>
          <iconSpec id="f5c681ac-280f-4ce6-950b-c74844aa4b2c">
            <baseIcon>edit.png</baseIcon>
            <basePath>Annotations/</basePath>
            <readOnly>false</readOnly>
            <layers/>
          </iconSpec>
        </layers>
      </iconSpec>
      <addResultToRunContext>false</addResultToRunContext>
      <isCriticalStep>false</isCriticalStep>
      <isNonBlocking>false</isNonBlocking>
      <isParallelStep>false</isParallelStep>
      <isSingleResponse>false</isSingleResponse>
      <recordInHistory>false</recordInHistory>
      <recordRawOutput>false</recordRawOutput>
      <recordPrimaryOutput>false</recordPrimaryOutput>
      <checkPointStep>true</checkPointStep>
      <historyCheckPointStep>true</historyCheckPointStep>
      <scriptResultStep>false</scriptResultStep>
      <userPrompt></userPrompt>
      <scriptlet id="15f06dce-2424-48ae-aea5-3c1f99c122eb">
        <annotation></annotation>
        <name>Step Set Flow Variable in Flow SCVMM_setMemorySize (562549c9-2a20-4d8a-848e-e2c16fa246ba)</name>
        <script>
/////  vlan params
var vmName=scriptletContext.getLocal(&quot;vmName&quot;);
var memorySize = scriptletContext.getLocal(&quot;memorySize&quot;)*1024;
var commands = [];

commands.push(&quot; $VM = Get-SCVirtualMachine | where { $_.Name -eq \&quot;&quot; + vmName + &quot;\&quot; }&quot;);
commands.push(&quot;if($VM.Status -ne &apos;PowerOff&apos;){Stop-SCVirtualMachine -VM $VM}&quot;);
commands.push(&quot; Set-SCVirtualMachine -VM $VM -MemoryMB &quot; + memorySize + &quot;&quot;);

scriptletContext.put(&quot;commands&quot;,commands.join(&quot;\r\n&quot;));</script>
        <type>RHINO</type>
      </scriptlet>
      <bindings>
        <staticBinding id="0a8be3b9-f0df-48e1-ada3-1f9d54b40e00">
          <annotation></annotation>
          <assignFromContext>false</assignFromContext>
          <assignToContext>false</assignToContext>
          <inputType>STRING</inputType>
          <isList>false</isList>
          <required>true</required>
          <isPersisted>true</isPersisted>
          <inputSymbol>keyName</inputSymbol>
          <listDelimiter>,</listDelimiter>
          <value></value>
          <record>false</record>
        </staticBinding>
        <staticBinding id="6f00c3e6-e8a6-46c3-a44f-a4d0fd993b82">
          <annotation></annotation>
          <assignFromContext>false</assignFromContext>
          <assignToContext>false</assignToContext>
          <inputType>STRING</inputType>
          <isList>false</isList>
          <required>true</required>
          <isPersisted>true</isPersisted>
          <inputSymbol>myValue</inputSymbol>
          <listDelimiter>,</listDelimiter>
          <value></value>
          <record>false</record>
        </staticBinding>
        <staticBinding id="695bcb7f-0a43-4272-8204-b262803070be">
          <annotation></annotation>
          <toContextKey></toContextKey>
          <fromContextKey></fromContextKey>
          <assignFromContext>false</assignFromContext>
          <assignToContext>false</assignToContext>
          <inputType>STRING</inputType>
          <recordKey></recordKey>
          <isList>false</isList>
          <required>false</required>
          <isPersisted>true</isPersisted>
          <inputSymbol>Field_1</inputSymbol>
          <listDelimiter></listDelimiter>
          <value>${keyName}</value>
          <record>false</record>
        </staticBinding>
        <staticBinding id="f15392b8-0077-49a4-a49b-62209f6717da">
          <annotation></annotation>
          <toContextKey></toContextKey>
          <fromContextKey></fromContextKey>
          <assignFromContext>false</assignFromContext>
          <assignToContext>false</assignToContext>
          <inputType>STRING</inputType>
          <recordKey></recordKey>
          <isList>false</isList>
          <required>false</required>
          <isPersisted>true</isPersisted>
          <inputSymbol>Field_2</inputSymbol>
          <listDelimiter></listDelimiter>
          <value>${myValue}</value>
          <record>false</record>
        </staticBinding>
      </bindings>
      <transitions>
        <transition id="0d6d0f72-906a-4913-9832-816c73413c74">
          <annotation></annotation>
          <name>success</name>
          <command>NEXT</command>
          <linkMode>false</linkMode>
          <responseSymbol>success</responseSymbol>
          <shouldHandoff>false</shouldHandoff>
          <transitionValue>0.0</transitionValue>
          <destination>
            <refId>ee63d5c6-d04c-403e-b4d8-787b223b6d62</refId>
          </destination>
          <source>
            <refId>562549c9-2a20-4d8a-848e-e2c16fa246ba</refId>
          </source>
          <positions>
            <point>
              <x>318.0</x>
              <y>223.0</y>
            </point>
            <point>
              <x>475.0</x>
              <y>219.0</y>
            </point>
          </positions>
          <labelPosition>
            <x>333.0</x>
            <y>0.0</y>
          </labelPosition>
        </transition>
      </transitions>
      <properties/>
      <opRef>
        <refId>f3112e9d-ed88-47bf-be86-2f99e8541a33</refId>
      </opRef>
      <assignments/>
      <throttleSize>0</throttleSize>
    </step>
    <step id="ee63d5c6-d04c-403e-b4d8-787b223b6d62">
      <annotation>ac9796c6-0b53-46d3-905d-fc28be063e0e.ee63d5c6-d04c-403e-b4d8-787b223b6d62.description</annotation>
      <name>Run SCVMM Commands</name>
      <bounds>
        <x>425.0</x>
        <y>185.0</y>
      </bounds>
      <layer>-1</layer>
      <hideInbound>false</hideInbound>
      <iconSpec id="010e0137-560d-4fc3-9622-0866d51ca60f">
        <baseIcon>PowerShell.png</baseIcon>
        <basePath>/Operating System/</basePath>
        <readOnly>false</readOnly>
        <layers/>
      </iconSpec>
      <addResultToRunContext>false</addResultToRunContext>
      <isCriticalStep>false</isCriticalStep>
      <isNonBlocking>false</isNonBlocking>
      <isParallelStep>false</isParallelStep>
      <isSingleResponse>false</isSingleResponse>
      <recordInHistory>false</recordInHistory>
      <recordRawOutput>true</recordRawOutput>
      <recordPrimaryOutput>true</recordPrimaryOutput>
      <checkPointStep>true</checkPointStep>
      <historyCheckPointStep>true</historyCheckPointStep>
      <scriptResultStep>false</scriptResultStep>
      <userPrompt></userPrompt>
      <bindings>
        <staticBinding id="5faf5a7b-109a-4956-ae58-a8394af6cb1c">
          <annotation></annotation>
          <toContextKey></toContextKey>
          <fromContextKey>pc.scvmm.host</fromContextKey>
          <assignFromContext>false</assignFromContext>
          <assignToContext>false</assignToContext>
          <inputType>STRING</inputType>
          <isList>false</isList>
          <required>true</required>
          <isPersisted>true</isPersisted>
          <inputSymbol>host</inputSymbol>
          <listDelimiter>,</listDelimiter>
          <value>${host}</value>
          <record>false</record>
        </staticBinding>
        <identityBinding id="3eede31f-b032-41cb-ab87-f1e912785ade">
          <annotation></annotation>
          <toContextKey></toContextKey>
          <fromContextKey></fromContextKey>
          <assignFromContext>false</assignFromContext>
          <assignToContext>false</assignToContext>
          <inputType>STRING</inputType>
          <isList>false</isList>
          <required>false</required>
          <isPersisted>true</isPersisted>
          <inputSymbol>username</inputSymbol>
          <listDelimiter>,</listDelimiter>
          <record>false</record>
          <link>
            <refId>e8b51d39-ef4e-4960-945e-e21729456150</refId>
            <refName>pc.scvmm</refName>
          </link>
          <identityAttribute>USERNAME</identityAttribute>
        </identityBinding>
        <identityBinding id="434c7f96-24ca-4f19-832a-6752f2e54d36">
          <annotation></annotation>
          <toContextKey></toContextKey>
          <fromContextKey></fromContextKey>
          <assignFromContext>false</assignFromContext>
          <assignToContext>false</assignToContext>
          <inputType>ENCRYPTED</inputType>
          <isList>false</isList>
          <required>false</required>
          <isPersisted>true</isPersisted>
          <inputSymbol>password</inputSymbol>
          <listDelimiter>,</listDelimiter>
          <record>false</record>
          <link>
            <refId>e8b51d39-ef4e-4960-945e-e21729456150</refId>
            <refName>pc.scvmm</refName>
          </link>
          <identityAttribute>PASSWORD</identityAttribute>
        </identityBinding>
        <staticBinding id="e1cb0795-871d-480a-8239-5ef1093814b8">
          <annotation></annotation>
          <toContextKey></toContextKey>
          <fromContextKey></fromContextKey>
          <assignFromContext>false</assignFromContext>
          <assignToContext>false</assignToContext>
          <inputType>STRING</inputType>
          <isList>false</isList>
          <required>false</required>
          <isPersisted>true</isPersisted>
          <inputSymbol>authType</inputSymbol>
          <listDelimiter>,</listDelimiter>
          <record>false</record>
        </staticBinding>
        <userInputBinding id="92ca1077-471c-4176-997d-b83408b24360">
          <annotation></annotation>
          <toContextKey></toContextKey>
          <assignFromContext>true</assignFromContext>
          <assignToContext>false</assignToContext>
          <inputType>STRING</inputType>
          <isList>false</isList>
          <required>true</required>
          <isPersisted>true</isPersisted>
          <inputSymbol>commands</inputSymbol>
          <listDelimiter>,</listDelimiter>
          <record>false</record>
          <prompt>ac9796c6-0b53-46d3-905d-fc28be063e0e.92ca1077-471c-4176-997d-b83408b24360.prompt</prompt>
          <isMultiSelect>false</isMultiSelect>
          <sourceDelimiter>|</sourceDelimiter>
        </userInputBinding>
        <staticBinding id="93244e8f-c356-4561-b7c6-0f8826b38ca5">
          <annotation></annotation>
          <toContextKey></toContextKey>
          <fromContextKey></fromContextKey>
          <assignFromContext>false</assignFromContext>
          <assignToContext>false</assignToContext>
          <inputType>STRING</inputType>
          <isList>false</isList>
          <required>false</required>
          <isPersisted>true</isPersisted>
          <inputSymbol>delimiter</inputSymbol>
          <listDelimiter>,</listDelimiter>
          <record>false</record>
        </staticBinding>
        <staticBinding id="be77bd8f-dbe8-4b57-bca6-d3e74ec8a29e">
          <annotation></annotation>
          <toContextKey></toContextKey>
          <fromContextKey></fromContextKey>
          <assignFromContext>false</assignFromContext>
          <assignToContext>false</assignToContext>
          <inputType>STRING</inputType>
          <isList>false</isList>
          <required>false</required>
          <isPersisted>true</isPersisted>
          <inputSymbol>rowDelimiter</inputSymbol>
          <listDelimiter>,</listDelimiter>
          <record>false</record>
        </staticBinding>
        <staticBinding id="65ec661b-4a9a-4cb8-a8a6-545b79619486">
          <annotation></annotation>
          <toContextKey></toContextKey>
          <fromContextKey></fromContextKey>
          <assignFromContext>false</assignFromContext>
          <assignToContext>false</assignToContext>
          <inputType>STRING</inputType>
          <isList>false</isList>
          <required>false</required>
          <isPersisted>true</isPersisted>
          <inputSymbol>colDelimiter</inputSymbol>
          <listDelimiter>,</listDelimiter>
          <record>false</record>
        </staticBinding>
        <staticBinding id="566ceace-59d7-4a4b-b0f1-933bd6b1be21">
          <annotation></annotation>
          <assignFromContext>false</assignFromContext>
          <assignToContext>false</assignToContext>
          <inputType>STRING</inputType>
          <isList>false</isList>
          <required>false</required>
          <isPersisted>true</isPersisted>
          <inputSymbol>version</inputSymbol>
          <listDelimiter>,</listDelimiter>
          <value>2012 R2</value>
          <record>false</record>
        </staticBinding>
      </bindings>
      <transitions>
        <transition id="ca322cf6-ad28-4078-afe3-bed5cbdd1986">
          <annotation></annotation>
          <name>success</name>
          <command>NEXT</command>
          <linkMode>false</linkMode>
          <responseSymbol>success</responseSymbol>
          <shouldHandoff>false</shouldHandoff>
          <transitionValue>0.0</transitionValue>
          <destination>
            <refId>ef1fff89-db96-4c1b-986e-01ea51d75dd7</refId>
          </destination>
          <source>
            <refId>ee63d5c6-d04c-403e-b4d8-787b223b6d62</refId>
          </source>
          <positions>
            <point>
              <x>475.0</x>
              <y>219.0</y>
            </point>
            <point>
              <x>799.0</x>
              <y>222.0</y>
            </point>
          </positions>
          <labelPosition>
            <x>333.0</x>
            <y>0.0</y>
          </labelPosition>
        </transition>
        <transition id="870f6325-b418-415c-ad93-7c47f5f08ba8">
          <annotation></annotation>
          <name>failure</name>
          <command>NEXT</command>
          <linkMode>false</linkMode>
          <responseSymbol>failure</responseSymbol>
          <shouldHandoff>false</shouldHandoff>
          <transitionValue>0.0</transitionValue>
          <destination>
            <refId>6fee9a53-d7ba-489e-be23-af3768160c70</refId>
          </destination>
          <source>
            <refId>ee63d5c6-d04c-403e-b4d8-787b223b6d62</refId>
          </source>
          <positions>
            <point>
              <x>475.0</x>
              <y>219.0</y>
            </point>
            <point>
              <x>810.0</x>
              <y>398.0</y>
            </point>
          </positions>
          <labelPosition>
            <x>333.0</x>
            <y>0.0</y>
          </labelPosition>
        </transition>
      </transitions>
      <properties/>
      <opRef>
        <refId>1af7bf1f-fa0a-4b48-9a28-1fec4f74d7f5</refId>
      </opRef>
      <assignments/>
      <throttleSize>0</throttleSize>
    </step>
    <returnStep id="6fee9a53-d7ba-489e-be23-af3768160c70">
      <annotation></annotation>
      <name>Error : failure</name>
      <bounds>
        <x>760.0</x>
        <y>364.0</y>
      </bounds>
      <layer>-1</layer>
      <hideInbound>false</hideInbound>
      <addResultToRunContext>false</addResultToRunContext>
      <isCriticalStep>false</isCriticalStep>
      <isNonBlocking>false</isNonBlocking>
      <isParallelStep>false</isParallelStep>
      <isSingleResponse>false</isSingleResponse>
      <recordInHistory>false</recordInHistory>
      <recordRawOutput>false</recordRawOutput>
      <recordPrimaryOutput>false</recordPrimaryOutput>
      <checkPointStep>true</checkPointStep>
      <historyCheckPointStep>true</historyCheckPointStep>
      <scriptResultStep>false</scriptResultStep>
      <userPrompt></userPrompt>
      <bindings/>
      <transitions>
        <transition id="037ff534-cfd5-43a6-b511-4baf28cb37de">
          <annotation></annotation>
          <name>return</name>
          <command>NEXT</command>
          <linkMode>false</linkMode>
          <responseSymbol>failure</responseSymbol>
          <shouldHandoff>false</shouldHandoff>
          <transitionValue>0.0</transitionValue>
          <destination>
            <refId>6fee9a53-d7ba-489e-be23-af3768160c70</refId>
          </destination>
          <source>
            <refId>6fee9a53-d7ba-489e-be23-af3768160c70</refId>
          </source>
          <positions/>
        </transition>
      </transitions>
      <properties/>
      <returnStepType>ERROR</returnStepType>
      <assignments/>
    </returnStep>
    <returnStep id="ef1fff89-db96-4c1b-986e-01ea51d75dd7">
      <annotation></annotation>
      <name>Resolved : success</name>
      <bounds>
        <x>749.0</x>
        <y>188.0</y>
      </bounds>
      <layer>-1</layer>
      <hideInbound>false</hideInbound>
      <addResultToRunContext>false</addResultToRunContext>
      <isCriticalStep>false</isCriticalStep>
      <isNonBlocking>false</isNonBlocking>
      <isParallelStep>false</isParallelStep>
      <isSingleResponse>false</isSingleResponse>
      <recordInHistory>false</recordInHistory>
      <recordRawOutput>false</recordRawOutput>
      <recordPrimaryOutput>false</recordPrimaryOutput>
      <checkPointStep>true</checkPointStep>
      <historyCheckPointStep>true</historyCheckPointStep>
      <scriptResultStep>false</scriptResultStep>
      <userPrompt></userPrompt>
      <bindings/>
      <transitions>
        <transition id="d4766025-6074-470b-b1b4-bba85b2c5769">
          <annotation></annotation>
          <name>return</name>
          <command>NEXT</command>
          <linkMode>false</linkMode>
          <responseSymbol>success</responseSymbol>
          <shouldHandoff>false</shouldHandoff>
          <transitionValue>0.0</transitionValue>
          <destination>
            <refId>ef1fff89-db96-4c1b-986e-01ea51d75dd7</refId>
          </destination>
          <source>
            <refId>ef1fff89-db96-4c1b-986e-01ea51d75dd7</refId>
          </source>
          <positions/>
        </transition>
      </transitions>
      <properties/>
      <returnStepType>RESOLVED</returnStepType>
      <assignments/>
    </returnStep>
  </steps>
  <startSteps>562549c9-2a20-4d8a-848e-e2c16fa246ba</startSteps>
</flow>