<?xml version="1.0" encoding="UTF-8"?>
<flow id="f17ef230-9c86-4ac7-ab50-0038cbdf0f61">
  <annotation></annotation>
  <name>SCVMM_syncDatastores</name>
  <categories/>
  <inputs>
    <userInputBinding id="aee921ad-ccb4-4d33-abac-07367b66e421">
      <annotation></annotation>
      <assignFromContext>true</assignFromContext>
      <assignToContext>false</assignToContext>
      <inputType>STRING</inputType>
      <isList>false</isList>
      <required>true</required>
      <isPersisted>true</isPersisted>
      <inputSymbol>customerID</inputSymbol>
      <listDelimiter>,</listDelimiter>
      <record>false</record>
      <prompt></prompt>
      <isMultiSelect>false</isMultiSelect>
      <sourceDelimiter>|</sourceDelimiter>
    </userInputBinding>
  </inputs>
  <scriptlet id="a51c08db-cb7f-454f-bbdd-28be6007a7d3">
    <annotation></annotation>
    <name>Operation SCVMM_syncDatastores (f17ef230-9c86-4ac7-ab50-0038cbdf0f61)</name>
    <type>RHINO</type>
  </scriptlet>
  <possibleResponses>
    <opResponse id="a02ea074-ca73-440e-9e4d-8d725e989a48">
      <annotation></annotation>
      <name>success</name>
      <isDefault>true</isDefault>
      <onFailure>false</onFailure>
      <type>RESOLVED</type>
      <matchRules/>
    </opResponse>
    <opResponse id="0140da67-cd2e-43d1-b66b-733aa95a9a3a">
      <annotation></annotation>
      <name>failure</name>
      <isDefault>false</isDefault>
      <onFailure>true</onFailure>
      <type>ERROR</type>
      <matchRules/>
    </opResponse>
  </possibleResponses>
  <availableResultExpressions/>
  <resultExpression id="dcd1ba0d-c5f3-4021-bb83-af70c82f6fce">
    <annotation></annotation>
    <name>FailureMessage</name>
    <fieldName>FailureMessage</fieldName>
    <sourceType>RAWRESULT</sourceType>
    <filters/>
  </resultExpression>
  <iconSpec id="0d4a32ca-0ed3-4c67-bb26-ee2e8d26a9a2">
    <baseIcon>flow.png</baseIcon>
    <basePath>System</basePath>
    <readOnly>false</readOnly>
    <layers/>
  </iconSpec>
  <callouts/>
  <checkPointFlow>true</checkPointFlow>
  <compatibleRuntimeContext>false</compatibleRuntimeContext>
  <historyCheckPointFlow>true</historyCheckPointFlow>
  <steps>
    <step id="00c84741-b9aa-4dca-bfe9-495a78299011">
      <annotation></annotation>
      <name>DB_GetSCVMMSitesByCustomer</name>
      <bounds>
        <x>20.0</x>
        <y>123.0</y>
      </bounds>
      <layer>-1</layer>
      <hideInbound>false</hideInbound>
      <addResultToRunContext>false</addResultToRunContext>
      <isCriticalStep>false</isCriticalStep>
      <isNonBlocking>false</isNonBlocking>
      <isParallelStep>false</isParallelStep>
      <isSingleResponse>false</isSingleResponse>
      <recordInHistory>false</recordInHistory>
      <recordRawOutput>true</recordRawOutput>
      <recordPrimaryOutput>true</recordPrimaryOutput>
      <checkPointStep>true</checkPointStep>
      <historyCheckPointStep>true</historyCheckPointStep>
      <scriptResultStep>false</scriptResultStep>
      <userPrompt></userPrompt>
      <bindings>
        <userInputBinding id="20d31cb3-f36d-461c-874b-de0fd92997a4">
          <annotation></annotation>
          <fromContextKey>customerID</fromContextKey>
          <assignFromContext>true</assignFromContext>
          <assignToContext>false</assignToContext>
          <inputType>STRING</inputType>
          <isList>false</isList>
          <required>true</required>
          <isPersisted>true</isPersisted>
          <inputSymbol>db.custid</inputSymbol>
          <listDelimiter>,</listDelimiter>
          <record>false</record>
          <prompt></prompt>
          <isMultiSelect>false</isMultiSelect>
          <sourceDelimiter>|</sourceDelimiter>
        </userInputBinding>
      </bindings>
      <transitions>
        <transition id="a257c636-a4fa-4da1-b90c-bccaa08b8744">
          <annotation></annotation>
          <name>failure</name>
          <command>NEXT</command>
          <linkMode>false</linkMode>
          <responseSymbol>failure</responseSymbol>
          <shouldHandoff>false</shouldHandoff>
          <transitionValue>0.0</transitionValue>
          <destination>
            <refId>5676900a-aeab-417f-a498-ba3337ee2509</refId>
          </destination>
          <source>
            <refId>00c84741-b9aa-4dca-bfe9-495a78299011</refId>
          </source>
          <positions>
            <point>
              <x>76.0</x>
              <y>167.0</y>
            </point>
            <point>
              <x>357.0</x>
              <y>499.0</y>
            </point>
          </positions>
          <labelPosition>
            <x>333.0</x>
            <y>0.0</y>
          </labelPosition>
        </transition>
        <transition id="51ce4d0f-a2cf-4b18-b182-19960914a756">
          <annotation></annotation>
          <name>success</name>
          <command>NEXT</command>
          <linkMode>false</linkMode>
          <responseSymbol>success</responseSymbol>
          <shouldHandoff>false</shouldHandoff>
          <transitionValue>0.0</transitionValue>
          <destination>
            <refId>deb9715d-8edf-4533-8123-9855f19c8858</refId>
          </destination>
          <source>
            <refId>00c84741-b9aa-4dca-bfe9-495a78299011</refId>
          </source>
          <positions>
            <point>
              <x>76.0</x>
              <y>167.0</y>
            </point>
            <point>
              <x>210.0</x>
              <y>157.0</y>
            </point>
          </positions>
          <labelPosition>
            <x>333.0</x>
            <y>0.0</y>
          </labelPosition>
        </transition>
      </transitions>
      <properties/>
      <opRef>
        <refId>6c0c16a8-5693-4616-ab6d-0116d5b6a103</refId>
      </opRef>
      <assignments>
        <flowVariableAssignment id="782b2a80-01d8-4bf2-8da7-d705fa85b684">
          <annotation></annotation>
          <name>assignment</name>
          <action>OVERWRITE</action>
          <assignmentTargetType>FLOW_VARIABLE</assignmentTargetType>
          <contextKey>scvmm.sites</contextKey>
          <expression id="aacc3c4f-c558-43b6-8f15-1cfef3bd15bc">
            <annotation></annotation>
            <name>Result Field: db.scvmm.sites</name>
            <fieldName>db.scvmm.sites</fieldName>
            <sourceType>RAWRESULT</sourceType>
            <filters/>
          </expression>
        </flowVariableAssignment>
      </assignments>
      <throttleSize>0</throttleSize>
    </step>
    <returnStep id="3db83b9e-5199-47cf-abfa-a54eae84cf50">
      <annotation></annotation>
      <name>Resolved : success</name>
      <bounds>
        <x>829.0</x>
        <y>118.0</y>
      </bounds>
      <layer>-1</layer>
      <hideInbound>false</hideInbound>
      <addResultToRunContext>false</addResultToRunContext>
      <isCriticalStep>false</isCriticalStep>
      <isNonBlocking>false</isNonBlocking>
      <isParallelStep>false</isParallelStep>
      <isSingleResponse>false</isSingleResponse>
      <recordInHistory>false</recordInHistory>
      <recordRawOutput>true</recordRawOutput>
      <recordPrimaryOutput>true</recordPrimaryOutput>
      <checkPointStep>true</checkPointStep>
      <historyCheckPointStep>true</historyCheckPointStep>
      <scriptResultStep>false</scriptResultStep>
      <userPrompt></userPrompt>
      <bindings/>
      <transitions>
        <transition id="29f80d73-7c13-46dc-91d0-9e5a8b92621e">
          <annotation></annotation>
          <name>return</name>
          <command>NEXT</command>
          <linkMode>false</linkMode>
          <responseSymbol>success</responseSymbol>
          <shouldHandoff>false</shouldHandoff>
          <transitionValue>0.0</transitionValue>
          <destination>
            <refId>3db83b9e-5199-47cf-abfa-a54eae84cf50</refId>
          </destination>
          <source>
            <refId>3db83b9e-5199-47cf-abfa-a54eae84cf50</refId>
          </source>
          <positions/>
        </transition>
      </transitions>
      <properties/>
      <returnStepType>RESOLVED</returnStepType>
      <assignments/>
    </returnStep>
    <step id="5d4a5aea-fc08-4f17-ba07-24c299c63798">
      <annotation></annotation>
      <name>DB_UpdateDatastoreFreeSize</name>
      <bounds>
        <x>649.0</x>
        <y>466.0</y>
      </bounds>
      <layer>-1</layer>
      <hideInbound>false</hideInbound>
      <addResultToRunContext>false</addResultToRunContext>
      <isCriticalStep>false</isCriticalStep>
      <isNonBlocking>false</isNonBlocking>
      <isParallelStep>false</isParallelStep>
      <isSingleResponse>false</isSingleResponse>
      <recordInHistory>false</recordInHistory>
      <recordRawOutput>true</recordRawOutput>
      <recordPrimaryOutput>true</recordPrimaryOutput>
      <checkPointStep>true</checkPointStep>
      <historyCheckPointStep>true</historyCheckPointStep>
      <scriptResultStep>false</scriptResultStep>
      <userPrompt></userPrompt>
      <bindings>
        <staticBinding id="a77276bd-d6c4-4740-b5ee-d69e6f8ccdd0">
          <annotation></annotation>
          <assignFromContext>true</assignFromContext>
          <assignToContext>false</assignToContext>
          <inputType>STRING</inputType>
          <isList>false</isList>
          <required>false</required>
          <isPersisted>true</isPersisted>
          <inputSymbol>volume_Name</inputSymbol>
          <listDelimiter>,</listDelimiter>
          <value></value>
          <record>false</record>
        </staticBinding>
        <staticBinding id="14c65e26-89e5-4955-b482-28a917329072">
          <annotation></annotation>
          <assignFromContext>true</assignFromContext>
          <assignToContext>false</assignToContext>
          <inputType>STRING</inputType>
          <isList>false</isList>
          <required>false</required>
          <isPersisted>true</isPersisted>
          <inputSymbol>volume_FreeSpace</inputSymbol>
          <listDelimiter>,</listDelimiter>
          <value></value>
          <record>false</record>
        </staticBinding>
      </bindings>
      <transitions>
        <transition id="4aa5757a-0bd7-4a4e-bedd-501986697616">
          <annotation></annotation>
          <name>failure</name>
          <command>NEXT</command>
          <linkMode>false</linkMode>
          <responseSymbol>failure</responseSymbol>
          <shouldHandoff>false</shouldHandoff>
          <transitionValue>0.0</transitionValue>
          <destination>
            <refId>5676900a-aeab-417f-a498-ba3337ee2509</refId>
          </destination>
          <source>
            <refId>5d4a5aea-fc08-4f17-ba07-24c299c63798</refId>
          </source>
          <positions>
            <point>
              <x>795.0</x>
              <y>220.0</y>
            </point>
            <point>
              <x>487.0</x>
              <y>446.0</y>
            </point>
          </positions>
          <labelPosition>
            <x>333.0</x>
            <y>0.0</y>
          </labelPosition>
        </transition>
        <transition id="475f818a-2c95-4684-af0e-af990368e6fa">
          <annotation></annotation>
          <name>success</name>
          <command>NEXT</command>
          <linkMode>false</linkMode>
          <responseSymbol>success</responseSymbol>
          <shouldHandoff>false</shouldHandoff>
          <transitionValue>0.0</transitionValue>
          <destination>
            <refId>48b9ab96-e8b0-4e09-a843-36b900c2e2fe</refId>
          </destination>
          <source>
            <refId>5d4a5aea-fc08-4f17-ba07-24c299c63798</refId>
          </source>
          <positions>
            <point>
              <x>792.5</x>
              <y>385.9938723673522</y>
            </point>
            <point>
              <x>738.4212145403737</x>
              <y>251.9975160897464</y>
            </point>
            <point>
              <x>708.0</x>
              <y>231.0</y>
            </point>
            <point>
              <x>545.0</x>
              <y>188.0</y>
            </point>
          </positions>
          <labelPosition>
            <x>333.0</x>
            <y>0.0</y>
          </labelPosition>
        </transition>
      </transitions>
      <properties/>
      <opRef>
        <refId>2ddb8856-2942-439f-8754-c17cfdd5542c</refId>
      </opRef>
      <assignments/>
      <throttleSize>0</throttleSize>
    </step>
    <step id="48b9ab96-e8b0-4e09-a843-36b900c2e2fe">
      <annotation>f17ef230-9c86-4ac7-ab50-0038cbdf0f61.48b9ab96-e8b0-4e09-a843-36b900c2e2fe.description</annotation>
      <name>Array Iterator</name>
      <bounds>
        <x>494.0</x>
        <y>250.0</y>
      </bounds>
      <layer>-1</layer>
      <hideInbound>false</hideInbound>
      <addResultToRunContext>false</addResultToRunContext>
      <isCriticalStep>false</isCriticalStep>
      <isNonBlocking>false</isNonBlocking>
      <isParallelStep>false</isParallelStep>
      <isSingleResponse>false</isSingleResponse>
      <recordInHistory>false</recordInHistory>
      <recordRawOutput>true</recordRawOutput>
      <recordPrimaryOutput>true</recordPrimaryOutput>
      <checkPointStep>true</checkPointStep>
      <historyCheckPointStep>true</historyCheckPointStep>
      <scriptResultStep>false</scriptResultStep>
      <userPrompt></userPrompt>
      <bindings>
        <userInputBinding id="ed599f66-77bc-41db-9a03-9bd894742af7">
          <annotation></annotation>
          <assignFromContext>true</assignFromContext>
          <assignToContext>false</assignToContext>
          <inputType>STRING</inputType>
          <isList>false</isList>
          <required>true</required>
          <isPersisted>true</isPersisted>
          <inputSymbol>array</inputSymbol>
          <listDelimiter>,</listDelimiter>
          <record>false</record>
          <prompt></prompt>
          <isMultiSelect>false</isMultiSelect>
          <sourceDelimiter>|</sourceDelimiter>
        </userInputBinding>
      </bindings>
      <transitions>
        <transition id="e2c4913d-0187-4747-a738-c3ec084ec890">
          <annotation></annotation>
          <name>failure</name>
          <command>NEXT</command>
          <linkMode>false</linkMode>
          <responseSymbol>failure</responseSymbol>
          <shouldHandoff>false</shouldHandoff>
          <transitionValue>0.0</transitionValue>
          <destination>
            <refId>5676900a-aeab-417f-a498-ba3337ee2509</refId>
          </destination>
          <source>
            <refId>48b9ab96-e8b0-4e09-a843-36b900c2e2fe</refId>
          </source>
          <positions>
            <point>
              <x>546.0</x>
              <y>250.0</y>
            </point>
            <point>
              <x>487.0</x>
              <y>446.0</y>
            </point>
          </positions>
          <labelPosition>
            <x>333.0</x>
            <y>0.0</y>
          </labelPosition>
        </transition>
        <transition id="d5a4888b-31f5-4ca1-9c47-e9e06d051ef9">
          <annotation></annotation>
          <name>has more volume</name>
          <command>NEXT</command>
          <linkMode>false</linkMode>
          <responseSymbol>has more</responseSymbol>
          <shouldHandoff>false</shouldHandoff>
          <transitionValue>0.0</transitionValue>
          <destination>
            <refId>9d54722c-f1cc-4726-98fa-503bb71a7f1f</refId>
          </destination>
          <source>
            <refId>48b9ab96-e8b0-4e09-a843-36b900c2e2fe</refId>
          </source>
          <positions>
            <point>
              <x>545.0</x>
              <y>172.0</y>
            </point>
            <point>
              <x>616.0</x>
              <y>333.0</y>
            </point>
          </positions>
          <labelPosition>
            <x>333.0</x>
            <y>0.0</y>
          </labelPosition>
        </transition>
        <transition id="f3bb2107-25f1-4e1e-8765-c70d0a4d6643">
          <annotation></annotation>
          <name>no more - next site</name>
          <command>NEXT</command>
          <linkMode>false</linkMode>
          <responseSymbol>no more</responseSymbol>
          <shouldHandoff>false</shouldHandoff>
          <transitionValue>0.0</transitionValue>
          <destination>
            <refId>deb9715d-8edf-4533-8123-9855f19c8858</refId>
          </destination>
          <source>
            <refId>48b9ab96-e8b0-4e09-a843-36b900c2e2fe</refId>
          </source>
          <positions>
            <point>
              <x>545.0</x>
              <y>172.0</y>
            </point>
            <point>
              <x>210.0</x>
              <y>157.0</y>
            </point>
          </positions>
          <labelPosition>
            <x>350.26286528798545</x>
            <y>12.68330577061266</y>
          </labelPosition>
        </transition>
      </transitions>
      <properties/>
      <opRef>
        <refId>50efc8cb-f1e7-4123-984c-979039f22f2c</refId>
      </opRef>
      <assignments>
        <flowVariableAssignment id="a8488b95-b232-4448-8b52-cf4e397fad17">
          <annotation></annotation>
          <name>assignment</name>
          <action>OVERWRITE</action>
          <assignmentTargetType>FLOW_VARIABLE</assignmentTargetType>
          <contextKey>volume</contextKey>
          <expression id="7e73dbaa-5237-491c-bf0b-170e5f3c37a7">
            <annotation></annotation>
            <name>Result Field: returnResult</name>
            <fieldName>returnResult</fieldName>
            <sourceType>RAWRESULT</sourceType>
            <filters/>
          </expression>
        </flowVariableAssignment>
      </assignments>
      <throttleSize>0</throttleSize>
    </step>
    <step id="8c4dff4f-2ddf-4ced-9444-085fcec2117f">
      <annotation></annotation>
      <name>SCVMM_getClusterSharedVolumes</name>
      <bounds>
        <x>302.0</x>
        <y>250.0</y>
      </bounds>
      <layer>-1</layer>
      <hideInbound>false</hideInbound>
      <addResultToRunContext>false</addResultToRunContext>
      <isCriticalStep>false</isCriticalStep>
      <isNonBlocking>false</isNonBlocking>
      <isParallelStep>false</isParallelStep>
      <isSingleResponse>false</isSingleResponse>
      <recordInHistory>false</recordInHistory>
      <recordRawOutput>true</recordRawOutput>
      <recordPrimaryOutput>true</recordPrimaryOutput>
      <checkPointStep>true</checkPointStep>
      <historyCheckPointStep>true</historyCheckPointStep>
      <scriptResultStep>false</scriptResultStep>
      <userPrompt></userPrompt>
      <bindings>
        <userInputBinding id="6bb23528-fb52-40b6-a785-305759d8ca12">
          <annotation></annotation>
          <fromContextKey>scvmm.site.fqdn</fromContextKey>
          <assignFromContext>true</assignFromContext>
          <assignToContext>false</assignToContext>
          <inputType>STRING</inputType>
          <isList>false</isList>
          <required>true</required>
          <isPersisted>true</isPersisted>
          <inputSymbol>host</inputSymbol>
          <listDelimiter>,</listDelimiter>
          <record>false</record>
          <prompt></prompt>
          <isMultiSelect>false</isMultiSelect>
          <sourceDelimiter>|</sourceDelimiter>
        </userInputBinding>
      </bindings>
      <transitions>
        <transition id="fb3db42e-3de8-40cc-8520-876b6c7dae63">
          <annotation></annotation>
          <name>success</name>
          <command>NEXT</command>
          <linkMode>false</linkMode>
          <responseSymbol>success</responseSymbol>
          <shouldHandoff>false</shouldHandoff>
          <transitionValue>0.0</transitionValue>
          <destination>
            <refId>48b9ab96-e8b0-4e09-a843-36b900c2e2fe</refId>
          </destination>
          <source>
            <refId>8c4dff4f-2ddf-4ced-9444-085fcec2117f</refId>
          </source>
          <positions>
            <point>
              <x>240.0</x>
              <y>253.0</y>
            </point>
            <point>
              <x>546.0</x>
              <y>250.0</y>
            </point>
          </positions>
          <labelPosition>
            <x>333.0</x>
            <y>0.0</y>
          </labelPosition>
        </transition>
        <transition id="54a67235-ee99-4d1b-9fea-6a0be142fc0b">
          <annotation></annotation>
          <name>failure</name>
          <command>NEXT</command>
          <linkMode>false</linkMode>
          <responseSymbol>failure</responseSymbol>
          <shouldHandoff>false</shouldHandoff>
          <transitionValue>0.0</transitionValue>
          <destination>
            <refId>5676900a-aeab-417f-a498-ba3337ee2509</refId>
          </destination>
          <source>
            <refId>8c4dff4f-2ddf-4ced-9444-085fcec2117f</refId>
          </source>
          <positions>
            <point>
              <x>209.0</x>
              <y>248.0</y>
            </point>
            <point>
              <x>487.0</x>
              <y>446.0</y>
            </point>
          </positions>
          <labelPosition>
            <x>333.0</x>
            <y>0.0</y>
          </labelPosition>
        </transition>
      </transitions>
      <properties/>
      <opRef>
        <refId>3c249845-fc57-4603-b023-52f36efd6e86</refId>
      </opRef>
      <assignments>
        <flowVariableAssignment id="6f72b09e-5e42-4620-b22f-826ced4f69a3">
          <annotation></annotation>
          <name>assignment</name>
          <action>OVERWRITE</action>
          <assignmentTargetType>FLOW_VARIABLE</assignmentTargetType>
          <contextKey>array</contextKey>
          <expression id="5e1f92f5-35c6-47f9-8829-42c9cb49efff">
            <annotation></annotation>
            <name>Result: outputString</name>
            <fieldName>outputString</fieldName>
            <sourceType>AVAILABLE_RESULT</sourceType>
            <filters/>
          </expression>
        </flowVariableAssignment>
      </assignments>
      <throttleSize>0</throttleSize>
    </step>
    <step id="9d54722c-f1cc-4726-98fa-503bb71a7f1f">
      <annotation>f17ef230-9c86-4ac7-ab50-0038cbdf0f61.9d54722c-f1cc-4726-98fa-503bb71a7f1f.description</annotation>
      <name>Convert Object to Flow Variables</name>
      <bounds>
        <x>574.0</x>
        <y>343.0</y>
      </bounds>
      <layer>-1</layer>
      <hideInbound>false</hideInbound>
      <addResultToRunContext>false</addResultToRunContext>
      <isCriticalStep>false</isCriticalStep>
      <isNonBlocking>false</isNonBlocking>
      <isParallelStep>false</isParallelStep>
      <isSingleResponse>false</isSingleResponse>
      <recordInHistory>false</recordInHistory>
      <recordRawOutput>true</recordRawOutput>
      <recordPrimaryOutput>true</recordPrimaryOutput>
      <checkPointStep>true</checkPointStep>
      <historyCheckPointStep>true</historyCheckPointStep>
      <scriptResultStep>false</scriptResultStep>
      <userPrompt></userPrompt>
      <bindings>
        <userInputBinding id="1891a064-f5c1-4627-8b9b-9ae8ce114938">
          <annotation></annotation>
          <fromContextKey>volume</fromContextKey>
          <assignFromContext>true</assignFromContext>
          <assignToContext>false</assignToContext>
          <inputType>STRING</inputType>
          <isList>false</isList>
          <required>true</required>
          <isPersisted>true</isPersisted>
          <inputSymbol>object</inputSymbol>
          <listDelimiter>,</listDelimiter>
          <record>false</record>
          <prompt></prompt>
          <isMultiSelect>false</isMultiSelect>
          <sourceDelimiter>|</sourceDelimiter>
        </userInputBinding>
        <staticBinding id="24b9a433-da9a-4162-9b8c-12340944b649">
          <annotation></annotation>
          <assignFromContext>false</assignFromContext>
          <assignToContext>false</assignToContext>
          <inputType>STRING</inputType>
          <isList>false</isList>
          <required>false</required>
          <isPersisted>true</isPersisted>
          <inputSymbol>prefix</inputSymbol>
          <listDelimiter>,</listDelimiter>
          <value>volume_</value>
          <record>false</record>
        </staticBinding>
      </bindings>
      <transitions>
        <transition id="3c556b8a-21ad-42c0-a6b6-b66fc6d1ca10">
          <annotation></annotation>
          <name>success</name>
          <command>NEXT</command>
          <linkMode>false</linkMode>
          <responseSymbol>success</responseSymbol>
          <shouldHandoff>false</shouldHandoff>
          <transitionValue>0.0</transitionValue>
          <destination>
            <refId>5d4a5aea-fc08-4f17-ba07-24c299c63798</refId>
          </destination>
          <source>
            <refId>9d54722c-f1cc-4726-98fa-503bb71a7f1f</refId>
          </source>
          <positions>
            <point>
              <x>616.0</x>
              <y>333.0</y>
            </point>
            <point>
              <x>740.0</x>
              <y>374.0</y>
            </point>
          </positions>
          <labelPosition>
            <x>333.0</x>
            <y>0.0</y>
          </labelPosition>
        </transition>
        <transition id="1ff956a1-5866-4b1c-a0df-d4c889cbbcbe">
          <annotation></annotation>
          <name>failure</name>
          <command>NEXT</command>
          <linkMode>false</linkMode>
          <responseSymbol>failure</responseSymbol>
          <shouldHandoff>false</shouldHandoff>
          <transitionValue>0.0</transitionValue>
          <destination>
            <refId>5676900a-aeab-417f-a498-ba3337ee2509</refId>
          </destination>
          <source>
            <refId>9d54722c-f1cc-4726-98fa-503bb71a7f1f</refId>
          </source>
          <positions>
            <point>
              <x>616.0</x>
              <y>333.0</y>
            </point>
            <point>
              <x>487.0</x>
              <y>446.0</y>
            </point>
          </positions>
          <labelPosition>
            <x>333.0</x>
            <y>0.0</y>
          </labelPosition>
        </transition>
      </transitions>
      <properties/>
      <opRef>
        <refId>9ce72792-294c-458b-a4bc-9b6bee854b79</refId>
      </opRef>
      <assignments/>
      <throttleSize>0</throttleSize>
    </step>
    <step id="deb9715d-8edf-4533-8123-9855f19c8858">
      <annotation>f17ef230-9c86-4ac7-ab50-0038cbdf0f61.deb9715d-8edf-4533-8123-9855f19c8858.description</annotation>
      <name>List Iterator</name>
      <bounds>
        <x>160.0</x>
        <y>123.0</y>
      </bounds>
      <layer>-1</layer>
      <hideInbound>false</hideInbound>
      <addResultToRunContext>false</addResultToRunContext>
      <isCriticalStep>false</isCriticalStep>
      <isNonBlocking>false</isNonBlocking>
      <isParallelStep>false</isParallelStep>
      <isSingleResponse>false</isSingleResponse>
      <recordInHistory>false</recordInHistory>
      <recordRawOutput>true</recordRawOutput>
      <recordPrimaryOutput>true</recordPrimaryOutput>
      <checkPointStep>true</checkPointStep>
      <historyCheckPointStep>true</historyCheckPointStep>
      <scriptResultStep>false</scriptResultStep>
      <userPrompt></userPrompt>
      <bindings>
        <staticBinding id="ef196b88-2976-4270-8a08-ff9ae892afdd">
          <annotation></annotation>
          <fromContextKey>scvmm.sites</fromContextKey>
          <assignFromContext>true</assignFromContext>
          <assignToContext>false</assignToContext>
          <inputType>STRING</inputType>
          <isList>false</isList>
          <required>true</required>
          <isPersisted>true</isPersisted>
          <inputSymbol>list</inputSymbol>
          <listDelimiter>,</listDelimiter>
          <value></value>
          <record>false</record>
        </staticBinding>
        <staticBinding id="db002fc2-f1e4-4210-baa7-3c155f940301">
          <annotation></annotation>
          <assignFromContext>false</assignFromContext>
          <assignToContext>false</assignToContext>
          <inputType>STRING</inputType>
          <isList>false</isList>
          <required>true</required>
          <isPersisted>true</isPersisted>
          <inputSymbol>separator</inputSymbol>
          <listDelimiter>,</listDelimiter>
          <value>|</value>
          <record>false</record>
        </staticBinding>
      </bindings>
      <transitions>
        <transition id="81f45a09-a2f6-4433-9837-5e929a7d18c9">
          <annotation></annotation>
          <name>has more - return one site</name>
          <command>NEXT</command>
          <linkMode>false</linkMode>
          <responseSymbol>has more</responseSymbol>
          <shouldHandoff>false</shouldHandoff>
          <transitionValue>0.0</transitionValue>
          <destination>
            <refId>8c4dff4f-2ddf-4ced-9444-085fcec2117f</refId>
          </destination>
          <source>
            <refId>deb9715d-8edf-4533-8123-9855f19c8858</refId>
          </source>
          <positions>
            <point>
              <x>210.0</x>
              <y>157.0</y>
            </point>
            <point>
              <x>358.0</x>
              <y>172.0</y>
            </point>
          </positions>
          <labelPosition>
            <x>333.0</x>
            <y>0.0</y>
          </labelPosition>
        </transition>
        <transition id="9aed29ab-e179-4b07-b666-036f9e7104d2">
          <annotation></annotation>
          <name>failure</name>
          <command>NEXT</command>
          <linkMode>false</linkMode>
          <responseSymbol>failure</responseSymbol>
          <shouldHandoff>false</shouldHandoff>
          <transitionValue>0.0</transitionValue>
          <destination>
            <refId>5676900a-aeab-417f-a498-ba3337ee2509</refId>
          </destination>
          <source>
            <refId>deb9715d-8edf-4533-8123-9855f19c8858</refId>
          </source>
          <positions>
            <point>
              <x>210.0</x>
              <y>157.0</y>
            </point>
            <point>
              <x>357.0</x>
              <y>499.0</y>
            </point>
          </positions>
          <labelPosition>
            <x>333.0</x>
            <y>0.0</y>
          </labelPosition>
        </transition>
        <transition id="187b01a4-9528-4067-b4d6-8d3940ed32d8">
          <annotation></annotation>
          <name>no more - finished all sites</name>
          <command>NEXT</command>
          <linkMode>false</linkMode>
          <responseSymbol>no more</responseSymbol>
          <shouldHandoff>false</shouldHandoff>
          <transitionValue>0.0</transitionValue>
          <destination>
            <refId>3db83b9e-5199-47cf-abfa-a54eae84cf50</refId>
          </destination>
          <source>
            <refId>deb9715d-8edf-4533-8123-9855f19c8858</refId>
          </source>
          <positions>
            <point>
              <x>210.0</x>
              <y>157.0</y>
            </point>
            <point>
              <x>980.0</x>
              <y>172.0</y>
            </point>
          </positions>
          <labelPosition>
            <x>333.0</x>
            <y>0.0</y>
          </labelPosition>
        </transition>
      </transitions>
      <properties/>
      <opRef>
        <refId>cd75ca75-e64e-4b1e-9fe9-8dbc76f03865</refId>
      </opRef>
      <assignments>
        <flowVariableAssignment id="df0f9cce-ac41-4e21-9a29-ed54a12df398">
          <annotation></annotation>
          <name>assignment</name>
          <action>OVERWRITE</action>
          <assignmentTargetType>FLOW_VARIABLE</assignmentTargetType>
          <contextKey>scvmm.site.fqdn</contextKey>
          <expression id="dee87bd3-ebdd-462a-8e91-248214607d40">
            <annotation></annotation>
            <name>Result Field: resultString</name>
            <fieldName>resultString</fieldName>
            <sourceType>RAWRESULT</sourceType>
            <filters>
              <replaceAllFilter id="d7919a09-e022-4c44-8a98-225e9190820e">
                <annotation></annotation>
                <name>Replace</name>
                <ignoreCase>false</ignoreCase>
                <searchString>&lt;&gt;</searchString>
                <replaceString>|</replaceString>
                <replaceType>ALL</replaceType>
              </replaceAllFilter>
              <tableFilter id="525c7138-c8b5-42be-9b60-1f643c46daa7">
                <annotation></annotation>
                <name>Table</name>
                <ascending>false</ascending>
                <columnDelimiter>PIPE</columnDelimiter>
                <firstRowHeader>false</firstRowHeader>
                <lineDelimintor>NEWLINE</lineDelimintor>
                <selectCol>0</selectCol>
                <selectHeight>1</selectHeight>
                <selectRow>0</selectRow>
                <selectWidth>1</selectWidth>
                <sortColumn>-1</sortColumn>
                <stripFirstRow>false</stripFirstRow>
              </tableFilter>
            </filters>
          </expression>
        </flowVariableAssignment>
      </assignments>
      <throttleSize>0</throttleSize>
    </step>
    <returnStep id="5676900a-aeab-417f-a498-ba3337ee2509">
      <annotation></annotation>
      <name>Error : failure</name>
      <bounds>
        <x>301.0</x>
        <y>490.0</y>
      </bounds>
      <layer>-1</layer>
      <hideInbound>false</hideInbound>
      <addResultToRunContext>false</addResultToRunContext>
      <isCriticalStep>false</isCriticalStep>
      <isNonBlocking>false</isNonBlocking>
      <isParallelStep>false</isParallelStep>
      <isSingleResponse>false</isSingleResponse>
      <recordInHistory>false</recordInHistory>
      <recordRawOutput>true</recordRawOutput>
      <recordPrimaryOutput>true</recordPrimaryOutput>
      <checkPointStep>true</checkPointStep>
      <historyCheckPointStep>true</historyCheckPointStep>
      <scriptResultStep>false</scriptResultStep>
      <userPrompt></userPrompt>
      <bindings/>
      <transitions>
        <transition id="4d9b6a81-039d-49e7-a5db-31e4fa2497cc">
          <annotation></annotation>
          <name>return</name>
          <command>NEXT</command>
          <linkMode>false</linkMode>
          <responseSymbol>failure</responseSymbol>
          <shouldHandoff>false</shouldHandoff>
          <transitionValue>0.0</transitionValue>
          <destination>
            <refId>5676900a-aeab-417f-a498-ba3337ee2509</refId>
          </destination>
          <source>
            <refId>5676900a-aeab-417f-a498-ba3337ee2509</refId>
          </source>
          <positions/>
        </transition>
      </transitions>
      <properties/>
      <returnStepType>ERROR</returnStepType>
      <assignments/>
    </returnStep>
  </steps>
  <startSteps>00c84741-b9aa-4dca-bfe9-495a78299011</startSteps>
</flow>