<?xml version="1.0" encoding="UTF-8"?>
<operation id="c081c558-b08f-48e0-b994-24d1a6674002">
  <annotation>c081c558-b08f-48e0-b994-24d1a6674002.description</annotation>
  <name>TNS Names SQL Command</name>
  <categories/>
  <inputs>
    <userInputBinding id="7dac0731-b2f9-469d-98d0-c2c1121813ca">
      <annotation></annotation>
      <toContextKey></toContextKey>
      <fromContextKey></fromContextKey>
      <assignFromContext>false</assignFromContext>
      <assignToContext>false</assignToContext>
      <inputType>STRING</inputType>
      <isList>false</isList>
      <required>true</required>
      <isPersisted>true</isPersisted>
      <inputSymbol>TNSPath</inputSymbol>
      <listDelimiter>,</listDelimiter>
      <record>false</record>
      <prompt>c081c558-b08f-48e0-b994-24d1a6674002.7dac0731-b2f9-469d-98d0-c2c1121813ca.prompt</prompt>
      <isMultiSelect>false</isMultiSelect>
      <sourceDelimiter>|</sourceDelimiter>
    </userInputBinding>
    <userInputBinding id="cbd24e3d-2d86-41b2-92b3-bef28fb8009a">
      <annotation></annotation>
      <toContextKey></toContextKey>
      <fromContextKey></fromContextKey>
      <assignFromContext>false</assignFromContext>
      <assignToContext>false</assignToContext>
      <inputType>STRING</inputType>
      <isList>false</isList>
      <required>true</required>
      <isPersisted>true</isPersisted>
      <inputSymbol>TNSEntry</inputSymbol>
      <listDelimiter>,</listDelimiter>
      <record>false</record>
      <prompt>c081c558-b08f-48e0-b994-24d1a6674002.cbd24e3d-2d86-41b2-92b3-bef28fb8009a.prompt</prompt>
      <isMultiSelect>false</isMultiSelect>
      <sourceDelimiter>|</sourceDelimiter>
    </userInputBinding>
    <userInputBinding id="a5d14fe0-8f3f-440f-98bb-6e4241264d91">
      <annotation></annotation>
      <toContextKey></toContextKey>
      <fromContextKey></fromContextKey>
      <assignFromContext>false</assignFromContext>
      <assignToContext>false</assignToContext>
      <inputType>STRING</inputType>
      <isList>false</isList>
      <required>false</required>
      <isPersisted>true</isPersisted>
      <inputSymbol>Username</inputSymbol>
      <listDelimiter>,</listDelimiter>
      <record>false</record>
      <prompt>c081c558-b08f-48e0-b994-24d1a6674002.a5d14fe0-8f3f-440f-98bb-6e4241264d91.prompt</prompt>
      <isMultiSelect>false</isMultiSelect>
      <sourceDelimiter>|</sourceDelimiter>
    </userInputBinding>
    <userInputBinding id="f37b6713-a372-458e-9482-de3f22da490b">
      <annotation></annotation>
      <toContextKey></toContextKey>
      <fromContextKey></fromContextKey>
      <assignFromContext>false</assignFromContext>
      <assignToContext>false</assignToContext>
      <inputType>ENCRYPTED</inputType>
      <isList>false</isList>
      <required>false</required>
      <isPersisted>true</isPersisted>
      <inputSymbol>Password</inputSymbol>
      <listDelimiter>,</listDelimiter>
      <record>false</record>
      <prompt>c081c558-b08f-48e0-b994-24d1a6674002.f37b6713-a372-458e-9482-de3f22da490b.prompt</prompt>
      <isMultiSelect>false</isMultiSelect>
      <sourceDelimiter>|</sourceDelimiter>
    </userInputBinding>
    <userInputBinding id="129d8a99-9b6d-480d-820d-a3d42ec77b9e">
      <annotation></annotation>
      <toContextKey></toContextKey>
      <fromContextKey></fromContextKey>
      <assignFromContext>false</assignFromContext>
      <assignToContext>false</assignToContext>
      <inputType>STRING</inputType>
      <isList>false</isList>
      <required>true</required>
      <isPersisted>true</isPersisted>
      <inputSymbol>Command</inputSymbol>
      <listDelimiter>,</listDelimiter>
      <record>false</record>
      <prompt>c081c558-b08f-48e0-b994-24d1a6674002.129d8a99-9b6d-480d-820d-a3d42ec77b9e.prompt</prompt>
      <isMultiSelect>false</isMultiSelect>
      <sourceDelimiter>|</sourceDelimiter>
    </userInputBinding>
  </inputs>
  <scriptlet id="79ba8971-e73d-4a16-9445-f4dad1f56587">
    <annotation></annotation>
    <name>Operation TNS Names SQL Command (c081c558-b08f-48e0-b994-24d1a6674002)</name>
    <type>RHINO</type>
  </scriptlet>
  <possibleResponses>
    <opResponse id="5295b985-ffb4-4cf9-bcb1-44c55f8db16b">
      <annotation></annotation>
      <name>more items</name>
      <isDefault>false</isDefault>
      <onFailure>false</onFailure>
      <type>RESOLVED</type>
      <matchRules>
        <expression id="0f4c34db-3e2f-4f64-b080-5a37cb27c521">
          <annotation></annotation>
          <name>returnCode</name>
          <fieldName>returnCode</fieldName>
          <sourceType>RAWRESULT</sourceType>
          <containsEvaluator id="5f698db6-02ee-48a7-b259-435be2e54d1b">
            <annotation></annotation>
            <name>Config Item</name>
            <text>0</text>
            <ignoreCase>true</ignoreCase>
            <matchType>EXACT_MATCH</matchType>
          </containsEvaluator>
          <filters/>
        </expression>
      </matchRules>
    </opResponse>
    <opResponse id="1daee8f9-6152-49ea-b678-c26a66949fae">
      <annotation></annotation>
      <name>failure</name>
      <isDefault>true</isDefault>
      <onFailure>true</onFailure>
      <type>ERROR</type>
      <matchRules>
        <expression id="2589167a-3378-4e52-8545-7c15e8c146de">
          <annotation></annotation>
          <name>returnCode</name>
          <fieldName>returnCode</fieldName>
          <sourceType>RAWRESULT</sourceType>
          <containsEvaluator id="3d2e137c-c798-42ad-88d1-f1b2ab2a0443">
            <annotation></annotation>
            <name>Config Item</name>
            <text>-1</text>
            <ignoreCase>true</ignoreCase>
            <matchType>EXACT_MATCH</matchType>
          </containsEvaluator>
          <filters/>
        </expression>
      </matchRules>
    </opResponse>
  </possibleResponses>
  <availableResultExpressions/>
  <resultExpression id="5213598a-89c8-4e3a-b6b3-b9fee716679a">
    <annotation></annotation>
    <name>returnCode</name>
    <fieldName>returnResult</fieldName>
    <sourceType>RAWRESULT</sourceType>
    <filters/>
  </resultExpression>
  <iconSpec id="7b631bbf-996f-4389-a209-9d84efcc5eaf">
    <baseIcon>database_green.png</baseIcon>
    <basePath>/Databases/</basePath>
    <readOnly>false</readOnly>
    <layers/>
  </iconSpec>
  <opRef>
    <refId>f2af6640-e75d-4e6f-856c-22982b571018</refId>
  </opRef>
  <fieldValues/>
  <groupAliasRef>
    <refId>5233030c-af46-432b-a682-b326ca6bf2ae</refId>
    <refName>RAS_Operator_Path</refName>
  </groupAliasRef>
  <overrideGroupAlias>${overrideJRAS}</overrideGroupAlias>
</operation>