<?xml version="1.0" encoding="UTF-8"?>
<flow id="41d00124-3eb9-4a89-9873-86892cdf1c20">
  <annotation></annotation>
  <name>VM_unprovisionServer</name>
  <categories/>
  <inputs>
    <userInputBinding id="9013af4b-3096-4aad-8940-d00f0b513ed8">
      <annotation></annotation>
      <assignFromContext>true</assignFromContext>
      <assignToContext>true</assignToContext>
      <inputType>STRING</inputType>
      <isList>false</isList>
      <required>false</required>
      <isPersisted>true</isPersisted>
      <inputSymbol>vmmp.host</inputSymbol>
      <listDelimiter>,</listDelimiter>
      <record>false</record>
      <prompt></prompt>
      <isMultiSelect>false</isMultiSelect>
      <sourceDelimiter>|</sourceDelimiter>
    </userInputBinding>
    <userInputBinding id="c9a2b0db-1de2-45f5-8176-4f0aa6a4bcb6">
      <annotation></annotation>
      <assignFromContext>true</assignFromContext>
      <assignToContext>false</assignToContext>
      <inputType>STRING</inputType>
      <isList>false</isList>
      <required>false</required>
      <isPersisted>true</isPersisted>
      <inputSymbol>server.resourcepool</inputSymbol>
      <listDelimiter>,</listDelimiter>
      <record>false</record>
      <prompt></prompt>
      <isMultiSelect>false</isMultiSelect>
      <sourceDelimiter>|</sourceDelimiter>
    </userInputBinding>
    <userInputBinding id="95e48cc2-709c-4d92-a7e5-7a1d44528cb4">
      <annotation></annotation>
      <assignFromContext>true</assignFromContext>
      <assignToContext>true</assignToContext>
      <inputType>STRING</inputType>
      <isList>false</isList>
      <required>false</required>
      <isPersisted>true</isPersisted>
      <inputSymbol>server.hostname</inputSymbol>
      <listDelimiter>,</listDelimiter>
      <record>false</record>
      <prompt></prompt>
      <isMultiSelect>false</isMultiSelect>
      <sourceDelimiter>|</sourceDelimiter>
    </userInputBinding>
    <userInputBinding id="3dfa248f-3e0e-4f3b-b369-3cec0bb781d4">
      <annotation></annotation>
      <assignFromContext>true</assignFromContext>
      <assignToContext>true</assignToContext>
      <inputType>STRING</inputType>
      <isList>false</isList>
      <required>false</required>
      <isPersisted>true</isPersisted>
      <inputSymbol>vmDatacenter</inputSymbol>
      <listDelimiter>,</listDelimiter>
      <record>false</record>
      <prompt></prompt>
      <isMultiSelect>false</isMultiSelect>
      <sourceDelimiter>|</sourceDelimiter>
    </userInputBinding>
  </inputs>
  <scriptlet id="48eef544-f833-4ebf-a763-4777aa327f8e">
    <annotation></annotation>
    <name>Operation VM_unprovisionServer (41d00124-3eb9-4a89-9873-86892cdf1c20)</name>
    <type>RHINO</type>
  </scriptlet>
  <possibleResponses>
    <opResponse id="e24ac3c8-6d3e-41cf-9c6b-e56b570d30f4">
      <annotation></annotation>
      <name>failure</name>
      <isDefault>false</isDefault>
      <onFailure>true</onFailure>
      <type>ERROR</type>
      <matchRules/>
    </opResponse>
    <opResponse id="5172389e-655a-401c-b0bc-77ac3c25e22f">
      <annotation></annotation>
      <name>success</name>
      <isDefault>true</isDefault>
      <onFailure>false</onFailure>
      <type>RESOLVED</type>
      <matchRules/>
    </opResponse>
  </possibleResponses>
  <availableResultExpressions/>
  <resultExpression id="956f4552-3286-42dc-89f8-8b70c29e3d85">
    <annotation></annotation>
    <name>FailureMessage</name>
    <fieldName>FailureMessage</fieldName>
    <sourceType>RAWRESULT</sourceType>
    <filters/>
  </resultExpression>
  <iconSpec id="3d518612-b109-4e12-8071-2837ae42df36">
    <baseIcon>flow.png</baseIcon>
    <basePath>System</basePath>
    <readOnly>false</readOnly>
    <layers/>
  </iconSpec>
  <callouts/>
  <checkPointFlow>true</checkPointFlow>
  <compatibleRuntimeContext>false</compatibleRuntimeContext>
  <historyCheckPointFlow>true</historyCheckPointFlow>
  <steps>
    <step id="7506b043-1bf8-41b4-bdc9-8a1e686c1ad1">
      <annotation></annotation>
      <name>DB_GetVMMPByResourcePool</name>
      <bounds>
        <x>163.0</x>
        <y>214.0</y>
      </bounds>
      <layer>-1</layer>
      <hideInbound>false</hideInbound>
      <iconSpec id="500c70ff-531a-4f7e-a426-8f74b9b10d92">
        <baseIcon>flow.png</baseIcon>
        <basePath>System</basePath>
        <readOnly>false</readOnly>
        <layers/>
      </iconSpec>
      <addResultToRunContext>false</addResultToRunContext>
      <isCriticalStep>false</isCriticalStep>
      <isNonBlocking>false</isNonBlocking>
      <isParallelStep>false</isParallelStep>
      <isSingleResponse>false</isSingleResponse>
      <recordInHistory>false</recordInHistory>
      <recordRawOutput>true</recordRawOutput>
      <recordPrimaryOutput>true</recordPrimaryOutput>
      <checkPointStep>true</checkPointStep>
      <historyCheckPointStep>true</historyCheckPointStep>
      <scriptResultStep>false</scriptResultStep>
      <userPrompt></userPrompt>
      <bindings>
        <userInputBinding id="0c7670f0-dbed-42a0-ba2f-68cb7cfeaead">
          <annotation></annotation>
          <fromContextKey>server.resourcepool</fromContextKey>
          <assignFromContext>true</assignFromContext>
          <assignToContext>false</assignToContext>
          <inputType>STRING</inputType>
          <isList>false</isList>
          <required>true</required>
          <isPersisted>true</isPersisted>
          <inputSymbol>db.vmmp.resourcepool</inputSymbol>
          <listDelimiter>,</listDelimiter>
          <record>false</record>
          <prompt></prompt>
          <isMultiSelect>false</isMultiSelect>
          <sourceDelimiter>|</sourceDelimiter>
        </userInputBinding>
      </bindings>
      <transitions>
        <transition id="e4add3bc-c88e-453d-b429-3b7480884b36">
          <annotation></annotation>
          <name>success</name>
          <command>NEXT</command>
          <linkMode>false</linkMode>
          <responseSymbol>success</responseSymbol>
          <shouldHandoff>false</shouldHandoff>
          <transitionValue>0.0</transitionValue>
          <destination>
            <refId>7b1ed400-c6e8-4ce7-8a11-ca2674d3e1f8</refId>
          </destination>
          <source>
            <refId>7506b043-1bf8-41b4-bdc9-8a1e686c1ad1</refId>
          </source>
          <positions>
            <point>
              <x>207.0</x>
              <y>257.0</y>
            </point>
            <point>
              <x>449.0</x>
              <y>252.0</y>
            </point>
          </positions>
          <labelPosition>
            <x>333.0</x>
            <y>0.0</y>
          </labelPosition>
        </transition>
        <transition id="7ebf20da-2129-4082-a65e-42d75eaf0c92">
          <annotation></annotation>
          <name>failure</name>
          <command>NEXT</command>
          <linkMode>false</linkMode>
          <responseSymbol>failure</responseSymbol>
          <shouldHandoff>false</shouldHandoff>
          <transitionValue>0.0</transitionValue>
          <destination>
            <refId>0c644be1-a718-47d8-b79b-292394e951a4</refId>
          </destination>
          <source>
            <refId>7506b043-1bf8-41b4-bdc9-8a1e686c1ad1</refId>
          </source>
          <positions>
            <point>
              <x>207.0</x>
              <y>257.0</y>
            </point>
            <point>
              <x>296.0</x>
              <y>468.0</y>
            </point>
          </positions>
          <labelPosition>
            <x>333.0</x>
            <y>0.0</y>
          </labelPosition>
        </transition>
      </transitions>
      <properties/>
      <opRef>
        <refId>2d28b788-0a50-41e3-bdbc-f2378110a213</refId>
      </opRef>
      <assignments>
        <flowVariableAssignment id="d76134fe-d557-45f7-8238-bcc752f59680">
          <annotation></annotation>
          <name>assignment</name>
          <action>OVERWRITE</action>
          <assignmentTargetType>FLOW_VARIABLE</assignmentTargetType>
          <contextKey>vmmp.type</contextKey>
          <expression id="b2b051b5-09f4-4253-8f12-03f89344e122">
            <annotation></annotation>
            <name>Result: vmmp.type</name>
            <fieldName>vmmp.type</fieldName>
            <sourceType>AVAILABLE_RESULT</sourceType>
            <filters/>
          </expression>
        </flowVariableAssignment>
      </assignments>
      <throttleSize>0</throttleSize>
    </step>
    <step id="0dc7b816-1bc1-416e-a85a-5ea4daedc554">
      <annotation>41d00124-3eb9-4a89-9873-86892cdf1c20.0dc7b816-1bc1-416e-a85a-5ea4daedc554.description</annotation>
      <name>vCenter_Unprovision_Server</name>
      <bounds>
        <x>679.0</x>
        <y>87.0</y>
      </bounds>
      <layer>-1</layer>
      <hideInbound>false</hideInbound>
      <addResultToRunContext>false</addResultToRunContext>
      <isCriticalStep>false</isCriticalStep>
      <isNonBlocking>false</isNonBlocking>
      <isParallelStep>false</isParallelStep>
      <isSingleResponse>false</isSingleResponse>
      <recordInHistory>false</recordInHistory>
      <recordRawOutput>true</recordRawOutput>
      <recordPrimaryOutput>true</recordPrimaryOutput>
      <checkPointStep>true</checkPointStep>
      <historyCheckPointStep>true</historyCheckPointStep>
      <scriptResultStep>false</scriptResultStep>
      <userPrompt></userPrompt>
      <bindings>
        <staticBinding id="3afa1a2b-34e5-4b1c-bdc6-27b806438160">
          <annotation></annotation>
          <assignFromContext>false</assignFromContext>
          <assignToContext>false</assignToContext>
          <inputType>STRING</inputType>
          <isList>false</isList>
          <required>true</required>
          <isPersisted>true</isPersisted>
          <inputSymbol>vmName</inputSymbol>
          <listDelimiter>,</listDelimiter>
          <value>${server.hostname}_${server.hostname}</value>
          <record>false</record>
        </staticBinding>
        <staticBinding id="0aa1dbd2-a360-4dec-bca1-d6a5b3d78643">
          <annotation></annotation>
          <fromContextKey>vmmp.host</fromContextKey>
          <assignFromContext>true</assignFromContext>
          <assignToContext>false</assignToContext>
          <inputType>STRING</inputType>
          <isList>false</isList>
          <required>true</required>
          <isPersisted>true</isPersisted>
          <inputSymbol>host</inputSymbol>
          <listDelimiter>,</listDelimiter>
          <value></value>
          <record>false</record>
        </staticBinding>
        <staticBinding id="872020c7-b328-4c78-873c-805de0e25d73">
          <annotation></annotation>
          <assignFromContext>false</assignFromContext>
          <assignToContext>false</assignToContext>
          <inputType>STRING</inputType>
          <isList>false</isList>
          <required>true</required>
          <isPersisted>true</isPersisted>
          <inputSymbol>port</inputSymbol>
          <listDelimiter>,</listDelimiter>
          <value>${pc.vcenter.port}</value>
          <record>false</record>
        </staticBinding>
        <identityBinding id="cbd85c9a-cb3e-4e75-b40f-2c7dc249a037">
          <annotation></annotation>
          <assignFromContext>false</assignFromContext>
          <assignToContext>false</assignToContext>
          <inputType>ENCRYPTED</inputType>
          <isList>false</isList>
          <required>true</required>
          <isPersisted>true</isPersisted>
          <inputSymbol>user</inputSymbol>
          <listDelimiter>,</listDelimiter>
          <record>false</record>
          <link>
            <refId>175fb5fb-15e2-4aa9-a31b-3907e8c9cdcf</refId>
            <refName>pc.vcenter</refName>
          </link>
          <identityAttribute>USERNAME</identityAttribute>
        </identityBinding>
        <identityBinding id="4c35db09-5ce3-4e10-adbc-5936ea1d35d4">
          <annotation></annotation>
          <assignFromContext>false</assignFromContext>
          <assignToContext>false</assignToContext>
          <inputType>ENCRYPTED</inputType>
          <isList>false</isList>
          <required>true</required>
          <isPersisted>true</isPersisted>
          <inputSymbol>password</inputSymbol>
          <listDelimiter>,</listDelimiter>
          <record>false</record>
          <link>
            <refId>175fb5fb-15e2-4aa9-a31b-3907e8c9cdcf</refId>
            <refName>pc.vcenter</refName>
          </link>
          <identityAttribute>PASSWORD</identityAttribute>
        </identityBinding>
        <staticBinding id="41f56d52-0a0d-4584-abaf-d607a576df45">
          <annotation></annotation>
          <assignFromContext>false</assignFromContext>
          <assignToContext>false</assignToContext>
          <inputType>STRING</inputType>
          <isList>false</isList>
          <required>true</required>
          <isPersisted>true</isPersisted>
          <inputSymbol>protocol</inputSymbol>
          <listDelimiter>,</listDelimiter>
          <value>${pc.vcenter.protocol}</value>
          <record>false</record>
        </staticBinding>
        <staticBinding id="27ff5590-c67b-4e95-84eb-4f04f1035a20">
          <annotation></annotation>
          <assignFromContext>false</assignFromContext>
          <assignToContext>false</assignToContext>
          <inputType>STRING</inputType>
          <isList>false</isList>
          <required>false</required>
          <isPersisted>true</isPersisted>
          <inputSymbol>hostSystem</inputSymbol>
          <listDelimiter>,</listDelimiter>
          <record>false</record>
        </staticBinding>
        <userInputBinding id="c851736c-3c79-47df-898e-91cc4f8373b0">
          <annotation></annotation>
          <assignFromContext>true</assignFromContext>
          <assignToContext>false</assignToContext>
          <inputType>STRING</inputType>
          <isList>false</isList>
          <required>true</required>
          <isPersisted>true</isPersisted>
          <inputSymbol>vmDatacenter</inputSymbol>
          <listDelimiter>,</listDelimiter>
          <record>false</record>
          <prompt></prompt>
          <isMultiSelect>false</isMultiSelect>
          <sourceDelimiter>|</sourceDelimiter>
        </userInputBinding>
      </bindings>
      <transitions>
        <transition id="07f4d80c-6390-46f5-a465-4c1fdc76fd76">
          <annotation></annotation>
          <name>success</name>
          <command>NEXT</command>
          <linkMode>false</linkMode>
          <responseSymbol>success</responseSymbol>
          <shouldHandoff>false</shouldHandoff>
          <transitionValue>0.0</transitionValue>
          <destination>
            <refId>8bec5cbe-0c30-4027-9204-a2728db3de14</refId>
          </destination>
          <source>
            <refId>0dc7b816-1bc1-416e-a85a-5ea4daedc554</refId>
          </source>
          <positions>
            <point>
              <x>738.0</x>
              <y>121.0</y>
            </point>
            <point>
              <x>1146.0</x>
              <y>328.0</y>
            </point>
          </positions>
          <labelPosition>
            <x>333.0</x>
            <y>0.0</y>
          </labelPosition>
        </transition>
        <transition id="52d23518-70b4-4fa1-818f-230c40a0c424">
          <annotation></annotation>
          <name>failure</name>
          <command>NEXT</command>
          <linkMode>false</linkMode>
          <responseSymbol>failure</responseSymbol>
          <shouldHandoff>false</shouldHandoff>
          <transitionValue>0.0</transitionValue>
          <destination>
            <refId>9af60124-ef1f-4dcc-8a7e-006146f49e2b</refId>
          </destination>
          <source>
            <refId>0dc7b816-1bc1-416e-a85a-5ea4daedc554</refId>
          </source>
          <positions>
            <point>
              <x>738.0</x>
              <y>121.0</y>
            </point>
            <point>
              <x>972.0</x>
              <y>332.0</y>
            </point>
          </positions>
          <labelPosition>
            <x>333.0</x>
            <y>0.0</y>
          </labelPosition>
        </transition>
      </transitions>
      <properties/>
      <opRef>
        <refId>32f4f443-b382-487a-9793-4815314f3151</refId>
      </opRef>
      <assignments/>
      <throttleSize>0</throttleSize>
    </step>
    <returnStep id="8bec5cbe-0c30-4027-9204-a2728db3de14">
      <annotation></annotation>
      <name>Resolved : success</name>
      <bounds>
        <x>1096.0</x>
        <y>294.0</y>
      </bounds>
      <layer>-1</layer>
      <hideInbound>false</hideInbound>
      <addResultToRunContext>false</addResultToRunContext>
      <isCriticalStep>false</isCriticalStep>
      <isNonBlocking>false</isNonBlocking>
      <isParallelStep>false</isParallelStep>
      <isSingleResponse>false</isSingleResponse>
      <recordInHistory>false</recordInHistory>
      <recordRawOutput>true</recordRawOutput>
      <recordPrimaryOutput>true</recordPrimaryOutput>
      <checkPointStep>true</checkPointStep>
      <historyCheckPointStep>true</historyCheckPointStep>
      <scriptResultStep>false</scriptResultStep>
      <userPrompt></userPrompt>
      <bindings/>
      <transitions>
        <transition id="b7851970-31ae-4f80-977c-281375894d29">
          <annotation></annotation>
          <name>return</name>
          <command>NEXT</command>
          <linkMode>false</linkMode>
          <responseSymbol>success</responseSymbol>
          <shouldHandoff>false</shouldHandoff>
          <transitionValue>0.0</transitionValue>
          <destination>
            <refId>8bec5cbe-0c30-4027-9204-a2728db3de14</refId>
          </destination>
          <source>
            <refId>8bec5cbe-0c30-4027-9204-a2728db3de14</refId>
          </source>
          <positions/>
        </transition>
      </transitions>
      <properties/>
      <returnStepType>RESOLVED</returnStepType>
      <assignments/>
    </returnStep>
    <step id="c578151f-fcdf-4829-8c6c-93ee2137126a">
      <annotation></annotation>
      <name>SCVMM_unprovisionServer</name>
      <bounds>
        <x>679.0</x>
        <y>403.0</y>
      </bounds>
      <layer>-1</layer>
      <hideInbound>false</hideInbound>
      <addResultToRunContext>false</addResultToRunContext>
      <isCriticalStep>false</isCriticalStep>
      <isNonBlocking>false</isNonBlocking>
      <isParallelStep>false</isParallelStep>
      <isSingleResponse>false</isSingleResponse>
      <recordInHistory>false</recordInHistory>
      <recordRawOutput>true</recordRawOutput>
      <recordPrimaryOutput>true</recordPrimaryOutput>
      <checkPointStep>true</checkPointStep>
      <historyCheckPointStep>true</historyCheckPointStep>
      <scriptResultStep>false</scriptResultStep>
      <userPrompt></userPrompt>
      <bindings>
        <staticBinding id="75682021-4f16-4bc8-abe8-afc4f8b18f40">
          <annotation></annotation>
          <assignFromContext>false</assignFromContext>
          <assignToContext>false</assignToContext>
          <inputType>STRING</inputType>
          <isList>false</isList>
          <required>false</required>
          <isPersisted>true</isPersisted>
          <inputSymbol>vmName</inputSymbol>
          <listDelimiter>,</listDelimiter>
          <value>${server.hostname}_${server.hostname}</value>
          <record>false</record>
        </staticBinding>
        <staticBinding id="d63eed86-4f7c-4949-bb6b-aab90c5027d9">
          <annotation></annotation>
          <fromContextKey>vmmp.host</fromContextKey>
          <assignFromContext>true</assignFromContext>
          <assignToContext>false</assignToContext>
          <inputType>STRING</inputType>
          <isList>false</isList>
          <required>true</required>
          <isPersisted>true</isPersisted>
          <inputSymbol>host</inputSymbol>
          <listDelimiter>,</listDelimiter>
          <value></value>
          <record>false</record>
        </staticBinding>
      </bindings>
      <transitions>
        <transition id="aebab442-286a-4092-9e57-3a27a0792ffc">
          <annotation></annotation>
          <name>success</name>
          <command>NEXT</command>
          <linkMode>false</linkMode>
          <responseSymbol>success</responseSymbol>
          <shouldHandoff>false</shouldHandoff>
          <transitionValue>0.0</transitionValue>
          <destination>
            <refId>8bec5cbe-0c30-4027-9204-a2728db3de14</refId>
          </destination>
          <source>
            <refId>c578151f-fcdf-4829-8c6c-93ee2137126a</refId>
          </source>
          <positions>
            <point>
              <x>729.0</x>
              <y>437.0</y>
            </point>
            <point>
              <x>1146.0</x>
              <y>328.0</y>
            </point>
          </positions>
          <labelPosition>
            <x>333.0</x>
            <y>0.0</y>
          </labelPosition>
        </transition>
        <transition id="200b73df-2c71-4522-a90a-62363a2c460b">
          <annotation></annotation>
          <name>failure</name>
          <command>NEXT</command>
          <linkMode>false</linkMode>
          <responseSymbol>failure</responseSymbol>
          <shouldHandoff>false</shouldHandoff>
          <transitionValue>0.0</transitionValue>
          <destination>
            <refId>9af60124-ef1f-4dcc-8a7e-006146f49e2b</refId>
          </destination>
          <source>
            <refId>c578151f-fcdf-4829-8c6c-93ee2137126a</refId>
          </source>
          <positions>
            <point>
              <x>729.0</x>
              <y>437.0</y>
            </point>
            <point>
              <x>972.0</x>
              <y>332.0</y>
            </point>
          </positions>
          <labelPosition>
            <x>333.0</x>
            <y>0.0</y>
          </labelPosition>
        </transition>
      </transitions>
      <properties/>
      <opRef>
        <refId>ecf03837-a27e-433e-a6cf-89a2e1a544c0</refId>
      </opRef>
      <assignments/>
      <throttleSize>0</throttleSize>
    </step>
    <returnStep id="0c644be1-a718-47d8-b79b-292394e951a4">
      <annotation></annotation>
      <name>Error : failure</name>
      <bounds>
        <x>287.0</x>
        <y>433.0</y>
      </bounds>
      <layer>-1</layer>
      <hideInbound>false</hideInbound>
      <addResultToRunContext>false</addResultToRunContext>
      <isCriticalStep>false</isCriticalStep>
      <isNonBlocking>false</isNonBlocking>
      <isParallelStep>false</isParallelStep>
      <isSingleResponse>false</isSingleResponse>
      <recordInHistory>false</recordInHistory>
      <recordRawOutput>true</recordRawOutput>
      <recordPrimaryOutput>true</recordPrimaryOutput>
      <checkPointStep>true</checkPointStep>
      <historyCheckPointStep>true</historyCheckPointStep>
      <scriptResultStep>false</scriptResultStep>
      <userPrompt></userPrompt>
      <bindings/>
      <transitions>
        <transition id="d3a7133d-e2be-4ddf-91bd-c95d2484b4f9">
          <annotation></annotation>
          <name>return</name>
          <command>NEXT</command>
          <linkMode>false</linkMode>
          <responseSymbol>failure</responseSymbol>
          <shouldHandoff>false</shouldHandoff>
          <transitionValue>0.0</transitionValue>
          <destination>
            <refId>0c644be1-a718-47d8-b79b-292394e951a4</refId>
          </destination>
          <source>
            <refId>0c644be1-a718-47d8-b79b-292394e951a4</refId>
          </source>
          <positions/>
        </transition>
      </transitions>
      <properties/>
      <returnStepType>ERROR</returnStepType>
      <assignments/>
    </returnStep>
    <step id="7b1ed400-c6e8-4ce7-8a11-ca2674d3e1f8">
      <annotation></annotation>
      <name>VM Platform Check</name>
      <bounds>
        <x>399.0</x>
        <y>214.0</y>
      </bounds>
      <layer>-1</layer>
      <hideInbound>false</hideInbound>
      <iconSpec id="62b980f0-58f4-428a-84b7-0ea5223739c8">
        <baseIcon>webservice.png</baseIcon>
        <basePath>System</basePath>
        <readOnly>false</readOnly>
        <layers/>
      </iconSpec>
      <addResultToRunContext>false</addResultToRunContext>
      <isCriticalStep>false</isCriticalStep>
      <isNonBlocking>false</isNonBlocking>
      <isParallelStep>false</isParallelStep>
      <isSingleResponse>false</isSingleResponse>
      <recordInHistory>false</recordInHistory>
      <recordRawOutput>true</recordRawOutput>
      <recordPrimaryOutput>true</recordPrimaryOutput>
      <checkPointStep>true</checkPointStep>
      <historyCheckPointStep>true</historyCheckPointStep>
      <scriptResultStep>false</scriptResultStep>
      <userPrompt></userPrompt>
      <bindings>
        <userInputBinding id="8351e075-f688-4f15-a027-7557c3c06423">
          <annotation></annotation>
          <toContextKey>vmmp.type</toContextKey>
          <fromContextKey>vmmp.type</fromContextKey>
          <assignFromContext>true</assignFromContext>
          <assignToContext>true</assignToContext>
          <inputType>STRING</inputType>
          <isList>false</isList>
          <required>false</required>
          <isPersisted>true</isPersisted>
          <inputSymbol>Field_1</inputSymbol>
          <listDelimiter>,</listDelimiter>
          <record>false</record>
          <prompt>41d00124-3eb9-4a89-9873-86892cdf1c20.8351e075-f688-4f15-a027-7557c3c06423.prompt</prompt>
          <isMultiSelect>false</isMultiSelect>
          <link>
            <refId>7e9736e6-5b21-410e-b799-7dfb88f15624</refId>
            <refName>VM Platforms</refName>
          </link>
          <sourceDelimiter>|</sourceDelimiter>
        </userInputBinding>
      </bindings>
      <transitions>
        <transition id="8ec1401c-36fe-4428-8fea-c80fa1b199ba">
          <annotation></annotation>
          <name>failure</name>
          <command>NEXT</command>
          <linkMode>false</linkMode>
          <responseSymbol>failure</responseSymbol>
          <shouldHandoff>false</shouldHandoff>
          <transitionValue>0.0</transitionValue>
          <destination>
            <refId>0c644be1-a718-47d8-b79b-292394e951a4</refId>
          </destination>
          <source>
            <refId>7b1ed400-c6e8-4ce7-8a11-ca2674d3e1f8</refId>
          </source>
          <positions>
            <point>
              <x>449.0</x>
              <y>252.0</y>
            </point>
            <point>
              <x>296.0</x>
              <y>468.0</y>
            </point>
          </positions>
          <labelPosition>
            <x>333.0</x>
            <y>0.0</y>
          </labelPosition>
        </transition>
        <transition id="6dc005d5-5051-4c10-abdd-2dd8aa60af4d">
          <annotation></annotation>
          <name>vCenter</name>
          <command>NEXT</command>
          <linkMode>false</linkMode>
          <responseSymbol>vCenter</responseSymbol>
          <shouldHandoff>false</shouldHandoff>
          <transitionValue>0.0</transitionValue>
          <destination>
            <refId>0dc7b816-1bc1-416e-a85a-5ea4daedc554</refId>
          </destination>
          <source>
            <refId>7b1ed400-c6e8-4ce7-8a11-ca2674d3e1f8</refId>
          </source>
          <positions>
            <point>
              <x>449.0</x>
              <y>252.0</y>
            </point>
            <point>
              <x>738.0</x>
              <y>121.0</y>
            </point>
          </positions>
          <labelPosition>
            <x>333.0</x>
            <y>0.0</y>
          </labelPosition>
        </transition>
        <transition id="d9c8b13f-ac78-4a67-a10a-a0c776af13cb">
          <annotation></annotation>
          <name>SCVMM</name>
          <command>NEXT</command>
          <linkMode>false</linkMode>
          <responseSymbol>SCVMM</responseSymbol>
          <shouldHandoff>false</shouldHandoff>
          <transitionValue>0.0</transitionValue>
          <destination>
            <refId>c578151f-fcdf-4829-8c6c-93ee2137126a</refId>
          </destination>
          <source>
            <refId>7b1ed400-c6e8-4ce7-8a11-ca2674d3e1f8</refId>
          </source>
          <positions>
            <point>
              <x>449.0</x>
              <y>252.0</y>
            </point>
            <point>
              <x>729.0</x>
              <y>437.0</y>
            </point>
          </positions>
          <labelPosition>
            <x>333.0</x>
            <y>0.0</y>
          </labelPosition>
        </transition>
      </transitions>
      <properties/>
      <opRef>
        <refId>a929fb84-1648-4552-bd7e-b664ebc353de</refId>
      </opRef>
      <assignments/>
      <throttleSize>0</throttleSize>
    </step>
    <returnStep id="9af60124-ef1f-4dcc-8a7e-006146f49e2b">
      <annotation></annotation>
      <name>Error : failure</name>
      <bounds>
        <x>846.0</x>
        <y>269.0</y>
      </bounds>
      <layer>-1</layer>
      <hideInbound>false</hideInbound>
      <addResultToRunContext>false</addResultToRunContext>
      <isCriticalStep>false</isCriticalStep>
      <isNonBlocking>false</isNonBlocking>
      <isParallelStep>false</isParallelStep>
      <isSingleResponse>false</isSingleResponse>
      <recordInHistory>false</recordInHistory>
      <recordRawOutput>true</recordRawOutput>
      <recordPrimaryOutput>true</recordPrimaryOutput>
      <checkPointStep>true</checkPointStep>
      <historyCheckPointStep>true</historyCheckPointStep>
      <scriptResultStep>false</scriptResultStep>
      <userPrompt></userPrompt>
      <bindings/>
      <transitions>
        <transition id="03e92609-37cb-4d6b-a333-3e66406c19ed">
          <annotation></annotation>
          <name>return</name>
          <command>NEXT</command>
          <linkMode>false</linkMode>
          <responseSymbol>failure</responseSymbol>
          <shouldHandoff>false</shouldHandoff>
          <transitionValue>0.0</transitionValue>
          <destination>
            <refId>9af60124-ef1f-4dcc-8a7e-006146f49e2b</refId>
          </destination>
          <source>
            <refId>9af60124-ef1f-4dcc-8a7e-006146f49e2b</refId>
          </source>
          <positions/>
        </transition>
      </transitions>
      <properties/>
      <returnStepType>ERROR</returnStepType>
      <assignments/>
    </returnStep>
  </steps>
  <startSteps>7506b043-1bf8-41b4-bdc9-8a1e686c1ad1</startSteps>
</flow>