<?xml version="1.0" encoding="UTF-8"?>
<flow id="44a89415-40e8-4100-bbfb-c57b37842944">
  <annotation>44a89415-40e8-4100-bbfb-c57b37842944.description</annotation>
  <name>pc_deploy</name>
  <categories/>
  <inputs>
    <staticBinding id="bc148bd2-2664-41db-8265-03103e0972f2">
      <annotation></annotation>
      <assignFromContext>true</assignFromContext>
      <assignToContext>true</assignToContext>
      <inputType>STRING</inputType>
      <isList>false</isList>
      <required>true</required>
      <isPersisted>true</isPersisted>
      <inputSymbol>CSA_CONTEXT_ID</inputSymbol>
      <listDelimiter>,</listDelimiter>
      <value>8af981b73f9bf0a4013fcdef648c02e6</value>
      <record>false</record>
    </staticBinding>
    <staticBinding id="9a9a2748-d851-49c9-b0f3-d2029cf28194">
      <annotation></annotation>
      <assignFromContext>true</assignFromContext>
      <assignToContext>true</assignToContext>
      <inputType>STRING</inputType>
      <isList>false</isList>
      <required>true</required>
      <isPersisted>true</isPersisted>
      <inputSymbol>CSA_PROCESS_ID</inputSymbol>
      <listDelimiter>,</listDelimiter>
      <value>8af981b73f9bf0a4013fcdef8f0c0310</value>
      <record>false</record>
    </staticBinding>
  </inputs>
  <scriptlet id="8c60876f-e09d-41b8-b81c-082cad1272ef">
    <annotation></annotation>
    <name>Operation pc_deploy (44a89415-40e8-4100-bbfb-c57b37842944)</name>
    <type>RHINO</type>
  </scriptlet>
  <possibleResponses>
    <opResponse id="161f868c-b31f-4750-a4e7-99c860a5d2e6">
      <annotation></annotation>
      <name>success</name>
      <isDefault>true</isDefault>
      <onFailure>false</onFailure>
      <type>RESOLVED</type>
      <matchRules/>
    </opResponse>
    <opResponse id="84f54a1b-01b3-4805-9b40-ef6c923818e4">
      <annotation></annotation>
      <name>failure</name>
      <isDefault>false</isDefault>
      <onFailure>true</onFailure>
      <type>ERROR</type>
      <matchRules/>
    </opResponse>
  </possibleResponses>
  <availableResultExpressions/>
  <resultExpression id="c197d566-b09f-476c-ad5e-ed419bf30c85">
    <annotation></annotation>
    <name>FailureMessage</name>
    <fieldName>serviceXmlFile</fieldName>
    <sourceType>RAWRESULT</sourceType>
    <filters/>
  </resultExpression>
  <iconSpec id="0f9b52fb-9403-433b-80cc-fa1538afbaea">
    <baseIcon>flow.png</baseIcon>
    <basePath>System</basePath>
    <readOnly>false</readOnly>
    <layers/>
  </iconSpec>
  <callouts>
    <callout id="177a7e88-41b2-45ab-a37e-81f5f728fa11">
      <text>44a89415-40e8-4100-bbfb-c57b37842944.177a7e88-41b2-45ab-a37e-81f5f728fa11.callout</text>
      <bounds>
        <x>469.0</x>
        <y>82.0</y>
        <width>121.0</width>
        <height>54.0</height>
      </bounds>
      <layer>-1</layer>
    </callout>
    <callout id="97f25a6d-736d-480f-a627-947a3b967d8f">
      <text>44a89415-40e8-4100-bbfb-c57b37842944.97f25a6d-736d-480f-a627-947a3b967d8f.callout</text>
      <bounds>
        <x>299.0</x>
        <y>161.0</y>
        <width>105.0</width>
        <height>53.0</height>
      </bounds>
      <layer>-1</layer>
    </callout>
  </callouts>
  <checkPointFlow>true</checkPointFlow>
  <compatibleRuntimeContext>false</compatibleRuntimeContext>
  <historyCheckPointFlow>true</historyCheckPointFlow>
  <steps>
    <step id="e67073bc-c7e4-48e8-8843-288cf983213f">
      <annotation></annotation>
      <name>Get User Identifier</name>
      <bounds>
        <x>12.0</x>
        <y>34.0</y>
      </bounds>
      <layer>-1</layer>
      <hideInbound>false</hideInbound>
      <addResultToRunContext>false</addResultToRunContext>
      <isCriticalStep>false</isCriticalStep>
      <isNonBlocking>false</isNonBlocking>
      <isParallelStep>false</isParallelStep>
      <isSingleResponse>false</isSingleResponse>
      <recordInHistory>false</recordInHistory>
      <recordRawOutput>false</recordRawOutput>
      <recordPrimaryOutput>false</recordPrimaryOutput>
      <checkPointStep>true</checkPointStep>
      <historyCheckPointStep>true</historyCheckPointStep>
      <scriptResultStep>false</scriptResultStep>
      <userPrompt></userPrompt>
      <bindings>
        <staticBinding id="53977aad-355e-4a5e-a263-64cc9259872a">
          <annotation></annotation>
          <fromContextKey>CSA_OO_USER</fromContextKey>
          <assignFromContext>false</assignFromContext>
          <assignToContext>false</assignToContext>
          <inputType>STRING</inputType>
          <isList>false</isList>
          <required>true</required>
          <isPersisted>true</isPersisted>
          <inputSymbol>csaUser</inputSymbol>
          <listDelimiter>,</listDelimiter>
          <value>${CSA_OO_USER}</value>
          <record>false</record>
        </staticBinding>
      </bindings>
      <transitions>
        <transition id="69625ceb-5c4c-40a7-ad26-90f714f36ad4">
          <annotation></annotation>
          <name>success</name>
          <command>NEXT</command>
          <linkMode>false</linkMode>
          <responseSymbol>success</responseSymbol>
          <shouldHandoff>false</shouldHandoff>
          <transitionValue>0.0</transitionValue>
          <destination>
            <refId>fbceaf05-8832-4c53-97fc-9ffbfcc96f6b</refId>
          </destination>
          <source>
            <refId>e67073bc-c7e4-48e8-8843-288cf983213f</refId>
          </source>
          <positions>
            <point>
              <x>216.0</x>
              <y>466.0</y>
            </point>
            <point>
              <x>440.0</x>
              <y>459.0</y>
            </point>
          </positions>
          <labelPosition>
            <x>333.0</x>
            <y>0.0</y>
          </labelPosition>
        </transition>
        <transition id="3943c6bd-bce3-4508-8e00-2c81b9d1ea22">
          <annotation></annotation>
          <name>failure</name>
          <command>NEXT</command>
          <linkMode>false</linkMode>
          <responseSymbol>failure</responseSymbol>
          <shouldHandoff>false</shouldHandoff>
          <transitionValue>0.0</transitionValue>
          <destination>
            <refId>e36224c0-cf95-4bf0-8a09-c167db168ed9</refId>
          </destination>
          <source>
            <refId>e67073bc-c7e4-48e8-8843-288cf983213f</refId>
          </source>
          <positions>
            <point>
              <x>62.0</x>
              <y>452.0</y>
            </point>
            <point>
              <x>206.0</x>
              <y>115.0</y>
            </point>
          </positions>
          <labelPosition>
            <x>333.0</x>
            <y>0.0</y>
          </labelPosition>
        </transition>
      </transitions>
      <properties/>
      <opRef>
        <refId>f1c8b14a-694f-4a03-a84a-c7504fe0a29b</refId>
      </opRef>
      <assignments>
        <flowVariableAssignment id="8a25265d-50a6-478c-ad96-b486d46e1d02">
          <annotation></annotation>
          <name>assignment</name>
          <action>OVERWRITE</action>
          <assignmentTargetType>FLOW_VARIABLE</assignmentTargetType>
          <contextKey>userIdentifier</contextKey>
          <expression id="4f01d7f2-7d1b-41ff-b312-62bb836f6f6e">
            <annotation></annotation>
            <name>Result Field: userIdentifier</name>
            <fieldName>userIdentifier</fieldName>
            <sourceType>RAWRESULT</sourceType>
            <filters/>
          </expression>
        </flowVariableAssignment>
      </assignments>
      <throttleSize>0</throttleSize>
    </step>
    <step id="5781f880-e05e-4d31-a4b1-5741cda57e47">
      <annotation>44a89415-40e8-4100-bbfb-c57b37842944.5781f880-e05e-4d31-a4b1-5741cda57e47.description</annotation>
      <name>VM_deploy</name>
      <bounds>
        <x>374.0</x>
        <y>364.0</y>
      </bounds>
      <layer>-1</layer>
      <hideInbound>false</hideInbound>
      <addResultToRunContext>false</addResultToRunContext>
      <isCriticalStep>false</isCriticalStep>
      <isNonBlocking>false</isNonBlocking>
      <isParallelStep>false</isParallelStep>
      <isSingleResponse>false</isSingleResponse>
      <recordInHistory>false</recordInHistory>
      <recordRawOutput>true</recordRawOutput>
      <recordPrimaryOutput>true</recordPrimaryOutput>
      <checkPointStep>true</checkPointStep>
      <historyCheckPointStep>true</historyCheckPointStep>
      <scriptResultStep>false</scriptResultStep>
      <userPrompt></userPrompt>
      <bindings>
        <staticBinding id="2a26ff80-dea7-4c6b-8160-578385435fad">
          <annotation></annotation>
          <assignFromContext>true</assignFromContext>
          <assignToContext>false</assignToContext>
          <inputType>STRING</inputType>
          <isList>false</isList>
          <required>true</required>
          <isPersisted>true</isPersisted>
          <inputSymbol>server.resourcepool</inputSymbol>
          <listDelimiter>,</listDelimiter>
          <value></value>
          <record>false</record>
        </staticBinding>
        <staticBinding id="3cc92400-60ac-4065-bff7-5ce500dfc21d">
          <annotation></annotation>
          <assignFromContext>false</assignFromContext>
          <assignToContext>false</assignToContext>
          <inputType>STRING</inputType>
          <isList>false</isList>
          <required>true</required>
          <isPersisted>true</isPersisted>
          <inputSymbol>vmName</inputSymbol>
          <listDelimiter>,</listDelimiter>
          <value>${server.hostname}_${server.hostname}</value>
          <record>false</record>
        </staticBinding>
        <staticBinding id="88f54f20-8342-4cc5-9eb6-4092e9b68bba">
          <annotation></annotation>
          <assignFromContext>true</assignFromContext>
          <assignToContext>false</assignToContext>
          <inputType>STRING</inputType>
          <isList>false</isList>
          <required>false</required>
          <isPersisted>true</isPersisted>
          <inputSymbol>server.hostname</inputSymbol>
          <listDelimiter>,</listDelimiter>
          <record>false</record>
        </staticBinding>
        <userInputBinding id="e3d62b55-86e6-4107-95aa-c788bb595e6d">
          <annotation></annotation>
          <fromContextKey>server.template</fromContextKey>
          <assignFromContext>true</assignFromContext>
          <assignToContext>false</assignToContext>
          <inputType>STRING</inputType>
          <isList>false</isList>
          <required>true</required>
          <isPersisted>true</isPersisted>
          <inputSymbol>templateName</inputSymbol>
          <listDelimiter>,</listDelimiter>
          <record>false</record>
          <prompt></prompt>
          <isMultiSelect>false</isMultiSelect>
          <sourceDelimiter>|</sourceDelimiter>
        </userInputBinding>
        <staticBinding id="ef288919-41b3-4428-a0db-81d484821659">
          <annotation></annotation>
          <fromContextKey>server.datastore</fromContextKey>
          <assignFromContext>true</assignFromContext>
          <assignToContext>false</assignToContext>
          <inputType>STRING</inputType>
          <isList>false</isList>
          <required>false</required>
          <isPersisted>true</isPersisted>
          <inputSymbol>dataStore</inputSymbol>
          <listDelimiter>,</listDelimiter>
          <record>false</record>
        </staticBinding>
        <staticBinding id="27d78466-d5d1-47c0-bbec-799c89acdd3f">
          <annotation></annotation>
          <fromContextKey>server.vmdatacenter</fromContextKey>
          <assignFromContext>true</assignFromContext>
          <assignToContext>false</assignToContext>
          <inputType>STRING</inputType>
          <isList>false</isList>
          <required>false</required>
          <isPersisted>true</isPersisted>
          <inputSymbol>vmDatacenter</inputSymbol>
          <listDelimiter>,</listDelimiter>
          <record>false</record>
        </staticBinding>
        <staticBinding id="697dfb1a-9efb-4d12-9f33-80923737b025">
          <annotation></annotation>
          <assignFromContext>true</assignFromContext>
          <assignToContext>false</assignToContext>
          <inputType>STRING</inputType>
          <isList>false</isList>
          <required>false</required>
          <isPersisted>true</isPersisted>
          <inputSymbol>server.bakvlangid</inputSymbol>
          <listDelimiter>,</listDelimiter>
          <record>false</record>
        </staticBinding>
        <staticBinding id="476969a2-56dc-4f6c-b9cb-e5bcd0e5c3c8">
          <annotation></annotation>
          <assignFromContext>true</assignFromContext>
          <assignToContext>false</assignToContext>
          <inputType>STRING</inputType>
          <isList>false</isList>
          <required>false</required>
          <isPersisted>true</isPersisted>
          <inputSymbol>server.vlan1gid</inputSymbol>
          <listDelimiter>,</listDelimiter>
          <record>false</record>
        </staticBinding>
        <staticBinding id="4d99743b-ee09-49ee-8bd6-f2e6cecf9026">
          <annotation></annotation>
          <assignFromContext>true</assignFromContext>
          <assignToContext>false</assignToContext>
          <inputType>STRING</inputType>
          <isList>false</isList>
          <required>false</required>
          <isPersisted>true</isPersisted>
          <inputSymbol>server.vlan2gid</inputSymbol>
          <listDelimiter>,</listDelimiter>
          <record>false</record>
        </staticBinding>
        <staticBinding id="9c298a0b-427e-4fd4-9109-3fe4f35400fb">
          <annotation></annotation>
          <assignFromContext>true</assignFromContext>
          <assignToContext>false</assignToContext>
          <inputType>STRING</inputType>
          <isList>false</isList>
          <required>false</required>
          <isPersisted>true</isPersisted>
          <inputSymbol>server.slalevel</inputSymbol>
          <listDelimiter>,</listDelimiter>
          <record>false</record>
        </staticBinding>
        <staticBinding id="1ad57e7c-23f5-457e-9707-2d8236a6ce84">
          <annotation></annotation>
          <assignFromContext>true</assignFromContext>
          <assignToContext>false</assignToContext>
          <inputType>STRING</inputType>
          <isList>false</isList>
          <required>false</required>
          <isPersisted>true</isPersisted>
          <inputSymbol>server.tshirtsize</inputSymbol>
          <listDelimiter>,</listDelimiter>
          <record>false</record>
        </staticBinding>
        <userInputBinding id="8c7c149d-2e0a-4704-961b-56321c6dcffb">
          <annotation></annotation>
          <fromContextKey>server.vmmp.host</fromContextKey>
          <assignFromContext>true</assignFromContext>
          <assignToContext>false</assignToContext>
          <inputType>STRING</inputType>
          <isList>false</isList>
          <required>false</required>
          <isPersisted>true</isPersisted>
          <inputSymbol>vmmp.host</inputSymbol>
          <listDelimiter>,</listDelimiter>
          <record>false</record>
          <prompt></prompt>
          <isMultiSelect>false</isMultiSelect>
          <sourceDelimiter>|</sourceDelimiter>
        </userInputBinding>
      </bindings>
      <transitions>
        <transition id="3cacc8a8-d2ac-4c3d-bdc9-7ce06b485084">
          <annotation></annotation>
          <name>success</name>
          <command>NEXT</command>
          <linkMode>false</linkMode>
          <responseSymbol>success</responseSymbol>
          <shouldHandoff>false</shouldHandoff>
          <transitionValue>0.0</transitionValue>
          <destination>
            <refId>d1e0f40c-3d2b-442c-8b22-fe55dcd6667d</refId>
          </destination>
          <source>
            <refId>5781f880-e05e-4d31-a4b1-5741cda57e47</refId>
          </source>
          <positions>
            <point>
              <x>711.0</x>
              <y>744.0</y>
            </point>
            <point>
              <x>1179.0</x>
              <y>452.0</y>
            </point>
          </positions>
          <labelPosition>
            <x>333.0</x>
            <y>0.0</y>
          </labelPosition>
        </transition>
        <transition id="361c336d-713b-44d9-9d32-1a8de2307e9c">
          <annotation></annotation>
          <name>failure</name>
          <command>NEXT</command>
          <linkMode>false</linkMode>
          <responseSymbol>failure</responseSymbol>
          <shouldHandoff>false</shouldHandoff>
          <transitionValue>0.0</transitionValue>
          <destination>
            <refId>e36224c0-cf95-4bf0-8a09-c167db168ed9</refId>
          </destination>
          <source>
            <refId>5781f880-e05e-4d31-a4b1-5741cda57e47</refId>
          </source>
          <positions>
            <point>
              <x>657.0</x>
              <y>426.0</y>
            </point>
            <point>
              <x>193.0</x>
              <y>663.0</y>
            </point>
          </positions>
          <labelPosition>
            <x>333.0</x>
            <y>0.0</y>
          </labelPosition>
        </transition>
      </transitions>
      <properties/>
      <opRef>
        <refId>7a4d62b0-962b-4f3d-968c-0278fea52757</refId>
      </opRef>
      <assignments/>
      <throttleSize>0</throttleSize>
    </step>
    <step id="b843b380-a0c6-4e13-ac65-64b1afdf5066">
      <annotation>44a89415-40e8-4100-bbfb-c57b37842944.b843b380-a0c6-4e13-ac65-64b1afdf5066.description</annotation>
      <name>Create IO Service</name>
      <bounds>
        <x>586.0</x>
        <y>34.0</y>
      </bounds>
      <layer>-1</layer>
      <hideInbound>false</hideInbound>
      <addResultToRunContext>false</addResultToRunContext>
      <isCriticalStep>false</isCriticalStep>
      <isNonBlocking>false</isNonBlocking>
      <isParallelStep>false</isParallelStep>
      <isSingleResponse>false</isSingleResponse>
      <recordInHistory>false</recordInHistory>
      <recordRawOutput>true</recordRawOutput>
      <recordPrimaryOutput>true</recordPrimaryOutput>
      <checkPointStep>true</checkPointStep>
      <historyCheckPointStep>true</historyCheckPointStep>
      <scriptResultStep>false</scriptResultStep>
      <userPrompt></userPrompt>
      <bindings>
        <staticBinding id="2a23c0e1-587a-4c99-82c0-80d8e3e1609a">
          <annotation></annotation>
          <fromContextKey>serviceAccessPoint</fromContextKey>
          <assignFromContext>false</assignFromContext>
          <assignToContext>true</assignToContext>
          <inputType>STRING</inputType>
          <isList>false</isList>
          <required>true</required>
          <isPersisted>true</isPersisted>
          <inputSymbol>url</inputSymbol>
          <listDelimiter>,</listDelimiter>
          <value>https://${server.iohost}:51443/hpio/controller/soap/v1</value>
          <record>false</record>
        </staticBinding>
        <identityBinding id="a2a79758-f1e8-40ac-844e-a6e78bcecd34">
          <annotation></annotation>
          <assignFromContext>true</assignFromContext>
          <assignToContext>true</assignToContext>
          <inputType>ENCRYPTED</inputType>
          <isList>false</isList>
          <required>true</required>
          <isPersisted>true</isPersisted>
          <inputSymbol>password</inputSymbol>
          <listDelimiter>,</listDelimiter>
          <record>false</record>
          <link>
            <refId>783a5859-a61d-4376-8770-fd3e31273df9</refId>
            <refName>pc.moe</refName>
          </link>
          <identityAttribute>PASSWORD</identityAttribute>
        </identityBinding>
        <staticBinding id="0ca46b77-e754-4024-845e-6084738cbba8">
          <annotation></annotation>
          <assignFromContext>false</assignFromContext>
          <assignToContext>true</assignToContext>
          <inputType>STRING</inputType>
          <isList>false</isList>
          <required>true</required>
          <isPersisted>true</isPersisted>
          <inputSymbol>serviceName</inputSymbol>
          <listDelimiter>,</listDelimiter>
          <value>${server.hostname}</value>
          <record>false</record>
        </staticBinding>
        <staticBinding id="5a79dd04-3937-46a3-b7f7-880b2ea80dea">
          <annotation></annotation>
          <fromContextKey>server.iotemplate</fromContextKey>
          <assignFromContext>true</assignFromContext>
          <assignToContext>true</assignToContext>
          <inputType>STRING</inputType>
          <isList>false</isList>
          <required>true</required>
          <isPersisted>true</isPersisted>
          <inputSymbol>templateName</inputSymbol>
          <listDelimiter>,</listDelimiter>
          <value>${server.iotemplate}</value>
          <record>false</record>
        </staticBinding>
        <staticBinding id="5f16f0f0-5824-42af-9a8b-512fd2556554">
          <annotation></annotation>
          <fromContextKey>emailAddress</fromContextKey>
          <assignFromContext>false</assignFromContext>
          <assignToContext>true</assignToContext>
          <inputType>STRING</inputType>
          <isList>false</isList>
          <required>true</required>
          <isPersisted>true</isPersisted>
          <inputSymbol>userEmail</inputSymbol>
          <listDelimiter>,</listDelimiter>
          <value>${server.contactemail}</value>
          <record>false</record>
        </staticBinding>
        <staticBinding id="25d8d83e-7636-4ab3-9fae-e75d7c2fec1a">
          <annotation></annotation>
          <assignFromContext>true</assignFromContext>
          <assignToContext>true</assignToContext>
          <inputType>STRING</inputType>
          <isList>false</isList>
          <required>false</required>
          <isPersisted>true</isPersisted>
          <inputSymbol>serviceDescription</inputSymbol>
          <listDelimiter>,</listDelimiter>
          <value>ECS PC HPIO Service</value>
          <record>false</record>
        </staticBinding>
        <staticBinding id="bc7fd38b-da44-48c1-bb7b-7cfede776a1d">
          <annotation></annotation>
          <assignFromContext>true</assignFromContext>
          <assignToContext>true</assignToContext>
          <inputType>STRING</inputType>
          <isList>false</isList>
          <required>true</required>
          <isPersisted>true</isPersisted>
          <inputSymbol>hostSuffix</inputSymbol>
          <listDelimiter>,</listDelimiter>
          <value>#</value>
          <record>false</record>
        </staticBinding>
        <staticBinding id="ca14a64c-a0ab-4fdc-ad20-e68b7bdd2bdb">
          <annotation></annotation>
          <assignFromContext>true</assignFromContext>
          <assignToContext>true</assignToContext>
          <inputType>STRING</inputType>
          <isList>false</isList>
          <required>false</required>
          <isPersisted>true</isPersisted>
          <inputSymbol>serverPoolName</inputSymbol>
          <listDelimiter>,</listDelimiter>
          <value>${server.resourcepool}</value>
          <record>false</record>
        </staticBinding>
        <staticBinding id="c9f378d4-f9e6-4037-aa37-c19fac4f1e64">
          <annotation></annotation>
          <assignFromContext>true</assignFromContext>
          <assignToContext>true</assignToContext>
          <inputType>STRING</inputType>
          <isList>false</isList>
          <required>true</required>
          <isPersisted>true</isPersisted>
          <inputSymbol>lobUser</inputSymbol>
          <listDelimiter>,</listDelimiter>
          <value>${pc.moe.user}</value>
          <record>false</record>
        </staticBinding>
        <staticBinding id="82b41378-6045-4948-9ab3-b6d28f255c57">
          <annotation></annotation>
          <assignFromContext>true</assignFromContext>
          <assignToContext>true</assignToContext>
          <inputType>STRING</inputType>
          <isList>false</isList>
          <required>true</required>
          <isPersisted>true</isPersisted>
          <inputSymbol>username</inputSymbol>
          <listDelimiter>,</listDelimiter>
          <value>${pc.moe.user}</value>
          <record>false</record>
        </staticBinding>
      </bindings>
      <transitions>
        <transition id="b69738da-dfe8-473f-9e82-330e25df7fd9">
          <annotation></annotation>
          <name>success</name>
          <command>NEXT</command>
          <linkMode>false</linkMode>
          <responseSymbol>success</responseSymbol>
          <shouldHandoff>false</shouldHandoff>
          <transitionValue>0.0</transitionValue>
          <destination>
            <refId>6d7459d6-4993-47f2-be24-a2018691c224</refId>
          </destination>
          <source>
            <refId>b843b380-a0c6-4e13-ac65-64b1afdf5066</refId>
          </source>
          <positions>
            <point>
              <x>295.0</x>
              <y>242.0</y>
            </point>
            <point>
              <x>726.0</x>
              <y>242.0</y>
            </point>
          </positions>
          <labelPosition>
            <x>333.0</x>
            <y>0.0</y>
          </labelPosition>
        </transition>
        <transition id="0915517e-fb56-49bc-9709-2146f35d0631">
          <annotation></annotation>
          <name>failure</name>
          <command>NEXT</command>
          <linkMode>false</linkMode>
          <responseSymbol>failure</responseSymbol>
          <shouldHandoff>false</shouldHandoff>
          <transitionValue>0.0</transitionValue>
          <destination>
            <refId>de7c0451-e4df-4607-897f-d9f4103ed6c3</refId>
          </destination>
          <source>
            <refId>b843b380-a0c6-4e13-ac65-64b1afdf5066</refId>
          </source>
          <positions>
            <point>
              <x>611.0</x>
              <y>452.0</y>
            </point>
            <point>
              <x>1033.0</x>
              <y>34.0</y>
            </point>
          </positions>
          <labelPosition>
            <x>333.0</x>
            <y>0.0</y>
          </labelPosition>
        </transition>
      </transitions>
      <properties/>
      <opRef>
        <refId>76bb3c72-3da3-4a4d-afbe-c1ae3ded6c90</refId>
      </opRef>
      <assignments>
        <flowVariableAssignment id="328177ff-5ae9-48c8-9fce-7dd86337c8b0">
          <annotation></annotation>
          <name>assignment</name>
          <action>OVERWRITE</action>
          <assignmentTargetType>FLOW_OUTPUT_FIELD</assignmentTargetType>
          <contextKey>serviceXml</contextKey>
          <expression id="737d7e30-f8b0-41d3-a6b2-8112ab208016">
            <annotation></annotation>
            <name>Result Field: ioXml</name>
            <fieldName>ioXml</fieldName>
            <sourceType>RAWRESULT</sourceType>
            <filters/>
          </expression>
        </flowVariableAssignment>
        <flowVariableAssignment id="b8a3774e-3465-4d47-85f5-ba56f6d33e8d">
          <annotation></annotation>
          <name>assignment</name>
          <action>OVERWRITE</action>
          <assignmentTargetType>FLOW_VARIABLE</assignmentTargetType>
          <contextKey>ioServiceXml</contextKey>
          <expression id="5e37cdbc-564a-475d-9687-b4b4a71a8aa0">
            <annotation></annotation>
            <name>Result Field: ioXml</name>
            <fieldName>ioXml</fieldName>
            <sourceType>RAWRESULT</sourceType>
            <filters/>
          </expression>
        </flowVariableAssignment>
        <flowVariableAssignment id="7882509b-bc3c-47fd-94ee-e048fd68ea8e">
          <annotation></annotation>
          <name>assignment</name>
          <action>OVERWRITE</action>
          <assignmentTargetType>FLOW_VARIABLE</assignmentTargetType>
          <contextKey>failureMessage</contextKey>
          <expression id="721af0b9-33c9-49e8-92f4-ca1020f0bc68">
            <annotation></annotation>
            <name>Result Field: FailureMessage</name>
            <fieldName>FailureMessage</fieldName>
            <sourceType>RAWRESULT</sourceType>
            <filters>
              <scriptletFilter id="131e359a-d4ea-4458-ab8c-7071733e6d96">
                <annotation></annotation>
                <name>Scriptlet</name>
                <scriptlet id="5a0930f5-baf6-4eda-b6ed-be66d3cb5757">
                  <annotation></annotation>
                  <name>default</name>
                  <script>scriptletResult = &quot;Failed to create service &quot;+serviceName;</script>
                  <type>RHINO</type>
                </scriptlet>
              </scriptletFilter>
            </filters>
          </expression>
        </flowVariableAssignment>
      </assignments>
      <throttleSize>0</throttleSize>
    </step>
    <step id="e36224c0-cf95-4bf0-8a09-c167db168ed9">
      <annotation>44a89415-40e8-4100-bbfb-c57b37842944.e36224c0-cf95-4bf0-8a09-c167db168ed9.description</annotation>
      <name>Notify Flow Completion</name>
      <bounds>
        <x>12.0</x>
        <y>364.0</y>
      </bounds>
      <layer>-1</layer>
      <hideInbound>false</hideInbound>
      <addResultToRunContext>false</addResultToRunContext>
      <isCriticalStep>false</isCriticalStep>
      <isNonBlocking>false</isNonBlocking>
      <isParallelStep>false</isParallelStep>
      <isSingleResponse>true</isSingleResponse>
      <recordInHistory>false</recordInHistory>
      <recordRawOutput>false</recordRawOutput>
      <recordPrimaryOutput>false</recordPrimaryOutput>
      <checkPointStep>true</checkPointStep>
      <historyCheckPointStep>true</historyCheckPointStep>
      <scriptResultStep>false</scriptResultStep>
      <userPrompt></userPrompt>
      <bindings>
        <staticBinding id="f3eff9eb-17d0-4393-bd70-b231645c9f40">
          <annotation></annotation>
          <fromContextKey>CSA_PROCESS_ID</fromContextKey>
          <assignFromContext>false</assignFromContext>
          <assignToContext>false</assignToContext>
          <inputType>STRING</inputType>
          <isList>false</isList>
          <required>true</required>
          <isPersisted>true</isPersisted>
          <inputSymbol>processInstanceId</inputSymbol>
          <listDelimiter>,</listDelimiter>
          <value>${CSA_PROCESS_ID}</value>
          <record>false</record>
        </staticBinding>
        <staticBinding id="abbe5069-c39d-4623-9745-b0e6d2afa0d5">
          <annotation></annotation>
          <assignFromContext>false</assignFromContext>
          <assignToContext>false</assignToContext>
          <inputType>STRING</inputType>
          <isList>false</isList>
          <required>true</required>
          <isPersisted>true</isPersisted>
          <inputSymbol>userIdentifier</inputSymbol>
          <listDelimiter>,</listDelimiter>
          <value>${userIdentifier}</value>
          <record>false</record>
        </staticBinding>
        <staticBinding id="d5dfc77a-ad7b-436f-8bbf-28ea34f96df7">
          <annotation></annotation>
          <assignFromContext>false</assignFromContext>
          <assignToContext>false</assignToContext>
          <inputType>STRING</inputType>
          <isList>false</isList>
          <required>true</required>
          <isPersisted>true</isPersisted>
          <inputSymbol>processInstanceState</inputSymbol>
          <listDelimiter>,</listDelimiter>
          <value>COMPLETED</value>
          <record>false</record>
        </staticBinding>
        <staticBinding id="34499ccc-aadc-4df5-a04c-629e02a089c1">
          <annotation></annotation>
          <assignFromContext>false</assignFromContext>
          <assignToContext>false</assignToContext>
          <inputType>STRING</inputType>
          <isList>false</isList>
          <required>false</required>
          <isPersisted>true</isPersisted>
          <inputSymbol>processReturnCode</inputSymbol>
          <listDelimiter>,</listDelimiter>
          <value>FAILURE</value>
          <record>false</record>
        </staticBinding>
        <staticBinding id="d0796125-82bd-44af-834d-feddc42865c0">
          <annotation></annotation>
          <assignFromContext>true</assignFromContext>
          <assignToContext>true</assignToContext>
          <inputType>STRING</inputType>
          <isList>false</isList>
          <required>false</required>
          <isPersisted>true</isPersisted>
          <inputSymbol>processStatus</inputSymbol>
          <listDelimiter>,</listDelimiter>
          <value>Flow failed</value>
          <record>false</record>
        </staticBinding>
      </bindings>
      <transitions>
        <transition id="74dee782-726f-4603-8450-658699433832">
          <annotation></annotation>
          <name>done</name>
          <command>NEXT</command>
          <linkMode>false</linkMode>
          <responseSymbol>done</responseSymbol>
          <shouldHandoff>false</shouldHandoff>
          <transitionValue>0.0</transitionValue>
          <destination>
            <refId>1c85e292-ac05-43cd-9333-0cf35ac3dd29</refId>
          </destination>
          <source>
            <refId>e36224c0-cf95-4bf0-8a09-c167db168ed9</refId>
          </source>
          <positions>
            <point>
              <x>54.0</x>
              <y>176.0</y>
            </point>
            <point>
              <x>62.0</x>
              <y>44.0</y>
            </point>
          </positions>
          <labelPosition>
            <x>333.0</x>
            <y>0.0</y>
          </labelPosition>
        </transition>
      </transitions>
      <properties/>
      <opRef>
        <refId>7bda02d2-425f-42aa-9ad3-5192b0fe6446</refId>
      </opRef>
      <assignments/>
      <throttleSize>0</throttleSize>
    </step>
    <returnStep id="0443ad2e-4e4e-4323-bcfe-5a4b224b9379">
      <annotation></annotation>
      <name>Error : failure</name>
      <bounds>
        <x>1072.0</x>
        <y>34.0</y>
      </bounds>
      <layer>-1</layer>
      <hideInbound>false</hideInbound>
      <addResultToRunContext>false</addResultToRunContext>
      <isCriticalStep>false</isCriticalStep>
      <isNonBlocking>false</isNonBlocking>
      <isParallelStep>false</isParallelStep>
      <isSingleResponse>false</isSingleResponse>
      <recordInHistory>false</recordInHistory>
      <recordRawOutput>true</recordRawOutput>
      <recordPrimaryOutput>true</recordPrimaryOutput>
      <checkPointStep>true</checkPointStep>
      <historyCheckPointStep>true</historyCheckPointStep>
      <scriptResultStep>false</scriptResultStep>
      <userPrompt></userPrompt>
      <bindings/>
      <transitions>
        <transition id="3fb53335-5ba5-4615-bff6-04a9d625d7ce">
          <annotation></annotation>
          <name>return</name>
          <command>NEXT</command>
          <linkMode>false</linkMode>
          <responseSymbol>failure</responseSymbol>
          <shouldHandoff>false</shouldHandoff>
          <transitionValue>0.0</transitionValue>
          <destination>
            <refId>0443ad2e-4e4e-4323-bcfe-5a4b224b9379</refId>
          </destination>
          <source>
            <refId>0443ad2e-4e4e-4323-bcfe-5a4b224b9379</refId>
          </source>
          <positions/>
        </transition>
      </transitions>
      <properties/>
      <returnStepType>ERROR</returnStepType>
      <assignments/>
    </returnStep>
    <step id="de7c0451-e4df-4607-897f-d9f4103ed6c3">
      <annotation>44a89415-40e8-4100-bbfb-c57b37842944.de7c0451-e4df-4607-897f-d9f4103ed6c3.description</annotation>
      <name>Notify Flow Completion</name>
      <bounds>
        <x>826.0</x>
        <y>34.0</y>
      </bounds>
      <layer>-1</layer>
      <hideInbound>false</hideInbound>
      <addResultToRunContext>false</addResultToRunContext>
      <isCriticalStep>false</isCriticalStep>
      <isNonBlocking>false</isNonBlocking>
      <isParallelStep>false</isParallelStep>
      <isSingleResponse>true</isSingleResponse>
      <recordInHistory>false</recordInHistory>
      <recordRawOutput>false</recordRawOutput>
      <recordPrimaryOutput>false</recordPrimaryOutput>
      <checkPointStep>true</checkPointStep>
      <historyCheckPointStep>true</historyCheckPointStep>
      <scriptResultStep>false</scriptResultStep>
      <userPrompt></userPrompt>
      <bindings>
        <staticBinding id="62c6a062-ad2c-4449-a839-f8a264e487f0">
          <annotation></annotation>
          <fromContextKey>CSA_PROCESS_ID</fromContextKey>
          <assignFromContext>false</assignFromContext>
          <assignToContext>false</assignToContext>
          <inputType>STRING</inputType>
          <isList>false</isList>
          <required>true</required>
          <isPersisted>true</isPersisted>
          <inputSymbol>processInstanceId</inputSymbol>
          <listDelimiter>,</listDelimiter>
          <value>${CSA_PROCESS_ID}</value>
          <record>false</record>
        </staticBinding>
        <staticBinding id="39a64590-ecd5-4894-b8f1-de5f6f8b6fc5">
          <annotation></annotation>
          <assignFromContext>false</assignFromContext>
          <assignToContext>false</assignToContext>
          <inputType>STRING</inputType>
          <isList>false</isList>
          <required>true</required>
          <isPersisted>true</isPersisted>
          <inputSymbol>userIdentifier</inputSymbol>
          <listDelimiter>,</listDelimiter>
          <value>${userIdentifier}</value>
          <record>false</record>
        </staticBinding>
        <staticBinding id="4092078d-e57e-4da7-88e5-965b453b06bd">
          <annotation></annotation>
          <assignFromContext>false</assignFromContext>
          <assignToContext>false</assignToContext>
          <inputType>STRING</inputType>
          <isList>false</isList>
          <required>true</required>
          <isPersisted>true</isPersisted>
          <inputSymbol>processInstanceState</inputSymbol>
          <listDelimiter>,</listDelimiter>
          <value>COMPLETED</value>
          <record>false</record>
        </staticBinding>
        <staticBinding id="70bd01a2-d814-4999-aec2-919e3fbff301">
          <annotation></annotation>
          <assignFromContext>false</assignFromContext>
          <assignToContext>false</assignToContext>
          <inputType>STRING</inputType>
          <isList>false</isList>
          <required>false</required>
          <isPersisted>true</isPersisted>
          <inputSymbol>processReturnCode</inputSymbol>
          <listDelimiter>,</listDelimiter>
          <value>FAILURE</value>
          <record>false</record>
        </staticBinding>
        <staticBinding id="e8b365d8-59d1-4cc2-872e-6797297954ba">
          <annotation></annotation>
          <assignFromContext>true</assignFromContext>
          <assignToContext>true</assignToContext>
          <inputType>STRING</inputType>
          <isList>false</isList>
          <required>false</required>
          <isPersisted>true</isPersisted>
          <inputSymbol>processStatus</inputSymbol>
          <listDelimiter>,</listDelimiter>
          <value>Flow failed</value>
          <record>false</record>
        </staticBinding>
      </bindings>
      <transitions>
        <transition id="36fabc06-022a-4c9e-8d76-5c147778ca6c">
          <annotation></annotation>
          <name>done</name>
          <command>NEXT</command>
          <linkMode>false</linkMode>
          <responseSymbol>done</responseSymbol>
          <shouldHandoff>false</shouldHandoff>
          <transitionValue>0.0</transitionValue>
          <destination>
            <refId>0443ad2e-4e4e-4323-bcfe-5a4b224b9379</refId>
          </destination>
          <source>
            <refId>de7c0451-e4df-4607-897f-d9f4103ed6c3</refId>
          </source>
          <positions>
            <point>
              <x>948.0</x>
              <y>34.0</y>
            </point>
            <point>
              <x>1179.0</x>
              <y>44.0</y>
            </point>
          </positions>
          <labelPosition>
            <x>333.0</x>
            <y>0.0</y>
          </labelPosition>
        </transition>
      </transitions>
      <properties/>
      <opRef>
        <refId>7bda02d2-425f-42aa-9ad3-5192b0fe6446</refId>
      </opRef>
      <assignments/>
      <throttleSize>0</throttleSize>
    </step>
    <returnStep id="1c85e292-ac05-43cd-9333-0cf35ac3dd29">
      <annotation></annotation>
      <name>Error : failure</name>
      <bounds>
        <x>12.0</x>
        <y>533.0</y>
      </bounds>
      <layer>-1</layer>
      <hideInbound>false</hideInbound>
      <addResultToRunContext>false</addResultToRunContext>
      <isCriticalStep>false</isCriticalStep>
      <isNonBlocking>false</isNonBlocking>
      <isParallelStep>false</isParallelStep>
      <isSingleResponse>false</isSingleResponse>
      <recordInHistory>false</recordInHistory>
      <recordRawOutput>true</recordRawOutput>
      <recordPrimaryOutput>true</recordPrimaryOutput>
      <checkPointStep>true</checkPointStep>
      <historyCheckPointStep>true</historyCheckPointStep>
      <scriptResultStep>false</scriptResultStep>
      <userPrompt></userPrompt>
      <bindings/>
      <transitions>
        <transition id="cbde2d50-7a90-4c3a-9b37-9f596dafcea5">
          <annotation></annotation>
          <name>return</name>
          <command>NEXT</command>
          <linkMode>false</linkMode>
          <responseSymbol>failure</responseSymbol>
          <shouldHandoff>false</shouldHandoff>
          <transitionValue>0.0</transitionValue>
          <destination>
            <refId>1c85e292-ac05-43cd-9333-0cf35ac3dd29</refId>
          </destination>
          <source>
            <refId>1c85e292-ac05-43cd-9333-0cf35ac3dd29</refId>
          </source>
          <positions/>
        </transition>
      </transitions>
      <properties/>
      <returnStepType>ERROR</returnStepType>
      <assignments/>
    </returnStep>
    <step id="44198d86-7bbf-497f-a2bb-d69c17c3b8ff">
      <annotation>44a89415-40e8-4100-bbfb-c57b37842944.44198d86-7bbf-497f-a2bb-d69c17c3b8ff.description</annotation>
      <name>Notify Flow Completion</name>
      <bounds>
        <x>586.0</x>
        <y>520.0</y>
      </bounds>
      <layer>-1</layer>
      <hideInbound>false</hideInbound>
      <addResultToRunContext>false</addResultToRunContext>
      <isCriticalStep>false</isCriticalStep>
      <isNonBlocking>false</isNonBlocking>
      <isParallelStep>false</isParallelStep>
      <isSingleResponse>true</isSingleResponse>
      <recordInHistory>false</recordInHistory>
      <recordRawOutput>false</recordRawOutput>
      <recordPrimaryOutput>false</recordPrimaryOutput>
      <checkPointStep>true</checkPointStep>
      <historyCheckPointStep>true</historyCheckPointStep>
      <scriptResultStep>false</scriptResultStep>
      <userPrompt></userPrompt>
      <bindings>
        <staticBinding id="1dc8a528-de65-4d5c-865c-7471482c298f">
          <annotation></annotation>
          <fromContextKey>CSA_PROCESS_ID</fromContextKey>
          <assignFromContext>false</assignFromContext>
          <assignToContext>false</assignToContext>
          <inputType>STRING</inputType>
          <isList>false</isList>
          <required>true</required>
          <isPersisted>true</isPersisted>
          <inputSymbol>processInstanceId</inputSymbol>
          <listDelimiter>,</listDelimiter>
          <value>${CSA_PROCESS_ID}</value>
          <record>false</record>
        </staticBinding>
        <staticBinding id="3f09d155-d6ec-4a70-b565-4da85d7ebeac">
          <annotation></annotation>
          <assignFromContext>false</assignFromContext>
          <assignToContext>false</assignToContext>
          <inputType>STRING</inputType>
          <isList>false</isList>
          <required>true</required>
          <isPersisted>true</isPersisted>
          <inputSymbol>userIdentifier</inputSymbol>
          <listDelimiter>,</listDelimiter>
          <value>${userIdentifier}</value>
          <record>false</record>
        </staticBinding>
        <staticBinding id="ce3506bb-25a8-434a-86ac-47116f8a5954">
          <annotation></annotation>
          <assignFromContext>false</assignFromContext>
          <assignToContext>false</assignToContext>
          <inputType>STRING</inputType>
          <isList>false</isList>
          <required>true</required>
          <isPersisted>true</isPersisted>
          <inputSymbol>processInstanceState</inputSymbol>
          <listDelimiter>,</listDelimiter>
          <value>COMPLETED</value>
          <record>false</record>
        </staticBinding>
        <staticBinding id="16ba2cf3-1acc-4086-a07f-d5f964e1072f">
          <annotation></annotation>
          <assignFromContext>false</assignFromContext>
          <assignToContext>false</assignToContext>
          <inputType>STRING</inputType>
          <isList>false</isList>
          <required>false</required>
          <isPersisted>true</isPersisted>
          <inputSymbol>processReturnCode</inputSymbol>
          <listDelimiter>,</listDelimiter>
          <value>SUCCESS</value>
          <record>false</record>
        </staticBinding>
        <staticBinding id="8535f262-58ab-4117-af91-33ad9bcc88e1">
          <annotation></annotation>
          <assignFromContext>true</assignFromContext>
          <assignToContext>true</assignToContext>
          <inputType>STRING</inputType>
          <isList>false</isList>
          <required>false</required>
          <isPersisted>true</isPersisted>
          <inputSymbol>processStatus</inputSymbol>
          <listDelimiter>,</listDelimiter>
          <value>Flow completed successfully</value>
          <record>false</record>
        </staticBinding>
      </bindings>
      <transitions>
        <transition id="bd7aebe4-3514-48a5-903c-b657b29edc6e">
          <annotation></annotation>
          <name>done</name>
          <command>NEXT</command>
          <linkMode>false</linkMode>
          <responseSymbol>done</responseSymbol>
          <shouldHandoff>false</shouldHandoff>
          <transitionValue>0.0</transitionValue>
          <destination>
            <refId>9f66c947-a016-49e8-8262-3e75ae90fe71</refId>
          </destination>
          <source>
            <refId>44198d86-7bbf-497f-a2bb-d69c17c3b8ff</refId>
          </source>
          <positions>
            <point>
              <x>951.0</x>
              <y>455.0</y>
            </point>
            <point>
              <x>939.0</x>
              <y>59.0</y>
            </point>
          </positions>
          <labelPosition>
            <x>333.0</x>
            <y>0.0</y>
          </labelPosition>
        </transition>
      </transitions>
      <properties/>
      <opRef>
        <refId>7bda02d2-425f-42aa-9ad3-5192b0fe6446</refId>
      </opRef>
      <assignments/>
      <throttleSize>0</throttleSize>
    </step>
    <step id="cb8e952c-043b-42d8-9555-ac5ecd3ae2c1">
      <annotation></annotation>
      <name>isVirtual</name>
      <bounds>
        <x>374.0</x>
        <y>34.0</y>
      </bounds>
      <layer>-1</layer>
      <hideInbound>false</hideInbound>
      <addResultToRunContext>false</addResultToRunContext>
      <isCriticalStep>false</isCriticalStep>
      <isNonBlocking>false</isNonBlocking>
      <isParallelStep>false</isParallelStep>
      <isSingleResponse>false</isSingleResponse>
      <recordInHistory>false</recordInHistory>
      <recordRawOutput>true</recordRawOutput>
      <recordPrimaryOutput>true</recordPrimaryOutput>
      <checkPointStep>true</checkPointStep>
      <historyCheckPointStep>true</historyCheckPointStep>
      <scriptResultStep>false</scriptResultStep>
      <userPrompt></userPrompt>
      <bindings>
        <staticBinding id="556a4b1a-d04d-4708-99fc-9697c7f9ddad">
          <annotation></annotation>
          <assignFromContext>false</assignFromContext>
          <assignToContext>false</assignToContext>
          <inputType>STRING</inputType>
          <isList>false</isList>
          <required>false</required>
          <isPersisted>true</isPersisted>
          <inputSymbol>field1</inputSymbol>
          <listDelimiter>,</listDelimiter>
          <value>${server.type}</value>
          <record>false</record>
        </staticBinding>
        <staticBinding id="d26a98de-8c44-4624-b9c8-49f464c46652">
          <annotation></annotation>
          <toContextKey></toContextKey>
          <fromContextKey></fromContextKey>
          <assignFromContext>false</assignFromContext>
          <assignToContext>false</assignToContext>
          <inputType>STRING</inputType>
          <recordKey></recordKey>
          <isList>false</isList>
          <required>false</required>
          <isPersisted>true</isPersisted>
          <inputSymbol>Field_1</inputSymbol>
          <listDelimiter></listDelimiter>
          <value>${field1}</value>
          <record>false</record>
        </staticBinding>
      </bindings>
      <transitions>
        <transition id="fe7d5798-c58d-40b4-8d42-b7373e167e16">
          <annotation></annotation>
          <name>No</name>
          <command>NEXT</command>
          <linkMode>false</linkMode>
          <responseSymbol>No</responseSymbol>
          <shouldHandoff>false</shouldHandoff>
          <transitionValue>0.0</transitionValue>
          <destination>
            <refId>b843b380-a0c6-4e13-ac65-64b1afdf5066</refId>
          </destination>
          <source>
            <refId>cb8e952c-043b-42d8-9555-ac5ecd3ae2c1</refId>
          </source>
          <positions>
            <point>
              <x>459.0</x>
              <y>519.0</y>
            </point>
            <point>
              <x>611.0</x>
              <y>452.0</y>
            </point>
          </positions>
          <labelPosition>
            <x>333.0</x>
            <y>0.0</y>
          </labelPosition>
        </transition>
        <transition id="fbeba272-d672-4162-815f-b107e026ac61">
          <annotation></annotation>
          <name>Yes</name>
          <command>NEXT</command>
          <linkMode>false</linkMode>
          <responseSymbol>Yes</responseSymbol>
          <shouldHandoff>false</shouldHandoff>
          <transitionValue>0.0</transitionValue>
          <destination>
            <refId>5781f880-e05e-4d31-a4b1-5741cda57e47</refId>
          </destination>
          <source>
            <refId>cb8e952c-043b-42d8-9555-ac5ecd3ae2c1</refId>
          </source>
          <positions>
            <point>
              <x>453.0</x>
              <y>584.0</y>
            </point>
            <point>
              <x>711.0</x>
              <y>744.0</y>
            </point>
          </positions>
          <labelPosition>
            <x>333.0</x>
            <y>0.0</y>
          </labelPosition>
        </transition>
      </transitions>
      <properties/>
      <opRef>
        <refId>e70802de-037f-4b6a-bdda-981658a60401</refId>
      </opRef>
      <assignments/>
      <throttleSize>0</throttleSize>
    </step>
    <returnStep id="9f66c947-a016-49e8-8262-3e75ae90fe71">
      <annotation></annotation>
      <name>Resolved : success</name>
      <bounds>
        <x>586.0</x>
        <y>663.0</y>
      </bounds>
      <layer>-1</layer>
      <hideInbound>false</hideInbound>
      <addResultToRunContext>false</addResultToRunContext>
      <isCriticalStep>false</isCriticalStep>
      <isNonBlocking>false</isNonBlocking>
      <isParallelStep>false</isParallelStep>
      <isSingleResponse>false</isSingleResponse>
      <recordInHistory>false</recordInHistory>
      <recordRawOutput>true</recordRawOutput>
      <recordPrimaryOutput>true</recordPrimaryOutput>
      <checkPointStep>true</checkPointStep>
      <historyCheckPointStep>true</historyCheckPointStep>
      <scriptResultStep>false</scriptResultStep>
      <userPrompt></userPrompt>
      <bindings/>
      <transitions>
        <transition id="839eaae1-c00d-4f1c-bd2c-2c84ad6804e2">
          <annotation></annotation>
          <name>return</name>
          <command>NEXT</command>
          <linkMode>false</linkMode>
          <responseSymbol>success</responseSymbol>
          <shouldHandoff>false</shouldHandoff>
          <transitionValue>0.0</transitionValue>
          <destination>
            <refId>9f66c947-a016-49e8-8262-3e75ae90fe71</refId>
          </destination>
          <source>
            <refId>9f66c947-a016-49e8-8262-3e75ae90fe71</refId>
          </source>
          <positions/>
        </transition>
      </transitions>
      <properties/>
      <returnStepType>RESOLVED</returnStepType>
      <assignments/>
    </returnStep>
    <step id="d1e0f40c-3d2b-442c-8b22-fe55dcd6667d">
      <annotation></annotation>
      <name>DB_UpdateServerStatus</name>
      <bounds>
        <x>586.0</x>
        <y>364.0</y>
      </bounds>
      <layer>-1</layer>
      <hideInbound>false</hideInbound>
      <iconSpec id="35b849f9-43c1-4c89-b22d-140a7cdfb026">
        <baseIcon>flow.png</baseIcon>
        <basePath>System</basePath>
        <readOnly>false</readOnly>
        <layers>
          <iconSpec id="4b2c4eea-661e-4a04-ba63-bebd2e47fab8">
            <baseIcon>receive.png</baseIcon>
            <basePath>/Annotations/</basePath>
            <readOnly>false</readOnly>
            <layers/>
          </iconSpec>
        </layers>
      </iconSpec>
      <addResultToRunContext>false</addResultToRunContext>
      <isCriticalStep>false</isCriticalStep>
      <isNonBlocking>false</isNonBlocking>
      <isParallelStep>false</isParallelStep>
      <isSingleResponse>false</isSingleResponse>
      <recordInHistory>false</recordInHistory>
      <recordRawOutput>true</recordRawOutput>
      <recordPrimaryOutput>true</recordPrimaryOutput>
      <checkPointStep>true</checkPointStep>
      <historyCheckPointStep>true</historyCheckPointStep>
      <scriptResultStep>false</scriptResultStep>
      <userPrompt></userPrompt>
      <bindings>
        <staticBinding id="7384e533-580a-4e52-af5a-4ad10af54615">
          <annotation></annotation>
          <assignFromContext>false</assignFromContext>
          <assignToContext>true</assignToContext>
          <inputType>STRING</inputType>
          <isList>false</isList>
          <required>false</required>
          <isPersisted>true</isPersisted>
          <inputSymbol>db.updateserver.hostname</inputSymbol>
          <listDelimiter>,</listDelimiter>
          <value>${server.hostname}</value>
          <record>false</record>
        </staticBinding>
        <staticBinding id="dd6e4c4d-17bd-48df-a50b-7b0fa0e1cb5d">
          <annotation></annotation>
          <assignFromContext>true</assignFromContext>
          <assignToContext>true</assignToContext>
          <inputType>STRING</inputType>
          <isList>false</isList>
          <required>false</required>
          <isPersisted>true</isPersisted>
          <inputSymbol>db.updateserver.status</inputSymbol>
          <listDelimiter>,</listDelimiter>
          <value>50_PROV_DONE</value>
          <record>false</record>
        </staticBinding>
      </bindings>
      <transitions>
        <transition id="33c0073f-4d15-4bde-9b27-76b91dd23eb2">
          <annotation></annotation>
          <name>success</name>
          <command>NEXT</command>
          <linkMode>false</linkMode>
          <responseSymbol>success</responseSymbol>
          <shouldHandoff>false</shouldHandoff>
          <transitionValue>0.0</transitionValue>
          <destination>
            <refId>44198d86-7bbf-497f-a2bb-d69c17c3b8ff</refId>
          </destination>
          <source>
            <refId>d1e0f40c-3d2b-442c-8b22-fe55dcd6667d</refId>
          </source>
          <positions>
            <point>
              <x>1195.0</x>
              <y>452.0</y>
            </point>
            <point>
              <x>1354.0</x>
              <y>449.0</y>
            </point>
          </positions>
          <labelPosition>
            <x>333.0</x>
            <y>0.0</y>
          </labelPosition>
        </transition>
        <transition id="7c1fbe82-9b29-416f-8a4c-cc77647bfaae">
          <annotation></annotation>
          <name>failure</name>
          <command>NEXT</command>
          <linkMode>false</linkMode>
          <responseSymbol>failure</responseSymbol>
          <shouldHandoff>false</shouldHandoff>
          <transitionValue>0.0</transitionValue>
          <destination>
            <refId>de7c0451-e4df-4607-897f-d9f4103ed6c3</refId>
          </destination>
          <source>
            <refId>d1e0f40c-3d2b-442c-8b22-fe55dcd6667d</refId>
          </source>
          <positions>
            <point>
              <x>1179.0</x>
              <y>452.0</y>
            </point>
            <point>
              <x>1189.0</x>
              <y>76.0</y>
            </point>
          </positions>
          <labelPosition>
            <x>333.0</x>
            <y>0.0</y>
          </labelPosition>
        </transition>
      </transitions>
      <properties/>
      <opRef>
        <refId>dbe54248-60b6-437e-b045-a78811284cb0</refId>
      </opRef>
      <assignments/>
      <throttleSize>0</throttleSize>
    </step>
    <step id="6d7459d6-4993-47f2-be24-a2018691c224">
      <annotation></annotation>
      <name>MOE_DeleteTemplate</name>
      <bounds>
        <x>586.0</x>
        <y>179.0</y>
      </bounds>
      <layer>-1</layer>
      <hideInbound>false</hideInbound>
      <addResultToRunContext>false</addResultToRunContext>
      <isCriticalStep>false</isCriticalStep>
      <isNonBlocking>false</isNonBlocking>
      <isParallelStep>false</isParallelStep>
      <isSingleResponse>false</isSingleResponse>
      <recordInHistory>false</recordInHistory>
      <recordRawOutput>true</recordRawOutput>
      <recordPrimaryOutput>true</recordPrimaryOutput>
      <checkPointStep>true</checkPointStep>
      <historyCheckPointStep>true</historyCheckPointStep>
      <scriptResultStep>false</scriptResultStep>
      <userPrompt></userPrompt>
      <bindings>
        <staticBinding id="822c8d0a-d307-4175-831b-c64b1ba69d93">
          <annotation></annotation>
          <assignFromContext>true</assignFromContext>
          <assignToContext>true</assignToContext>
          <inputType>STRING</inputType>
          <isList>false</isList>
          <required>false</required>
          <isPersisted>true</isPersisted>
          <inputSymbol>deletetemplate.io.url</inputSymbol>
          <listDelimiter>,</listDelimiter>
          <value>https://${server.iohost}:51443/hpio/controller/soap/v2</value>
          <record>false</record>
        </staticBinding>
        <staticBinding id="1c616500-d5da-4fdb-9bff-b610d79cb68b">
          <annotation></annotation>
          <assignFromContext>false</assignFromContext>
          <assignToContext>true</assignToContext>
          <inputType>STRING</inputType>
          <isList>false</isList>
          <required>false</required>
          <isPersisted>true</isPersisted>
          <inputSymbol>deletetemplate.io.template</inputSymbol>
          <listDelimiter>,</listDelimiter>
          <value>${server.iotemplate}</value>
          <record>false</record>
        </staticBinding>
      </bindings>
      <transitions>
        <transition id="89a995b5-a7fd-4be5-b063-60f6776151da">
          <annotation></annotation>
          <name>success</name>
          <command>NEXT</command>
          <linkMode>false</linkMode>
          <responseSymbol>success</responseSymbol>
          <shouldHandoff>false</shouldHandoff>
          <transitionValue>0.0</transitionValue>
          <destination>
            <refId>d1e0f40c-3d2b-442c-8b22-fe55dcd6667d</refId>
          </destination>
          <source>
            <refId>6d7459d6-4993-47f2-be24-a2018691c224</refId>
          </source>
          <positions>
            <point>
              <x>610.8658536585366</x>
              <y>245.0</y>
            </point>
            <point>
              <x>613.0</x>
              <y>290.0</y>
            </point>
            <point>
              <x>636.0</x>
              <y>378.0</y>
            </point>
          </positions>
          <labelPosition>
            <x>333.0</x>
            <y>0.0</y>
          </labelPosition>
        </transition>
        <transition id="5574929d-6599-4783-a9f9-734b353c511f">
          <annotation></annotation>
          <name>failure</name>
          <command>NEXT</command>
          <linkMode>false</linkMode>
          <responseSymbol>failure</responseSymbol>
          <shouldHandoff>false</shouldHandoff>
          <transitionValue>0.0</transitionValue>
          <destination>
            <refId>d1e0f40c-3d2b-442c-8b22-fe55dcd6667d</refId>
          </destination>
          <source>
            <refId>6d7459d6-4993-47f2-be24-a2018691c224</refId>
          </source>
          <positions>
            <point>
              <x>651.3658536585366</x>
              <y>245.0</y>
            </point>
            <point>
              <x>656.0</x>
              <y>294.0</y>
            </point>
            <point>
              <x>636.0</x>
              <y>378.0</y>
            </point>
          </positions>
          <labelPosition>
            <x>333.0</x>
            <y>0.0</y>
          </labelPosition>
        </transition>
      </transitions>
      <properties/>
      <opRef>
        <refId>4ae7a502-d484-4951-b2fd-eec6ae38c91a</refId>
      </opRef>
      <assignments/>
      <throttleSize>0</throttleSize>
    </step>
    <step id="fbceaf05-8832-4c53-97fc-9ffbfcc96f6b">
      <annotation></annotation>
      <name>DB_GetDetailsBySubscriptionID</name>
      <bounds>
        <x>185.0</x>
        <y>34.0</y>
      </bounds>
      <layer>-1</layer>
      <hideInbound>false</hideInbound>
      <addResultToRunContext>false</addResultToRunContext>
      <isCriticalStep>false</isCriticalStep>
      <isNonBlocking>false</isNonBlocking>
      <isParallelStep>false</isParallelStep>
      <isSingleResponse>false</isSingleResponse>
      <recordInHistory>false</recordInHistory>
      <recordRawOutput>true</recordRawOutput>
      <recordPrimaryOutput>true</recordPrimaryOutput>
      <checkPointStep>true</checkPointStep>
      <historyCheckPointStep>true</historyCheckPointStep>
      <scriptResultStep>false</scriptResultStep>
      <userPrompt></userPrompt>
      <bindings>
        <staticBinding id="65da71e7-8090-49fa-877d-c077118713eb">
          <annotation></annotation>
          <assignFromContext>true</assignFromContext>
          <assignToContext>true</assignToContext>
          <inputType>STRING</inputType>
          <isList>false</isList>
          <required>true</required>
          <isPersisted>true</isPersisted>
          <inputSymbol>db.getdetails.csasvcuuid</inputSymbol>
          <listDelimiter>,</listDelimiter>
          <value>${CSA_CONTEXT_ID}</value>
          <record>false</record>
        </staticBinding>
      </bindings>
      <transitions>
        <transition id="636d040a-2cc6-4d41-8c98-a014bddb6f5b">
          <annotation></annotation>
          <name>success</name>
          <command>NEXT</command>
          <linkMode>false</linkMode>
          <responseSymbol>success</responseSymbol>
          <shouldHandoff>false</shouldHandoff>
          <transitionValue>0.0</transitionValue>
          <destination>
            <refId>cb8e952c-043b-42d8-9555-ac5ecd3ae2c1</refId>
          </destination>
          <source>
            <refId>fbceaf05-8832-4c53-97fc-9ffbfcc96f6b</refId>
          </source>
          <positions>
            <point>
              <x>320.0</x>
              <y>452.0</y>
            </point>
            <point>
              <x>459.0</x>
              <y>519.0</y>
            </point>
          </positions>
          <labelPosition>
            <x>333.0</x>
            <y>0.0</y>
          </labelPosition>
        </transition>
        <transition id="6d4c1865-0c2c-4523-a353-cc6ba136bf76">
          <annotation></annotation>
          <name>failure</name>
          <command>NEXT</command>
          <linkMode>false</linkMode>
          <responseSymbol>failure</responseSymbol>
          <shouldHandoff>false</shouldHandoff>
          <transitionValue>0.0</transitionValue>
          <destination>
            <refId>e36224c0-cf95-4bf0-8a09-c167db168ed9</refId>
          </destination>
          <source>
            <refId>fbceaf05-8832-4c53-97fc-9ffbfcc96f6b</refId>
          </source>
          <positions>
            <point>
              <x>320.0</x>
              <y>452.0</y>
            </point>
            <point>
              <x>206.0</x>
              <y>115.0</y>
            </point>
          </positions>
          <labelPosition>
            <x>333.0</x>
            <y>0.0</y>
          </labelPosition>
        </transition>
      </transitions>
      <properties/>
      <opRef>
        <refId>26e16199-ac42-40d7-8725-27b18ed3509d</refId>
      </opRef>
      <assignments>
        <flowVariableAssignment id="4b4a2c4a-2b42-41a4-81fd-3b299f9bead6">
          <annotation></annotation>
          <name>assignment</name>
          <action>OVERWRITE</action>
          <assignmentTargetType>FLOW_VARIABLE</assignmentTargetType>
          <contextKey>server.template</contextKey>
          <expression id="8c50f47c-bb7e-4970-8d72-132d18df6a81">
            <annotation></annotation>
            <name>Result Field: db.getdetails.iotemplate</name>
            <fieldName>db.getdetails.iotemplate</fieldName>
            <sourceType>RAWRESULT</sourceType>
            <filters/>
          </expression>
        </flowVariableAssignment>
        <flowVariableAssignment id="53773a78-eed5-455f-a422-184331397baa">
          <annotation></annotation>
          <name>assignment</name>
          <action>OVERWRITE</action>
          <assignmentTargetType>FLOW_VARIABLE</assignmentTargetType>
          <contextKey>server.slalevel</contextKey>
          <expression id="e1b6b0b4-49be-4a4c-b6f1-e6292975dab1">
            <annotation></annotation>
            <name>Result Field: db.getdetails.slalevel</name>
            <fieldName>db.getdetails.slalevel</fieldName>
            <sourceType>RAWRESULT</sourceType>
            <filters/>
          </expression>
        </flowVariableAssignment>
        <flowVariableAssignment id="6d52d2e1-543a-4fb4-a03d-8a0d50808ef2">
          <annotation></annotation>
          <name>assignment</name>
          <action>OVERWRITE</action>
          <assignmentTargetType>FLOW_VARIABLE</assignmentTargetType>
          <contextKey>server.vmmp.host</contextKey>
          <expression id="985cfb2b-a4b6-4108-94af-22ce644f931f">
            <annotation></annotation>
            <name>Result Field: db.getdetails.vcenterfqdn</name>
            <fieldName>db.getdetails.vcenterfqdn</fieldName>
            <sourceType>RAWRESULT</sourceType>
            <filters/>
          </expression>
        </flowVariableAssignment>
        <flowVariableAssignment id="379382f4-daa2-400f-85a8-e9e4c273c0a6">
          <annotation></annotation>
          <name>assignment</name>
          <action>OVERWRITE</action>
          <assignmentTargetType>FLOW_VARIABLE</assignmentTargetType>
          <contextKey>server.vlan2gid</contextKey>
          <expression id="e90dbccc-ee81-4584-94a7-40d87e907221">
            <annotation></annotation>
            <name>Result Field: db.getdetails.vlan2gid</name>
            <fieldName>db.getdetails.vlan2gid</fieldName>
            <sourceType>RAWRESULT</sourceType>
            <filters/>
          </expression>
        </flowVariableAssignment>
        <flowVariableAssignment id="9392f314-e771-4383-a00a-7d977bdde458">
          <annotation></annotation>
          <name>assignment</name>
          <action>OVERWRITE</action>
          <assignmentTargetType>FLOW_VARIABLE</assignmentTargetType>
          <contextKey>server.ip2</contextKey>
          <expression id="343c7529-110e-404b-8078-54af61aabfba">
            <annotation></annotation>
            <name>Result Field: db.getdetails.ip2</name>
            <fieldName>db.getdetails.ip2</fieldName>
            <sourceType>RAWRESULT</sourceType>
            <filters/>
          </expression>
        </flowVariableAssignment>
        <flowVariableAssignment id="27afbf8d-9f30-4ece-9221-f380b2ba903e">
          <annotation></annotation>
          <name>assignment</name>
          <action>OVERWRITE</action>
          <assignmentTargetType>FLOW_VARIABLE</assignmentTargetType>
          <contextKey>server.nat1</contextKey>
          <expression id="b9a7bd88-dc2a-49cd-b36b-0f6a8781a1ff">
            <annotation></annotation>
            <name>Result Field: db.getdetails.nat1</name>
            <fieldName>db.getdetails.nat1</fieldName>
            <sourceType>RAWRESULT</sourceType>
            <filters/>
          </expression>
        </flowVariableAssignment>
        <flowVariableAssignment id="d2b82861-1aee-424d-80d1-4877a836139b">
          <annotation></annotation>
          <name>assignment</name>
          <action>OVERWRITE</action>
          <assignmentTargetType>FLOW_VARIABLE</assignmentTargetType>
          <contextKey>server.bakvlangid</contextKey>
          <expression id="5e3703dc-7f5e-4013-8bf5-4e0f069db0ec">
            <annotation></annotation>
            <name>Result Field: db.getdetails.bakvlangid</name>
            <fieldName>db.getdetails.bakvlangid</fieldName>
            <sourceType>RAWRESULT</sourceType>
            <filters/>
          </expression>
        </flowVariableAssignment>
        <flowVariableAssignment id="af30a8b5-b1b1-49b7-8e2f-3fd0ddce501d">
          <annotation></annotation>
          <name>assignment</name>
          <action>OVERWRITE</action>
          <assignmentTargetType>FLOW_VARIABLE</assignmentTargetType>
          <contextKey>server.bakip</contextKey>
          <expression id="70441adb-c1dc-4643-9cb9-88f14e147165">
            <annotation></annotation>
            <name>Result Field: db.getdetails.bakip</name>
            <fieldName>db.getdetails.bakip</fieldName>
            <sourceType>RAWRESULT</sourceType>
            <filters/>
          </expression>
        </flowVariableAssignment>
        <flowVariableAssignment id="1d193ea4-fe0a-4f8a-a3d7-ce131463bc34">
          <annotation></annotation>
          <name>assignment</name>
          <action>OVERWRITE</action>
          <assignmentTargetType>FLOW_VARIABLE</assignmentTargetType>
          <contextKey>server.vlan1gid</contextKey>
          <expression id="7d158432-ac5d-4645-bc29-647711bdcf35">
            <annotation></annotation>
            <name>Result Field: db.getdetails.vlan1gid</name>
            <fieldName>db.getdetails.vlan1gid</fieldName>
            <sourceType>RAWRESULT</sourceType>
            <filters/>
          </expression>
        </flowVariableAssignment>
        <flowVariableAssignment id="b7c51378-d9a1-461f-a336-0f724c45b4d6">
          <annotation></annotation>
          <name>assignment</name>
          <action>OVERWRITE</action>
          <assignmentTargetType>FLOW_VARIABLE</assignmentTargetType>
          <contextKey>server.ip1</contextKey>
          <expression id="52ae8489-8aad-4ab5-80d5-cc743f3bce32">
            <annotation></annotation>
            <name>Result Field: db.getdetails.ip1</name>
            <fieldName>db.getdetails.ip1</fieldName>
            <sourceType>RAWRESULT</sourceType>
            <filters/>
          </expression>
        </flowVariableAssignment>
        <flowVariableAssignment id="7bbf4ffc-93a8-4ea7-b9c7-79c927052236">
          <annotation></annotation>
          <name>assignment</name>
          <action>OVERWRITE</action>
          <assignmentTargetType>FLOW_VARIABLE</assignmentTargetType>
          <contextKey>server.datastore</contextKey>
          <expression id="e21dfc97-4aad-4b16-9514-58ea19a937c6">
            <annotation></annotation>
            <name>Result Field: db.getdetails.vmdatastore</name>
            <fieldName>db.getdetails.vmdatastore</fieldName>
            <sourceType>RAWRESULT</sourceType>
            <filters/>
          </expression>
        </flowVariableAssignment>
        <flowVariableAssignment id="99ca9080-bae3-4e40-89f0-057384a5df7f">
          <annotation></annotation>
          <name>assignment</name>
          <action>OVERWRITE</action>
          <assignmentTargetType>FLOW_VARIABLE</assignmentTargetType>
          <contextKey>server.tshirtsize</contextKey>
          <expression id="4712a1d5-3279-4e79-b3d8-00d57fc8f881">
            <annotation></annotation>
            <name>Result Field: db.getdetails.tshirtsize</name>
            <fieldName>db.getdetails.tshirtsize</fieldName>
            <sourceType>RAWRESULT</sourceType>
            <filters/>
          </expression>
        </flowVariableAssignment>
        <flowVariableAssignment id="fb028adb-56c9-4b77-b0fe-86efb7c166ca">
          <annotation></annotation>
          <name>assignment</name>
          <action>OVERWRITE</action>
          <assignmentTargetType>FLOW_VARIABLE</assignmentTargetType>
          <contextKey>server.type</contextKey>
          <expression id="8e67ad06-6ec0-46ff-a0e6-bb05fb7b1689">
            <annotation></annotation>
            <name>Result Field: db.getdetails.type</name>
            <fieldName>db.getdetails.type</fieldName>
            <sourceType>RAWRESULT</sourceType>
            <filters/>
          </expression>
        </flowVariableAssignment>
        <flowVariableAssignment id="5098832b-d384-4aa3-a973-d9a48a7f1084">
          <annotation></annotation>
          <name>assignment</name>
          <action>OVERWRITE</action>
          <assignmentTargetType>FLOW_VARIABLE</assignmentTargetType>
          <contextKey>server.contactemail</contextKey>
          <expression id="ec3022da-0f38-44b2-b3af-1c5148e2c144">
            <annotation></annotation>
            <name>Result Field: db.getdetails.contactemail</name>
            <fieldName>db.getdetails.contactemail</fieldName>
            <sourceType>RAWRESULT</sourceType>
            <filters/>
          </expression>
        </flowVariableAssignment>
        <flowVariableAssignment id="92bf3979-734d-458b-9c8e-bc471f7566b8">
          <annotation></annotation>
          <name>assignment</name>
          <action>OVERWRITE</action>
          <assignmentTargetType>FLOW_VARIABLE</assignmentTargetType>
          <contextKey>server.iohost</contextKey>
          <expression id="e2ec5124-9867-4240-a164-d2b45d4f57e2">
            <annotation></annotation>
            <name>Result Field: db.getdetails.iohost</name>
            <fieldName>db.getdetails.iohost</fieldName>
            <sourceType>RAWRESULT</sourceType>
            <filters/>
          </expression>
        </flowVariableAssignment>
        <flowVariableAssignment id="042040ca-e2bf-4ac5-b371-a8526ca765ea">
          <annotation></annotation>
          <name>assignment</name>
          <action>OVERWRITE</action>
          <assignmentTargetType>FLOW_VARIABLE</assignmentTargetType>
          <contextKey>server.hostname</contextKey>
          <expression id="a0c0141c-e72a-4ffd-8131-5887dd920c46">
            <annotation></annotation>
            <name>Result Field: db.getdetails.hostname</name>
            <fieldName>db.getdetails.hostname</fieldName>
            <sourceType>RAWRESULT</sourceType>
            <filters/>
          </expression>
        </flowVariableAssignment>
        <flowVariableAssignment id="25b3d6d9-0dfe-4d65-977e-f956a5425a75">
          <annotation></annotation>
          <name>assignment</name>
          <action>OVERWRITE</action>
          <assignmentTargetType>FLOW_VARIABLE</assignmentTargetType>
          <contextKey>server.iotemplate</contextKey>
          <expression id="18d64645-cc3e-4793-9277-75ee2802ab96">
            <annotation></annotation>
            <name>Result Field: db.getdetails.iotemplate</name>
            <fieldName>db.getdetails.iotemplate</fieldName>
            <sourceType>RAWRESULT</sourceType>
            <filters/>
          </expression>
        </flowVariableAssignment>
        <flowVariableAssignment id="b7d4a221-217f-42bc-b0e0-77cb3feaf707">
          <annotation></annotation>
          <name>assignment</name>
          <action>OVERWRITE</action>
          <assignmentTargetType>FLOW_VARIABLE</assignmentTargetType>
          <contextKey>server.resourcepool</contextKey>
          <expression id="7bbba238-8c22-4807-8128-38c5f62b15fd">
            <annotation></annotation>
            <name>Result Field: db.getdetails.resourcepool</name>
            <fieldName>db.getdetails.resourcepool</fieldName>
            <sourceType>RAWRESULT</sourceType>
            <filters/>
          </expression>
        </flowVariableAssignment>
        <flowVariableAssignment id="789514e1-a0b9-4562-8189-ff12214b898a">
          <annotation></annotation>
          <name>assignment</name>
          <action>OVERWRITE</action>
          <assignmentTargetType>FLOW_VARIABLE</assignmentTargetType>
          <contextKey>server.vmdatacenter</contextKey>
          <expression id="597cdaf3-57d4-4149-9482-5e24cf93a48c">
            <annotation></annotation>
            <name>Result Field: db.getdetails.vmdatacenter</name>
            <fieldName>db.getdetails.vmdatacenter</fieldName>
            <sourceType>RAWRESULT</sourceType>
            <filters/>
          </expression>
        </flowVariableAssignment>
      </assignments>
      <throttleSize>0</throttleSize>
    </step>
  </steps>
  <startSteps>e67073bc-c7e4-48e8-8843-288cf983213f</startSteps>
</flow>