<?xml version="1.0" encoding="UTF-8"?>
<flow id="8988bfae-c02e-4105-877d-806bc09cb7cb">
  <annotation></annotation>
  <name>DB_GetHostGroupByResourcePool</name>
  <categories/>
  <inputs>
    <userInputBinding id="1bc88b3f-21d7-4dc1-837b-74ce7dd94b18">
      <annotation></annotation>
      <assignFromContext>true</assignFromContext>
      <assignToContext>true</assignToContext>
      <inputType>STRING</inputType>
      <isList>false</isList>
      <required>true</required>
      <isPersisted>true</isPersisted>
      <inputSymbol>db.respool</inputSymbol>
      <listDelimiter>,</listDelimiter>
      <record>false</record>
      <prompt></prompt>
      <isMultiSelect>false</isMultiSelect>
      <sourceDelimiter>|</sourceDelimiter>
    </userInputBinding>
  </inputs>
  <scriptlet id="0b580ea0-bd09-43db-bdb1-fb717aad30c4">
    <annotation></annotation>
    <name>Operation DB_GetHostGroupByResourcePool (8988bfae-c02e-4105-877d-806bc09cb7cb)</name>
    <type>RHINO</type>
  </scriptlet>
  <possibleResponses>
    <opResponse id="43472629-b7ee-4057-be8b-0409b5a53bb8">
      <annotation></annotation>
      <name>success</name>
      <isDefault>true</isDefault>
      <onFailure>false</onFailure>
      <type>RESOLVED</type>
      <matchRules/>
    </opResponse>
    <opResponse id="2f62a2c5-f6ec-4a48-9e58-ec2ea22cd91c">
      <annotation></annotation>
      <name>failure</name>
      <isDefault>false</isDefault>
      <onFailure>true</onFailure>
      <type>ERROR</type>
      <matchRules/>
    </opResponse>
  </possibleResponses>
  <availableResultExpressions>
    <expression id="cc7d01b8-5549-49be-b1cc-a511d291c88b">
      <annotation></annotation>
      <name>respool.hostGroup</name>
      <fieldName>respool.hostGroup</fieldName>
      <sourceType>RAWRESULT</sourceType>
      <filters/>
    </expression>
  </availableResultExpressions>
  <resultExpression id="d0fc05ad-b2ab-4ae3-a3c8-ee5d9deaf455">
    <annotation></annotation>
    <name>FailureMessage</name>
    <fieldName>FailureMessage</fieldName>
    <sourceType>RAWRESULT</sourceType>
    <filters/>
  </resultExpression>
  <iconSpec id="1ae1493e-dfb4-4d96-84e5-25c1f0297ade">
    <baseIcon>flow.png</baseIcon>
    <basePath>System</basePath>
    <readOnly>false</readOnly>
    <layers/>
  </iconSpec>
  <callouts>
    <callout id="01bf2b63-c57d-4d2c-b74a-c025ae94ca58">
      <text>8988bfae-c02e-4105-877d-806bc09cb7cb.01bf2b63-c57d-4d2c-b74a-c025ae94ca58.callout</text>
      <bounds>
        <x>423.0</x>
        <y>89.0</y>
        <width>174.0</width>
        <height>66.0</height>
      </bounds>
      <layer>-1</layer>
    </callout>
    <callout id="887bca20-a319-40ed-9ebb-395f20d4efd7">
      <text>8988bfae-c02e-4105-877d-806bc09cb7cb.887bca20-a319-40ed-9ebb-395f20d4efd7.callout</text>
      <bounds>
        <x>425.0</x>
        <y>356.0</y>
        <width>200.0</width>
        <height>36.0</height>
      </bounds>
      <layer>-1</layer>
    </callout>
  </callouts>
  <checkPointFlow>true</checkPointFlow>
  <compatibleRuntimeContext>false</compatibleRuntimeContext>
  <historyCheckPointFlow>true</historyCheckPointFlow>
  <steps>
    <step id="9fea84c1-ebbe-4714-ae34-4860927594bb">
      <annotation></annotation>
      <name>TNS Names SQL Query</name>
      <bounds>
        <x>151.0</x>
        <y>201.0</y>
      </bounds>
      <layer>-1</layer>
      <hideInbound>false</hideInbound>
      <iconSpec id="0a5fed86-a338-485d-94be-50296c4fc295">
        <baseIcon>database_green.png</baseIcon>
        <basePath>/Databases/</basePath>
        <readOnly>false</readOnly>
        <layers/>
      </iconSpec>
      <addResultToRunContext>false</addResultToRunContext>
      <isCriticalStep>false</isCriticalStep>
      <isNonBlocking>false</isNonBlocking>
      <isParallelStep>false</isParallelStep>
      <isSingleResponse>false</isSingleResponse>
      <recordInHistory>false</recordInHistory>
      <recordRawOutput>true</recordRawOutput>
      <recordPrimaryOutput>true</recordPrimaryOutput>
      <checkPointStep>true</checkPointStep>
      <historyCheckPointStep>true</historyCheckPointStep>
      <scriptResultStep>false</scriptResultStep>
      <userPrompt></userPrompt>
      <bindings>
        <staticBinding id="2f5c1765-6425-46e8-b981-2c39bba6cb17">
          <annotation></annotation>
          <toContextKey></toContextKey>
          <fromContextKey></fromContextKey>
          <assignFromContext>false</assignFromContext>
          <assignToContext>false</assignToContext>
          <inputType>STRING</inputType>
          <isList>false</isList>
          <required>true</required>
          <isPersisted>true</isPersisted>
          <inputSymbol>TNSPath</inputSymbol>
          <listDelimiter>,</listDelimiter>
          <value>${pc.infradb.tns.path}</value>
          <record>false</record>
        </staticBinding>
        <staticBinding id="3f83e247-b80a-4215-bd26-450a326bd1b4">
          <annotation></annotation>
          <toContextKey></toContextKey>
          <fromContextKey></fromContextKey>
          <assignFromContext>false</assignFromContext>
          <assignToContext>false</assignToContext>
          <inputType>STRING</inputType>
          <isList>false</isList>
          <required>true</required>
          <isPersisted>true</isPersisted>
          <inputSymbol>TNSEntry</inputSymbol>
          <listDelimiter>,</listDelimiter>
          <value>${pc.infradb.tns.entry}</value>
          <record>false</record>
        </staticBinding>
        <identityBinding id="db5fe7a5-a90e-4fb0-a8ba-39dc197863ff">
          <annotation></annotation>
          <toContextKey></toContextKey>
          <fromContextKey></fromContextKey>
          <assignFromContext>false</assignFromContext>
          <assignToContext>false</assignToContext>
          <inputType>ENCRYPTED</inputType>
          <isList>false</isList>
          <required>true</required>
          <isPersisted>true</isPersisted>
          <inputSymbol>Username</inputSymbol>
          <listDelimiter>,</listDelimiter>
          <record>false</record>
          <link>
            <refId>881ee06f-89ad-4af6-a00d-06654eadccaa</refId>
            <refName>pc.infradb</refName>
          </link>
          <identityAttribute>USERNAME</identityAttribute>
        </identityBinding>
        <identityBinding id="7b70f08e-3c70-4d7d-9752-ff93b3ad4ab2">
          <annotation></annotation>
          <toContextKey></toContextKey>
          <fromContextKey></fromContextKey>
          <assignFromContext>false</assignFromContext>
          <assignToContext>false</assignToContext>
          <inputType>ENCRYPTED</inputType>
          <isList>false</isList>
          <required>true</required>
          <isPersisted>true</isPersisted>
          <inputSymbol>Password</inputSymbol>
          <listDelimiter>,</listDelimiter>
          <record>false</record>
          <link>
            <refId>881ee06f-89ad-4af6-a00d-06654eadccaa</refId>
            <refName>pc.infradb</refName>
          </link>
          <identityAttribute>PASSWORD</identityAttribute>
        </identityBinding>
        <staticBinding id="027c26a8-ea29-446f-92eb-18140790f4be">
          <annotation></annotation>
          <toContextKey></toContextKey>
          <fromContextKey></fromContextKey>
          <assignFromContext>false</assignFromContext>
          <assignToContext>false</assignToContext>
          <inputType>STRING</inputType>
          <isList>false</isList>
          <required>true</required>
          <isPersisted>true</isPersisted>
          <inputSymbol>Command</inputSymbol>
          <listDelimiter>,</listDelimiter>
          <value>SELECT * FROM SCVMM_RESPOOL WHERE RESPOOLID =&apos;${db.respool}&apos;</value>
          <record>false</record>
        </staticBinding>
        <staticBinding id="336ac064-f9ef-45e9-ac60-737219fc2379">
          <annotation></annotation>
          <toContextKey></toContextKey>
          <fromContextKey></fromContextKey>
          <assignFromContext>false</assignFromContext>
          <assignToContext>false</assignToContext>
          <inputType>STRING</inputType>
          <isList>false</isList>
          <required>true</required>
          <isPersisted>true</isPersisted>
          <inputSymbol>Delimiter</inputSymbol>
          <listDelimiter>,</listDelimiter>
          <value>&lt;&gt;</value>
          <record>false</record>
        </staticBinding>
        <staticBinding id="6bd1aa80-f128-448d-affe-1e12dcdcb365">
          <annotation></annotation>
          <toContextKey></toContextKey>
          <fromContextKey></fromContextKey>
          <assignFromContext>false</assignFromContext>
          <assignToContext>false</assignToContext>
          <inputType>STRING</inputType>
          <isList>false</isList>
          <required>true</required>
          <isPersisted>true</isPersisted>
          <inputSymbol>Key</inputSymbol>
          <listDelimiter>,</listDelimiter>
          <value>[]</value>
          <record>false</record>
        </staticBinding>
      </bindings>
      <transitions>
        <transition id="eaf27e98-bb0c-46bb-b4bf-9fa27aaae77b">
          <annotation></annotation>
          <name>failure</name>
          <command>NEXT</command>
          <linkMode>false</linkMode>
          <responseSymbol>failure</responseSymbol>
          <shouldHandoff>false</shouldHandoff>
          <transitionValue>0.0</transitionValue>
          <destination>
            <refId>fa4a23a8-e39f-45e0-9b32-ca6243d7a908</refId>
          </destination>
          <source>
            <refId>9fea84c1-ebbe-4714-ae34-4860927594bb</refId>
          </source>
          <positions>
            <point>
              <x>478.0</x>
              <y>243.0</y>
            </point>
            <point>
              <x>277.0</x>
              <y>85.0</y>
            </point>
          </positions>
          <labelPosition>
            <x>333.0</x>
            <y>0.0</y>
          </labelPosition>
        </transition>
        <transition id="98081fa1-829f-4c88-acf3-5843efd8007e">
          <annotation></annotation>
          <name>no more items</name>
          <command>NEXT</command>
          <linkMode>false</linkMode>
          <responseSymbol>no more items</responseSymbol>
          <shouldHandoff>false</shouldHandoff>
          <transitionValue>0.0</transitionValue>
          <destination>
            <refId>fa4a23a8-e39f-45e0-9b32-ca6243d7a908</refId>
          </destination>
          <source>
            <refId>9fea84c1-ebbe-4714-ae34-4860927594bb</refId>
          </source>
          <positions>
            <point>
              <x>201.0</x>
              <y>235.0</y>
            </point>
            <point>
              <x>226.0</x>
              <y>295.0</y>
            </point>
            <point>
              <x>226.0</x>
              <y>305.0</y>
            </point>
            <point>
              <x>201.0</x>
              <y>365.0</y>
            </point>
          </positions>
          <labelPosition>
            <x>333.0</x>
            <y>0.0</y>
          </labelPosition>
        </transition>
        <transition id="d700cccd-a78b-4235-b27c-53b6dfb8138d">
          <annotation></annotation>
          <name>more items</name>
          <command>NEXT</command>
          <linkMode>false</linkMode>
          <responseSymbol>more items</responseSymbol>
          <shouldHandoff>false</shouldHandoff>
          <transitionValue>0.0</transitionValue>
          <destination>
            <refId>d8892b96-bafd-414a-9e24-c0c8124fe235</refId>
          </destination>
          <source>
            <refId>9fea84c1-ebbe-4714-ae34-4860927594bb</refId>
          </source>
          <positions>
            <point>
              <x>201.0</x>
              <y>235.0</y>
            </point>
            <point>
              <x>414.0</x>
              <y>235.0</y>
            </point>
          </positions>
          <labelPosition>
            <x>333.0</x>
            <y>0.0</y>
          </labelPosition>
        </transition>
      </transitions>
      <properties/>
      <opRef>
        <refId>e17253d4-82a9-4b5d-a524-97fcf6d693e8</refId>
      </opRef>
      <assignments>
        <flowVariableAssignment id="0a9d2fb3-9a0d-4fbb-9e47-0a81bb265535">
          <annotation></annotation>
          <name>assignment</name>
          <action>OVERWRITE</action>
          <assignmentTargetType>FLOW_VARIABLE</assignmentTargetType>
          <contextKey>columnNames</contextKey>
          <expression id="c37bd4f0-7cc2-45d4-ba71-27b6160f871c">
            <annotation></annotation>
            <name>Result Field: columnNames</name>
            <fieldName>columnNames</fieldName>
            <sourceType>RAWRESULT</sourceType>
            <filters/>
          </expression>
        </flowVariableAssignment>
      </assignments>
      <throttleSize>0</throttleSize>
    </step>
    <returnStep id="fa4a23a8-e39f-45e0-9b32-ca6243d7a908">
      <annotation></annotation>
      <name>Error : failure</name>
      <bounds>
        <x>151.0</x>
        <y>331.0</y>
      </bounds>
      <layer>-1</layer>
      <hideInbound>false</hideInbound>
      <addResultToRunContext>false</addResultToRunContext>
      <isCriticalStep>false</isCriticalStep>
      <isNonBlocking>false</isNonBlocking>
      <isParallelStep>false</isParallelStep>
      <isSingleResponse>false</isSingleResponse>
      <recordInHistory>false</recordInHistory>
      <recordRawOutput>true</recordRawOutput>
      <recordPrimaryOutput>true</recordPrimaryOutput>
      <checkPointStep>true</checkPointStep>
      <historyCheckPointStep>true</historyCheckPointStep>
      <scriptResultStep>false</scriptResultStep>
      <userPrompt></userPrompt>
      <bindings/>
      <transitions>
        <transition id="729b899f-b15b-47da-9cf8-e6791d5d70a9">
          <annotation></annotation>
          <name>return</name>
          <command>NEXT</command>
          <linkMode>false</linkMode>
          <responseSymbol>failure</responseSymbol>
          <shouldHandoff>false</shouldHandoff>
          <transitionValue>0.0</transitionValue>
          <destination>
            <refId>fa4a23a8-e39f-45e0-9b32-ca6243d7a908</refId>
          </destination>
          <source>
            <refId>fa4a23a8-e39f-45e0-9b32-ca6243d7a908</refId>
          </source>
          <positions/>
        </transition>
      </transitions>
      <properties/>
      <returnStepType>ERROR</returnStepType>
      <assignments/>
    </returnStep>
    <step id="d8892b96-bafd-414a-9e24-c0c8124fe235">
      <annotation>8988bfae-c02e-4105-877d-806bc09cb7cb.d8892b96-bafd-414a-9e24-c0c8124fe235.description</annotation>
      <name>Set query_result as Flow Output</name>
      <bounds>
        <x>364.0</x>
        <y>201.0</y>
      </bounds>
      <layer>-1</layer>
      <hideInbound>false</hideInbound>
      <iconSpec id="54232257-860f-4230-b826-541ce2900766">
        <baseIcon>display_report.png</baseIcon>
        <basePath>Utilities/</basePath>
        <readOnly>false</readOnly>
        <layers/>
      </iconSpec>
      <addResultToRunContext>false</addResultToRunContext>
      <isCriticalStep>false</isCriticalStep>
      <isNonBlocking>false</isNonBlocking>
      <isParallelStep>false</isParallelStep>
      <isSingleResponse>false</isSingleResponse>
      <recordInHistory>false</recordInHistory>
      <recordRawOutput>true</recordRawOutput>
      <recordPrimaryOutput>true</recordPrimaryOutput>
      <checkPointStep>true</checkPointStep>
      <historyCheckPointStep>true</historyCheckPointStep>
      <scriptResultStep>false</scriptResultStep>
      <userPrompt></userPrompt>
      <scriptlet id="c024dc3f-948d-46ee-b121-01a79e543665">
        <annotation></annotation>
        <name>Step Set query_result as Flow Output in Flow DB_GetHostGroupByResourcePool (d8892b96-bafd-414a-9e24-c0c8124fe235)</name>
        <script></script>
        <type>RHINO</type>
      </scriptlet>
      <bindings>
        <resultBinding id="e0066957-4953-4508-94f9-dabe982c48ba">
          <annotation></annotation>
          <toContextKey>query_result</toContextKey>
          <fromContextKey>query_result</fromContextKey>
          <assignFromContext>true</assignFromContext>
          <assignToContext>true</assignToContext>
          <inputType>STRING</inputType>
          <isList>false</isList>
          <required>false</required>
          <isPersisted>true</isPersisted>
          <inputSymbol>field1</inputSymbol>
          <listDelimiter>,</listDelimiter>
          <record>false</record>
        </resultBinding>
        <staticBinding id="5b25a22c-3822-42d4-856b-6fbaf30e0821">
          <annotation></annotation>
          <assignFromContext>true</assignFromContext>
          <assignToContext>true</assignToContext>
          <inputType>STRING</inputType>
          <isList>false</isList>
          <required>false</required>
          <isPersisted>true</isPersisted>
          <inputSymbol>field2</inputSymbol>
          <listDelimiter>,</listDelimiter>
          <value></value>
          <record>false</record>
        </staticBinding>
        <staticBinding id="f598fbcf-412a-45e7-9071-9e58e2567b29">
          <annotation></annotation>
          <assignFromContext>true</assignFromContext>
          <assignToContext>true</assignToContext>
          <inputType>STRING</inputType>
          <isList>false</isList>
          <required>false</required>
          <isPersisted>true</isPersisted>
          <inputSymbol>field3</inputSymbol>
          <listDelimiter>,</listDelimiter>
          <value></value>
          <record>false</record>
        </staticBinding>
        <staticBinding id="77205cb2-b444-48fa-b51d-b444cfbe4cdf">
          <annotation></annotation>
          <assignFromContext>true</assignFromContext>
          <assignToContext>true</assignToContext>
          <inputType>STRING</inputType>
          <isList>false</isList>
          <required>false</required>
          <isPersisted>true</isPersisted>
          <inputSymbol>field4</inputSymbol>
          <listDelimiter>,</listDelimiter>
          <value></value>
          <record>false</record>
        </staticBinding>
        <staticBinding id="70e98e92-7dd9-4094-9be5-5c452b665230">
          <annotation></annotation>
          <toContextKey></toContextKey>
          <fromContextKey></fromContextKey>
          <assignFromContext>false</assignFromContext>
          <assignToContext>false</assignToContext>
          <inputType>STRING</inputType>
          <recordKey></recordKey>
          <isList>false</isList>
          <required>false</required>
          <isPersisted>true</isPersisted>
          <inputSymbol>Field_2</inputSymbol>
          <listDelimiter></listDelimiter>
          <value>${field2}</value>
          <record>false</record>
        </staticBinding>
        <staticBinding id="b31cd683-914f-4df0-8ecd-d70914d506b8">
          <annotation></annotation>
          <toContextKey></toContextKey>
          <fromContextKey></fromContextKey>
          <assignFromContext>false</assignFromContext>
          <assignToContext>false</assignToContext>
          <inputType>STRING</inputType>
          <recordKey></recordKey>
          <isList>false</isList>
          <required>false</required>
          <isPersisted>true</isPersisted>
          <inputSymbol>Field_4</inputSymbol>
          <listDelimiter></listDelimiter>
          <value>${field4}</value>
          <record>false</record>
        </staticBinding>
        <staticBinding id="3a05fc62-d14d-44e5-aa74-011bd7189483">
          <annotation></annotation>
          <toContextKey></toContextKey>
          <fromContextKey></fromContextKey>
          <assignFromContext>false</assignFromContext>
          <assignToContext>false</assignToContext>
          <inputType>STRING</inputType>
          <recordKey></recordKey>
          <isList>false</isList>
          <required>false</required>
          <isPersisted>true</isPersisted>
          <inputSymbol>Field_3</inputSymbol>
          <listDelimiter></listDelimiter>
          <value>${field3}</value>
          <record>false</record>
        </staticBinding>
        <staticBinding id="43f3e389-cab2-4733-b3de-4452a7176b18">
          <annotation></annotation>
          <toContextKey></toContextKey>
          <fromContextKey></fromContextKey>
          <assignFromContext>false</assignFromContext>
          <assignToContext>false</assignToContext>
          <inputType>STRING</inputType>
          <recordKey></recordKey>
          <isList>false</isList>
          <required>false</required>
          <isPersisted>true</isPersisted>
          <inputSymbol>Field_1</inputSymbol>
          <listDelimiter></listDelimiter>
          <value>${field1}</value>
          <record>false</record>
        </staticBinding>
      </bindings>
      <transitions>
        <transition id="19e4bffd-9399-4d16-9441-c5cff30d086e">
          <annotation></annotation>
          <name>success</name>
          <command>NEXT</command>
          <linkMode>false</linkMode>
          <responseSymbol>success</responseSymbol>
          <shouldHandoff>false</shouldHandoff>
          <transitionValue>0.0</transitionValue>
          <destination>
            <refId>08c0e464-b338-4176-80a6-03730b2bba42</refId>
          </destination>
          <source>
            <refId>d8892b96-bafd-414a-9e24-c0c8124fe235</refId>
          </source>
          <positions>
            <point>
              <x>414.0</x>
              <y>234.0</y>
            </point>
            <point>
              <x>751.0</x>
              <y>238.0</y>
            </point>
          </positions>
          <labelPosition>
            <x>333.0</x>
            <y>0.0</y>
          </labelPosition>
        </transition>
      </transitions>
      <properties/>
      <opRef>
        <refId>ddd79f22-8b1e-4605-88d5-d912bb2da2b9</refId>
      </opRef>
      <assignments>
        <flowVariableAssignment id="57f736d8-1034-4715-b4f6-532059c078cd">
          <annotation></annotation>
          <name>assignment</name>
          <action>OVERWRITE</action>
          <assignmentTargetType>FLOW_OUTPUT_FIELD</assignmentTargetType>
          <contextKey>respool.hostGroup</contextKey>
          <expression id="d30e677b-d2f9-4e6f-9fb0-5057b38ef471">
            <annotation></annotation>
            <name>Input: field1</name>
            <fieldName>field1</fieldName>
            <sourceType>INPUT</sourceType>
            <filters>
              <scriptletFilter id="8d6b879f-d513-4a57-b416-c6b65df65498">
                <annotation></annotation>
                <name>Scriptlet</name>
                <scriptlet id="728def5f-8caf-45ac-8d02-5c42373b6d1c">
                  <annotation></annotation>
                  <name>default</name>
                  <script>targetColumnName=&quot;HOSTGROUP&quot;
scriptletContext.put(&quot;targetColumnName&quot;, targetColumnName);
scriptletResult=scriptletInput;</script>
                  <type>RHINO</type>
                </scriptlet>
              </scriptletFilter>
              <referenceFilter id="82dec26d-283d-470b-be9f-bf9ed12223d1">
                <annotation></annotation>
                <name>Config Item</name>
                <filterRef>
                  <refId>b78e5871-e5c1-4e09-95a0-451b1c785cd5</refId>
                  <refName>Extract DB Query Column Value By Name</refName>
                </filterRef>
              </referenceFilter>
            </filters>
          </expression>
        </flowVariableAssignment>
      </assignments>
      <throttleSize>0</throttleSize>
    </step>
    <returnStep id="08c0e464-b338-4176-80a6-03730b2bba42">
      <annotation></annotation>
      <name>Resolved : success</name>
      <bounds>
        <x>552.0</x>
        <y>201.0</y>
      </bounds>
      <layer>-1</layer>
      <hideInbound>false</hideInbound>
      <addResultToRunContext>false</addResultToRunContext>
      <isCriticalStep>false</isCriticalStep>
      <isNonBlocking>false</isNonBlocking>
      <isParallelStep>false</isParallelStep>
      <isSingleResponse>false</isSingleResponse>
      <recordInHistory>false</recordInHistory>
      <recordRawOutput>true</recordRawOutput>
      <recordPrimaryOutput>true</recordPrimaryOutput>
      <checkPointStep>true</checkPointStep>
      <historyCheckPointStep>true</historyCheckPointStep>
      <scriptResultStep>false</scriptResultStep>
      <userPrompt></userPrompt>
      <bindings/>
      <transitions>
        <transition id="5cfd5315-2c67-4ae4-af29-98d6b396e2f6">
          <annotation></annotation>
          <name>return</name>
          <command>NEXT</command>
          <linkMode>false</linkMode>
          <responseSymbol>success</responseSymbol>
          <shouldHandoff>false</shouldHandoff>
          <transitionValue>0.0</transitionValue>
          <destination>
            <refId>08c0e464-b338-4176-80a6-03730b2bba42</refId>
          </destination>
          <source>
            <refId>08c0e464-b338-4176-80a6-03730b2bba42</refId>
          </source>
          <positions/>
        </transition>
      </transitions>
      <properties/>
      <returnStepType>RESOLVED</returnStepType>
      <assignments/>
    </returnStep>
  </steps>
  <startSteps>9fea84c1-ebbe-4714-ae34-4860927594bb</startSteps>
</flow>