<?xml version="1.0" encoding="UTF-8"?>
<flow id="7f62af65-07d6-41ad-b715-9fd434b36a72">
  <annotation></annotation>
  <name>CSA_UpdateArtefactProperty</name>
  <categories/>
  <inputs>
    <userInputBinding id="e8d2144e-b9db-4640-bd4a-032df57d9d48">
      <annotation></annotation>
      <assignFromContext>true</assignFromContext>
      <assignToContext>true</assignToContext>
      <inputType>STRING</inputType>
      <isList>false</isList>
      <required>true</required>
      <isPersisted>true</isPersisted>
      <inputSymbol>propName</inputSymbol>
      <listDelimiter>,</listDelimiter>
      <record>false</record>
      <prompt></prompt>
      <isMultiSelect>false</isMultiSelect>
      <sourceDelimiter>|</sourceDelimiter>
    </userInputBinding>
    <staticBinding id="cefcb24c-77c0-49be-a0a2-0f5360baec6b">
      <annotation></annotation>
      <assignFromContext>true</assignFromContext>
      <assignToContext>true</assignToContext>
      <inputType>STRING</inputType>
      <isList>false</isList>
      <required>false</required>
      <isPersisted>true</isPersisted>
      <inputSymbol>propType</inputSymbol>
      <listDelimiter>,</listDelimiter>
      <value>STRING</value>
      <record>false</record>
    </staticBinding>
    <userInputBinding id="7f0ddcf8-22e8-44ec-9b71-8fe36d173a9c">
      <annotation></annotation>
      <assignFromContext>true</assignFromContext>
      <assignToContext>true</assignToContext>
      <inputType>STRING</inputType>
      <isList>false</isList>
      <required>true</required>
      <isPersisted>true</isPersisted>
      <inputSymbol>propValue</inputSymbol>
      <listDelimiter>,</listDelimiter>
      <record>false</record>
      <prompt></prompt>
      <isMultiSelect>false</isMultiSelect>
      <sourceDelimiter>|</sourceDelimiter>
    </userInputBinding>
    <staticBinding id="99ced9cb-062f-4345-bc99-a2a3c3d46015">
      <annotation></annotation>
      <assignFromContext>true</assignFromContext>
      <assignToContext>true</assignToContext>
      <inputType>STRING</inputType>
      <isList>false</isList>
      <required>false</required>
      <isPersisted>true</isPersisted>
      <inputSymbol>customerVisible</inputSymbol>
      <listDelimiter>,</listDelimiter>
      <value>true</value>
      <record>false</record>
    </staticBinding>
    <userInputBinding id="dbaef564-e0be-4c04-8256-1daf2580f18a">
      <annotation></annotation>
      <assignFromContext>true</assignFromContext>
      <assignToContext>true</assignToContext>
      <inputType>STRING</inputType>
      <isList>false</isList>
      <required>true</required>
      <isPersisted>true</isPersisted>
      <inputSymbol>csasvcuuid</inputSymbol>
      <listDelimiter>,</listDelimiter>
      <record>false</record>
      <prompt></prompt>
      <isMultiSelect>false</isMultiSelect>
      <sourceDelimiter>|</sourceDelimiter>
    </userInputBinding>
    <userInputBinding id="1b5a7a07-16e9-452d-9758-0e0c0910a0b1">
      <annotation></annotation>
      <assignFromContext>true</assignFromContext>
      <assignToContext>true</assignToContext>
      <inputType>STRING</inputType>
      <isList>false</isList>
      <required>true</required>
      <isPersisted>true</isPersisted>
      <inputSymbol>displayname</inputSymbol>
      <listDelimiter>,</listDelimiter>
      <record>false</record>
      <prompt></prompt>
      <isMultiSelect>false</isMultiSelect>
      <sourceDelimiter>|</sourceDelimiter>
    </userInputBinding>
  </inputs>
  <scriptlet id="0839a0bd-d34b-4794-9318-dd923c4c9a3a">
    <annotation></annotation>
    <name>Operation CSA_UpdateArtefactProperty (7f62af65-07d6-41ad-b715-9fd434b36a72)</name>
    <type>RHINO</type>
  </scriptlet>
  <possibleResponses>
    <opResponse id="4fcbb6c8-b66e-4b4f-ad9a-cd5a2b15333d">
      <annotation></annotation>
      <name>failure</name>
      <isDefault>false</isDefault>
      <onFailure>true</onFailure>
      <type>ERROR</type>
      <matchRules/>
    </opResponse>
    <opResponse id="4a545965-e692-4823-aa66-fceeb2efd47a">
      <annotation></annotation>
      <name>success</name>
      <isDefault>true</isDefault>
      <onFailure>false</onFailure>
      <type>RESOLVED</type>
      <matchRules/>
    </opResponse>
  </possibleResponses>
  <availableResultExpressions/>
  <resultExpression id="efe2b5e5-90a4-43f7-a71e-153fce9334bb">
    <annotation></annotation>
    <name>FailureMessage</name>
    <fieldName>FailureMessage</fieldName>
    <sourceType>RAWRESULT</sourceType>
    <filters/>
  </resultExpression>
  <iconSpec id="b136f4ac-321b-4b9e-a2c8-23e44b2bc028">
    <baseIcon>flow.png</baseIcon>
    <basePath>System</basePath>
    <readOnly>false</readOnly>
    <layers/>
  </iconSpec>
  <callouts/>
  <checkPointFlow>true</checkPointFlow>
  <compatibleRuntimeContext>false</compatibleRuntimeContext>
  <historyCheckPointFlow>true</historyCheckPointFlow>
  <steps>
    <step id="e3fc12c4-4460-4dd5-b4fb-56b5c99fd853">
      <annotation>7f62af65-07d6-41ad-b715-9fd434b36a72.e3fc12c4-4460-4dd5-b4fb-56b5c99fd853.description</annotation>
      <name>Get User Identifier</name>
      <bounds>
        <x>71.0</x>
        <y>74.0</y>
      </bounds>
      <layer>-1</layer>
      <hideInbound>false</hideInbound>
      <addResultToRunContext>false</addResultToRunContext>
      <isCriticalStep>false</isCriticalStep>
      <isNonBlocking>false</isNonBlocking>
      <isParallelStep>false</isParallelStep>
      <isSingleResponse>false</isSingleResponse>
      <recordInHistory>false</recordInHistory>
      <recordRawOutput>true</recordRawOutput>
      <recordPrimaryOutput>true</recordPrimaryOutput>
      <checkPointStep>true</checkPointStep>
      <historyCheckPointStep>true</historyCheckPointStep>
      <scriptResultStep>false</scriptResultStep>
      <userPrompt></userPrompt>
      <bindings>
        <staticBinding id="307b5ade-73ea-45ca-b6b2-04c49a556aa6">
          <annotation></annotation>
          <assignFromContext>true</assignFromContext>
          <assignToContext>true</assignToContext>
          <inputType>STRING</inputType>
          <isList>false</isList>
          <required>true</required>
          <isPersisted>true</isPersisted>
          <inputSymbol>csaUser</inputSymbol>
          <listDelimiter>,</listDelimiter>
          <value>admin</value>
          <record>false</record>
        </staticBinding>
      </bindings>
      <transitions>
        <transition id="f4382188-6024-4e0a-aa79-83206889bf11">
          <annotation></annotation>
          <name>success</name>
          <command>NEXT</command>
          <linkMode>false</linkMode>
          <responseSymbol>success</responseSymbol>
          <shouldHandoff>false</shouldHandoff>
          <transitionValue>0.0</transitionValue>
          <destination>
            <refId>c6440841-3fa5-498d-a5fc-855c16592e8e</refId>
          </destination>
          <source>
            <refId>e3fc12c4-4460-4dd5-b4fb-56b5c99fd853</refId>
          </source>
          <positions>
            <point>
              <x>393.0</x>
              <y>225.0</y>
            </point>
            <point>
              <x>391.0</x>
              <y>399.0</y>
            </point>
          </positions>
          <labelPosition>
            <x>333.0</x>
            <y>0.0</y>
          </labelPosition>
        </transition>
        <transition id="4eb05034-45ba-465b-a174-9c172d0d8bd7">
          <annotation></annotation>
          <name>failure</name>
          <command>NEXT</command>
          <linkMode>false</linkMode>
          <responseSymbol>failure</responseSymbol>
          <shouldHandoff>false</shouldHandoff>
          <transitionValue>0.0</transitionValue>
          <destination>
            <refId>96d9ed70-a696-4a4a-a7e9-3ec99092cd06</refId>
          </destination>
          <source>
            <refId>e3fc12c4-4460-4dd5-b4fb-56b5c99fd853</refId>
          </source>
          <positions>
            <point>
              <x>393.0</x>
              <y>225.0</y>
            </point>
            <point>
              <x>583.0</x>
              <y>193.0</y>
            </point>
          </positions>
          <labelPosition>
            <x>333.0</x>
            <y>0.0</y>
          </labelPosition>
        </transition>
      </transitions>
      <properties/>
      <opRef>
        <refId>f1c8b14a-694f-4a03-a84a-c7504fe0a29b</refId>
      </opRef>
      <assignments>
        <flowVariableAssignment id="a9860dac-82b9-4c2f-a142-e84274de0c5d">
          <annotation></annotation>
          <name>assignment</name>
          <action>OVERWRITE</action>
          <assignmentTargetType>FLOW_VARIABLE</assignmentTargetType>
          <contextKey>userIdentifier</contextKey>
          <expression id="0c235904-98e5-4e86-86e2-6483f4e0c35c">
            <annotation></annotation>
            <name>Result Field: userIdentifier</name>
            <fieldName>userIdentifier</fieldName>
            <sourceType>RAWRESULT</sourceType>
            <filters/>
          </expression>
        </flowVariableAssignment>
      </assignments>
      <throttleSize>0</throttleSize>
    </step>
    <step id="c6440841-3fa5-498d-a5fc-855c16592e8e">
      <annotation>7f62af65-07d6-41ad-b715-9fd434b36a72.c6440841-3fa5-498d-a5fc-855c16592e8e.description</annotation>
      <name>Http Client Put</name>
      <bounds>
        <x>71.0</x>
        <y>248.0</y>
      </bounds>
      <layer>-1</layer>
      <hideInbound>false</hideInbound>
      <addResultToRunContext>false</addResultToRunContext>
      <isCriticalStep>false</isCriticalStep>
      <isNonBlocking>false</isNonBlocking>
      <isParallelStep>false</isParallelStep>
      <isSingleResponse>false</isSingleResponse>
      <recordInHistory>false</recordInHistory>
      <recordRawOutput>false</recordRawOutput>
      <recordPrimaryOutput>false</recordPrimaryOutput>
      <checkPointStep>false</checkPointStep>
      <historyCheckPointStep>false</historyCheckPointStep>
      <scriptResultStep>false</scriptResultStep>
      <userPrompt></userPrompt>
      <bindings>
        <staticBinding id="c998e149-d0e3-44db-be09-cb68b5e5a41d">
          <annotation></annotation>
          <toContextKey></toContextKey>
          <fromContextKey></fromContextKey>
          <assignFromContext>false</assignFromContext>
          <assignToContext>false</assignToContext>
          <inputType>STRING</inputType>
          <isList>false</isList>
          <required>true</required>
          <isPersisted>true</isPersisted>
          <inputSymbol>url</inputSymbol>
          <listDelimiter>,</listDelimiter>
          <value>${CSA_REST_URI}/artifact/${csasvcuuid}?userIdentifier=${userIdentifier}&amp;view=propertyinfo&amp;scope=view&amp;_action_=merge&amp;property_values_action_=update
</value>
          <record>false</record>
        </staticBinding>
        <identityBinding id="dcbd1a8a-c65e-45f4-a7de-d0c19ae9879c">
          <annotation></annotation>
          <toContextKey></toContextKey>
          <fromContextKey></fromContextKey>
          <assignFromContext>false</assignFromContext>
          <assignToContext>false</assignToContext>
          <inputType>ENCRYPTED</inputType>
          <isList>false</isList>
          <required>false</required>
          <isPersisted>true</isPersisted>
          <inputSymbol>username</inputSymbol>
          <listDelimiter>,</listDelimiter>
          <record>false</record>
          <link>
            <refId>a04be803-f696-4c51-b518-c7f67202c2f6</refId>
            <refName>CSA_REST_CREDENTIALS</refName>
          </link>
          <identityAttribute>USERNAME</identityAttribute>
        </identityBinding>
        <identityBinding id="3dee25ff-d928-49e2-8841-4ba10dd798f5">
          <annotation></annotation>
          <toContextKey></toContextKey>
          <fromContextKey></fromContextKey>
          <assignFromContext>false</assignFromContext>
          <assignToContext>false</assignToContext>
          <inputType>ENCRYPTED</inputType>
          <isList>false</isList>
          <required>false</required>
          <isPersisted>true</isPersisted>
          <inputSymbol>password</inputSymbol>
          <listDelimiter>,</listDelimiter>
          <record>false</record>
          <link>
            <refId>a04be803-f696-4c51-b518-c7f67202c2f6</refId>
            <refName>CSA_REST_CREDENTIALS</refName>
          </link>
          <identityAttribute>PASSWORD</identityAttribute>
        </identityBinding>
        <staticBinding id="5f1ef18c-3528-439d-91cb-87d78f6673c3">
          <annotation></annotation>
          <toContextKey></toContextKey>
          <fromContextKey></fromContextKey>
          <assignFromContext>false</assignFromContext>
          <assignToContext>false</assignToContext>
          <inputType>STRING</inputType>
          <isList>false</isList>
          <required>false</required>
          <isPersisted>true</isPersisted>
          <inputSymbol>trustAllRoots</inputSymbol>
          <listDelimiter>,</listDelimiter>
          <value>true</value>
          <record>false</record>
        </staticBinding>
        <staticBinding id="917e68e5-0e2a-47f9-8a0a-607307bfec1b">
          <annotation></annotation>
          <assignFromContext>true</assignFromContext>
          <assignToContext>true</assignToContext>
          <inputType>STRING</inputType>
          <isList>false</isList>
          <required>false</required>
          <isPersisted>true</isPersisted>
          <inputSymbol>string</inputSymbol>
          <listDelimiter>,</listDelimiter>
          <value>&lt;ServiceComponent&gt;
&lt;id&gt;${csasvcuuid}&lt;/id&gt;
 &lt;property&gt;
         &lt;name&gt;${propName}&lt;/name&gt;
          &lt;displayName&gt;${displayname}&lt;/displayName&gt;
          &lt;valueType&gt;
               &lt;name&gt;${propType}&lt;/name&gt;
          &lt;/valueType&gt;
           &lt;values&gt;&lt;value&gt;${propValue}&lt;/value&gt;&lt;/values&gt;
&lt;consumerVisible&gt;${customerVisible}&lt;/consumerVisible&gt;
 &lt;/property&gt;    
&lt;/ServiceComponent&gt;
</value>
          <record>false</record>
        </staticBinding>
        <staticBinding id="0d2aec37-7d50-49dd-aaf6-24c833763007">
          <annotation></annotation>
          <assignFromContext>true</assignFromContext>
          <assignToContext>true</assignToContext>
          <inputType>STRING</inputType>
          <isList>false</isList>
          <required>false</required>
          <isPersisted>true</isPersisted>
          <inputSymbol>headerNamesList</inputSymbol>
          <listDelimiter>,</listDelimiter>
          <value>Accept,content-type</value>
          <record>false</record>
        </staticBinding>
        <staticBinding id="de2424c3-2188-4558-9c5a-d392fa287e1c">
          <annotation></annotation>
          <assignFromContext>true</assignFromContext>
          <assignToContext>true</assignToContext>
          <inputType>STRING</inputType>
          <isList>false</isList>
          <required>false</required>
          <isPersisted>true</isPersisted>
          <inputSymbol>headerValuesList</inputSymbol>
          <listDelimiter>,</listDelimiter>
          <value>application/xml,application/xml</value>
          <record>false</record>
        </staticBinding>
        <staticBinding id="f4f5e8f5-ea07-4705-b05d-3aa4ba009903">
          <annotation></annotation>
          <assignFromContext>true</assignFromContext>
          <assignToContext>true</assignToContext>
          <inputType>STRING</inputType>
          <isList>false</isList>
          <required>false</required>
          <isPersisted>true</isPersisted>
          <inputSymbol>delimiter</inputSymbol>
          <listDelimiter>,</listDelimiter>
          <value>,</value>
          <record>false</record>
        </staticBinding>
      </bindings>
      <transitions>
        <transition id="e21fe133-51b5-4a84-bfbb-2e222418a514">
          <annotation></annotation>
          <name>failure</name>
          <command>NEXT</command>
          <linkMode>false</linkMode>
          <responseSymbol>failure</responseSymbol>
          <shouldHandoff>false</shouldHandoff>
          <transitionValue>0.0</transitionValue>
          <destination>
            <refId>96d9ed70-a696-4a4a-a7e9-3ec99092cd06</refId>
          </destination>
          <source>
            <refId>c6440841-3fa5-498d-a5fc-855c16592e8e</refId>
          </source>
          <positions>
            <point>
              <x>391.0</x>
              <y>399.0</y>
            </point>
            <point>
              <x>662.0</x>
              <y>492.0</y>
            </point>
          </positions>
          <labelPosition>
            <x>333.0</x>
            <y>0.0</y>
          </labelPosition>
        </transition>
        <transition id="133ce261-5801-4b24-8ee5-fe3da7b6c7a3">
          <annotation></annotation>
          <name>success</name>
          <command>NEXT</command>
          <linkMode>false</linkMode>
          <responseSymbol>success</responseSymbol>
          <shouldHandoff>false</shouldHandoff>
          <transitionValue>0.0</transitionValue>
          <destination>
            <refId>f0abbd58-14dd-4141-a097-11f6371b42de</refId>
          </destination>
          <source>
            <refId>c6440841-3fa5-498d-a5fc-855c16592e8e</refId>
          </source>
          <positions>
            <point>
              <x>391.0</x>
              <y>399.0</y>
            </point>
            <point>
              <x>662.0</x>
              <y>275.0</y>
            </point>
          </positions>
          <labelPosition>
            <x>333.0</x>
            <y>0.0</y>
          </labelPosition>
        </transition>
      </transitions>
      <properties/>
      <opRef>
        <refId>f82f462e-b17e-4565-a423-0521a851f968</refId>
      </opRef>
      <assignments>
        <flowVariableAssignment id="07b5ad42-a53f-49fb-af0c-1bf03e518140">
          <annotation></annotation>
          <name>assignment</name>
          <action>OVERWRITE</action>
          <assignmentTargetType>FLOW_OUTPUT_FIELD</assignmentTargetType>
          <contextKey>document</contextKey>
          <expression id="62551152-042f-4f41-b1fb-48f1ec6d6d2a">
            <annotation></annotation>
            <name>Result Field: document</name>
            <fieldName>document</fieldName>
            <sourceType>RAWRESULT</sourceType>
            <filters/>
          </expression>
        </flowVariableAssignment>
      </assignments>
      <throttleSize>0</throttleSize>
    </step>
    <returnStep id="96d9ed70-a696-4a4a-a7e9-3ec99092cd06">
      <annotation></annotation>
      <name>Error : failure</name>
      <bounds>
        <x>328.0</x>
        <y>74.0</y>
      </bounds>
      <layer>-1</layer>
      <hideInbound>false</hideInbound>
      <addResultToRunContext>false</addResultToRunContext>
      <isCriticalStep>false</isCriticalStep>
      <isNonBlocking>false</isNonBlocking>
      <isParallelStep>false</isParallelStep>
      <isSingleResponse>false</isSingleResponse>
      <recordInHistory>false</recordInHistory>
      <recordRawOutput>true</recordRawOutput>
      <recordPrimaryOutput>true</recordPrimaryOutput>
      <checkPointStep>true</checkPointStep>
      <historyCheckPointStep>true</historyCheckPointStep>
      <scriptResultStep>false</scriptResultStep>
      <userPrompt></userPrompt>
      <bindings/>
      <transitions>
        <transition id="cbc26f3d-8e33-4c6c-bd00-139c85c52051">
          <annotation></annotation>
          <name>return</name>
          <command>NEXT</command>
          <linkMode>false</linkMode>
          <responseSymbol>failure</responseSymbol>
          <shouldHandoff>false</shouldHandoff>
          <transitionValue>0.0</transitionValue>
          <destination>
            <refId>96d9ed70-a696-4a4a-a7e9-3ec99092cd06</refId>
          </destination>
          <source>
            <refId>96d9ed70-a696-4a4a-a7e9-3ec99092cd06</refId>
          </source>
          <positions/>
        </transition>
      </transitions>
      <properties/>
      <returnStepType>ERROR</returnStepType>
      <assignments/>
    </returnStep>
    <returnStep id="f0abbd58-14dd-4141-a097-11f6371b42de">
      <annotation></annotation>
      <name>Resolved : success</name>
      <bounds>
        <x>328.0</x>
        <y>248.0</y>
      </bounds>
      <layer>-1</layer>
      <hideInbound>false</hideInbound>
      <addResultToRunContext>false</addResultToRunContext>
      <isCriticalStep>false</isCriticalStep>
      <isNonBlocking>false</isNonBlocking>
      <isParallelStep>false</isParallelStep>
      <isSingleResponse>false</isSingleResponse>
      <recordInHistory>false</recordInHistory>
      <recordRawOutput>true</recordRawOutput>
      <recordPrimaryOutput>true</recordPrimaryOutput>
      <checkPointStep>true</checkPointStep>
      <historyCheckPointStep>true</historyCheckPointStep>
      <scriptResultStep>false</scriptResultStep>
      <userPrompt></userPrompt>
      <bindings/>
      <transitions>
        <transition id="3ab638cd-574c-4e7a-bb18-4111422dd776">
          <annotation></annotation>
          <name>return</name>
          <command>NEXT</command>
          <linkMode>false</linkMode>
          <responseSymbol>success</responseSymbol>
          <shouldHandoff>false</shouldHandoff>
          <transitionValue>0.0</transitionValue>
          <destination>
            <refId>f0abbd58-14dd-4141-a097-11f6371b42de</refId>
          </destination>
          <source>
            <refId>f0abbd58-14dd-4141-a097-11f6371b42de</refId>
          </source>
          <positions/>
        </transition>
      </transitions>
      <properties/>
      <returnStepType>RESOLVED</returnStepType>
      <assignments/>
    </returnStep>
  </steps>
  <startSteps>e3fc12c4-4460-4dd5-b4fb-56b5c99fd853</startSteps>
</flow>