<?xml version="1.0" encoding="UTF-8"?>
<flow id="44715ee9-bd4b-4828-a112-830b96ea18fa">
  <annotation></annotation>
  <name>pc_lc_service_restart</name>
  <categories/>
  <inputs>
    <staticBinding id="27a627eb-4b27-45f0-a0f3-7794c43cc7f8">
      <annotation></annotation>
      <assignFromContext>true</assignFromContext>
      <assignToContext>true</assignToContext>
      <inputType>STRING</inputType>
      <isList>false</isList>
      <required>false</required>
      <isPersisted>true</isPersisted>
      <inputSymbol>CSA_CONTEXT_ID</inputSymbol>
      <listDelimiter>,</listDelimiter>
      <value>8af981b74072d79b014087b993e42d70</value>
      <record>false</record>
    </staticBinding>
    <staticBinding id="525fc150-e333-4e6d-a4d0-d22fa5e0e34a">
      <annotation></annotation>
      <assignFromContext>true</assignFromContext>
      <assignToContext>true</assignToContext>
      <inputType>STRING</inputType>
      <isList>false</isList>
      <required>false</required>
      <isPersisted>true</isPersisted>
      <inputSymbol>CSA_PROCESS_ID</inputSymbol>
      <listDelimiter>,</listDelimiter>
      <value>8af981b74072d79b0140868665aa2802</value>
      <record>false</record>
    </staticBinding>
  </inputs>
  <scriptlet id="0bde5c38-93a9-4709-a4ae-adeb82ac5804">
    <annotation></annotation>
    <name>Operation pc_lc_service_restart (44715ee9-bd4b-4828-a112-830b96ea18fa)</name>
    <type>RHINO</type>
  </scriptlet>
  <possibleResponses>
    <opResponse id="9a04f70a-c9b8-4bd8-ae9f-8fc513dc3f45">
      <annotation></annotation>
      <name>success</name>
      <isDefault>true</isDefault>
      <onFailure>false</onFailure>
      <type>RESOLVED</type>
      <matchRules/>
    </opResponse>
    <opResponse id="3f81890f-34fd-4851-8aa9-3ec30a169f0e">
      <annotation></annotation>
      <name>failure</name>
      <isDefault>false</isDefault>
      <onFailure>true</onFailure>
      <type>ERROR</type>
      <matchRules/>
    </opResponse>
  </possibleResponses>
  <availableResultExpressions/>
  <resultExpression id="fd150015-4eff-4e1d-bb0f-a6d7c4e0fbb8">
    <annotation></annotation>
    <name>FailureMessage</name>
    <fieldName>FailureMessage</fieldName>
    <sourceType>RAWRESULT</sourceType>
    <filters/>
  </resultExpression>
  <iconSpec id="82ae86b3-1c1a-4942-9e4a-b30ce4e9f332">
    <baseIcon>flow.png</baseIcon>
    <basePath>System</basePath>
    <readOnly>false</readOnly>
    <layers/>
  </iconSpec>
  <callouts/>
  <checkPointFlow>true</checkPointFlow>
  <compatibleRuntimeContext>false</compatibleRuntimeContext>
  <historyCheckPointFlow>true</historyCheckPointFlow>
  <steps>
    <step id="40d4c7a0-5210-4abc-b4ec-fe29b36ada5e">
      <annotation></annotation>
      <name>Get User Identifier</name>
      <bounds>
        <x>61.0</x>
        <y>27.0</y>
      </bounds>
      <layer>-1</layer>
      <hideInbound>false</hideInbound>
      <addResultToRunContext>false</addResultToRunContext>
      <isCriticalStep>false</isCriticalStep>
      <isNonBlocking>false</isNonBlocking>
      <isParallelStep>false</isParallelStep>
      <isSingleResponse>false</isSingleResponse>
      <recordInHistory>false</recordInHistory>
      <recordRawOutput>false</recordRawOutput>
      <recordPrimaryOutput>false</recordPrimaryOutput>
      <checkPointStep>true</checkPointStep>
      <historyCheckPointStep>true</historyCheckPointStep>
      <scriptResultStep>false</scriptResultStep>
      <userPrompt></userPrompt>
      <bindings>
        <staticBinding id="08eb9748-6a1d-49eb-ad71-8e5eb0f33527">
          <annotation></annotation>
          <fromContextKey>CSA_OO_USER</fromContextKey>
          <assignFromContext>false</assignFromContext>
          <assignToContext>false</assignToContext>
          <inputType>STRING</inputType>
          <isList>false</isList>
          <required>true</required>
          <isPersisted>true</isPersisted>
          <inputSymbol>csaUser</inputSymbol>
          <listDelimiter>,</listDelimiter>
          <value>${CSA_OO_USER}</value>
          <record>false</record>
        </staticBinding>
      </bindings>
      <transitions>
        <transition id="2cffacc4-b557-4a45-9ac8-5f53d3611f39">
          <annotation></annotation>
          <name>success</name>
          <command>NEXT</command>
          <linkMode>false</linkMode>
          <responseSymbol>success</responseSymbol>
          <shouldHandoff>false</shouldHandoff>
          <transitionValue>0.0</transitionValue>
          <destination>
            <refId>740e4f75-9059-4303-8a32-667d153c7ac5</refId>
          </destination>
          <source>
            <refId>40d4c7a0-5210-4abc-b4ec-fe29b36ada5e</refId>
          </source>
          <positions>
            <point>
              <x>115.0</x>
              <y>61.0</y>
            </point>
            <point>
              <x>123.0</x>
              <y>185.0</y>
            </point>
          </positions>
          <labelPosition>
            <x>333.0</x>
            <y>0.0</y>
          </labelPosition>
        </transition>
        <transition id="57e2acae-7946-48ae-bd94-4d5a30a9dbb4">
          <annotation></annotation>
          <name>failure</name>
          <command>NEXT</command>
          <linkMode>false</linkMode>
          <responseSymbol>failure</responseSymbol>
          <shouldHandoff>false</shouldHandoff>
          <transitionValue>0.0</transitionValue>
          <destination>
            <refId>c5b8a50d-a6f2-4824-879c-4633ed0e26dc</refId>
          </destination>
          <source>
            <refId>40d4c7a0-5210-4abc-b4ec-fe29b36ada5e</refId>
          </source>
          <positions>
            <point>
              <x>111.0</x>
              <y>61.0</y>
            </point>
            <point>
              <x>252.0</x>
              <y>351.0</y>
            </point>
          </positions>
          <labelPosition>
            <x>333.0</x>
            <y>0.0</y>
          </labelPosition>
        </transition>
      </transitions>
      <properties/>
      <opRef>
        <refId>f1c8b14a-694f-4a03-a84a-c7504fe0a29b</refId>
      </opRef>
      <assignments>
        <flowVariableAssignment id="b7631d4b-4fcd-4e87-af9e-562a5c21c017">
          <annotation></annotation>
          <name>assignment</name>
          <action>OVERWRITE</action>
          <assignmentTargetType>FLOW_VARIABLE</assignmentTargetType>
          <contextKey>userIdentifier</contextKey>
          <expression id="75103a7f-d849-4b28-8516-485d0a0a845d">
            <annotation></annotation>
            <name>Result Field: userIdentifier</name>
            <fieldName>userIdentifier</fieldName>
            <sourceType>RAWRESULT</sourceType>
            <filters/>
          </expression>
        </flowVariableAssignment>
      </assignments>
      <throttleSize>0</throttleSize>
    </step>
    <returnStep id="67f08265-9be6-4f5e-b9e7-90a018ac82ba">
      <annotation></annotation>
      <name>Resolved : success</name>
      <bounds>
        <x>673.0</x>
        <y>190.0</y>
      </bounds>
      <layer>-1</layer>
      <hideInbound>false</hideInbound>
      <addResultToRunContext>false</addResultToRunContext>
      <isCriticalStep>false</isCriticalStep>
      <isNonBlocking>false</isNonBlocking>
      <isParallelStep>false</isParallelStep>
      <isSingleResponse>false</isSingleResponse>
      <recordInHistory>false</recordInHistory>
      <recordRawOutput>true</recordRawOutput>
      <recordPrimaryOutput>true</recordPrimaryOutput>
      <checkPointStep>true</checkPointStep>
      <historyCheckPointStep>true</historyCheckPointStep>
      <scriptResultStep>false</scriptResultStep>
      <userPrompt></userPrompt>
      <bindings/>
      <transitions>
        <transition id="89e40457-7589-4d80-a05c-41c9c511e9cf">
          <annotation></annotation>
          <name>return</name>
          <command>NEXT</command>
          <linkMode>false</linkMode>
          <responseSymbol>success</responseSymbol>
          <shouldHandoff>false</shouldHandoff>
          <transitionValue>0.0</transitionValue>
          <destination>
            <refId>67f08265-9be6-4f5e-b9e7-90a018ac82ba</refId>
          </destination>
          <source>
            <refId>67f08265-9be6-4f5e-b9e7-90a018ac82ba</refId>
          </source>
          <positions/>
        </transition>
      </transitions>
      <properties/>
      <returnStepType>RESOLVED</returnStepType>
      <assignments/>
    </returnStep>
    <returnStep id="4b89f693-b9a9-474e-9f3f-53a437733586">
      <annotation></annotation>
      <name>Error : failure</name>
      <bounds>
        <x>842.0</x>
        <y>755.0</y>
      </bounds>
      <layer>-1</layer>
      <hideInbound>false</hideInbound>
      <addResultToRunContext>false</addResultToRunContext>
      <isCriticalStep>false</isCriticalStep>
      <isNonBlocking>false</isNonBlocking>
      <isParallelStep>false</isParallelStep>
      <isSingleResponse>false</isSingleResponse>
      <recordInHistory>false</recordInHistory>
      <recordRawOutput>true</recordRawOutput>
      <recordPrimaryOutput>true</recordPrimaryOutput>
      <checkPointStep>true</checkPointStep>
      <historyCheckPointStep>true</historyCheckPointStep>
      <scriptResultStep>false</scriptResultStep>
      <userPrompt></userPrompt>
      <bindings/>
      <transitions>
        <transition id="fac40937-db9f-4cc8-9e76-2170b3e5654f">
          <annotation></annotation>
          <name>return</name>
          <command>NEXT</command>
          <linkMode>false</linkMode>
          <responseSymbol>failure</responseSymbol>
          <shouldHandoff>false</shouldHandoff>
          <transitionValue>0.0</transitionValue>
          <destination>
            <refId>4b89f693-b9a9-474e-9f3f-53a437733586</refId>
          </destination>
          <source>
            <refId>4b89f693-b9a9-474e-9f3f-53a437733586</refId>
          </source>
          <positions/>
        </transition>
      </transitions>
      <properties/>
      <returnStepType>ERROR</returnStepType>
      <assignments/>
    </returnStep>
    <step id="8379c58a-b735-4357-a648-9ebce7b04c9e">
      <annotation>44715ee9-bd4b-4828-a112-830b96ea18fa.8379c58a-b735-4357-a648-9ebce7b04c9e.description</annotation>
      <name>MOE_PowerOffIOService</name>
      <bounds>
        <x>54.0</x>
        <y>633.0</y>
      </bounds>
      <layer>-1</layer>
      <hideInbound>false</hideInbound>
      <addResultToRunContext>false</addResultToRunContext>
      <isCriticalStep>false</isCriticalStep>
      <isNonBlocking>false</isNonBlocking>
      <isParallelStep>false</isParallelStep>
      <isSingleResponse>false</isSingleResponse>
      <recordInHistory>false</recordInHistory>
      <recordRawOutput>true</recordRawOutput>
      <recordPrimaryOutput>true</recordPrimaryOutput>
      <checkPointStep>true</checkPointStep>
      <historyCheckPointStep>true</historyCheckPointStep>
      <scriptResultStep>false</scriptResultStep>
      <userPrompt></userPrompt>
      <bindings>
        <staticBinding id="85390256-10d6-4a72-8fe4-f9c57f2ea47b">
          <annotation></annotation>
          <fromContextKey>serviceAccessPoint</fromContextKey>
          <assignFromContext>false</assignFromContext>
          <assignToContext>true</assignToContext>
          <inputType>STRING</inputType>
          <isList>false</isList>
          <required>true</required>
          <isPersisted>true</isPersisted>
          <inputSymbol>url</inputSymbol>
          <listDelimiter>,</listDelimiter>
          <value>https://${db.getdetails.iohost}:51443/hpio/controller/soap/v1</value>
          <record>false</record>
        </staticBinding>
        <staticBinding id="6b397c1e-0b4c-46f2-ac5c-ea00203f9115">
          <annotation></annotation>
          <assignFromContext>false</assignFromContext>
          <assignToContext>true</assignToContext>
          <inputType>STRING</inputType>
          <isList>false</isList>
          <required>true</required>
          <isPersisted>true</isPersisted>
          <inputSymbol>serviceName</inputSymbol>
          <listDelimiter>,</listDelimiter>
          <value>${db.getdetails.hostname}</value>
          <record>false</record>
        </staticBinding>
        <identityBinding id="2f94e1a5-0bf4-4ea7-bc1c-3650c2d83d30">
          <annotation></annotation>
          <assignFromContext>true</assignFromContext>
          <assignToContext>true</assignToContext>
          <inputType>ENCRYPTED</inputType>
          <isList>false</isList>
          <required>true</required>
          <isPersisted>true</isPersisted>
          <inputSymbol>username</inputSymbol>
          <listDelimiter>,</listDelimiter>
          <record>false</record>
          <link>
            <refId>783a5859-a61d-4376-8770-fd3e31273df9</refId>
            <refName>pc.moe</refName>
          </link>
          <identityAttribute>USERNAME</identityAttribute>
        </identityBinding>
        <identityBinding id="a2bfeba6-0b45-41a2-8ea4-6ee9e6ec7ecb">
          <annotation></annotation>
          <assignFromContext>true</assignFromContext>
          <assignToContext>true</assignToContext>
          <inputType>ENCRYPTED</inputType>
          <isList>false</isList>
          <required>true</required>
          <isPersisted>true</isPersisted>
          <inputSymbol>password</inputSymbol>
          <listDelimiter>,</listDelimiter>
          <record>false</record>
          <link>
            <refId>783a5859-a61d-4376-8770-fd3e31273df9</refId>
            <refName>pc.moe</refName>
          </link>
          <identityAttribute>PASSWORD</identityAttribute>
        </identityBinding>
        <staticBinding id="52cc126f-3807-48cc-a457-44e3fce0e8e7">
          <annotation></annotation>
          <assignFromContext>true</assignFromContext>
          <assignToContext>true</assignToContext>
          <inputType>STRING</inputType>
          <isList>false</isList>
          <required>false</required>
          <isPersisted>true</isPersisted>
          <inputSymbol>lobUser</inputSymbol>
          <listDelimiter>,</listDelimiter>
          <value>${pc.moe.user}</value>
          <record>false</record>
        </staticBinding>
      </bindings>
      <transitions>
        <transition id="f22dff81-236c-4189-827d-db2f6aaf4af0">
          <annotation></annotation>
          <name>failure</name>
          <command>NEXT</command>
          <linkMode>false</linkMode>
          <responseSymbol>failure</responseSymbol>
          <shouldHandoff>false</shouldHandoff>
          <transitionValue>0.0</transitionValue>
          <destination>
            <refId>45ed3791-3921-4462-a7d6-a21c8bc89368</refId>
          </destination>
          <source>
            <refId>8379c58a-b735-4357-a648-9ebce7b04c9e</refId>
          </source>
          <positions>
            <point>
              <x>184.0</x>
              <y>799.0</y>
            </point>
            <point>
              <x>487.0</x>
              <y>789.0</y>
            </point>
          </positions>
          <labelPosition>
            <x>333.0</x>
            <y>0.0</y>
          </labelPosition>
        </transition>
        <transition id="1f656f90-eb5a-4fbf-93cf-fd325e4d595e">
          <annotation></annotation>
          <name>success</name>
          <command>NEXT</command>
          <linkMode>false</linkMode>
          <responseSymbol>success</responseSymbol>
          <shouldHandoff>false</shouldHandoff>
          <transitionValue>0.0</transitionValue>
          <destination>
            <refId>201de70b-b546-41c9-aede-ceb929ddf51b</refId>
          </destination>
          <source>
            <refId>8379c58a-b735-4357-a648-9ebce7b04c9e</refId>
          </source>
          <positions>
            <point>
              <x>105.0</x>
              <y>784.0</y>
            </point>
            <point>
              <x>401.0</x>
              <y>602.0</y>
            </point>
          </positions>
          <labelPosition>
            <x>333.0</x>
            <y>0.0</y>
          </labelPosition>
        </transition>
      </transitions>
      <properties/>
      <opRef>
        <refId>534d63c8-92d1-44eb-8476-830f90e0f683</refId>
      </opRef>
      <assignments>
        <flowVariableAssignment id="5cf07146-577c-41b6-9e7a-560b7cc40293">
          <annotation></annotation>
          <name>assignment</name>
          <action>OVERWRITE</action>
          <assignmentTargetType>FLOW_VARIABLE</assignmentTargetType>
          <contextKey>failureMessage</contextKey>
          <expression id="49eb865a-ce23-4e40-a68e-dab00e0e8fed">
            <annotation></annotation>
            <name>Result Field: FailureMessage</name>
            <fieldName>FailureMessage</fieldName>
            <sourceType>RAWRESULT</sourceType>
            <filters>
              <scriptletFilter id="5d1bc20e-a077-4890-93fc-116d2eb56fd2">
                <annotation></annotation>
                <name>Scriptlet</name>
                <scriptlet id="ec2e3faa-c5fc-45cd-b242-aa7a9655ca33">
                  <annotation></annotation>
                  <name>default</name>
                  <script>scriptletResult = &quot;Failed to power off service &quot;+serviceName;</script>
                  <type>RHINO</type>
                </scriptlet>
              </scriptletFilter>
            </filters>
          </expression>
        </flowVariableAssignment>
      </assignments>
      <throttleSize>0</throttleSize>
    </step>
    <step id="088eaf1f-3ab8-4829-97e9-8f2274661348">
      <annotation>44715ee9-bd4b-4828-a112-830b96ea18fa.088eaf1f-3ab8-4829-97e9-8f2274661348.description</annotation>
      <name>SendSuccess</name>
      <bounds>
        <x>673.0</x>
        <y>476.0</y>
      </bounds>
      <layer>-1</layer>
      <hideInbound>false</hideInbound>
      <addResultToRunContext>false</addResultToRunContext>
      <isCriticalStep>false</isCriticalStep>
      <isNonBlocking>false</isNonBlocking>
      <isParallelStep>false</isParallelStep>
      <isSingleResponse>false</isSingleResponse>
      <recordInHistory>false</recordInHistory>
      <recordRawOutput>true</recordRawOutput>
      <recordPrimaryOutput>true</recordPrimaryOutput>
      <checkPointStep>true</checkPointStep>
      <historyCheckPointStep>true</historyCheckPointStep>
      <scriptResultStep>false</scriptResultStep>
      <userPrompt></userPrompt>
      <bindings>
        <staticBinding id="a57afbc9-383d-4980-9cf2-7b6c91165043">
          <annotation></annotation>
          <assignFromContext>true</assignFromContext>
          <assignToContext>true</assignToContext>
          <inputType>STRING</inputType>
          <isList>false</isList>
          <required>false</required>
          <isPersisted>true</isPersisted>
          <inputSymbol>template.name</inputSymbol>
          <listDelimiter>,</listDelimiter>
          <value>email_template_lca_success</value>
          <record>false</record>
        </staticBinding>
        <staticBinding id="4efd7987-68da-43b8-b19e-d2c679c6ec2f">
          <annotation></annotation>
          <assignFromContext>true</assignFromContext>
          <assignToContext>true</assignToContext>
          <inputType>STRING</inputType>
          <isList>false</isList>
          <required>true</required>
          <isPersisted>true</isPersisted>
          <inputSymbol>parameter</inputSymbol>
          <listDelimiter>,</listDelimiter>
          <value>[{&quot;server.csaname&quot;:&quot;${server.csaname}&quot;},{&quot;flow.action&quot;:&quot;Restart Server&quot;},{&quot;servicedesk.email&quot;:&quot;${pc.email.servicedesk}&quot;}]</value>
          <record>false</record>
        </staticBinding>
        <staticBinding id="f1ac0eaa-ef26-4f30-9be1-773be8b5277c">
          <annotation></annotation>
          <assignFromContext>true</assignFromContext>
          <assignToContext>true</assignToContext>
          <inputType>STRING</inputType>
          <isList>false</isList>
          <required>true</required>
          <isPersisted>true</isPersisted>
          <inputSymbol>recipient</inputSymbol>
          <listDelimiter>,</listDelimiter>
          <value>${db.getdetails.contactemail}</value>
          <record>false</record>
        </staticBinding>
      </bindings>
      <transitions>
        <transition id="5c3ec863-f74c-4503-a1ef-0350a796b178">
          <annotation></annotation>
          <name>success</name>
          <command>NEXT</command>
          <linkMode>false</linkMode>
          <responseSymbol>success</responseSymbol>
          <shouldHandoff>false</shouldHandoff>
          <transitionValue>0.0</transitionValue>
          <destination>
            <refId>ae860e7a-eea3-4d19-9fd0-2012265f5415</refId>
          </destination>
          <source>
            <refId>088eaf1f-3ab8-4829-97e9-8f2274661348</refId>
          </source>
          <positions>
            <point>
              <x>735.0</x>
              <y>497.0</y>
            </point>
            <point>
              <x>732.0</x>
              <y>370.0</y>
            </point>
          </positions>
          <labelPosition>
            <x>333.0</x>
            <y>0.0</y>
          </labelPosition>
        </transition>
        <transition id="29958773-46ac-40a4-9785-00397fa64a58">
          <annotation></annotation>
          <name>failure</name>
          <command>NEXT</command>
          <linkMode>false</linkMode>
          <responseSymbol>failure</responseSymbol>
          <shouldHandoff>false</shouldHandoff>
          <transitionValue>0.0</transitionValue>
          <destination>
            <refId>ae860e7a-eea3-4d19-9fd0-2012265f5415</refId>
          </destination>
          <source>
            <refId>088eaf1f-3ab8-4829-97e9-8f2274661348</refId>
          </source>
          <positions>
            <point>
              <x>735.0</x>
              <y>497.0</y>
            </point>
            <point>
              <x>758.576100337546</x>
              <y>436.42634654510294</y>
            </point>
            <point>
              <x>758.409955469939</x>
              <y>429.3928804830667</y>
            </point>
            <point>
              <x>732.0</x>
              <y>370.0</y>
            </point>
          </positions>
          <labelPosition>
            <x>333.0</x>
            <y>0.0</y>
          </labelPosition>
        </transition>
      </transitions>
      <properties/>
      <opRef>
        <refId>93d11783-54db-4d1e-b6f2-9e2acf3098a4</refId>
      </opRef>
      <assignments/>
      <throttleSize>0</throttleSize>
    </step>
    <step id="45e70ecb-711d-4629-8fd3-a2bdb83321fb">
      <annotation>44715ee9-bd4b-4828-a112-830b96ea18fa.45e70ecb-711d-4629-8fd3-a2bdb83321fb.description</annotation>
      <name>Notify Flow Completion</name>
      <bounds>
        <x>661.0</x>
        <y>755.0</y>
      </bounds>
      <layer>-1</layer>
      <hideInbound>false</hideInbound>
      <addResultToRunContext>false</addResultToRunContext>
      <isCriticalStep>false</isCriticalStep>
      <isNonBlocking>false</isNonBlocking>
      <isParallelStep>false</isParallelStep>
      <isSingleResponse>true</isSingleResponse>
      <recordInHistory>false</recordInHistory>
      <recordRawOutput>false</recordRawOutput>
      <recordPrimaryOutput>false</recordPrimaryOutput>
      <checkPointStep>true</checkPointStep>
      <historyCheckPointStep>true</historyCheckPointStep>
      <scriptResultStep>false</scriptResultStep>
      <userPrompt></userPrompt>
      <bindings>
        <staticBinding id="7ca6921e-fe67-44e4-9817-dd84cd0c8735">
          <annotation></annotation>
          <fromContextKey>CSA_PROCESS_ID</fromContextKey>
          <assignFromContext>false</assignFromContext>
          <assignToContext>false</assignToContext>
          <inputType>STRING</inputType>
          <isList>false</isList>
          <required>true</required>
          <isPersisted>true</isPersisted>
          <inputSymbol>processInstanceId</inputSymbol>
          <listDelimiter>,</listDelimiter>
          <value>${CSA_PROCESS_ID}</value>
          <record>false</record>
        </staticBinding>
        <staticBinding id="6337915c-d0cc-41d8-ad31-b2b99369da49">
          <annotation></annotation>
          <assignFromContext>false</assignFromContext>
          <assignToContext>false</assignToContext>
          <inputType>STRING</inputType>
          <isList>false</isList>
          <required>true</required>
          <isPersisted>true</isPersisted>
          <inputSymbol>userIdentifier</inputSymbol>
          <listDelimiter>,</listDelimiter>
          <value>${userIdentifier}</value>
          <record>false</record>
        </staticBinding>
        <staticBinding id="4302337e-2bc5-4412-8733-4804d180c5e4">
          <annotation></annotation>
          <assignFromContext>false</assignFromContext>
          <assignToContext>false</assignToContext>
          <inputType>STRING</inputType>
          <isList>false</isList>
          <required>true</required>
          <isPersisted>true</isPersisted>
          <inputSymbol>processInstanceState</inputSymbol>
          <listDelimiter>,</listDelimiter>
          <value>COMPLETED</value>
          <record>false</record>
        </staticBinding>
        <staticBinding id="5e3c0283-8900-48bd-9e7e-4f5d1116f1ac">
          <annotation></annotation>
          <assignFromContext>false</assignFromContext>
          <assignToContext>false</assignToContext>
          <inputType>STRING</inputType>
          <isList>false</isList>
          <required>false</required>
          <isPersisted>true</isPersisted>
          <inputSymbol>processReturnCode</inputSymbol>
          <listDelimiter>,</listDelimiter>
          <value>FAILURE</value>
          <record>false</record>
        </staticBinding>
        <staticBinding id="f8d52c58-1967-422c-8c53-6e8cb53620eb">
          <annotation></annotation>
          <assignFromContext>true</assignFromContext>
          <assignToContext>true</assignToContext>
          <inputType>STRING</inputType>
          <isList>false</isList>
          <required>false</required>
          <isPersisted>true</isPersisted>
          <inputSymbol>processStatus</inputSymbol>
          <listDelimiter>,</listDelimiter>
          <value>Flow failed</value>
          <record>false</record>
        </staticBinding>
      </bindings>
      <transitions>
        <transition id="dc56b7c1-3efc-491f-8f3e-ba7a6f20f878">
          <annotation></annotation>
          <name>done</name>
          <command>NEXT</command>
          <linkMode>false</linkMode>
          <responseSymbol>done</responseSymbol>
          <shouldHandoff>false</shouldHandoff>
          <transitionValue>0.0</transitionValue>
          <destination>
            <refId>4b89f693-b9a9-474e-9f3f-53a437733586</refId>
          </destination>
          <source>
            <refId>45e70ecb-711d-4629-8fd3-a2bdb83321fb</refId>
          </source>
          <positions>
            <point>
              <x>484.0</x>
              <y>780.0</y>
            </point>
            <point>
              <x>486.0</x>
              <y>873.0</y>
            </point>
          </positions>
          <labelPosition>
            <x>333.0</x>
            <y>0.0</y>
          </labelPosition>
        </transition>
      </transitions>
      <properties/>
      <opRef>
        <refId>7bda02d2-425f-42aa-9ad3-5192b0fe6446</refId>
      </opRef>
      <assignments/>
      <throttleSize>0</throttleSize>
    </step>
    <step id="45ed3791-3921-4462-a7d6-a21c8bc89368">
      <annotation>44715ee9-bd4b-4828-a112-830b96ea18fa.45ed3791-3921-4462-a7d6-a21c8bc89368.description</annotation>
      <name>SendFailure</name>
      <bounds>
        <x>437.0</x>
        <y>755.0</y>
      </bounds>
      <layer>-1</layer>
      <hideInbound>false</hideInbound>
      <addResultToRunContext>false</addResultToRunContext>
      <isCriticalStep>false</isCriticalStep>
      <isNonBlocking>false</isNonBlocking>
      <isParallelStep>false</isParallelStep>
      <isSingleResponse>false</isSingleResponse>
      <recordInHistory>false</recordInHistory>
      <recordRawOutput>true</recordRawOutput>
      <recordPrimaryOutput>true</recordPrimaryOutput>
      <checkPointStep>true</checkPointStep>
      <historyCheckPointStep>true</historyCheckPointStep>
      <scriptResultStep>false</scriptResultStep>
      <userPrompt></userPrompt>
      <bindings>
        <staticBinding id="05b18e62-ecb6-4417-bec4-ed25ab3d8eaf">
          <annotation></annotation>
          <assignFromContext>true</assignFromContext>
          <assignToContext>true</assignToContext>
          <inputType>STRING</inputType>
          <isList>false</isList>
          <required>false</required>
          <isPersisted>true</isPersisted>
          <inputSymbol>template.name</inputSymbol>
          <listDelimiter>,</listDelimiter>
          <value>email_template_lca_failure</value>
          <record>false</record>
        </staticBinding>
        <staticBinding id="0d459522-cc5b-4142-a333-c6c3322f2727">
          <annotation></annotation>
          <assignFromContext>true</assignFromContext>
          <assignToContext>true</assignToContext>
          <inputType>STRING</inputType>
          <isList>false</isList>
          <required>true</required>
          <isPersisted>true</isPersisted>
          <inputSymbol>parameter</inputSymbol>
          <listDelimiter>,</listDelimiter>
          <value>[{&quot;server.csaname&quot;:&quot;${server.csaname}&quot;},{&quot;flow.action&quot;:&quot;Restart Server&quot;},{&quot;flow.error&quot;:&quot;Unknown Error&quot;},{&quot;servicedesk.email&quot;:&quot;${pc.email.servicedesk}&quot;}]</value>
          <record>false</record>
        </staticBinding>
        <staticBinding id="424f0b23-f427-4bc3-be45-16d221ed200d">
          <annotation></annotation>
          <assignFromContext>true</assignFromContext>
          <assignToContext>true</assignToContext>
          <inputType>STRING</inputType>
          <isList>false</isList>
          <required>true</required>
          <isPersisted>true</isPersisted>
          <inputSymbol>recipient</inputSymbol>
          <listDelimiter>,</listDelimiter>
          <value>${db.getdetails.contactemail}</value>
          <record>false</record>
        </staticBinding>
      </bindings>
      <transitions>
        <transition id="2f3fb4fd-874b-4704-8b15-4e42ec8f0952">
          <annotation></annotation>
          <name>success</name>
          <command>NEXT</command>
          <linkMode>false</linkMode>
          <responseSymbol>success</responseSymbol>
          <shouldHandoff>false</shouldHandoff>
          <transitionValue>0.0</transitionValue>
          <destination>
            <refId>45e70ecb-711d-4629-8fd3-a2bdb83321fb</refId>
          </destination>
          <source>
            <refId>45ed3791-3921-4462-a7d6-a21c8bc89368</refId>
          </source>
          <positions>
            <point>
              <x>487.0</x>
              <y>789.0</y>
            </point>
            <point>
              <x>711.0</x>
              <y>792.0</y>
            </point>
          </positions>
          <labelPosition>
            <x>333.0</x>
            <y>0.0</y>
          </labelPosition>
        </transition>
        <transition id="5f40b930-5b9c-47e3-ad01-70fedc2e7892">
          <annotation></annotation>
          <name>failure</name>
          <command>NEXT</command>
          <linkMode>false</linkMode>
          <responseSymbol>failure</responseSymbol>
          <shouldHandoff>false</shouldHandoff>
          <transitionValue>0.0</transitionValue>
          <destination>
            <refId>45e70ecb-711d-4629-8fd3-a2bdb83321fb</refId>
          </destination>
          <source>
            <refId>45ed3791-3921-4462-a7d6-a21c8bc89368</refId>
          </source>
          <positions>
            <point>
              <x>487.0</x>
              <y>789.0</y>
            </point>
            <point>
              <x>547.3294110694944</x>
              <y>764.8057411767178</y>
            </point>
            <point>
              <x>651.340171739268</x>
              <y>766.1987424356879</y>
            </point>
            <point>
              <x>711.0</x>
              <y>792.0</y>
            </point>
          </positions>
          <labelPosition>
            <x>333.0</x>
            <y>0.0</y>
          </labelPosition>
        </transition>
      </transitions>
      <properties/>
      <opRef>
        <refId>93d11783-54db-4d1e-b6f2-9e2acf3098a4</refId>
      </opRef>
      <assignments/>
      <throttleSize>0</throttleSize>
    </step>
    <step id="5d1906fc-9519-474d-8724-7a39f6b94069">
      <annotation>44715ee9-bd4b-4828-a112-830b96ea18fa.5d1906fc-9519-474d-8724-7a39f6b94069.description</annotation>
      <name>Notify Flow Completion</name>
      <bounds>
        <x>187.0</x>
        <y>189.0</y>
      </bounds>
      <layer>-1</layer>
      <hideInbound>false</hideInbound>
      <addResultToRunContext>false</addResultToRunContext>
      <isCriticalStep>false</isCriticalStep>
      <isNonBlocking>false</isNonBlocking>
      <isParallelStep>false</isParallelStep>
      <isSingleResponse>true</isSingleResponse>
      <recordInHistory>false</recordInHistory>
      <recordRawOutput>false</recordRawOutput>
      <recordPrimaryOutput>false</recordPrimaryOutput>
      <checkPointStep>true</checkPointStep>
      <historyCheckPointStep>true</historyCheckPointStep>
      <scriptResultStep>false</scriptResultStep>
      <userPrompt></userPrompt>
      <bindings>
        <staticBinding id="ee1f6b71-9891-4bc7-96bb-8213791ba9d4">
          <annotation></annotation>
          <fromContextKey>CSA_PROCESS_ID</fromContextKey>
          <assignFromContext>false</assignFromContext>
          <assignToContext>false</assignToContext>
          <inputType>STRING</inputType>
          <isList>false</isList>
          <required>true</required>
          <isPersisted>true</isPersisted>
          <inputSymbol>processInstanceId</inputSymbol>
          <listDelimiter>,</listDelimiter>
          <value>${CSA_PROCESS_ID}</value>
          <record>false</record>
        </staticBinding>
        <staticBinding id="c6b837ac-2401-4670-ba28-90c3d149907e">
          <annotation></annotation>
          <assignFromContext>false</assignFromContext>
          <assignToContext>false</assignToContext>
          <inputType>STRING</inputType>
          <isList>false</isList>
          <required>true</required>
          <isPersisted>true</isPersisted>
          <inputSymbol>userIdentifier</inputSymbol>
          <listDelimiter>,</listDelimiter>
          <value>${userIdentifier}</value>
          <record>false</record>
        </staticBinding>
        <staticBinding id="8d96044b-bd2f-4a72-958b-491b422d2ce4">
          <annotation></annotation>
          <assignFromContext>false</assignFromContext>
          <assignToContext>false</assignToContext>
          <inputType>STRING</inputType>
          <isList>false</isList>
          <required>true</required>
          <isPersisted>true</isPersisted>
          <inputSymbol>processInstanceState</inputSymbol>
          <listDelimiter>,</listDelimiter>
          <value>COMPLETED</value>
          <record>false</record>
        </staticBinding>
        <staticBinding id="3fc44fcf-e9b5-4b70-b849-3b3d45978762">
          <annotation></annotation>
          <assignFromContext>false</assignFromContext>
          <assignToContext>false</assignToContext>
          <inputType>STRING</inputType>
          <isList>false</isList>
          <required>false</required>
          <isPersisted>true</isPersisted>
          <inputSymbol>processReturnCode</inputSymbol>
          <listDelimiter>,</listDelimiter>
          <value>FAILURE</value>
          <record>false</record>
        </staticBinding>
        <staticBinding id="5d83a100-62fa-41c8-9a4b-c3ada5f4ca42">
          <annotation></annotation>
          <assignFromContext>true</assignFromContext>
          <assignToContext>true</assignToContext>
          <inputType>STRING</inputType>
          <isList>false</isList>
          <required>false</required>
          <isPersisted>true</isPersisted>
          <inputSymbol>processStatus</inputSymbol>
          <listDelimiter>,</listDelimiter>
          <value>Flow failed</value>
          <record>false</record>
        </staticBinding>
      </bindings>
      <transitions>
        <transition id="6e18c3e2-9744-4825-94e0-872301e48c40">
          <annotation></annotation>
          <name>done</name>
          <command>NEXT</command>
          <linkMode>false</linkMode>
          <responseSymbol>done</responseSymbol>
          <shouldHandoff>false</shouldHandoff>
          <transitionValue>0.0</transitionValue>
          <destination>
            <refId>cffd1d25-0bcc-45fa-8255-b7ff3555ce3d</refId>
          </destination>
          <source>
            <refId>5d1906fc-9519-474d-8724-7a39f6b94069</refId>
          </source>
          <positions>
            <point>
              <x>249.0</x>
              <y>193.0</y>
            </point>
            <point>
              <x>260.0</x>
              <y>60.0</y>
            </point>
          </positions>
          <labelPosition>
            <x>333.0</x>
            <y>0.0</y>
          </labelPosition>
        </transition>
      </transitions>
      <properties/>
      <opRef>
        <refId>7bda02d2-425f-42aa-9ad3-5192b0fe6446</refId>
      </opRef>
      <assignments/>
      <throttleSize>0</throttleSize>
    </step>
    <step id="dcbc117f-24c5-4328-aa7c-6c3df47667fc">
      <annotation></annotation>
      <name>CSA_SetRunstate</name>
      <bounds>
        <x>673.0</x>
        <y>634.0</y>
      </bounds>
      <layer>-1</layer>
      <hideInbound>false</hideInbound>
      <addResultToRunContext>false</addResultToRunContext>
      <isCriticalStep>false</isCriticalStep>
      <isNonBlocking>false</isNonBlocking>
      <isParallelStep>false</isParallelStep>
      <isSingleResponse>false</isSingleResponse>
      <recordInHistory>false</recordInHistory>
      <recordRawOutput>true</recordRawOutput>
      <recordPrimaryOutput>true</recordPrimaryOutput>
      <checkPointStep>true</checkPointStep>
      <historyCheckPointStep>true</historyCheckPointStep>
      <scriptResultStep>false</scriptResultStep>
      <userPrompt></userPrompt>
      <bindings>
        <staticBinding id="88de98a4-cc35-4db7-a50c-a56ed947c9e6">
          <annotation></annotation>
          <assignFromContext>true</assignFromContext>
          <assignToContext>true</assignToContext>
          <inputType>STRING</inputType>
          <isList>false</isList>
          <required>true</required>
          <isPersisted>true</isPersisted>
          <inputSymbol>propName</inputSymbol>
          <listDelimiter>,</listDelimiter>
          <value>SERVER.1.RUNSTATE</value>
          <record>false</record>
        </staticBinding>
        <staticBinding id="84ab952c-46a3-4cb2-8f03-c7c208a3aa14">
          <annotation></annotation>
          <assignFromContext>true</assignFromContext>
          <assignToContext>true</assignToContext>
          <inputType>STRING</inputType>
          <isList>false</isList>
          <required>false</required>
          <isPersisted>true</isPersisted>
          <inputSymbol>propType</inputSymbol>
          <listDelimiter>,</listDelimiter>
          <value>STRING</value>
          <record>false</record>
        </staticBinding>
        <staticBinding id="34bc74e0-4981-4b57-9624-32c9c7590dec">
          <annotation></annotation>
          <assignFromContext>true</assignFromContext>
          <assignToContext>true</assignToContext>
          <inputType>STRING</inputType>
          <isList>false</isList>
          <required>true</required>
          <isPersisted>true</isPersisted>
          <inputSymbol>propValue</inputSymbol>
          <listDelimiter>,</listDelimiter>
          <value>PowerOn</value>
          <record>false</record>
        </staticBinding>
        <staticBinding id="fcb672f0-a203-4566-b5a1-b22916becb1f">
          <annotation></annotation>
          <assignFromContext>true</assignFromContext>
          <assignToContext>true</assignToContext>
          <inputType>STRING</inputType>
          <isList>false</isList>
          <required>false</required>
          <isPersisted>true</isPersisted>
          <inputSymbol>customerVisible</inputSymbol>
          <listDelimiter>,</listDelimiter>
          <value>true</value>
          <record>false</record>
        </staticBinding>
        <staticBinding id="c77d371b-554d-45eb-8a3e-e34749464af5">
          <annotation></annotation>
          <assignFromContext>true</assignFromContext>
          <assignToContext>true</assignToContext>
          <inputType>STRING</inputType>
          <isList>false</isList>
          <required>true</required>
          <isPersisted>true</isPersisted>
          <inputSymbol>csasvcuuid</inputSymbol>
          <listDelimiter>,</listDelimiter>
          <value>${CSA_CONTEXT_ID}</value>
          <record>false</record>
        </staticBinding>
        <staticBinding id="819a48ab-19a3-4c06-98d1-585f864370ce">
          <annotation></annotation>
          <assignFromContext>true</assignFromContext>
          <assignToContext>true</assignToContext>
          <inputType>STRING</inputType>
          <isList>false</isList>
          <required>true</required>
          <isPersisted>true</isPersisted>
          <inputSymbol>displayname</inputSymbol>
          <listDelimiter>,</listDelimiter>
          <value>Server Runstate</value>
          <record>false</record>
        </staticBinding>
      </bindings>
      <transitions>
        <transition id="d8298dc2-8464-47f9-9814-033d378a78c1">
          <annotation></annotation>
          <name>success</name>
          <command>NEXT</command>
          <linkMode>false</linkMode>
          <responseSymbol>success</responseSymbol>
          <shouldHandoff>false</shouldHandoff>
          <transitionValue>0.0</transitionValue>
          <destination>
            <refId>088eaf1f-3ab8-4829-97e9-8f2274661348</refId>
          </destination>
          <source>
            <refId>dcbc117f-24c5-4328-aa7c-6c3df47667fc</refId>
          </source>
          <positions>
            <point>
              <x>738.0</x>
              <y>668.0</y>
            </point>
            <point>
              <x>777.0</x>
              <y>508.0</y>
            </point>
          </positions>
          <labelPosition>
            <x>333.0</x>
            <y>0.0</y>
          </labelPosition>
        </transition>
        <transition id="ff6bb907-0e0b-4c4f-abda-bb7a9dbcfbb9">
          <annotation></annotation>
          <name>failure</name>
          <command>NEXT</command>
          <linkMode>false</linkMode>
          <responseSymbol>failure</responseSymbol>
          <shouldHandoff>false</shouldHandoff>
          <transitionValue>0.0</transitionValue>
          <destination>
            <refId>45ed3791-3921-4462-a7d6-a21c8bc89368</refId>
          </destination>
          <source>
            <refId>dcbc117f-24c5-4328-aa7c-6c3df47667fc</refId>
          </source>
          <positions>
            <point>
              <x>723.0</x>
              <y>668.0</y>
            </point>
            <point>
              <x>425.0</x>
              <y>740.0</y>
            </point>
          </positions>
          <labelPosition>
            <x>333.0</x>
            <y>0.0</y>
          </labelPosition>
        </transition>
      </transitions>
      <properties/>
      <opRef>
        <refId>7f62af65-07d6-41ad-b715-9fd434b36a72</refId>
      </opRef>
      <assignments/>
      <throttleSize>0</throttleSize>
    </step>
    <step id="04519552-be65-42a5-a8eb-d8a931c1f6b2">
      <annotation></annotation>
      <name>CSA_GetSubscriptionNameByID</name>
      <bounds>
        <x>54.0</x>
        <y>320.0</y>
      </bounds>
      <layer>-1</layer>
      <hideInbound>false</hideInbound>
      <addResultToRunContext>false</addResultToRunContext>
      <isCriticalStep>false</isCriticalStep>
      <isNonBlocking>false</isNonBlocking>
      <isParallelStep>false</isParallelStep>
      <isSingleResponse>false</isSingleResponse>
      <recordInHistory>false</recordInHistory>
      <recordRawOutput>true</recordRawOutput>
      <recordPrimaryOutput>true</recordPrimaryOutput>
      <checkPointStep>true</checkPointStep>
      <historyCheckPointStep>true</historyCheckPointStep>
      <scriptResultStep>false</scriptResultStep>
      <userPrompt></userPrompt>
      <bindings>
        <staticBinding id="9e7d05df-a05d-4c65-8afd-205a4db9a5f4">
          <annotation></annotation>
          <assignFromContext>true</assignFromContext>
          <assignToContext>true</assignToContext>
          <inputType>STRING</inputType>
          <isList>false</isList>
          <required>true</required>
          <isPersisted>true</isPersisted>
          <inputSymbol>SubscriptionID</inputSymbol>
          <listDelimiter>,</listDelimiter>
          <value>${db.getdetails.subscriptionId}</value>
          <record>false</record>
        </staticBinding>
      </bindings>
      <transitions>
        <transition id="1fcbf049-9ee2-4b5d-ab38-229515c5df65">
          <annotation></annotation>
          <name>success</name>
          <command>NEXT</command>
          <linkMode>false</linkMode>
          <responseSymbol>success</responseSymbol>
          <shouldHandoff>false</shouldHandoff>
          <transitionValue>0.0</transitionValue>
          <destination>
            <refId>3be70d5a-003b-4e45-a903-1179d2abe8a8</refId>
          </destination>
          <source>
            <refId>04519552-be65-42a5-a8eb-d8a931c1f6b2</refId>
          </source>
          <positions>
            <point>
              <x>104.0</x>
              <y>354.0</y>
            </point>
            <point>
              <x>111.0</x>
              <y>481.0</y>
            </point>
          </positions>
          <labelPosition>
            <x>333.0</x>
            <y>0.0</y>
          </labelPosition>
        </transition>
        <transition id="3c56e2f5-a222-49b0-867d-5e3db2c25edc">
          <annotation></annotation>
          <name>failure</name>
          <command>NEXT</command>
          <linkMode>false</linkMode>
          <responseSymbol>failure</responseSymbol>
          <shouldHandoff>false</shouldHandoff>
          <transitionValue>0.0</transitionValue>
          <destination>
            <refId>c5b8a50d-a6f2-4824-879c-4633ed0e26dc</refId>
          </destination>
          <source>
            <refId>04519552-be65-42a5-a8eb-d8a931c1f6b2</refId>
          </source>
          <positions>
            <point>
              <x>104.0</x>
              <y>354.0</y>
            </point>
            <point>
              <x>252.0</x>
              <y>351.0</y>
            </point>
          </positions>
          <labelPosition>
            <x>333.0</x>
            <y>0.0</y>
          </labelPosition>
        </transition>
      </transitions>
      <properties/>
      <opRef>
        <refId>4822bb20-7984-4c16-bf7e-fc84c6f991cd</refId>
      </opRef>
      <assignments>
        <flowVariableAssignment id="b4221de7-d1b1-4ad0-a385-c575947bcce8">
          <annotation></annotation>
          <name>assignment</name>
          <action>OVERWRITE</action>
          <assignmentTargetType>FLOW_VARIABLE</assignmentTargetType>
          <contextKey>server.csaname</contextKey>
          <expression id="c1de85f1-e339-4948-b142-a60b51ff2df9">
            <annotation></annotation>
            <name>Result: Name</name>
            <fieldName>Name</fieldName>
            <sourceType>AVAILABLE_RESULT</sourceType>
            <filters/>
          </expression>
        </flowVariableAssignment>
      </assignments>
      <throttleSize>0</throttleSize>
    </step>
    <step id="3be70d5a-003b-4e45-a903-1179d2abe8a8">
      <annotation></annotation>
      <name>isVirtual</name>
      <bounds>
        <x>54.0</x>
        <y>476.0</y>
      </bounds>
      <layer>-1</layer>
      <hideInbound>false</hideInbound>
      <addResultToRunContext>false</addResultToRunContext>
      <isCriticalStep>false</isCriticalStep>
      <isNonBlocking>false</isNonBlocking>
      <isParallelStep>false</isParallelStep>
      <isSingleResponse>false</isSingleResponse>
      <recordInHistory>false</recordInHistory>
      <recordRawOutput>true</recordRawOutput>
      <recordPrimaryOutput>true</recordPrimaryOutput>
      <checkPointStep>true</checkPointStep>
      <historyCheckPointStep>true</historyCheckPointStep>
      <scriptResultStep>false</scriptResultStep>
      <userPrompt></userPrompt>
      <bindings>
        <staticBinding id="6eada52b-f38f-45c2-823b-c85795b29305">
          <annotation></annotation>
          <assignFromContext>false</assignFromContext>
          <assignToContext>false</assignToContext>
          <inputType>STRING</inputType>
          <isList>false</isList>
          <required>false</required>
          <isPersisted>true</isPersisted>
          <inputSymbol>field1</inputSymbol>
          <listDelimiter>,</listDelimiter>
          <value>${server.type}</value>
          <record>false</record>
        </staticBinding>
        <staticBinding id="653174d9-9876-4eaf-bec5-eb827c2c6302">
          <annotation></annotation>
          <toContextKey></toContextKey>
          <fromContextKey></fromContextKey>
          <assignFromContext>false</assignFromContext>
          <assignToContext>false</assignToContext>
          <inputType>STRING</inputType>
          <recordKey></recordKey>
          <isList>false</isList>
          <required>false</required>
          <isPersisted>true</isPersisted>
          <inputSymbol>Field_1</inputSymbol>
          <listDelimiter></listDelimiter>
          <value>${field1}</value>
          <record>false</record>
        </staticBinding>
      </bindings>
      <transitions>
        <transition id="36967c71-93b6-47ea-b3f8-682265fe6b2f">
          <annotation></annotation>
          <name>Yes</name>
          <command>NEXT</command>
          <linkMode>false</linkMode>
          <responseSymbol>Yes</responseSymbol>
          <shouldHandoff>false</shouldHandoff>
          <transitionValue>0.0</transitionValue>
          <destination>
            <refId>b07e7c43-c0b4-4663-a69f-622dc91f37a7</refId>
          </destination>
          <source>
            <refId>3be70d5a-003b-4e45-a903-1179d2abe8a8</refId>
          </source>
          <positions>
            <point>
              <x>104.0</x>
              <y>510.0</y>
            </point>
            <point>
              <x>392.0</x>
              <y>487.0</y>
            </point>
          </positions>
          <labelPosition>
            <x>333.0</x>
            <y>0.0</y>
          </labelPosition>
        </transition>
        <transition id="bdf41717-994b-4320-b4f8-b4e81d5dec99">
          <annotation></annotation>
          <name>No</name>
          <command>NEXT</command>
          <linkMode>false</linkMode>
          <responseSymbol>No</responseSymbol>
          <shouldHandoff>false</shouldHandoff>
          <transitionValue>0.0</transitionValue>
          <destination>
            <refId>8379c58a-b735-4357-a648-9ebce7b04c9e</refId>
          </destination>
          <source>
            <refId>3be70d5a-003b-4e45-a903-1179d2abe8a8</refId>
          </source>
          <positions>
            <point>
              <x>104.0</x>
              <y>510.0</y>
            </point>
            <point>
              <x>210.0</x>
              <y>604.0</y>
            </point>
          </positions>
          <labelPosition>
            <x>333.0</x>
            <y>0.0</y>
          </labelPosition>
        </transition>
      </transitions>
      <properties/>
      <opRef>
        <refId>e70802de-037f-4b6a-bdda-981658a60401</refId>
      </opRef>
      <assignments/>
      <throttleSize>0</throttleSize>
    </step>
    <returnStep id="cffd1d25-0bcc-45fa-8255-b7ff3555ce3d">
      <annotation></annotation>
      <name>Error : failure</name>
      <bounds>
        <x>187.0</x>
        <y>26.0</y>
      </bounds>
      <layer>-1</layer>
      <hideInbound>false</hideInbound>
      <addResultToRunContext>false</addResultToRunContext>
      <isCriticalStep>false</isCriticalStep>
      <isNonBlocking>false</isNonBlocking>
      <isParallelStep>false</isParallelStep>
      <isSingleResponse>false</isSingleResponse>
      <recordInHistory>false</recordInHistory>
      <recordRawOutput>true</recordRawOutput>
      <recordPrimaryOutput>true</recordPrimaryOutput>
      <checkPointStep>true</checkPointStep>
      <historyCheckPointStep>true</historyCheckPointStep>
      <scriptResultStep>false</scriptResultStep>
      <userPrompt></userPrompt>
      <bindings/>
      <transitions>
        <transition id="bdceb74c-4420-4dc2-87c3-bc06ee45aee7">
          <annotation></annotation>
          <name>return</name>
          <command>NEXT</command>
          <linkMode>false</linkMode>
          <responseSymbol>failure</responseSymbol>
          <shouldHandoff>false</shouldHandoff>
          <transitionValue>0.0</transitionValue>
          <destination>
            <refId>cffd1d25-0bcc-45fa-8255-b7ff3555ce3d</refId>
          </destination>
          <source>
            <refId>cffd1d25-0bcc-45fa-8255-b7ff3555ce3d</refId>
          </source>
          <positions/>
        </transition>
      </transitions>
      <properties/>
      <returnStepType>ERROR</returnStepType>
      <assignments/>
    </returnStep>
    <step id="b07e7c43-c0b4-4663-a69f-622dc91f37a7">
      <annotation>44715ee9-bd4b-4828-a112-830b96ea18fa.b07e7c43-c0b4-4663-a69f-622dc91f37a7.description</annotation>
      <name>VM_serverRestart</name>
      <bounds>
        <x>342.0</x>
        <y>453.0</y>
      </bounds>
      <layer>-1</layer>
      <hideInbound>false</hideInbound>
      <addResultToRunContext>false</addResultToRunContext>
      <isCriticalStep>false</isCriticalStep>
      <isNonBlocking>false</isNonBlocking>
      <isParallelStep>false</isParallelStep>
      <isSingleResponse>false</isSingleResponse>
      <recordInHistory>false</recordInHistory>
      <recordRawOutput>true</recordRawOutput>
      <recordPrimaryOutput>true</recordPrimaryOutput>
      <checkPointStep>true</checkPointStep>
      <historyCheckPointStep>true</historyCheckPointStep>
      <scriptResultStep>false</scriptResultStep>
      <userPrompt></userPrompt>
      <bindings>
        <userInputBinding id="029f128c-7f7a-44c4-b7da-d6ad81e1aa91">
          <annotation></annotation>
          <assignFromContext>true</assignFromContext>
          <assignToContext>false</assignToContext>
          <inputType>STRING</inputType>
          <isList>false</isList>
          <required>true</required>
          <isPersisted>true</isPersisted>
          <inputSymbol>server.resourcepool</inputSymbol>
          <listDelimiter>,</listDelimiter>
          <record>false</record>
          <prompt></prompt>
          <isMultiSelect>false</isMultiSelect>
          <sourceDelimiter>|</sourceDelimiter>
        </userInputBinding>
        <staticBinding id="708fdcbc-b4cb-475d-89bd-ca2af3e24932">
          <annotation></annotation>
          <fromContextKey>db.getdetails.hostname</fromContextKey>
          <assignFromContext>true</assignFromContext>
          <assignToContext>true</assignToContext>
          <inputType>STRING</inputType>
          <isList>false</isList>
          <required>false</required>
          <isPersisted>true</isPersisted>
          <inputSymbol>server.hostname</inputSymbol>
          <listDelimiter>,</listDelimiter>
          <record>false</record>
        </staticBinding>
        <staticBinding id="5da97b17-4ff7-4517-b9c5-393132f5652a">
          <annotation></annotation>
          <assignFromContext>false</assignFromContext>
          <assignToContext>false</assignToContext>
          <inputType>STRING</inputType>
          <isList>false</isList>
          <required>true</required>
          <isPersisted>true</isPersisted>
          <inputSymbol>vmName</inputSymbol>
          <listDelimiter>,</listDelimiter>
          <value>${server.hostname}_${server.hostname}</value>
          <record>false</record>
        </staticBinding>
        <staticBinding id="62997231-5ff9-4c58-9158-7fec9ded4a3b">
          <annotation></annotation>
          <fromContextKey>server.vmmp.host</fromContextKey>
          <assignFromContext>true</assignFromContext>
          <assignToContext>false</assignToContext>
          <inputType>STRING</inputType>
          <isList>false</isList>
          <required>true</required>
          <isPersisted>true</isPersisted>
          <inputSymbol>vmmp.host</inputSymbol>
          <listDelimiter>,</listDelimiter>
          <value></value>
          <record>false</record>
        </staticBinding>
      </bindings>
      <transitions>
        <transition id="f0852b21-440a-44d1-bb5e-27ae335b6810">
          <annotation></annotation>
          <name>failure</name>
          <command>NEXT</command>
          <linkMode>false</linkMode>
          <responseSymbol>failure</responseSymbol>
          <shouldHandoff>false</shouldHandoff>
          <transitionValue>0.0</transitionValue>
          <destination>
            <refId>c5b8a50d-a6f2-4824-879c-4633ed0e26dc</refId>
          </destination>
          <source>
            <refId>b07e7c43-c0b4-4663-a69f-622dc91f37a7</refId>
          </source>
          <positions>
            <point>
              <x>392.0</x>
              <y>487.0</y>
            </point>
            <point>
              <x>237.0</x>
              <y>351.0</y>
            </point>
          </positions>
          <labelPosition>
            <x>333.0</x>
            <y>0.0</y>
          </labelPosition>
        </transition>
        <transition id="e0ca0352-c2dd-4920-a442-c99e6f031439">
          <annotation></annotation>
          <name>success</name>
          <command>NEXT</command>
          <linkMode>false</linkMode>
          <responseSymbol>success</responseSymbol>
          <shouldHandoff>false</shouldHandoff>
          <transitionValue>0.0</transitionValue>
          <destination>
            <refId>dcbc117f-24c5-4328-aa7c-6c3df47667fc</refId>
          </destination>
          <source>
            <refId>b07e7c43-c0b4-4663-a69f-622dc91f37a7</refId>
          </source>
          <positions>
            <point>
              <x>392.0</x>
              <y>487.0</y>
            </point>
            <point>
              <x>723.0</x>
              <y>668.0</y>
            </point>
          </positions>
          <labelPosition>
            <x>333.0</x>
            <y>0.0</y>
          </labelPosition>
        </transition>
      </transitions>
      <properties/>
      <opRef>
        <refId>a88f1cf0-b57f-4a25-b603-58292b68f72e</refId>
      </opRef>
      <assignments/>
      <throttleSize>0</throttleSize>
    </step>
    <step id="c5b8a50d-a6f2-4824-879c-4633ed0e26dc">
      <annotation>44715ee9-bd4b-4828-a112-830b96ea18fa.c5b8a50d-a6f2-4824-879c-4633ed0e26dc.description</annotation>
      <name>SendFailure</name>
      <bounds>
        <x>187.0</x>
        <y>317.0</y>
      </bounds>
      <layer>-1</layer>
      <hideInbound>false</hideInbound>
      <addResultToRunContext>false</addResultToRunContext>
      <isCriticalStep>false</isCriticalStep>
      <isNonBlocking>false</isNonBlocking>
      <isParallelStep>false</isParallelStep>
      <isSingleResponse>false</isSingleResponse>
      <recordInHistory>false</recordInHistory>
      <recordRawOutput>true</recordRawOutput>
      <recordPrimaryOutput>true</recordPrimaryOutput>
      <checkPointStep>true</checkPointStep>
      <historyCheckPointStep>true</historyCheckPointStep>
      <scriptResultStep>false</scriptResultStep>
      <userPrompt></userPrompt>
      <bindings>
        <staticBinding id="90a44e55-0f51-42b1-80ff-c4267bb2e28d">
          <annotation></annotation>
          <assignFromContext>true</assignFromContext>
          <assignToContext>true</assignToContext>
          <inputType>STRING</inputType>
          <isList>false</isList>
          <required>false</required>
          <isPersisted>true</isPersisted>
          <inputSymbol>template.name</inputSymbol>
          <listDelimiter>,</listDelimiter>
          <value>email_template_lca_failure</value>
          <record>false</record>
        </staticBinding>
        <staticBinding id="15bf1ec3-ef8f-43f7-bb53-c95c8f579564">
          <annotation></annotation>
          <assignFromContext>true</assignFromContext>
          <assignToContext>true</assignToContext>
          <inputType>STRING</inputType>
          <isList>false</isList>
          <required>true</required>
          <isPersisted>true</isPersisted>
          <inputSymbol>parameter</inputSymbol>
          <listDelimiter>,</listDelimiter>
          <value>[{&quot;server.csaname&quot;:&quot;${server.csaname}&quot;},{&quot;flow.action&quot;:&quot;Restart Server&quot;},{&quot;flow.error&quot;:&quot;Unknown Error&quot;},{&quot;servicedesk.email&quot;:&quot;${pc.email.servicedesk}&quot;}]</value>
          <record>false</record>
        </staticBinding>
        <staticBinding id="c0a1041e-116b-42d8-8893-3a0abe8e5c73">
          <annotation></annotation>
          <assignFromContext>true</assignFromContext>
          <assignToContext>true</assignToContext>
          <inputType>STRING</inputType>
          <isList>false</isList>
          <required>true</required>
          <isPersisted>true</isPersisted>
          <inputSymbol>recipient</inputSymbol>
          <listDelimiter>,</listDelimiter>
          <value>${db.getdetails.contactemail}</value>
          <record>false</record>
        </staticBinding>
      </bindings>
      <transitions>
        <transition id="98d9c9e8-3fd5-45e7-93de-719892c29947">
          <annotation></annotation>
          <name>success</name>
          <command>NEXT</command>
          <linkMode>false</linkMode>
          <responseSymbol>success</responseSymbol>
          <shouldHandoff>false</shouldHandoff>
          <transitionValue>0.0</transitionValue>
          <destination>
            <refId>5d1906fc-9519-474d-8724-7a39f6b94069</refId>
          </destination>
          <source>
            <refId>c5b8a50d-a6f2-4824-879c-4633ed0e26dc</refId>
          </source>
          <positions>
            <point>
              <x>252.0</x>
              <y>351.0</y>
            </point>
            <point>
              <x>259.0</x>
              <y>223.0</y>
            </point>
          </positions>
          <labelPosition>
            <x>333.0</x>
            <y>0.0</y>
          </labelPosition>
        </transition>
        <transition id="66a1e8fc-b4d5-4c87-ab41-89df28494b7c">
          <annotation></annotation>
          <name>failure</name>
          <command>NEXT</command>
          <linkMode>false</linkMode>
          <responseSymbol>failure</responseSymbol>
          <shouldHandoff>false</shouldHandoff>
          <transitionValue>0.0</transitionValue>
          <destination>
            <refId>5d1906fc-9519-474d-8724-7a39f6b94069</refId>
          </destination>
          <source>
            <refId>c5b8a50d-a6f2-4824-879c-4633ed0e26dc</refId>
          </source>
          <positions>
            <point>
              <x>252.0</x>
              <y>351.0</y>
            </point>
            <point>
              <x>280.2390539364279</x>
              <y>292.45466856549945</y>
            </point>
            <point>
              <x>280.68634528819604</x>
              <y>284.27562670459713</y>
            </point>
            <point>
              <x>259.0</x>
              <y>223.0</y>
            </point>
          </positions>
          <labelPosition>
            <x>333.0</x>
            <y>0.0</y>
          </labelPosition>
        </transition>
      </transitions>
      <properties/>
      <opRef>
        <refId>93d11783-54db-4d1e-b6f2-9e2acf3098a4</refId>
      </opRef>
      <assignments/>
      <throttleSize>0</throttleSize>
    </step>
    <step id="740e4f75-9059-4303-8a32-667d153c7ac5">
      <annotation></annotation>
      <name>DB_GetDetailsBySubscriptionID</name>
      <bounds>
        <x>54.0</x>
        <y>194.0</y>
      </bounds>
      <layer>-1</layer>
      <hideInbound>false</hideInbound>
      <addResultToRunContext>false</addResultToRunContext>
      <isCriticalStep>false</isCriticalStep>
      <isNonBlocking>false</isNonBlocking>
      <isParallelStep>false</isParallelStep>
      <isSingleResponse>false</isSingleResponse>
      <recordInHistory>false</recordInHistory>
      <recordRawOutput>true</recordRawOutput>
      <recordPrimaryOutput>true</recordPrimaryOutput>
      <checkPointStep>true</checkPointStep>
      <historyCheckPointStep>true</historyCheckPointStep>
      <scriptResultStep>false</scriptResultStep>
      <userPrompt></userPrompt>
      <bindings>
        <staticBinding id="4de76648-d779-498f-8001-1a7063b5565d">
          <annotation></annotation>
          <assignFromContext>true</assignFromContext>
          <assignToContext>true</assignToContext>
          <inputType>STRING</inputType>
          <isList>false</isList>
          <required>true</required>
          <isPersisted>true</isPersisted>
          <inputSymbol>db.getdetails.csasvcuuid</inputSymbol>
          <listDelimiter>,</listDelimiter>
          <value>${CSA_CONTEXT_ID}</value>
          <record>false</record>
        </staticBinding>
      </bindings>
      <transitions>
        <transition id="9c3d1dd4-a4b8-4314-b94b-abbd9874c8d7">
          <annotation></annotation>
          <name>success</name>
          <command>NEXT</command>
          <linkMode>false</linkMode>
          <responseSymbol>success</responseSymbol>
          <shouldHandoff>false</shouldHandoff>
          <transitionValue>0.0</transitionValue>
          <destination>
            <refId>04519552-be65-42a5-a8eb-d8a931c1f6b2</refId>
          </destination>
          <source>
            <refId>740e4f75-9059-4303-8a32-667d153c7ac5</refId>
          </source>
          <positions>
            <point>
              <x>111.0</x>
              <y>228.0</y>
            </point>
            <point>
              <x>104.0</x>
              <y>354.0</y>
            </point>
          </positions>
          <labelPosition>
            <x>333.0</x>
            <y>0.0</y>
          </labelPosition>
        </transition>
        <transition id="1875578d-0449-42d5-a9f0-3d89d719e732">
          <annotation></annotation>
          <name>failure</name>
          <command>NEXT</command>
          <linkMode>false</linkMode>
          <responseSymbol>failure</responseSymbol>
          <shouldHandoff>false</shouldHandoff>
          <transitionValue>0.0</transitionValue>
          <destination>
            <refId>c5b8a50d-a6f2-4824-879c-4633ed0e26dc</refId>
          </destination>
          <source>
            <refId>740e4f75-9059-4303-8a32-667d153c7ac5</refId>
          </source>
          <positions>
            <point>
              <x>111.0</x>
              <y>228.0</y>
            </point>
            <point>
              <x>252.0</x>
              <y>351.0</y>
            </point>
          </positions>
          <labelPosition>
            <x>333.0</x>
            <y>0.0</y>
          </labelPosition>
        </transition>
      </transitions>
      <properties/>
      <opRef>
        <refId>26e16199-ac42-40d7-8725-27b18ed3509d</refId>
      </opRef>
      <assignments>
        <flowVariableAssignment id="e59d1bb1-96a4-497a-9fc2-bcc485e419ab">
          <annotation></annotation>
          <name>assignment</name>
          <action>OVERWRITE</action>
          <assignmentTargetType>FLOW_VARIABLE</assignmentTargetType>
          <contextKey>db.getdetails.subscriptionId</contextKey>
          <expression id="f7f5ea01-f29e-4c6b-87c3-8cb4a3fab8a3">
            <annotation></annotation>
            <name>Result Field: db.getdetails.csasubscriptionid</name>
            <fieldName>db.getdetails.csasubscriptionid</fieldName>
            <sourceType>RAWRESULT</sourceType>
            <filters/>
          </expression>
        </flowVariableAssignment>
        <flowVariableAssignment id="e8318f55-83c4-403e-8dc7-36997838c2ed">
          <annotation></annotation>
          <name>assignment</name>
          <action>OVERWRITE</action>
          <assignmentTargetType>FLOW_VARIABLE</assignmentTargetType>
          <contextKey>db.getdetails.contactemail</contextKey>
          <expression id="7450f830-b788-40eb-a294-4273eda92e15">
            <annotation></annotation>
            <name>Result Field: db.getdetails.contactemail</name>
            <fieldName>db.getdetails.contactemail</fieldName>
            <sourceType>RAWRESULT</sourceType>
            <filters/>
          </expression>
        </flowVariableAssignment>
        <flowVariableAssignment id="60e99ab6-16ee-4e2d-b0c3-182d3ded6245">
          <annotation></annotation>
          <name>assignment</name>
          <action>OVERWRITE</action>
          <assignmentTargetType>FLOW_VARIABLE</assignmentTargetType>
          <contextKey>db.getdetails.iohost</contextKey>
          <expression id="be79a04f-52f3-4668-90bf-a3ea35ad3e4a">
            <annotation></annotation>
            <name>Result Field: db.getdetails.iohost</name>
            <fieldName>db.getdetails.iohost</fieldName>
            <sourceType>RAWRESULT</sourceType>
            <filters/>
          </expression>
        </flowVariableAssignment>
        <flowVariableAssignment id="08ce2702-9fcc-40e7-b421-5c6cca1beeae">
          <annotation></annotation>
          <name>assignment</name>
          <action>OVERWRITE</action>
          <assignmentTargetType>FLOW_VARIABLE</assignmentTargetType>
          <contextKey>db.getdetails.hostname</contextKey>
          <expression id="6352e21c-77a2-404e-99ad-a25683a4274d">
            <annotation></annotation>
            <name>Result Field: db.getdetails.hostname</name>
            <fieldName>db.getdetails.hostname</fieldName>
            <sourceType>RAWRESULT</sourceType>
            <filters/>
          </expression>
        </flowVariableAssignment>
        <flowVariableAssignment id="bf3bb30e-bc5d-4dbd-a0c9-2df641cf05f7">
          <annotation></annotation>
          <name>assignment</name>
          <action>OVERWRITE</action>
          <assignmentTargetType>FLOW_VARIABLE</assignmentTargetType>
          <contextKey>db.getdetails.iotemplate</contextKey>
          <expression id="343851fe-5aff-42dc-803e-9572c4d090bb">
            <annotation></annotation>
            <name>Result Field: db.getdetails.iotemplate</name>
            <fieldName>db.getdetails.iotemplate</fieldName>
            <sourceType>RAWRESULT</sourceType>
            <filters/>
          </expression>
        </flowVariableAssignment>
        <flowVariableAssignment id="83219aea-c62b-42f8-a1f4-c6756f917bee">
          <annotation></annotation>
          <name>assignment</name>
          <action>OVERWRITE</action>
          <assignmentTargetType>FLOW_VARIABLE</assignmentTargetType>
          <contextKey>server.type</contextKey>
          <expression id="c5496484-3724-4188-aadf-9651da8426c8">
            <annotation></annotation>
            <name>Result Field: db.getdetails.type</name>
            <fieldName>db.getdetails.type</fieldName>
            <sourceType>RAWRESULT</sourceType>
            <filters/>
          </expression>
        </flowVariableAssignment>
        <flowVariableAssignment id="890c60bd-3e6a-4afb-a6be-0b815e0c178d">
          <annotation></annotation>
          <name>assignment</name>
          <action>OVERWRITE</action>
          <assignmentTargetType>FLOW_VARIABLE</assignmentTargetType>
          <contextKey>server.vmmp.host</contextKey>
          <expression id="07c93e70-51cf-4f40-9d4a-ba9c197119e6">
            <annotation></annotation>
            <name>Result Field: db.getdetails.vcenterfqdn</name>
            <fieldName>db.getdetails.vcenterfqdn</fieldName>
            <sourceType>RAWRESULT</sourceType>
            <filters/>
          </expression>
        </flowVariableAssignment>
        <flowVariableAssignment id="6d2329b5-3bcc-4e5c-a475-4988bc48f3bb">
          <annotation></annotation>
          <name>assignment</name>
          <action>OVERWRITE</action>
          <assignmentTargetType>FLOW_VARIABLE</assignmentTargetType>
          <contextKey>server.resourcepool</contextKey>
          <expression id="b3be6a39-1bbb-4973-a798-a581a3888725">
            <annotation></annotation>
            <name>Result Field: db.getdetails.resourcepool</name>
            <fieldName>db.getdetails.resourcepool</fieldName>
            <sourceType>RAWRESULT</sourceType>
            <filters/>
          </expression>
        </flowVariableAssignment>
      </assignments>
      <throttleSize>0</throttleSize>
    </step>
    <step id="ae860e7a-eea3-4d19-9fd0-2012265f5415">
      <annotation>44715ee9-bd4b-4828-a112-830b96ea18fa.ae860e7a-eea3-4d19-9fd0-2012265f5415.description</annotation>
      <name>Notify Flow Completion</name>
      <bounds>
        <x>673.0</x>
        <y>336.0</y>
      </bounds>
      <layer>-1</layer>
      <hideInbound>false</hideInbound>
      <addResultToRunContext>false</addResultToRunContext>
      <isCriticalStep>false</isCriticalStep>
      <isNonBlocking>false</isNonBlocking>
      <isParallelStep>false</isParallelStep>
      <isSingleResponse>true</isSingleResponse>
      <recordInHistory>false</recordInHistory>
      <recordRawOutput>false</recordRawOutput>
      <recordPrimaryOutput>false</recordPrimaryOutput>
      <checkPointStep>true</checkPointStep>
      <historyCheckPointStep>true</historyCheckPointStep>
      <scriptResultStep>false</scriptResultStep>
      <userPrompt></userPrompt>
      <bindings>
        <staticBinding id="422aefb4-5542-480e-bb1b-2a59a49c0553">
          <annotation></annotation>
          <fromContextKey>CSA_PROCESS_ID</fromContextKey>
          <assignFromContext>false</assignFromContext>
          <assignToContext>false</assignToContext>
          <inputType>STRING</inputType>
          <isList>false</isList>
          <required>true</required>
          <isPersisted>true</isPersisted>
          <inputSymbol>processInstanceId</inputSymbol>
          <listDelimiter>,</listDelimiter>
          <value>${CSA_PROCESS_ID}</value>
          <record>false</record>
        </staticBinding>
        <staticBinding id="3fb0467b-0f89-4961-92d6-0ee49d8b7b95">
          <annotation></annotation>
          <assignFromContext>false</assignFromContext>
          <assignToContext>false</assignToContext>
          <inputType>STRING</inputType>
          <isList>false</isList>
          <required>true</required>
          <isPersisted>true</isPersisted>
          <inputSymbol>userIdentifier</inputSymbol>
          <listDelimiter>,</listDelimiter>
          <value>${userIdentifier}</value>
          <record>false</record>
        </staticBinding>
        <staticBinding id="bd20518c-ceda-40ad-af26-d8a13d0f98ad">
          <annotation></annotation>
          <assignFromContext>false</assignFromContext>
          <assignToContext>false</assignToContext>
          <inputType>STRING</inputType>
          <isList>false</isList>
          <required>true</required>
          <isPersisted>true</isPersisted>
          <inputSymbol>processInstanceState</inputSymbol>
          <listDelimiter>,</listDelimiter>
          <value>COMPLETED</value>
          <record>false</record>
        </staticBinding>
        <staticBinding id="b97b933d-8507-43d8-8df9-de85b0f6ef83">
          <annotation></annotation>
          <assignFromContext>false</assignFromContext>
          <assignToContext>false</assignToContext>
          <inputType>STRING</inputType>
          <isList>false</isList>
          <required>false</required>
          <isPersisted>true</isPersisted>
          <inputSymbol>processReturnCode</inputSymbol>
          <listDelimiter>,</listDelimiter>
          <value>SUCCESS</value>
          <record>false</record>
        </staticBinding>
        <staticBinding id="d736cc05-fc4d-4d37-abe3-25d018ce3129">
          <annotation></annotation>
          <assignFromContext>true</assignFromContext>
          <assignToContext>true</assignToContext>
          <inputType>STRING</inputType>
          <isList>false</isList>
          <required>false</required>
          <isPersisted>true</isPersisted>
          <inputSymbol>processStatus</inputSymbol>
          <listDelimiter>,</listDelimiter>
          <value>Flow completed successfully</value>
          <record>false</record>
        </staticBinding>
      </bindings>
      <transitions>
        <transition id="b1f20d8d-f5ad-493c-9912-44fd0d596cf5">
          <annotation></annotation>
          <name>done</name>
          <command>NEXT</command>
          <linkMode>false</linkMode>
          <responseSymbol>done</responseSymbol>
          <shouldHandoff>false</shouldHandoff>
          <transitionValue>0.0</transitionValue>
          <destination>
            <refId>67f08265-9be6-4f5e-b9e7-90a018ac82ba</refId>
          </destination>
          <source>
            <refId>ae860e7a-eea3-4d19-9fd0-2012265f5415</refId>
          </source>
          <positions>
            <point>
              <x>692.0</x>
              <y>342.0</y>
            </point>
            <point>
              <x>366.0</x>
              <y>339.0</y>
            </point>
          </positions>
          <labelPosition>
            <x>333.0</x>
            <y>0.0</y>
          </labelPosition>
        </transition>
      </transitions>
      <properties/>
      <opRef>
        <refId>7bda02d2-425f-42aa-9ad3-5192b0fe6446</refId>
      </opRef>
      <assignments/>
      <throttleSize>0</throttleSize>
    </step>
    <step id="201de70b-b546-41c9-aede-ceb929ddf51b">
      <annotation>44715ee9-bd4b-4828-a112-830b96ea18fa.201de70b-b546-41c9-aede-ceb929ddf51b.description</annotation>
      <name>MOE_PowerOnIOService</name>
      <bounds>
        <x>347.0</x>
        <y>633.0</y>
      </bounds>
      <layer>-1</layer>
      <hideInbound>false</hideInbound>
      <addResultToRunContext>false</addResultToRunContext>
      <isCriticalStep>false</isCriticalStep>
      <isNonBlocking>false</isNonBlocking>
      <isParallelStep>false</isParallelStep>
      <isSingleResponse>false</isSingleResponse>
      <recordInHistory>false</recordInHistory>
      <recordRawOutput>true</recordRawOutput>
      <recordPrimaryOutput>true</recordPrimaryOutput>
      <checkPointStep>true</checkPointStep>
      <historyCheckPointStep>true</historyCheckPointStep>
      <scriptResultStep>false</scriptResultStep>
      <userPrompt></userPrompt>
      <bindings>
        <staticBinding id="5ef05b77-7836-44f6-9543-6022aa436c5a">
          <annotation></annotation>
          <fromContextKey>serviceAccessPoint</fromContextKey>
          <assignFromContext>false</assignFromContext>
          <assignToContext>true</assignToContext>
          <inputType>STRING</inputType>
          <isList>false</isList>
          <required>true</required>
          <isPersisted>true</isPersisted>
          <inputSymbol>url</inputSymbol>
          <listDelimiter>,</listDelimiter>
          <value>https://${db.getdetails.iohost}:51443/hpio/controller/soap/v1</value>
          <record>false</record>
        </staticBinding>
        <identityBinding id="4fd60e91-c62e-4507-88ff-fd4b15ff099c">
          <annotation></annotation>
          <assignFromContext>true</assignFromContext>
          <assignToContext>true</assignToContext>
          <inputType>ENCRYPTED</inputType>
          <isList>false</isList>
          <required>true</required>
          <isPersisted>true</isPersisted>
          <inputSymbol>username</inputSymbol>
          <listDelimiter>,</listDelimiter>
          <record>false</record>
          <link>
            <refId>783a5859-a61d-4376-8770-fd3e31273df9</refId>
            <refName>pc.moe</refName>
          </link>
          <identityAttribute>USERNAME</identityAttribute>
        </identityBinding>
        <identityBinding id="fc2744d8-a9f1-4890-95c9-42bd80ca95ee">
          <annotation></annotation>
          <assignFromContext>true</assignFromContext>
          <assignToContext>true</assignToContext>
          <inputType>ENCRYPTED</inputType>
          <isList>false</isList>
          <required>true</required>
          <isPersisted>true</isPersisted>
          <inputSymbol>password</inputSymbol>
          <listDelimiter>,</listDelimiter>
          <record>false</record>
          <link>
            <refId>783a5859-a61d-4376-8770-fd3e31273df9</refId>
            <refName>pc.moe</refName>
          </link>
          <identityAttribute>PASSWORD</identityAttribute>
        </identityBinding>
        <staticBinding id="0a4507e7-ed43-4fdc-805d-ffe7d868b769">
          <annotation></annotation>
          <fromContextKey>ioServiceName</fromContextKey>
          <assignFromContext>false</assignFromContext>
          <assignToContext>true</assignToContext>
          <inputType>STRING</inputType>
          <isList>false</isList>
          <required>true</required>
          <isPersisted>true</isPersisted>
          <inputSymbol>serviceName</inputSymbol>
          <listDelimiter>,</listDelimiter>
          <value>${db.getdetails.hostname}</value>
          <record>false</record>
        </staticBinding>
        <staticBinding id="976ee811-2742-4c2f-a59e-0a73ce60f035">
          <annotation></annotation>
          <assignFromContext>true</assignFromContext>
          <assignToContext>true</assignToContext>
          <inputType>STRING</inputType>
          <isList>false</isList>
          <required>false</required>
          <isPersisted>true</isPersisted>
          <inputSymbol>lobUser</inputSymbol>
          <listDelimiter>,</listDelimiter>
          <value>${username}</value>
          <record>false</record>
        </staticBinding>
      </bindings>
      <transitions>
        <transition id="81baca37-b3c7-4782-8160-86698c27398c">
          <annotation></annotation>
          <name>success</name>
          <command>NEXT</command>
          <linkMode>false</linkMode>
          <responseSymbol>success</responseSymbol>
          <shouldHandoff>false</shouldHandoff>
          <transitionValue>0.0</transitionValue>
          <destination>
            <refId>dcbc117f-24c5-4328-aa7c-6c3df47667fc</refId>
          </destination>
          <source>
            <refId>201de70b-b546-41c9-aede-ceb929ddf51b</refId>
          </source>
          <positions>
            <point>
              <x>401.0</x>
              <y>602.0</y>
            </point>
            <point>
              <x>723.0</x>
              <y>668.0</y>
            </point>
          </positions>
          <labelPosition>
            <x>333.0</x>
            <y>0.0</y>
          </labelPosition>
        </transition>
        <transition id="d126f83d-a032-4655-88f4-ff38ffc58acc">
          <annotation></annotation>
          <name>failure</name>
          <command>NEXT</command>
          <linkMode>false</linkMode>
          <responseSymbol>failure</responseSymbol>
          <shouldHandoff>false</shouldHandoff>
          <transitionValue>0.0</transitionValue>
          <destination>
            <refId>45ed3791-3921-4462-a7d6-a21c8bc89368</refId>
          </destination>
          <source>
            <refId>201de70b-b546-41c9-aede-ceb929ddf51b</refId>
          </source>
          <positions>
            <point>
              <x>401.0</x>
              <y>602.0</y>
            </point>
            <point>
              <x>487.0</x>
              <y>789.0</y>
            </point>
          </positions>
          <labelPosition>
            <x>333.0</x>
            <y>0.0</y>
          </labelPosition>
        </transition>
      </transitions>
      <properties/>
      <opRef>
        <refId>4ba2d9ac-e566-464f-9ae8-d387009ad298</refId>
      </opRef>
      <assignments>
        <flowVariableAssignment id="c145284b-cb96-420a-a584-150a0ed8456a">
          <annotation></annotation>
          <name>assignment</name>
          <action>OVERWRITE</action>
          <assignmentTargetType>FLOW_VARIABLE</assignmentTargetType>
          <contextKey>failureMessage</contextKey>
          <expression id="c026beec-a333-4c40-9f03-3e51d875365d">
            <annotation></annotation>
            <name>Result Field: FailureMessage</name>
            <fieldName>FailureMessage</fieldName>
            <sourceType>RAWRESULT</sourceType>
            <filters>
              <scriptletFilter id="4f5ad3b1-b453-4feb-beef-e7483a60ea4f">
                <annotation></annotation>
                <name>Scriptlet</name>
                <scriptlet id="85a51a74-6f51-4c0a-b0c2-31acce1db3a9">
                  <annotation></annotation>
                  <name>default</name>
                  <script>scriptletResult = &quot;Failed to power on service&quot;+serviceName</script>
                  <type>RHINO</type>
                </scriptlet>
              </scriptletFilter>
            </filters>
          </expression>
        </flowVariableAssignment>
      </assignments>
      <throttleSize>0</throttleSize>
    </step>
  </steps>
  <startSteps>40d4c7a0-5210-4abc-b4ec-fe29b36ada5e</startSteps>
</flow>