<?xml version="1.0" encoding="UTF-8"?>
<flow id="de79eaad-5c41-4b34-a683-0d953178bba1">
  <annotation></annotation>
  <name>pc_lc_add_backup</name>
  <categories/>
  <inputs>
    <userInputBinding id="292425ba-dfe0-4486-8e85-390649c28eec">
      <annotation></annotation>
      <assignFromContext>true</assignFromContext>
      <assignToContext>true</assignToContext>
      <inputType>STRING</inputType>
      <isList>false</isList>
      <required>false</required>
      <isPersisted>true</isPersisted>
      <inputSymbol>id</inputSymbol>
      <listDelimiter>,</listDelimiter>
      <record>false</record>
      <prompt></prompt>
      <isMultiSelect>false</isMultiSelect>
      <sourceDelimiter>|</sourceDelimiter>
    </userInputBinding>
  </inputs>
  <scriptlet id="5741f004-ac25-419e-acd2-8f9a900a5b03">
    <annotation></annotation>
    <name>Operation pc_lc_add_backup (de79eaad-5c41-4b34-a683-0d953178bba1)</name>
    <type>RHINO</type>
  </scriptlet>
  <possibleResponses>
    <opResponse id="29122e05-e37c-4053-944e-efdcef5c3108">
      <annotation></annotation>
      <name>success</name>
      <isDefault>true</isDefault>
      <onFailure>false</onFailure>
      <type>RESOLVED</type>
      <matchRules/>
    </opResponse>
    <opResponse id="7da7b902-9c4f-4254-8c0b-6b0ab2bed130">
      <annotation></annotation>
      <name>failure</name>
      <isDefault>false</isDefault>
      <onFailure>true</onFailure>
      <type>ERROR</type>
      <matchRules/>
    </opResponse>
  </possibleResponses>
  <availableResultExpressions/>
  <resultExpression id="6cf166cf-dde6-451b-826c-25ed573ff2b4">
    <annotation></annotation>
    <name>FailureMessage</name>
    <fieldName>FailureMessage</fieldName>
    <sourceType>RAWRESULT</sourceType>
    <filters/>
  </resultExpression>
  <iconSpec id="7e047857-6f0a-44ea-8036-3cf9ee0c2c9c">
    <baseIcon>flow.png</baseIcon>
    <basePath>System</basePath>
    <readOnly>false</readOnly>
    <layers/>
  </iconSpec>
  <callouts/>
  <checkPointFlow>true</checkPointFlow>
  <compatibleRuntimeContext>false</compatibleRuntimeContext>
  <historyCheckPointFlow>true</historyCheckPointFlow>
  <steps>
    <step id="b004d032-372d-4634-8836-2eb9424bc6d0">
      <annotation></annotation>
      <name>DP_HandleBackupSVC</name>
      <bounds>
        <x>361.0</x>
        <y>162.0</y>
      </bounds>
      <layer>-1</layer>
      <hideInbound>false</hideInbound>
      <addResultToRunContext>false</addResultToRunContext>
      <isCriticalStep>false</isCriticalStep>
      <isNonBlocking>false</isNonBlocking>
      <isParallelStep>false</isParallelStep>
      <isSingleResponse>false</isSingleResponse>
      <recordInHistory>false</recordInHistory>
      <recordRawOutput>true</recordRawOutput>
      <recordPrimaryOutput>true</recordPrimaryOutput>
      <checkPointStep>true</checkPointStep>
      <historyCheckPointStep>true</historyCheckPointStep>
      <scriptResultStep>false</scriptResultStep>
      <userPrompt></userPrompt>
      <bindings>
        <staticBinding id="6be54f56-2ba0-480d-9a42-c979705e32ef">
          <annotation></annotation>
          <assignFromContext>true</assignFromContext>
          <assignToContext>true</assignToContext>
          <inputType>STRING</inputType>
          <isList>false</isList>
          <required>false</required>
          <isPersisted>true</isPersisted>
          <inputSymbol>dp.backupsvc.csasvcuuid</inputSymbol>
          <listDelimiter>,</listDelimiter>
          <value>${id}</value>
          <record>false</record>
        </staticBinding>
        <staticBinding id="1c37a842-0834-4aaa-a02f-aa48bc6736bd">
          <annotation></annotation>
          <assignFromContext>true</assignFromContext>
          <assignToContext>true</assignToContext>
          <inputType>STRING</inputType>
          <isList>false</isList>
          <required>false</required>
          <isPersisted>true</isPersisted>
          <inputSymbol>db.backupsvc.action</inputSymbol>
          <listDelimiter>,</listDelimiter>
          <value>ENABLE</value>
          <record>false</record>
        </staticBinding>
      </bindings>
      <transitions>
        <transition id="385ac91a-b3c7-4ea9-918b-e0296164d401">
          <annotation></annotation>
          <name>success</name>
          <command>NEXT</command>
          <linkMode>false</linkMode>
          <responseSymbol>success</responseSymbol>
          <shouldHandoff>false</shouldHandoff>
          <transitionValue>0.0</transitionValue>
          <destination>
            <refId>d5437aa4-1981-4d30-af64-7444e2404692</refId>
          </destination>
          <source>
            <refId>b004d032-372d-4634-8836-2eb9424bc6d0</refId>
          </source>
          <positions>
            <point>
              <x>411.0</x>
              <y>196.0</y>
            </point>
            <point>
              <x>411.0</x>
              <y>326.0</y>
            </point>
          </positions>
          <labelPosition>
            <x>333.0</x>
            <y>0.0</y>
          </labelPosition>
        </transition>
        <transition id="4ef0ea67-065a-4cb1-8526-181f95debefd">
          <annotation></annotation>
          <name>failure</name>
          <command>NEXT</command>
          <linkMode>false</linkMode>
          <responseSymbol>failure</responseSymbol>
          <shouldHandoff>false</shouldHandoff>
          <transitionValue>0.0</transitionValue>
          <destination>
            <refId>0bb9654a-8090-4dfd-ab67-31b855851647</refId>
          </destination>
          <source>
            <refId>b004d032-372d-4634-8836-2eb9424bc6d0</refId>
          </source>
          <positions>
            <point>
              <x>411.0</x>
              <y>196.0</y>
            </point>
            <point>
              <x>421.0</x>
              <y>69.0</y>
            </point>
          </positions>
          <labelPosition>
            <x>333.0</x>
            <y>0.0</y>
          </labelPosition>
        </transition>
      </transitions>
      <properties/>
      <opRef>
        <refId>3f8122c7-dd4d-4aac-997d-9a1ef3603789</refId>
      </opRef>
      <assignments/>
      <throttleSize>0</throttleSize>
    </step>
    <returnStep id="d5437aa4-1981-4d30-af64-7444e2404692">
      <annotation></annotation>
      <name>Resolved : success</name>
      <bounds>
        <x>524.0</x>
        <y>162.0</y>
      </bounds>
      <layer>-1</layer>
      <hideInbound>false</hideInbound>
      <addResultToRunContext>false</addResultToRunContext>
      <isCriticalStep>false</isCriticalStep>
      <isNonBlocking>false</isNonBlocking>
      <isParallelStep>false</isParallelStep>
      <isSingleResponse>false</isSingleResponse>
      <recordInHistory>false</recordInHistory>
      <recordRawOutput>true</recordRawOutput>
      <recordPrimaryOutput>true</recordPrimaryOutput>
      <checkPointStep>true</checkPointStep>
      <historyCheckPointStep>true</historyCheckPointStep>
      <scriptResultStep>false</scriptResultStep>
      <userPrompt></userPrompt>
      <bindings/>
      <transitions>
        <transition id="7efa9e2c-d7d6-440f-b42c-b86c172a7759">
          <annotation></annotation>
          <name>return</name>
          <command>NEXT</command>
          <linkMode>false</linkMode>
          <responseSymbol>success</responseSymbol>
          <shouldHandoff>false</shouldHandoff>
          <transitionValue>0.0</transitionValue>
          <destination>
            <refId>d5437aa4-1981-4d30-af64-7444e2404692</refId>
          </destination>
          <source>
            <refId>d5437aa4-1981-4d30-af64-7444e2404692</refId>
          </source>
          <positions/>
        </transition>
      </transitions>
      <properties/>
      <returnStepType>RESOLVED</returnStepType>
      <assignments/>
    </returnStep>
    <returnStep id="0bb9654a-8090-4dfd-ab67-31b855851647">
      <annotation></annotation>
      <name>Error : failure</name>
      <bounds>
        <x>195.0</x>
        <y>162.0</y>
      </bounds>
      <layer>-1</layer>
      <hideInbound>false</hideInbound>
      <addResultToRunContext>false</addResultToRunContext>
      <isCriticalStep>false</isCriticalStep>
      <isNonBlocking>false</isNonBlocking>
      <isParallelStep>false</isParallelStep>
      <isSingleResponse>false</isSingleResponse>
      <recordInHistory>false</recordInHistory>
      <recordRawOutput>true</recordRawOutput>
      <recordPrimaryOutput>true</recordPrimaryOutput>
      <checkPointStep>true</checkPointStep>
      <historyCheckPointStep>true</historyCheckPointStep>
      <scriptResultStep>false</scriptResultStep>
      <userPrompt></userPrompt>
      <bindings/>
      <transitions>
        <transition id="39856e4a-b176-47b8-b94a-712c3d610b38">
          <annotation></annotation>
          <name>return</name>
          <command>NEXT</command>
          <linkMode>false</linkMode>
          <responseSymbol>failure</responseSymbol>
          <shouldHandoff>false</shouldHandoff>
          <transitionValue>0.0</transitionValue>
          <destination>
            <refId>0bb9654a-8090-4dfd-ab67-31b855851647</refId>
          </destination>
          <source>
            <refId>0bb9654a-8090-4dfd-ab67-31b855851647</refId>
          </source>
          <positions/>
        </transition>
      </transitions>
      <properties/>
      <returnStepType>ERROR</returnStepType>
      <assignments/>
    </returnStep>
  </steps>
  <startSteps>b004d032-372d-4634-8836-2eb9424bc6d0</startSteps>
</flow>