<?xml version="1.0" encoding="UTF-8"?>
<flow id="0ff5eec5-a5c6-4a1d-8234-b01186b07b78">
  <annotation></annotation>
  <name>VCenter_PowerCycle</name>
  <categories/>
  <inputs>
    <userInputBinding id="ef9d1831-5fd7-4dde-91ee-a7d4728434b6">
      <annotation></annotation>
      <assignFromContext>true</assignFromContext>
      <assignToContext>true</assignToContext>
      <inputType>STRING</inputType>
      <isList>false</isList>
      <required>true</required>
      <isPersisted>true</isPersisted>
      <inputSymbol>host</inputSymbol>
      <listDelimiter>,</listDelimiter>
      <record>false</record>
      <prompt></prompt>
      <isMultiSelect>false</isMultiSelect>
      <sourceDelimiter>|</sourceDelimiter>
    </userInputBinding>
    <userInputBinding id="3836fb8d-0f24-4957-8bb1-3e9218418325">
      <annotation></annotation>
      <assignFromContext>true</assignFromContext>
      <assignToContext>true</assignToContext>
      <inputType>STRING</inputType>
      <isList>false</isList>
      <required>true</required>
      <isPersisted>true</isPersisted>
      <inputSymbol>vmIdentifierType</inputSymbol>
      <listDelimiter>,</listDelimiter>
      <record>false</record>
      <prompt></prompt>
      <isMultiSelect>false</isMultiSelect>
      <sourceDelimiter>|</sourceDelimiter>
    </userInputBinding>
    <userInputBinding id="1b05a2b3-a6df-415b-a248-46e91a5026eb">
      <annotation></annotation>
      <assignFromContext>true</assignFromContext>
      <assignToContext>true</assignToContext>
      <inputType>STRING</inputType>
      <isList>false</isList>
      <required>true</required>
      <isPersisted>true</isPersisted>
      <inputSymbol>virtualMachine</inputSymbol>
      <listDelimiter>,</listDelimiter>
      <record>false</record>
      <prompt></prompt>
      <isMultiSelect>false</isMultiSelect>
      <sourceDelimiter>|</sourceDelimiter>
    </userInputBinding>
    <userInputBinding id="9848840a-8226-428c-bb17-3ffd591b7bf5">
      <annotation></annotation>
      <assignFromContext>true</assignFromContext>
      <assignToContext>true</assignToContext>
      <inputType>STRING</inputType>
      <isList>false</isList>
      <required>true</required>
      <isPersisted>true</isPersisted>
      <inputSymbol>vmDatacenter</inputSymbol>
      <listDelimiter>,</listDelimiter>
      <record>false</record>
      <prompt></prompt>
      <isMultiSelect>false</isMultiSelect>
      <sourceDelimiter>|</sourceDelimiter>
    </userInputBinding>
    <userInputBinding id="73134284-79c4-4ebe-9d70-38654b8b4b73">
      <annotation></annotation>
      <assignFromContext>true</assignFromContext>
      <assignToContext>true</assignToContext>
      <inputType>STRING</inputType>
      <isList>false</isList>
      <required>false</required>
      <isPersisted>true</isPersisted>
      <inputSymbol>closeSession</inputSymbol>
      <listDelimiter>,</listDelimiter>
      <record>false</record>
      <prompt></prompt>
      <isMultiSelect>false</isMultiSelect>
      <sourceDelimiter>|</sourceDelimiter>
    </userInputBinding>
    <userInputBinding id="b2a13899-542f-4a17-b639-f4a87ac55f7b">
      <annotation></annotation>
      <assignFromContext>true</assignFromContext>
      <assignToContext>true</assignToContext>
      <inputType>STRING</inputType>
      <isList>false</isList>
      <required>false</required>
      <isPersisted>true</isPersisted>
      <inputSymbol>async</inputSymbol>
      <listDelimiter>,</listDelimiter>
      <record>false</record>
      <prompt></prompt>
      <isMultiSelect>false</isMultiSelect>
      <sourceDelimiter>|</sourceDelimiter>
    </userInputBinding>
  </inputs>
  <scriptlet id="ce31cd90-9923-4945-ac7f-57a61707f1d4">
    <annotation></annotation>
    <name>Operation VCenter_PowerCycle (0ff5eec5-a5c6-4a1d-8234-b01186b07b78)</name>
    <type>RHINO</type>
  </scriptlet>
  <possibleResponses>
    <opResponse id="2b590f5b-1802-4664-bddf-d3a4dd4450b8">
      <annotation></annotation>
      <name>failure</name>
      <isDefault>false</isDefault>
      <onFailure>true</onFailure>
      <type>ERROR</type>
      <matchRules/>
    </opResponse>
    <opResponse id="512aa4c8-d05c-4dd6-b2c3-a5155da7af69">
      <annotation></annotation>
      <name>success</name>
      <isDefault>true</isDefault>
      <onFailure>false</onFailure>
      <type>RESOLVED</type>
      <matchRules/>
    </opResponse>
  </possibleResponses>
  <availableResultExpressions/>
  <resultExpression id="20bd9ccf-4e51-4cf8-9426-a762023b1934">
    <annotation></annotation>
    <name>FailureMessage</name>
    <fieldName>FailureMessage</fieldName>
    <sourceType>RAWRESULT</sourceType>
    <filters/>
  </resultExpression>
  <iconSpec id="b6a60caf-a144-433b-8d12-16590df16af1">
    <baseIcon>flow.png</baseIcon>
    <basePath>System</basePath>
    <readOnly>false</readOnly>
    <layers/>
  </iconSpec>
  <callouts/>
  <checkPointFlow>true</checkPointFlow>
  <compatibleRuntimeContext>false</compatibleRuntimeContext>
  <historyCheckPointFlow>true</historyCheckPointFlow>
  <steps>
    <step id="878e2b61-2662-48bc-b46d-475d5ac02627">
      <annotation>0ff5eec5-a5c6-4a1d-8234-b01186b07b78.878e2b61-2662-48bc-b46d-475d5ac02627.description</annotation>
      <name>Set Power State</name>
      <bounds>
        <x>74.0</x>
        <y>221.0</y>
      </bounds>
      <layer>-1</layer>
      <hideInbound>false</hideInbound>
      <addResultToRunContext>false</addResultToRunContext>
      <isCriticalStep>false</isCriticalStep>
      <isNonBlocking>false</isNonBlocking>
      <isParallelStep>false</isParallelStep>
      <isSingleResponse>false</isSingleResponse>
      <recordInHistory>false</recordInHistory>
      <recordRawOutput>true</recordRawOutput>
      <recordPrimaryOutput>true</recordPrimaryOutput>
      <checkPointStep>true</checkPointStep>
      <historyCheckPointStep>true</historyCheckPointStep>
      <scriptResultStep>false</scriptResultStep>
      <userPrompt></userPrompt>
      <bindings>
        <userInputBinding id="af645fd8-5711-4e28-a075-5757eff9d04d">
          <annotation></annotation>
          <toContextKey></toContextKey>
          <assignFromContext>true</assignFromContext>
          <assignToContext>true</assignToContext>
          <inputType>STRING</inputType>
          <isList>false</isList>
          <required>true</required>
          <isPersisted>true</isPersisted>
          <inputSymbol>host</inputSymbol>
          <listDelimiter>,</listDelimiter>
          <record>false</record>
          <prompt></prompt>
          <isMultiSelect>false</isMultiSelect>
          <sourceDelimiter>|</sourceDelimiter>
        </userInputBinding>
        <identityBinding id="c6ca35c1-9794-4551-8c9e-b4cddbdf256c">
          <annotation></annotation>
          <toContextKey></toContextKey>
          <assignFromContext>false</assignFromContext>
          <assignToContext>true</assignToContext>
          <inputType>ENCRYPTED</inputType>
          <isList>false</isList>
          <required>true</required>
          <isPersisted>true</isPersisted>
          <inputSymbol>user</inputSymbol>
          <listDelimiter>,</listDelimiter>
          <record>false</record>
          <link>
            <refId>175fb5fb-15e2-4aa9-a31b-3907e8c9cdcf</refId>
            <refName>pc.vcenter</refName>
          </link>
          <identityAttribute>USERNAME</identityAttribute>
        </identityBinding>
        <identityBinding id="53977eba-3424-48d6-9dd1-8092cd59c192">
          <annotation></annotation>
          <toContextKey></toContextKey>
          <assignFromContext>false</assignFromContext>
          <assignToContext>true</assignToContext>
          <inputType>ENCRYPTED</inputType>
          <recordKey></recordKey>
          <isList>false</isList>
          <required>true</required>
          <isPersisted>false</isPersisted>
          <inputSymbol>password</inputSymbol>
          <listDelimiter>,</listDelimiter>
          <record>false</record>
          <link>
            <refId>175fb5fb-15e2-4aa9-a31b-3907e8c9cdcf</refId>
            <refName>pc.vcenter</refName>
          </link>
          <identityAttribute>PASSWORD</identityAttribute>
        </identityBinding>
        <staticBinding id="009a2543-f19d-4859-b2d6-7cb4d9f69502">
          <annotation></annotation>
          <toContextKey></toContextKey>
          <fromContextKey></fromContextKey>
          <assignFromContext>true</assignFromContext>
          <assignToContext>true</assignToContext>
          <inputType>STRING</inputType>
          <isList>false</isList>
          <required>true</required>
          <isPersisted>true</isPersisted>
          <inputSymbol>port</inputSymbol>
          <listDelimiter>,</listDelimiter>
          <value>443</value>
          <record>false</record>
        </staticBinding>
        <staticBinding id="7a42dc3b-4499-42a5-8d40-38e6e578fb9f">
          <annotation></annotation>
          <toContextKey></toContextKey>
          <fromContextKey></fromContextKey>
          <assignFromContext>true</assignFromContext>
          <assignToContext>true</assignToContext>
          <inputType>STRING</inputType>
          <isList>false</isList>
          <required>true</required>
          <isPersisted>true</isPersisted>
          <inputSymbol>protocol</inputSymbol>
          <listDelimiter>,</listDelimiter>
          <value>https</value>
          <record>false</record>
        </staticBinding>
        <staticBinding id="f21cc47a-d869-4c80-9478-db672fdb8a3e">
          <annotation></annotation>
          <assignFromContext>true</assignFromContext>
          <assignToContext>true</assignToContext>
          <inputType>STRING</inputType>
          <isList>false</isList>
          <required>true</required>
          <isPersisted>true</isPersisted>
          <inputSymbol>closeSession</inputSymbol>
          <listDelimiter>,</listDelimiter>
          <value>true</value>
          <record>false</record>
        </staticBinding>
        <staticBinding id="9d5e3c36-0bf2-4659-9166-f38cc4a80481">
          <annotation></annotation>
          <toContextKey></toContextKey>
          <fromContextKey></fromContextKey>
          <assignFromContext>true</assignFromContext>
          <assignToContext>true</assignToContext>
          <inputType>STRING</inputType>
          <isList>false</isList>
          <required>true</required>
          <isPersisted>true</isPersisted>
          <inputSymbol>async</inputSymbol>
          <listDelimiter>,</listDelimiter>
          <value>false</value>
          <record>false</record>
        </staticBinding>
        <staticBinding id="35822442-7045-457d-b39a-e0260aa33bc6">
          <annotation></annotation>
          <toContextKey></toContextKey>
          <fromContextKey></fromContextKey>
          <assignFromContext>true</assignFromContext>
          <assignToContext>true</assignToContext>
          <inputType>STRING</inputType>
          <isList>false</isList>
          <required>false</required>
          <isPersisted>true</isPersisted>
          <inputSymbol>taskTimeOut</inputSymbol>
          <listDelimiter>,</listDelimiter>
          <value>4800000</value>
          <record>false</record>
        </staticBinding>
        <staticBinding id="77f42573-4f1b-468d-8b11-ccce37b83d01">
          <annotation></annotation>
          <toContextKey></toContextKey>
          <fromContextKey></fromContextKey>
          <assignFromContext>true</assignFromContext>
          <assignToContext>false</assignToContext>
          <inputType>STRING</inputType>
          <isList>false</isList>
          <required>true</required>
          <isPersisted>true</isPersisted>
          <inputSymbol>vmIdentifierType</inputSymbol>
          <listDelimiter>,</listDelimiter>
          <value>NAME</value>
          <record>false</record>
        </staticBinding>
        <userInputBinding id="a3d0d69b-2011-494c-9085-43c4d7493528">
          <annotation></annotation>
          <toContextKey></toContextKey>
          <assignFromContext>true</assignFromContext>
          <assignToContext>false</assignToContext>
          <inputType>STRING</inputType>
          <isList>false</isList>
          <required>true</required>
          <isPersisted>true</isPersisted>
          <inputSymbol>virtualMachine</inputSymbol>
          <listDelimiter>,</listDelimiter>
          <record>false</record>
          <prompt>0ff5eec5-a5c6-4a1d-8234-b01186b07b78.a3d0d69b-2011-494c-9085-43c4d7493528.prompt</prompt>
          <isMultiSelect>false</isMultiSelect>
          <sourceDelimiter>|</sourceDelimiter>
        </userInputBinding>
        <staticBinding id="ffacc77f-14bd-49fd-9b4a-dfd74ac3bc1a">
          <annotation></annotation>
          <toContextKey></toContextKey>
          <fromContextKey></fromContextKey>
          <assignFromContext>true</assignFromContext>
          <assignToContext>true</assignToContext>
          <inputType>STRING</inputType>
          <isList>false</isList>
          <required>true</required>
          <isPersisted>true</isPersisted>
          <inputSymbol>vmPowerState</inputSymbol>
          <listDelimiter>,</listDelimiter>
          <value>poweredOn</value>
          <record>false</record>
        </staticBinding>
      </bindings>
      <transitions>
        <transition id="d2f14050-e4e4-4b02-9d31-837da09ee418">
          <annotation></annotation>
          <name>success</name>
          <command>NEXT</command>
          <linkMode>false</linkMode>
          <responseSymbol>success</responseSymbol>
          <shouldHandoff>false</shouldHandoff>
          <transitionValue>0.0</transitionValue>
          <destination>
            <refId>ba61d71d-e132-40ae-a8f9-19ed0b660a53</refId>
          </destination>
          <source>
            <refId>878e2b61-2662-48bc-b46d-475d5ac02627</refId>
          </source>
          <positions>
            <point>
              <x>124.0</x>
              <y>255.0</y>
            </point>
            <point>
              <x>375.0</x>
              <y>262.0</y>
            </point>
          </positions>
          <labelPosition>
            <x>333.0</x>
            <y>0.0</y>
          </labelPosition>
        </transition>
        <transition id="4a820ebc-7770-4874-acce-56cddc6b0e8b">
          <annotation></annotation>
          <name>failure</name>
          <command>NEXT</command>
          <linkMode>false</linkMode>
          <responseSymbol>failure</responseSymbol>
          <shouldHandoff>false</shouldHandoff>
          <transitionValue>0.0</transitionValue>
          <destination>
            <refId>1ec51223-362e-4ea1-a9bd-fbd0a0b93f2b</refId>
          </destination>
          <source>
            <refId>878e2b61-2662-48bc-b46d-475d5ac02627</refId>
          </source>
          <positions>
            <point>
              <x>124.0</x>
              <y>255.0</y>
            </point>
            <point>
              <x>516.0</x>
              <y>102.0</y>
            </point>
          </positions>
          <labelPosition>
            <x>333.0</x>
            <y>0.0</y>
          </labelPosition>
        </transition>
        <transition id="4fd186b8-97fa-4a2a-b57b-ae3d34006a0d">
          <annotation></annotation>
          <name>no action</name>
          <command>NEXT</command>
          <linkMode>false</linkMode>
          <responseSymbol>no action</responseSymbol>
          <shouldHandoff>false</shouldHandoff>
          <transitionValue>0.0</transitionValue>
          <destination>
            <refId>ba61d71d-e132-40ae-a8f9-19ed0b660a53</refId>
          </destination>
          <source>
            <refId>878e2b61-2662-48bc-b46d-475d5ac02627</refId>
          </source>
          <positions>
            <point>
              <x>124.0</x>
              <y>255.0</y>
            </point>
            <point>
              <x>184.6736208189614</x>
              <y>231.682372832621</y>
            </point>
            <point>
              <x>315.72025954117225</x>
              <y>235.3370599683002</y>
            </point>
            <point>
              <x>375.0</x>
              <y>262.0</y>
            </point>
          </positions>
          <labelPosition>
            <x>333.0</x>
            <y>0.0</y>
          </labelPosition>
        </transition>
      </transitions>
      <properties/>
      <opRef>
        <refId>4168aefd-81bd-4703-a759-5c22ef67e5da</refId>
      </opRef>
      <assignments/>
      <throttleSize>0</throttleSize>
    </step>
    <returnStep id="1ec51223-362e-4ea1-a9bd-fbd0a0b93f2b">
      <annotation></annotation>
      <name>Error : failure</name>
      <bounds>
        <x>466.0</x>
        <y>68.0</y>
      </bounds>
      <layer>-1</layer>
      <hideInbound>false</hideInbound>
      <addResultToRunContext>false</addResultToRunContext>
      <isCriticalStep>false</isCriticalStep>
      <isNonBlocking>false</isNonBlocking>
      <isParallelStep>false</isParallelStep>
      <isSingleResponse>false</isSingleResponse>
      <recordInHistory>false</recordInHistory>
      <recordRawOutput>true</recordRawOutput>
      <recordPrimaryOutput>true</recordPrimaryOutput>
      <checkPointStep>true</checkPointStep>
      <historyCheckPointStep>true</historyCheckPointStep>
      <scriptResultStep>false</scriptResultStep>
      <userPrompt></userPrompt>
      <bindings/>
      <transitions>
        <transition id="dcffbb47-8da3-485b-b66f-221191a5c00a">
          <annotation></annotation>
          <name>return</name>
          <command>NEXT</command>
          <linkMode>false</linkMode>
          <responseSymbol>failure</responseSymbol>
          <shouldHandoff>false</shouldHandoff>
          <transitionValue>0.0</transitionValue>
          <destination>
            <refId>1ec51223-362e-4ea1-a9bd-fbd0a0b93f2b</refId>
          </destination>
          <source>
            <refId>1ec51223-362e-4ea1-a9bd-fbd0a0b93f2b</refId>
          </source>
          <positions/>
        </transition>
      </transitions>
      <properties/>
      <returnStepType>ERROR</returnStepType>
      <assignments/>
    </returnStep>
    <returnStep id="56667ae4-3695-4018-afa8-8019745b1a97">
      <annotation></annotation>
      <name>Resolved : success</name>
      <bounds>
        <x>791.0</x>
        <y>221.0</y>
      </bounds>
      <layer>-1</layer>
      <hideInbound>false</hideInbound>
      <addResultToRunContext>false</addResultToRunContext>
      <isCriticalStep>false</isCriticalStep>
      <isNonBlocking>false</isNonBlocking>
      <isParallelStep>false</isParallelStep>
      <isSingleResponse>false</isSingleResponse>
      <recordInHistory>false</recordInHistory>
      <recordRawOutput>true</recordRawOutput>
      <recordPrimaryOutput>true</recordPrimaryOutput>
      <checkPointStep>true</checkPointStep>
      <historyCheckPointStep>true</historyCheckPointStep>
      <scriptResultStep>false</scriptResultStep>
      <userPrompt></userPrompt>
      <bindings/>
      <transitions>
        <transition id="a550bf53-af54-4922-afd2-21068cfbef48">
          <annotation></annotation>
          <name>return</name>
          <command>NEXT</command>
          <linkMode>false</linkMode>
          <responseSymbol>success</responseSymbol>
          <shouldHandoff>false</shouldHandoff>
          <transitionValue>0.0</transitionValue>
          <destination>
            <refId>56667ae4-3695-4018-afa8-8019745b1a97</refId>
          </destination>
          <source>
            <refId>56667ae4-3695-4018-afa8-8019745b1a97</refId>
          </source>
          <positions/>
        </transition>
      </transitions>
      <properties/>
      <returnStepType>RESOLVED</returnStepType>
      <assignments/>
    </returnStep>
    <returnStep id="8a0caab3-30f8-4bca-9ac3-9d7f9b5bba7e">
      <annotation></annotation>
      <name>Error : failure</name>
      <bounds>
        <x>431.0</x>
        <y>504.0</y>
      </bounds>
      <layer>-1</layer>
      <hideInbound>false</hideInbound>
      <addResultToRunContext>false</addResultToRunContext>
      <isCriticalStep>false</isCriticalStep>
      <isNonBlocking>false</isNonBlocking>
      <isParallelStep>false</isParallelStep>
      <isSingleResponse>false</isSingleResponse>
      <recordInHistory>false</recordInHistory>
      <recordRawOutput>true</recordRawOutput>
      <recordPrimaryOutput>true</recordPrimaryOutput>
      <checkPointStep>true</checkPointStep>
      <historyCheckPointStep>true</historyCheckPointStep>
      <scriptResultStep>false</scriptResultStep>
      <userPrompt></userPrompt>
      <bindings/>
      <transitions>
        <transition id="7f2d264b-737c-48ee-8f36-fca77475a5af">
          <annotation></annotation>
          <name>return</name>
          <command>NEXT</command>
          <linkMode>false</linkMode>
          <responseSymbol>failure</responseSymbol>
          <shouldHandoff>false</shouldHandoff>
          <transitionValue>0.0</transitionValue>
          <destination>
            <refId>8a0caab3-30f8-4bca-9ac3-9d7f9b5bba7e</refId>
          </destination>
          <source>
            <refId>8a0caab3-30f8-4bca-9ac3-9d7f9b5bba7e</refId>
          </source>
          <positions/>
        </transition>
      </transitions>
      <properties/>
      <returnStepType>ERROR</returnStepType>
      <assignments/>
    </returnStep>
    <step id="ba61d71d-e132-40ae-a8f9-19ed0b660a53">
      <annotation>0ff5eec5-a5c6-4a1d-8234-b01186b07b78.ba61d71d-e132-40ae-a8f9-19ed0b660a53.description</annotation>
      <name>VM Tools Running Status</name>
      <bounds>
        <x>325.0</x>
        <y>221.0</y>
      </bounds>
      <layer>-1</layer>
      <hideInbound>false</hideInbound>
      <addResultToRunContext>false</addResultToRunContext>
      <isCriticalStep>false</isCriticalStep>
      <isNonBlocking>false</isNonBlocking>
      <isParallelStep>false</isParallelStep>
      <isSingleResponse>false</isSingleResponse>
      <recordInHistory>false</recordInHistory>
      <recordRawOutput>true</recordRawOutput>
      <recordPrimaryOutput>true</recordPrimaryOutput>
      <checkPointStep>true</checkPointStep>
      <historyCheckPointStep>true</historyCheckPointStep>
      <scriptResultStep>false</scriptResultStep>
      <userPrompt></userPrompt>
      <bindings>
        <userInputBinding id="609470ae-f384-486e-8a96-52f33160661a">
          <annotation></annotation>
          <assignFromContext>true</assignFromContext>
          <assignToContext>true</assignToContext>
          <inputType>STRING</inputType>
          <isList>false</isList>
          <required>true</required>
          <isPersisted>true</isPersisted>
          <inputSymbol>host</inputSymbol>
          <listDelimiter>,</listDelimiter>
          <record>false</record>
          <prompt></prompt>
          <isMultiSelect>false</isMultiSelect>
          <sourceDelimiter>|</sourceDelimiter>
        </userInputBinding>
        <identityBinding id="2094932d-0ab0-4d55-b69c-93fd2af69fac">
          <annotation></annotation>
          <assignFromContext>true</assignFromContext>
          <assignToContext>true</assignToContext>
          <inputType>ENCRYPTED</inputType>
          <isList>false</isList>
          <required>true</required>
          <isPersisted>true</isPersisted>
          <inputSymbol>user</inputSymbol>
          <listDelimiter>,</listDelimiter>
          <record>false</record>
          <link>
            <refId>175fb5fb-15e2-4aa9-a31b-3907e8c9cdcf</refId>
            <refName>pc.vcenter</refName>
          </link>
          <identityAttribute>USERNAME</identityAttribute>
        </identityBinding>
        <identityBinding id="211aca3b-b147-482f-9396-6d36ec8b91b8">
          <annotation></annotation>
          <assignFromContext>true</assignFromContext>
          <assignToContext>true</assignToContext>
          <inputType>ENCRYPTED</inputType>
          <isList>false</isList>
          <required>true</required>
          <isPersisted>true</isPersisted>
          <inputSymbol>password</inputSymbol>
          <listDelimiter>,</listDelimiter>
          <record>false</record>
          <link>
            <refId>175fb5fb-15e2-4aa9-a31b-3907e8c9cdcf</refId>
            <refName>pc.vcenter</refName>
          </link>
          <identityAttribute>PASSWORD</identityAttribute>
        </identityBinding>
        <staticBinding id="adef7387-a4ff-4b9f-b204-b32f1438a131">
          <annotation></annotation>
          <assignFromContext>true</assignFromContext>
          <assignToContext>true</assignToContext>
          <inputType>STRING</inputType>
          <isList>false</isList>
          <required>true</required>
          <isPersisted>true</isPersisted>
          <inputSymbol>port</inputSymbol>
          <listDelimiter>,</listDelimiter>
          <value>443</value>
          <record>false</record>
        </staticBinding>
        <staticBinding id="5550abc9-934a-48ae-87ea-a5d354eb2b0b">
          <annotation></annotation>
          <assignFromContext>true</assignFromContext>
          <assignToContext>true</assignToContext>
          <inputType>STRING</inputType>
          <isList>false</isList>
          <required>true</required>
          <isPersisted>true</isPersisted>
          <inputSymbol>protocol</inputSymbol>
          <listDelimiter>,</listDelimiter>
          <value>https</value>
          <record>false</record>
        </staticBinding>
        <userInputBinding id="696e5faa-a3c4-4dde-ab2b-05adf21eb779">
          <annotation></annotation>
          <assignFromContext>true</assignFromContext>
          <assignToContext>true</assignToContext>
          <inputType>STRING</inputType>
          <isList>false</isList>
          <required>true</required>
          <isPersisted>true</isPersisted>
          <inputSymbol>vmIdentifierType</inputSymbol>
          <listDelimiter>,</listDelimiter>
          <record>false</record>
          <prompt></prompt>
          <isMultiSelect>false</isMultiSelect>
          <link>
            <refId>30d93841-3dba-4f85-a25d-425d36161504</refId>
            <refName>VMReferenceType</refName>
          </link>
          <sourceDelimiter>|</sourceDelimiter>
        </userInputBinding>
        <userInputBinding id="83078b46-ee6d-4641-9872-3cc546d339ee">
          <annotation></annotation>
          <assignFromContext>true</assignFromContext>
          <assignToContext>true</assignToContext>
          <inputType>STRING</inputType>
          <isList>false</isList>
          <required>true</required>
          <isPersisted>true</isPersisted>
          <inputSymbol>virtualMachine</inputSymbol>
          <listDelimiter>,</listDelimiter>
          <record>false</record>
          <prompt></prompt>
          <isMultiSelect>false</isMultiSelect>
          <sourceDelimiter>|</sourceDelimiter>
        </userInputBinding>
        <userInputBinding id="fd08f959-feb4-4a93-b0a9-782440de1619">
          <annotation></annotation>
          <assignFromContext>true</assignFromContext>
          <assignToContext>true</assignToContext>
          <inputType>STRING</inputType>
          <isList>false</isList>
          <required>false</required>
          <isPersisted>true</isPersisted>
          <inputSymbol>vmDatacenter</inputSymbol>
          <listDelimiter>,</listDelimiter>
          <record>false</record>
          <prompt>0ff5eec5-a5c6-4a1d-8234-b01186b07b78.fd08f959-feb4-4a93-b0a9-782440de1619.prompt</prompt>
          <isMultiSelect>false</isMultiSelect>
          <sourceDelimiter>|</sourceDelimiter>
        </userInputBinding>
      </bindings>
      <transitions>
        <transition id="7544490a-5651-4d4d-b700-a3f5df89a29b">
          <annotation></annotation>
          <name>guestToolsRunning</name>
          <command>NEXT</command>
          <linkMode>false</linkMode>
          <responseSymbol>guestToolsRunning</responseSymbol>
          <shouldHandoff>false</shouldHandoff>
          <transitionValue>0.0</transitionValue>
          <destination>
            <refId>5732dd00-67fa-44fb-b6a4-6fc6fcb4ba53</refId>
          </destination>
          <source>
            <refId>ba61d71d-e132-40ae-a8f9-19ed0b660a53</refId>
          </source>
          <positions>
            <point>
              <x>371.0</x>
              <y>154.0</y>
            </point>
            <point>
              <x>669.0</x>
              <y>155.0</y>
            </point>
          </positions>
          <labelPosition>
            <x>333.0</x>
            <y>0.0</y>
          </labelPosition>
        </transition>
        <transition id="eb0011bf-b92f-449e-8ea4-5a5209740e63">
          <annotation></annotation>
          <name>guestToolsNotRunning</name>
          <command>NEXT</command>
          <linkMode>false</linkMode>
          <responseSymbol>guestToolsNotRunning</responseSymbol>
          <shouldHandoff>false</shouldHandoff>
          <transitionValue>0.0</transitionValue>
          <destination>
            <refId>fbde83b0-142a-40a9-a034-1251506aaeef</refId>
          </destination>
          <source>
            <refId>ba61d71d-e132-40ae-a8f9-19ed0b660a53</refId>
          </source>
          <positions>
            <point>
              <x>371.0</x>
              <y>154.0</y>
            </point>
            <point>
              <x>368.0</x>
              <y>322.0</y>
            </point>
          </positions>
          <labelPosition>
            <x>333.0</x>
            <y>0.0</y>
          </labelPosition>
        </transition>
        <transition id="9ab9f057-fe65-46c3-8abc-9b8970938dcb">
          <annotation></annotation>
          <name>guestToolsStarting</name>
          <command>NEXT</command>
          <linkMode>false</linkMode>
          <responseSymbol>guestToolsStarting</responseSymbol>
          <shouldHandoff>false</shouldHandoff>
          <transitionValue>0.0</transitionValue>
          <destination>
            <refId>fbde83b0-142a-40a9-a034-1251506aaeef</refId>
          </destination>
          <source>
            <refId>ba61d71d-e132-40ae-a8f9-19ed0b660a53</refId>
          </source>
          <positions>
            <point>
              <x>371.0</x>
              <y>154.0</y>
            </point>
            <point>
              <x>398.9247571986232</x>
              <y>322.4367933711487</y>
            </point>
            <point>
              <x>398.0672727686491</x>
              <y>370.4559214496954</y>
            </point>
            <point>
              <x>368.0</x>
              <y>322.0</y>
            </point>
          </positions>
          <labelPosition>
            <x>333.0</x>
            <y>0.0</y>
          </labelPosition>
        </transition>
        <transition id="aaaa9c74-1702-4896-b72a-1a19c8a79e88">
          <annotation></annotation>
          <name>failure</name>
          <command>NEXT</command>
          <linkMode>false</linkMode>
          <responseSymbol>failure</responseSymbol>
          <shouldHandoff>false</shouldHandoff>
          <transitionValue>0.0</transitionValue>
          <destination>
            <refId>1ec51223-362e-4ea1-a9bd-fbd0a0b93f2b</refId>
          </destination>
          <source>
            <refId>ba61d71d-e132-40ae-a8f9-19ed0b660a53</refId>
          </source>
          <positions>
            <point>
              <x>375.0</x>
              <y>262.0</y>
            </point>
            <point>
              <x>516.0</x>
              <y>102.0</y>
            </point>
          </positions>
          <labelPosition>
            <x>333.0</x>
            <y>0.0</y>
          </labelPosition>
        </transition>
      </transitions>
      <properties/>
      <opRef>
        <refId>d09816b8-a01b-4321-83df-de63127a699d</refId>
      </opRef>
      <assignments/>
      <throttleSize>0</throttleSize>
    </step>
    <step id="5732dd00-67fa-44fb-b6a4-6fc6fcb4ba53">
      <annotation></annotation>
      <name>VCenter_GraceFullShutdown</name>
      <bounds>
        <x>623.0</x>
        <y>221.0</y>
      </bounds>
      <layer>-1</layer>
      <hideInbound>false</hideInbound>
      <addResultToRunContext>false</addResultToRunContext>
      <isCriticalStep>false</isCriticalStep>
      <isNonBlocking>false</isNonBlocking>
      <isParallelStep>false</isParallelStep>
      <isSingleResponse>false</isSingleResponse>
      <recordInHistory>false</recordInHistory>
      <recordRawOutput>true</recordRawOutput>
      <recordPrimaryOutput>true</recordPrimaryOutput>
      <checkPointStep>true</checkPointStep>
      <historyCheckPointStep>true</historyCheckPointStep>
      <scriptResultStep>false</scriptResultStep>
      <userPrompt></userPrompt>
      <bindings>
        <userInputBinding id="bfa0ca5e-2e24-4f55-b4ee-7a247ab85276">
          <annotation></annotation>
          <assignFromContext>true</assignFromContext>
          <assignToContext>true</assignToContext>
          <inputType>STRING</inputType>
          <isList>false</isList>
          <required>true</required>
          <isPersisted>true</isPersisted>
          <inputSymbol>host</inputSymbol>
          <listDelimiter>,</listDelimiter>
          <record>false</record>
          <prompt></prompt>
          <isMultiSelect>false</isMultiSelect>
          <sourceDelimiter>|</sourceDelimiter>
        </userInputBinding>
        <userInputBinding id="dfb9a086-41fa-47e3-8641-f00866e9755d">
          <annotation></annotation>
          <assignFromContext>true</assignFromContext>
          <assignToContext>true</assignToContext>
          <inputType>OBJECT</inputType>
          <isList>false</isList>
          <required>true</required>
          <isPersisted>true</isPersisted>
          <inputSymbol>user</inputSymbol>
          <listDelimiter>,</listDelimiter>
          <record>false</record>
          <prompt></prompt>
          <isMultiSelect>false</isMultiSelect>
          <sourceDelimiter>|</sourceDelimiter>
        </userInputBinding>
        <userInputBinding id="cab11bf1-a2db-480e-a236-153bbaa01bdd">
          <annotation></annotation>
          <assignFromContext>true</assignFromContext>
          <assignToContext>true</assignToContext>
          <inputType>OBJECT</inputType>
          <isList>false</isList>
          <required>true</required>
          <isPersisted>true</isPersisted>
          <inputSymbol>password</inputSymbol>
          <listDelimiter>,</listDelimiter>
          <record>false</record>
          <prompt></prompt>
          <isMultiSelect>false</isMultiSelect>
          <sourceDelimiter>|</sourceDelimiter>
        </userInputBinding>
        <userInputBinding id="96953e23-e9a1-42f4-8513-d9925214f9eb">
          <annotation></annotation>
          <assignFromContext>true</assignFromContext>
          <assignToContext>true</assignToContext>
          <inputType>STRING</inputType>
          <isList>false</isList>
          <required>true</required>
          <isPersisted>true</isPersisted>
          <inputSymbol>port</inputSymbol>
          <listDelimiter>,</listDelimiter>
          <record>false</record>
          <prompt></prompt>
          <isMultiSelect>false</isMultiSelect>
          <sourceDelimiter>|</sourceDelimiter>
        </userInputBinding>
        <userInputBinding id="1d12c768-2245-463f-8e4d-746e9b7fb0d6">
          <annotation></annotation>
          <assignFromContext>true</assignFromContext>
          <assignToContext>true</assignToContext>
          <inputType>STRING</inputType>
          <isList>false</isList>
          <required>true</required>
          <isPersisted>true</isPersisted>
          <inputSymbol>protocol</inputSymbol>
          <listDelimiter>,</listDelimiter>
          <record>false</record>
          <prompt></prompt>
          <isMultiSelect>false</isMultiSelect>
          <sourceDelimiter>|</sourceDelimiter>
        </userInputBinding>
        <staticBinding id="80281068-4eb6-462d-8191-71e516c24cee">
          <annotation></annotation>
          <assignFromContext>true</assignFromContext>
          <assignToContext>true</assignToContext>
          <inputType>STRING</inputType>
          <isList>false</isList>
          <required>true</required>
          <isPersisted>true</isPersisted>
          <inputSymbol>closeSession</inputSymbol>
          <listDelimiter>,</listDelimiter>
          <value>true</value>
          <record>false</record>
        </staticBinding>
        <userInputBinding id="a1f2e696-e189-4b9f-875d-9fb3d94d2236">
          <annotation></annotation>
          <assignFromContext>true</assignFromContext>
          <assignToContext>true</assignToContext>
          <inputType>STRING</inputType>
          <isList>false</isList>
          <required>true</required>
          <isPersisted>true</isPersisted>
          <inputSymbol>vmIdentifierType</inputSymbol>
          <listDelimiter>,</listDelimiter>
          <record>false</record>
          <prompt></prompt>
          <isMultiSelect>false</isMultiSelect>
          <sourceDelimiter>|</sourceDelimiter>
        </userInputBinding>
        <staticBinding id="a7778356-4672-4e75-ac26-6c1a0d666f7a">
          <annotation></annotation>
          <assignFromContext>true</assignFromContext>
          <assignToContext>true</assignToContext>
          <inputType>STRING</inputType>
          <isList>false</isList>
          <required>true</required>
          <isPersisted>true</isPersisted>
          <inputSymbol>virtualMachine</inputSymbol>
          <listDelimiter>,</listDelimiter>
          <value>${virtualMachine}</value>
          <record>false</record>
        </staticBinding>
      </bindings>
      <transitions>
        <transition id="e20eef11-7bcf-4653-959f-59a8ea6cb369">
          <annotation></annotation>
          <name>failure</name>
          <command>NEXT</command>
          <linkMode>false</linkMode>
          <responseSymbol>failure</responseSymbol>
          <shouldHandoff>false</shouldHandoff>
          <transitionValue>0.0</transitionValue>
          <destination>
            <refId>1ec51223-362e-4ea1-a9bd-fbd0a0b93f2b</refId>
          </destination>
          <source>
            <refId>5732dd00-67fa-44fb-b6a4-6fc6fcb4ba53</refId>
          </source>
          <positions>
            <point>
              <x>673.0</x>
              <y>263.0</y>
            </point>
            <point>
              <x>516.0</x>
              <y>102.0</y>
            </point>
          </positions>
          <labelPosition>
            <x>333.0</x>
            <y>0.0</y>
          </labelPosition>
        </transition>
        <transition id="88c5a590-4703-4a69-8f41-fb05f982978a">
          <annotation></annotation>
          <name>success</name>
          <command>NEXT</command>
          <linkMode>false</linkMode>
          <responseSymbol>success</responseSymbol>
          <shouldHandoff>false</shouldHandoff>
          <transitionValue>0.0</transitionValue>
          <destination>
            <refId>56667ae4-3695-4018-afa8-8019745b1a97</refId>
          </destination>
          <source>
            <refId>5732dd00-67fa-44fb-b6a4-6fc6fcb4ba53</refId>
          </source>
          <positions>
            <point>
              <x>673.0</x>
              <y>263.0</y>
            </point>
            <point>
              <x>841.0</x>
              <y>255.0</y>
            </point>
          </positions>
          <labelPosition>
            <x>333.0</x>
            <y>0.0</y>
          </labelPosition>
        </transition>
      </transitions>
      <properties/>
      <opRef>
        <refId>1d3ed6c9-a735-454c-ad04-08f02718781e</refId>
      </opRef>
      <assignments/>
      <throttleSize>0</throttleSize>
    </step>
    <step id="fbde83b0-142a-40a9-a034-1251506aaeef">
      <annotation>0ff5eec5-a5c6-4a1d-8234-b01186b07b78.fbde83b0-142a-40a9-a034-1251506aaeef.description</annotation>
      <name>Loop</name>
      <bounds>
        <x>322.0</x>
        <y>396.0</y>
      </bounds>
      <layer>-1</layer>
      <hideInbound>false</hideInbound>
      <addResultToRunContext>false</addResultToRunContext>
      <isCriticalStep>false</isCriticalStep>
      <isNonBlocking>false</isNonBlocking>
      <isParallelStep>false</isParallelStep>
      <isSingleResponse>false</isSingleResponse>
      <recordInHistory>false</recordInHistory>
      <recordRawOutput>true</recordRawOutput>
      <recordPrimaryOutput>true</recordPrimaryOutput>
      <checkPointStep>true</checkPointStep>
      <historyCheckPointStep>true</historyCheckPointStep>
      <scriptResultStep>false</scriptResultStep>
      <userPrompt></userPrompt>
      <bindings>
        <staticBinding id="f7f92794-15b1-406d-b3f9-8718302a3346">
          <annotation></annotation>
          <assignFromContext>true</assignFromContext>
          <assignToContext>true</assignToContext>
          <inputType>STRING</inputType>
          <isList>false</isList>
          <required>true</required>
          <isPersisted>true</isPersisted>
          <inputSymbol>count</inputSymbol>
          <listDelimiter>,</listDelimiter>
          <value>30</value>
          <record>false</record>
        </staticBinding>
        <staticBinding id="0b4a140f-c473-43f2-94a1-782023891dd6">
          <annotation></annotation>
          <assignFromContext>false</assignFromContext>
          <assignToContext>false</assignToContext>
          <inputType>STRING</inputType>
          <isList>false</isList>
          <required>false</required>
          <isPersisted>true</isPersisted>
          <inputSymbol>reset</inputSymbol>
          <listDelimiter>,</listDelimiter>
          <value>false</value>
          <record>false</record>
        </staticBinding>
        <staticBinding id="3dc97ea6-74ef-4087-862a-4b3fc912c830">
          <annotation></annotation>
          <toContextKey></toContextKey>
          <fromContextKey></fromContextKey>
          <assignFromContext>false</assignFromContext>
          <assignToContext>false</assignToContext>
          <inputType>STRING</inputType>
          <recordKey></recordKey>
          <isList>false</isList>
          <required>false</required>
          <isPersisted>true</isPersisted>
          <inputSymbol>incrementBy</inputSymbol>
          <listDelimiter></listDelimiter>
          <value>1</value>
          <record>false</record>
        </staticBinding>
        <staticBinding id="fd811122-2343-4963-af3d-3ea6b135854e">
          <annotation></annotation>
          <toContextKey></toContextKey>
          <fromContextKey></fromContextKey>
          <assignFromContext>false</assignFromContext>
          <assignToContext>false</assignToContext>
          <inputType>STRING</inputType>
          <recordKey></recordKey>
          <isList>false</isList>
          <required>false</required>
          <isPersisted>true</isPersisted>
          <inputSymbol>from</inputSymbol>
          <listDelimiter></listDelimiter>
          <value>1</value>
          <record>false</record>
        </staticBinding>
        <staticBinding id="148409f5-0b20-44be-a9d5-7c4e5849f667">
          <annotation></annotation>
          <toContextKey></toContextKey>
          <fromContextKey></fromContextKey>
          <assignFromContext>false</assignFromContext>
          <assignToContext>false</assignToContext>
          <inputType>STRING</inputType>
          <recordKey></recordKey>
          <isList>false</isList>
          <required>false</required>
          <isPersisted>true</isPersisted>
          <inputSymbol>to</inputSymbol>
          <listDelimiter></listDelimiter>
          <value>${count}</value>
          <record>false</record>
        </staticBinding>
      </bindings>
      <transitions>
        <transition id="a9c3eccb-de0c-4835-9f4f-2f385e1948df">
          <annotation></annotation>
          <name>no more</name>
          <command>NEXT</command>
          <linkMode>false</linkMode>
          <responseSymbol>no more</responseSymbol>
          <shouldHandoff>false</shouldHandoff>
          <transitionValue>0.0</transitionValue>
          <destination>
            <refId>8a0caab3-30f8-4bca-9ac3-9d7f9b5bba7e</refId>
          </destination>
          <source>
            <refId>fbde83b0-142a-40a9-a034-1251506aaeef</refId>
          </source>
          <positions>
            <point>
              <x>368.0</x>
              <y>322.0</y>
            </point>
            <point>
              <x>489.0</x>
              <y>231.0</y>
            </point>
          </positions>
          <labelPosition>
            <x>333.0</x>
            <y>0.0</y>
          </labelPosition>
        </transition>
        <transition id="7552b7ec-38f8-41ee-b281-d53972e63eaf">
          <annotation></annotation>
          <name>has more</name>
          <command>NEXT</command>
          <linkMode>false</linkMode>
          <responseSymbol>has more</responseSymbol>
          <shouldHandoff>false</shouldHandoff>
          <transitionValue>0.0</transitionValue>
          <destination>
            <refId>b12eca6e-ff30-46c6-8566-4dedfb98107d</refId>
          </destination>
          <source>
            <refId>fbde83b0-142a-40a9-a034-1251506aaeef</refId>
          </source>
          <positions>
            <point>
              <x>368.0</x>
              <y>322.0</y>
            </point>
            <point>
              <x>589.0</x>
              <y>312.0</y>
            </point>
          </positions>
          <labelPosition>
            <x>333.0</x>
            <y>0.0</y>
          </labelPosition>
        </transition>
        <transition id="ee9bd107-1f5d-409e-9c2a-7bebd6bb7557">
          <annotation></annotation>
          <name>failure</name>
          <command>NEXT</command>
          <linkMode>false</linkMode>
          <responseSymbol>failure</responseSymbol>
          <shouldHandoff>false</shouldHandoff>
          <transitionValue>0.0</transitionValue>
          <destination>
            <refId>8a0caab3-30f8-4bca-9ac3-9d7f9b5bba7e</refId>
          </destination>
          <source>
            <refId>fbde83b0-142a-40a9-a034-1251506aaeef</refId>
          </source>
          <positions>
            <point>
              <x>368.0</x>
              <y>322.0</y>
            </point>
            <point>
              <x>477.0</x>
              <y>430.0</y>
            </point>
          </positions>
          <labelPosition>
            <x>333.0</x>
            <y>0.0</y>
          </labelPosition>
        </transition>
      </transitions>
      <properties/>
      <opRef>
        <refId>1f0d93cd-2692-4339-81d7-9b3c6de46029</refId>
      </opRef>
      <assignments/>
      <throttleSize>0</throttleSize>
    </step>
    <step id="b12eca6e-ff30-46c6-8566-4dedfb98107d">
      <annotation>0ff5eec5-a5c6-4a1d-8234-b01186b07b78.b12eca6e-ff30-46c6-8566-4dedfb98107d.description</annotation>
      <name>WaitForVMTools</name>
      <bounds>
        <x>542.0</x>
        <y>397.0</y>
      </bounds>
      <layer>-1</layer>
      <hideInbound>false</hideInbound>
      <addResultToRunContext>false</addResultToRunContext>
      <isCriticalStep>false</isCriticalStep>
      <isNonBlocking>false</isNonBlocking>
      <isParallelStep>false</isParallelStep>
      <isSingleResponse>false</isSingleResponse>
      <recordInHistory>false</recordInHistory>
      <recordRawOutput>true</recordRawOutput>
      <recordPrimaryOutput>true</recordPrimaryOutput>
      <checkPointStep>true</checkPointStep>
      <historyCheckPointStep>true</historyCheckPointStep>
      <scriptResultStep>false</scriptResultStep>
      <userPrompt></userPrompt>
      <bindings>
        <staticBinding id="9a3ed0ef-a3f2-4a2a-a9ad-294f73be7bda">
          <annotation></annotation>
          <assignFromContext>true</assignFromContext>
          <assignToContext>true</assignToContext>
          <inputType>STRING</inputType>
          <isList>false</isList>
          <required>true</required>
          <isPersisted>true</isPersisted>
          <inputSymbol>seconds</inputSymbol>
          <listDelimiter>,</listDelimiter>
          <value>10</value>
          <record>false</record>
        </staticBinding>
      </bindings>
      <transitions>
        <transition id="eeb43e95-af9d-4534-a029-d367162a14dc">
          <annotation></annotation>
          <name>failure</name>
          <command>NEXT</command>
          <linkMode>false</linkMode>
          <responseSymbol>failure</responseSymbol>
          <shouldHandoff>false</shouldHandoff>
          <transitionValue>0.0</transitionValue>
          <destination>
            <refId>8a0caab3-30f8-4bca-9ac3-9d7f9b5bba7e</refId>
          </destination>
          <source>
            <refId>b12eca6e-ff30-46c6-8566-4dedfb98107d</refId>
          </source>
          <positions>
            <point>
              <x>589.0</x>
              <y>312.0</y>
            </point>
            <point>
              <x>489.0</x>
              <y>231.0</y>
            </point>
          </positions>
          <labelPosition>
            <x>333.0</x>
            <y>0.0</y>
          </labelPosition>
        </transition>
        <transition id="571c0b86-c214-4ca5-b1b4-1913467286c5">
          <annotation></annotation>
          <name>success</name>
          <command>NEXT</command>
          <linkMode>false</linkMode>
          <responseSymbol>success</responseSymbol>
          <shouldHandoff>false</shouldHandoff>
          <transitionValue>0.0</transitionValue>
          <destination>
            <refId>ba61d71d-e132-40ae-a8f9-19ed0b660a53</refId>
          </destination>
          <source>
            <refId>b12eca6e-ff30-46c6-8566-4dedfb98107d</refId>
          </source>
          <positions>
            <point>
              <x>588.0</x>
              <y>323.0</y>
            </point>
            <point>
              <x>371.0</x>
              <y>154.0</y>
            </point>
          </positions>
          <labelPosition>
            <x>333.0</x>
            <y>0.0</y>
          </labelPosition>
        </transition>
      </transitions>
      <properties/>
      <opRef>
        <refId>d1bbf441-824a-450e-afae-2ddec0e0f35e</refId>
      </opRef>
      <assignments/>
      <throttleSize>0</throttleSize>
    </step>
  </steps>
  <startSteps>878e2b61-2662-48bc-b46d-475d5ac02627</startSteps>
</flow>