<?xml version="1.0" encoding="UTF-8"?>
<flow id="64be4332-b3ac-4566-9cce-49762384ec1a">
  <annotation></annotation>
  <name>WIN_Activation</name>
  <categories/>
  <inputs>
    <staticBinding id="a5b76666-9c63-4327-be06-cb8132682d46">
      <annotation></annotation>
      <assignFromContext>true</assignFromContext>
      <assignToContext>true</assignToContext>
      <inputType>STRING</inputType>
      <isList>false</isList>
      <required>false</required>
      <isPersisted>true</isPersisted>
      <inputSymbol>server.ip.backup</inputSymbol>
      <listDelimiter>,</listDelimiter>
      <value>10.121.3.65</value>
      <record>false</record>
    </staticBinding>
    <staticBinding id="35e97018-0be8-43bd-9cd2-3789b94a2549">
      <annotation></annotation>
      <assignFromContext>true</assignFromContext>
      <assignToContext>true</assignToContext>
      <inputType>STRING</inputType>
      <isList>false</isList>
      <required>false</required>
      <isPersisted>true</isPersisted>
      <inputSymbol>server.oo.ras</inputSymbol>
      <listDelimiter>,</listDelimiter>
      <value>15.91.54.153</value>
      <record>false</record>
    </staticBinding>
  </inputs>
  <scriptlet id="2fade110-47c1-49f1-92cb-7e1220c0fc3d">
    <annotation></annotation>
    <name>Operation WIN_Activation (64be4332-b3ac-4566-9cce-49762384ec1a)</name>
    <type>RHINO</type>
  </scriptlet>
  <possibleResponses>
    <opResponse id="cefe67df-b874-4b36-b385-e99d1e04f927">
      <annotation></annotation>
      <name>success</name>
      <isDefault>true</isDefault>
      <onFailure>false</onFailure>
      <type>RESOLVED</type>
      <matchRules/>
    </opResponse>
  </possibleResponses>
  <availableResultExpressions/>
  <resultExpression id="f552cdec-f2bc-464b-8c86-2b2e91c11062">
    <annotation></annotation>
    <name>FailureMessage</name>
    <fieldName>FailureMessage</fieldName>
    <sourceType>RAWRESULT</sourceType>
    <filters/>
  </resultExpression>
  <iconSpec id="f88ee7eb-d747-4730-aa32-77087e73a6e5">
    <baseIcon>flow.png</baseIcon>
    <basePath>System</basePath>
    <readOnly>false</readOnly>
    <layers/>
  </iconSpec>
  <callouts/>
  <checkPointFlow>true</checkPointFlow>
  <compatibleRuntimeContext>false</compatibleRuntimeContext>
  <historyCheckPointFlow>true</historyCheckPointFlow>
  <steps>
    <step id="b9f8d110-c1d1-412d-8cca-c3fb8e558e59">
      <annotation>64be4332-b3ac-4566-9cce-49762384ec1a.b9f8d110-c1d1-412d-8cca-c3fb8e558e59.description</annotation>
      <name>Set KMS Server</name>
      <bounds>
        <x>24.0</x>
        <y>16.0</y>
      </bounds>
      <layer>-1</layer>
      <hideInbound>false</hideInbound>
      <addResultToRunContext>false</addResultToRunContext>
      <isCriticalStep>false</isCriticalStep>
      <isNonBlocking>false</isNonBlocking>
      <isParallelStep>false</isParallelStep>
      <isSingleResponse>false</isSingleResponse>
      <recordInHistory>false</recordInHistory>
      <recordRawOutput>true</recordRawOutput>
      <recordPrimaryOutput>true</recordPrimaryOutput>
      <checkPointStep>true</checkPointStep>
      <historyCheckPointStep>true</historyCheckPointStep>
      <scriptResultStep>false</scriptResultStep>
      <userPrompt></userPrompt>
      <bindings>
        <staticBinding id="da1a4b60-7602-4e7a-b941-c2986e4c825e">
          <annotation></annotation>
          <assignFromContext>true</assignFromContext>
          <assignToContext>true</assignToContext>
          <inputType>STRING</inputType>
          <isList>false</isList>
          <required>true</required>
          <isPersisted>true</isPersisted>
          <inputSymbol>host</inputSymbol>
          <listDelimiter>,</listDelimiter>
          <value>${server.ip.backup}</value>
          <record>false</record>
        </staticBinding>
        <staticBinding id="2373278f-608a-4082-a8cd-d6c9e788fe13">
          <annotation></annotation>
          <toContextKey></toContextKey>
          <fromContextKey></fromContextKey>
          <assignFromContext>false</assignFromContext>
          <assignToContext>false</assignToContext>
          <inputType>STRING</inputType>
          <isList>false</isList>
          <required>true</required>
          <isPersisted>true</isPersisted>
          <inputSymbol>command</inputSymbol>
          <listDelimiter>,</listDelimiter>
          <value>cscript.exe %SYSTEMROOT%\System32\slmgr.vbs /skms ${pc.kms.host}:1688</value>
          <record>false</record>
        </staticBinding>
        <identityBinding id="a3d8b82e-09db-4a4a-9187-dc4e049fd9a0">
          <annotation></annotation>
          <toContextKey></toContextKey>
          <fromContextKey></fromContextKey>
          <assignFromContext>false</assignFromContext>
          <assignToContext>false</assignToContext>
          <inputType>ENCRYPTED</inputType>
          <isList>false</isList>
          <required>true</required>
          <isPersisted>true</isPersisted>
          <inputSymbol>password</inputSymbol>
          <listDelimiter>,</listDelimiter>
          <record>false</record>
          <link>
            <refId>e19bf30f-1207-4947-a94c-08a30d3d1772</refId>
            <refName>pc.vm.win</refName>
          </link>
          <identityAttribute>PASSWORD</identityAttribute>
        </identityBinding>
        <staticBinding id="1d1dd4cd-7fb0-4046-b7f7-baf67fc3a29a">
          <annotation></annotation>
          <assignFromContext>true</assignFromContext>
          <assignToContext>true</assignToContext>
          <inputType>STRING</inputType>
          <isList>false</isList>
          <required>false</required>
          <isPersisted>true</isPersisted>
          <inputSymbol>overrideNRAS</inputSymbol>
          <listDelimiter>,</listDelimiter>
          <value>${server.oo.ras}</value>
          <record>false</record>
        </staticBinding>
        <staticBinding id="040c8579-1aae-4ed0-adfd-3c4649b4a6ce">
          <annotation></annotation>
          <assignFromContext>true</assignFromContext>
          <assignToContext>true</assignToContext>
          <inputType>STRING</inputType>
          <isList>false</isList>
          <required>false</required>
          <isPersisted>true</isPersisted>
          <inputSymbol>overrideJRAS</inputSymbol>
          <listDelimiter>,</listDelimiter>
          <value>${server.oo.ras}</value>
          <record>false</record>
        </staticBinding>
        <identityBinding id="8387baec-4a21-43fd-b506-ebd4de9c68d9">
          <annotation></annotation>
          <toContextKey></toContextKey>
          <fromContextKey></fromContextKey>
          <assignFromContext>false</assignFromContext>
          <assignToContext>false</assignToContext>
          <inputType>ENCRYPTED</inputType>
          <isList>false</isList>
          <required>true</required>
          <isPersisted>true</isPersisted>
          <inputSymbol>user</inputSymbol>
          <listDelimiter>,</listDelimiter>
          <record>false</record>
          <link>
            <refId>e19bf30f-1207-4947-a94c-08a30d3d1772</refId>
            <refName>pc.vm.win</refName>
          </link>
          <identityAttribute>USERNAME</identityAttribute>
        </identityBinding>
      </bindings>
      <transitions>
        <transition id="39cdce1c-024b-4042-b253-ca3601d4870a">
          <annotation></annotation>
          <name>success</name>
          <command>NEXT</command>
          <linkMode>false</linkMode>
          <responseSymbol>success</responseSymbol>
          <shouldHandoff>false</shouldHandoff>
          <transitionValue>0.0</transitionValue>
          <destination>
            <refId>aed9824b-cb68-41f3-9676-d5a6e75b9109</refId>
          </destination>
          <source>
            <refId>b9f8d110-c1d1-412d-8cca-c3fb8e558e59</refId>
          </source>
          <positions>
            <point>
              <x>112.0</x>
              <y>68.0</y>
            </point>
            <point>
              <x>131.0</x>
              <y>251.0</y>
            </point>
          </positions>
          <labelPosition>
            <x>333.0</x>
            <y>0.0</y>
          </labelPosition>
        </transition>
        <transition id="35319112-77a8-4053-a988-7a0167e28cfe">
          <annotation></annotation>
          <name>failure</name>
          <command>NEXT</command>
          <linkMode>false</linkMode>
          <responseSymbol>failure</responseSymbol>
          <shouldHandoff>false</shouldHandoff>
          <transitionValue>0.0</transitionValue>
          <destination>
            <refId>aed9824b-cb68-41f3-9676-d5a6e75b9109</refId>
          </destination>
          <source>
            <refId>b9f8d110-c1d1-412d-8cca-c3fb8e558e59</refId>
          </source>
          <positions>
            <point>
              <x>86.0</x>
              <y>53.622950819672134</y>
            </point>
            <point>
              <x>135.0</x>
              <y>75.0</y>
            </point>
            <point>
              <x>190.0</x>
              <y>73.0</y>
            </point>
            <point>
              <x>255.0</x>
              <y>67.0</y>
            </point>
          </positions>
          <labelPosition>
            <x>445.7610486494625</x>
            <y>17.762580436875925</y>
          </labelPosition>
        </transition>
      </transitions>
      <properties/>
      <opRef>
        <refId>632830d9-d5be-47b3-9768-efa99decb443</refId>
      </opRef>
      <assignments/>
      <throttleSize>0</throttleSize>
    </step>
    <step id="aed9824b-cb68-41f3-9676-d5a6e75b9109">
      <annotation>64be4332-b3ac-4566-9cce-49762384ec1a.aed9824b-cb68-41f3-9676-d5a6e75b9109.description</annotation>
      <name>Activate VM</name>
      <bounds>
        <x>205.0</x>
        <y>17.0</y>
      </bounds>
      <layer>-1</layer>
      <hideInbound>false</hideInbound>
      <addResultToRunContext>false</addResultToRunContext>
      <isCriticalStep>false</isCriticalStep>
      <isNonBlocking>false</isNonBlocking>
      <isParallelStep>false</isParallelStep>
      <isSingleResponse>false</isSingleResponse>
      <recordInHistory>false</recordInHistory>
      <recordRawOutput>true</recordRawOutput>
      <recordPrimaryOutput>true</recordPrimaryOutput>
      <checkPointStep>true</checkPointStep>
      <historyCheckPointStep>true</historyCheckPointStep>
      <scriptResultStep>false</scriptResultStep>
      <userPrompt></userPrompt>
      <bindings>
        <staticBinding id="5279aef8-fbe2-46e9-a77a-6a20fa630bee">
          <annotation></annotation>
          <assignFromContext>true</assignFromContext>
          <assignToContext>true</assignToContext>
          <inputType>STRING</inputType>
          <isList>false</isList>
          <required>true</required>
          <isPersisted>true</isPersisted>
          <inputSymbol>host</inputSymbol>
          <listDelimiter>,</listDelimiter>
          <value>${server.ip.backup}</value>
          <record>false</record>
        </staticBinding>
        <staticBinding id="b52a61ad-3644-408f-a244-4444b4df01a5">
          <annotation></annotation>
          <toContextKey></toContextKey>
          <fromContextKey></fromContextKey>
          <assignFromContext>false</assignFromContext>
          <assignToContext>false</assignToContext>
          <inputType>STRING</inputType>
          <isList>false</isList>
          <required>true</required>
          <isPersisted>true</isPersisted>
          <inputSymbol>command</inputSymbol>
          <listDelimiter>,</listDelimiter>
          <value>cscript.exe %SYSTEMROOT%\System32\slmgr.vbs /ato</value>
          <record>false</record>
        </staticBinding>
        <identityBinding id="53051fcf-59ec-4088-9194-6a08a670f7d0">
          <annotation></annotation>
          <toContextKey></toContextKey>
          <fromContextKey></fromContextKey>
          <assignFromContext>false</assignFromContext>
          <assignToContext>false</assignToContext>
          <inputType>ENCRYPTED</inputType>
          <isList>false</isList>
          <required>true</required>
          <isPersisted>true</isPersisted>
          <inputSymbol>password</inputSymbol>
          <listDelimiter>,</listDelimiter>
          <record>false</record>
          <link>
            <refId>e19bf30f-1207-4947-a94c-08a30d3d1772</refId>
            <refName>pc.vm.win</refName>
          </link>
          <identityAttribute>PASSWORD</identityAttribute>
        </identityBinding>
        <identityBinding id="2801f71f-e191-4c38-97d2-cd56fcefdab8">
          <annotation></annotation>
          <toContextKey></toContextKey>
          <fromContextKey></fromContextKey>
          <assignFromContext>true</assignFromContext>
          <assignToContext>true</assignToContext>
          <inputType>ENCRYPTED</inputType>
          <isList>false</isList>
          <required>true</required>
          <isPersisted>true</isPersisted>
          <inputSymbol>user</inputSymbol>
          <listDelimiter>,</listDelimiter>
          <record>false</record>
          <link>
            <refId>e19bf30f-1207-4947-a94c-08a30d3d1772</refId>
            <refName>pc.vm.win</refName>
          </link>
          <identityAttribute>USERNAME</identityAttribute>
        </identityBinding>
      </bindings>
      <transitions>
        <transition id="7339e469-4232-4ef1-9103-cecb156fd11f">
          <annotation></annotation>
          <name>success</name>
          <command>NEXT</command>
          <linkMode>false</linkMode>
          <responseSymbol>success</responseSymbol>
          <shouldHandoff>false</shouldHandoff>
          <transitionValue>0.0</transitionValue>
          <destination>
            <refId>faf922f4-4a91-4595-ba74-bce7b8eeea7d</refId>
          </destination>
          <source>
            <refId>aed9824b-cb68-41f3-9676-d5a6e75b9109</refId>
          </source>
          <positions>
            <point>
              <x>255.0</x>
              <y>51.0</y>
            </point>
            <point>
              <x>431.0</x>
              <y>49.0</y>
            </point>
          </positions>
          <labelPosition>
            <x>333.0</x>
            <y>0.0</y>
          </labelPosition>
        </transition>
        <transition id="b337c36d-efc1-4519-acb8-46ab66c741a4">
          <annotation></annotation>
          <name>failure</name>
          <command>NEXT</command>
          <linkMode>false</linkMode>
          <responseSymbol>failure</responseSymbol>
          <shouldHandoff>false</shouldHandoff>
          <transitionValue>0.0</transitionValue>
          <destination>
            <refId>faf922f4-4a91-4595-ba74-bce7b8eeea7d</refId>
          </destination>
          <source>
            <refId>aed9824b-cb68-41f3-9676-d5a6e75b9109</refId>
          </source>
          <positions>
            <point>
              <x>255.0</x>
              <y>51.0</y>
            </point>
            <point>
              <x>315.28019897642866</x>
              <y>75.31661183969035</y>
            </point>
            <point>
              <x>371.28794616001267</x>
              <y>74.68016016714962</y>
            </point>
            <point>
              <x>431.0</x>
              <y>49.0</y>
            </point>
          </positions>
          <labelPosition>
            <x>508.17317109996293</x>
            <y>14.972994601353312</y>
          </labelPosition>
        </transition>
      </transitions>
      <properties/>
      <opRef>
        <refId>632830d9-d5be-47b3-9768-efa99decb443</refId>
      </opRef>
      <assignments/>
      <throttleSize>0</throttleSize>
    </step>
    <returnStep id="faf922f4-4a91-4595-ba74-bce7b8eeea7d">
      <annotation></annotation>
      <name>Resolved : success</name>
      <bounds>
        <x>381.0</x>
        <y>15.0</y>
      </bounds>
      <layer>-1</layer>
      <hideInbound>false</hideInbound>
      <addResultToRunContext>false</addResultToRunContext>
      <isCriticalStep>false</isCriticalStep>
      <isNonBlocking>false</isNonBlocking>
      <isParallelStep>false</isParallelStep>
      <isSingleResponse>false</isSingleResponse>
      <recordInHistory>false</recordInHistory>
      <recordRawOutput>true</recordRawOutput>
      <recordPrimaryOutput>true</recordPrimaryOutput>
      <checkPointStep>true</checkPointStep>
      <historyCheckPointStep>true</historyCheckPointStep>
      <scriptResultStep>false</scriptResultStep>
      <userPrompt></userPrompt>
      <bindings/>
      <transitions>
        <transition id="66eeaaf4-f6b0-4452-a356-b68a50afd3e6">
          <annotation></annotation>
          <name>return</name>
          <command>NEXT</command>
          <linkMode>false</linkMode>
          <responseSymbol>success</responseSymbol>
          <shouldHandoff>false</shouldHandoff>
          <transitionValue>0.0</transitionValue>
          <destination>
            <refId>faf922f4-4a91-4595-ba74-bce7b8eeea7d</refId>
          </destination>
          <source>
            <refId>faf922f4-4a91-4595-ba74-bce7b8eeea7d</refId>
          </source>
          <positions/>
        </transition>
      </transitions>
      <properties/>
      <returnStepType>RESOLVED</returnStepType>
      <assignments/>
    </returnStep>
  </steps>
  <startSteps>b9f8d110-c1d1-412d-8cca-c3fb8e558e59</startSteps>
</flow>