<?xml version="1.0" encoding="UTF-8"?>
<flow id="3aab9cf8-f540-406a-a150-1e9d8f20edda">
  <annotation></annotation>
  <name>DB_GetCategoryByCloudCell</name>
  <categories/>
  <inputs>
    <staticBinding id="c239bee4-0bf4-4834-924b-f9e7281653e8">
      <annotation></annotation>
      <assignFromContext>true</assignFromContext>
      <assignToContext>true</assignToContext>
      <inputType>STRING</inputType>
      <isList>false</isList>
      <required>true</required>
      <isPersisted>true</isPersisted>
      <inputSymbol>db.getcat.cloudcell</inputSymbol>
      <listDelimiter>,</listDelimiter>
      <value>DERLACMCELL01</value>
      <record>false</record>
    </staticBinding>
  </inputs>
  <scriptlet id="03a88341-6283-4463-8786-7c21337f22f3">
    <annotation></annotation>
    <name>Operation DB_GetCategoryByCloudCell (3aab9cf8-f540-406a-a150-1e9d8f20edda)</name>
    <type>RHINO</type>
  </scriptlet>
  <possibleResponses>
    <opResponse id="266b294d-d423-4e71-8764-2e60e3c94d78">
      <annotation></annotation>
      <name>success</name>
      <isDefault>true</isDefault>
      <onFailure>false</onFailure>
      <type>RESOLVED</type>
      <matchRules/>
    </opResponse>
    <opResponse id="d29e315a-4643-4ccf-a643-6455570987a6">
      <annotation></annotation>
      <name>failure</name>
      <isDefault>false</isDefault>
      <onFailure>true</onFailure>
      <type>ERROR</type>
      <matchRules/>
    </opResponse>
  </possibleResponses>
  <availableResultExpressions/>
  <resultExpression id="6659590c-0b7b-4a71-a3b6-e7c9a624eaaf">
    <annotation></annotation>
    <name>FailureMessage</name>
    <fieldName>FailureMessage</fieldName>
    <sourceType>RAWRESULT</sourceType>
    <filters/>
  </resultExpression>
  <iconSpec id="64994e5f-e6cd-4daa-ab2c-21eab43cdccb">
    <baseIcon>flow.png</baseIcon>
    <basePath>System</basePath>
    <readOnly>false</readOnly>
    <layers/>
  </iconSpec>
  <callouts/>
  <checkPointFlow>true</checkPointFlow>
  <compatibleRuntimeContext>false</compatibleRuntimeContext>
  <historyCheckPointFlow>true</historyCheckPointFlow>
  <steps>
    <step id="f736c8f3-87f3-42cd-be8a-0e1acce51149">
      <annotation>3aab9cf8-f540-406a-a150-1e9d8f20edda.f736c8f3-87f3-42cd-be8a-0e1acce51149.description</annotation>
      <name>Reset Query</name>
      <bounds>
        <x>221.0</x>
        <y>380.0</y>
      </bounds>
      <layer>-1</layer>
      <hideInbound>false</hideInbound>
      <addResultToRunContext>false</addResultToRunContext>
      <isCriticalStep>false</isCriticalStep>
      <isNonBlocking>false</isNonBlocking>
      <isParallelStep>false</isParallelStep>
      <isSingleResponse>false</isSingleResponse>
      <recordInHistory>false</recordInHistory>
      <recordRawOutput>true</recordRawOutput>
      <recordPrimaryOutput>true</recordPrimaryOutput>
      <checkPointStep>true</checkPointStep>
      <historyCheckPointStep>true</historyCheckPointStep>
      <scriptResultStep>false</scriptResultStep>
      <userPrompt></userPrompt>
      <bindings>
        <staticBinding id="96af6d00-4bda-44b0-92d6-3a99015b6f96">
          <annotation></annotation>
          <assignFromContext>true</assignFromContext>
          <assignToContext>true</assignToContext>
          <inputType>STRING</inputType>
          <isList>false</isList>
          <required>false</required>
          <isPersisted>true</isPersisted>
          <inputSymbol>field3</inputSymbol>
          <listDelimiter>,</listDelimiter>
          <value>PARAMS</value>
          <record>false</record>
        </staticBinding>
        <staticBinding id="ec974a86-505b-4189-9347-b281adcb87b9">
          <annotation></annotation>
          <toContextKey></toContextKey>
          <fromContextKey></fromContextKey>
          <assignFromContext>false</assignFromContext>
          <assignToContext>false</assignToContext>
          <inputType>STRING</inputType>
          <recordKey></recordKey>
          <isList>false</isList>
          <required>false</required>
          <isPersisted>true</isPersisted>
          <inputSymbol>Field_2</inputSymbol>
          <listDelimiter></listDelimiter>
          <value>${field2}</value>
          <record>false</record>
        </staticBinding>
        <staticBinding id="cc8e3a5d-9698-4d40-ad82-18b923cd2aa7">
          <annotation></annotation>
          <toContextKey></toContextKey>
          <fromContextKey></fromContextKey>
          <assignFromContext>false</assignFromContext>
          <assignToContext>false</assignToContext>
          <inputType>STRING</inputType>
          <recordKey></recordKey>
          <isList>false</isList>
          <required>false</required>
          <isPersisted>true</isPersisted>
          <inputSymbol>Field_4</inputSymbol>
          <listDelimiter></listDelimiter>
          <value>${field4}</value>
          <record>false</record>
        </staticBinding>
        <staticBinding id="cabde5a1-947e-465d-81d7-55c446b44cb8">
          <annotation></annotation>
          <toContextKey></toContextKey>
          <fromContextKey></fromContextKey>
          <assignFromContext>false</assignFromContext>
          <assignToContext>false</assignToContext>
          <inputType>STRING</inputType>
          <recordKey></recordKey>
          <isList>false</isList>
          <required>false</required>
          <isPersisted>true</isPersisted>
          <inputSymbol>Field_3</inputSymbol>
          <listDelimiter></listDelimiter>
          <value>${field3}</value>
          <record>false</record>
        </staticBinding>
        <staticBinding id="0332313c-7d38-4e27-a68c-9d49a6ffabb8">
          <annotation></annotation>
          <toContextKey></toContextKey>
          <fromContextKey></fromContextKey>
          <assignFromContext>false</assignFromContext>
          <assignToContext>false</assignToContext>
          <inputType>STRING</inputType>
          <recordKey></recordKey>
          <isList>false</isList>
          <required>false</required>
          <isPersisted>true</isPersisted>
          <inputSymbol>Field_1</inputSymbol>
          <listDelimiter></listDelimiter>
          <value>${field1}</value>
          <record>false</record>
        </staticBinding>
      </bindings>
      <transitions>
        <transition id="9cecb1b4-c7cf-439b-aaca-4dd6db241e21">
          <annotation></annotation>
          <name>success</name>
          <command>NEXT</command>
          <linkMode>false</linkMode>
          <responseSymbol>success</responseSymbol>
          <shouldHandoff>false</shouldHandoff>
          <transitionValue>0.0</transitionValue>
          <destination>
            <refId>67699a82-d830-4983-b652-1469fa44df59</refId>
          </destination>
          <source>
            <refId>f736c8f3-87f3-42cd-be8a-0e1acce51149</refId>
          </source>
          <positions>
            <point>
              <x>123.0</x>
              <y>237.0</y>
            </point>
            <point>
              <x>478.0</x>
              <y>243.0</y>
            </point>
          </positions>
          <labelPosition>
            <x>333.0</x>
            <y>0.0</y>
          </labelPosition>
        </transition>
      </transitions>
      <properties/>
      <opRef>
        <refId>ddd79f22-8b1e-4605-88d5-d912bb2da2b9</refId>
      </opRef>
      <assignments>
        <flowVariableAssignment id="4ba7f14c-79a4-4a05-8912-8958df82320c">
          <annotation></annotation>
          <name>assignment</name>
          <action>OVERWRITE</action>
          <assignmentTargetType>FLOW_VARIABLE</assignmentTargetType>
          <contextKey>query_result</contextKey>
          <expression id="bb077dd6-df71-48b9-9974-bc4ab5ca9b50">
            <annotation></annotation>
            <name>Result Field: Field_3</name>
            <fieldName>Field_3</fieldName>
            <sourceType>RAWRESULT</sourceType>
            <filters/>
          </expression>
        </flowVariableAssignment>
      </assignments>
      <throttleSize>0</throttleSize>
    </step>
    <step id="67699a82-d830-4983-b652-1469fa44df59">
      <annotation>3aab9cf8-f540-406a-a150-1e9d8f20edda.67699a82-d830-4983-b652-1469fa44df59.description</annotation>
      <name>TNS Names SQL Query</name>
      <bounds>
        <x>221.0</x>
        <y>200.0</y>
      </bounds>
      <layer>-1</layer>
      <hideInbound>false</hideInbound>
      <addResultToRunContext>false</addResultToRunContext>
      <isCriticalStep>false</isCriticalStep>
      <isNonBlocking>false</isNonBlocking>
      <isParallelStep>false</isParallelStep>
      <isSingleResponse>false</isSingleResponse>
      <recordInHistory>false</recordInHistory>
      <recordRawOutput>true</recordRawOutput>
      <recordPrimaryOutput>true</recordPrimaryOutput>
      <checkPointStep>true</checkPointStep>
      <historyCheckPointStep>true</historyCheckPointStep>
      <scriptResultStep>false</scriptResultStep>
      <userPrompt></userPrompt>
      <bindings>
        <staticBinding id="2bd80691-42b6-4879-9f79-3c084474bfed">
          <annotation></annotation>
          <toContextKey></toContextKey>
          <fromContextKey></fromContextKey>
          <assignFromContext>false</assignFromContext>
          <assignToContext>false</assignToContext>
          <inputType>STRING</inputType>
          <isList>false</isList>
          <required>true</required>
          <isPersisted>true</isPersisted>
          <inputSymbol>TNSPath</inputSymbol>
          <listDelimiter>,</listDelimiter>
          <value>${pc.infradb.tns.path}</value>
          <record>false</record>
        </staticBinding>
        <staticBinding id="af40f15f-1a0b-494b-97be-9e7776c975af">
          <annotation></annotation>
          <toContextKey></toContextKey>
          <fromContextKey></fromContextKey>
          <assignFromContext>false</assignFromContext>
          <assignToContext>false</assignToContext>
          <inputType>STRING</inputType>
          <isList>false</isList>
          <required>true</required>
          <isPersisted>true</isPersisted>
          <inputSymbol>TNSEntry</inputSymbol>
          <listDelimiter>,</listDelimiter>
          <value>${pc.infradb.tns.entry}</value>
          <record>false</record>
        </staticBinding>
        <identityBinding id="904021c0-36ac-47f0-9108-6624d2da6f2e">
          <annotation></annotation>
          <toContextKey></toContextKey>
          <fromContextKey></fromContextKey>
          <assignFromContext>false</assignFromContext>
          <assignToContext>false</assignToContext>
          <inputType>ENCRYPTED</inputType>
          <isList>false</isList>
          <required>true</required>
          <isPersisted>true</isPersisted>
          <inputSymbol>Username</inputSymbol>
          <listDelimiter>,</listDelimiter>
          <record>false</record>
          <link>
            <refId>881ee06f-89ad-4af6-a00d-06654eadccaa</refId>
            <refName>pc.infradb</refName>
          </link>
          <identityAttribute>USERNAME</identityAttribute>
        </identityBinding>
        <identityBinding id="2a818e79-cd3f-4aff-ac02-739781a6b3db">
          <annotation></annotation>
          <toContextKey></toContextKey>
          <fromContextKey></fromContextKey>
          <assignFromContext>false</assignFromContext>
          <assignToContext>false</assignToContext>
          <inputType>ENCRYPTED</inputType>
          <isList>false</isList>
          <required>true</required>
          <isPersisted>true</isPersisted>
          <inputSymbol>Password</inputSymbol>
          <listDelimiter>,</listDelimiter>
          <record>false</record>
          <link>
            <refId>881ee06f-89ad-4af6-a00d-06654eadccaa</refId>
            <refName>pc.infradb</refName>
          </link>
          <identityAttribute>PASSWORD</identityAttribute>
        </identityBinding>
        <staticBinding id="8cef600f-166a-4b59-8d0c-f506393bbb6e">
          <annotation></annotation>
          <toContextKey></toContextKey>
          <fromContextKey></fromContextKey>
          <assignFromContext>false</assignFromContext>
          <assignToContext>false</assignToContext>
          <inputType>STRING</inputType>
          <isList>false</isList>
          <required>true</required>
          <isPersisted>true</isPersisted>
          <inputSymbol>Command</inputSymbol>
          <listDelimiter>,</listDelimiter>
          <value>SELECT CC.CATNAME FROM CLOUDCELL CC WHERE CC.CCNAME =&apos;${db.getcat.cloudcell}&apos;</value>
          <record>false</record>
        </staticBinding>
        <staticBinding id="c1980bbd-dce3-459f-8437-72adc086778a">
          <annotation></annotation>
          <toContextKey></toContextKey>
          <fromContextKey></fromContextKey>
          <assignFromContext>false</assignFromContext>
          <assignToContext>false</assignToContext>
          <inputType>STRING</inputType>
          <isList>false</isList>
          <required>true</required>
          <isPersisted>true</isPersisted>
          <inputSymbol>Delimiter</inputSymbol>
          <listDelimiter>,</listDelimiter>
          <value>&lt;&gt;</value>
          <record>false</record>
        </staticBinding>
        <staticBinding id="e757f134-f7d4-4bbb-ae33-63ebf9f7b5cd">
          <annotation></annotation>
          <toContextKey></toContextKey>
          <fromContextKey></fromContextKey>
          <assignFromContext>false</assignFromContext>
          <assignToContext>false</assignToContext>
          <inputType>STRING</inputType>
          <isList>false</isList>
          <required>true</required>
          <isPersisted>true</isPersisted>
          <inputSymbol>Key</inputSymbol>
          <listDelimiter>,</listDelimiter>
          <value>[]</value>
          <record>false</record>
        </staticBinding>
      </bindings>
      <transitions>
        <transition id="c6493a59-437a-4aca-b535-46792f9d3432">
          <annotation></annotation>
          <name>failure</name>
          <command>NEXT</command>
          <linkMode>false</linkMode>
          <responseSymbol>failure</responseSymbol>
          <shouldHandoff>false</shouldHandoff>
          <transitionValue>0.0</transitionValue>
          <destination>
            <refId>3ef1ebaa-02c1-40e5-a414-4624b2ecd2a5</refId>
          </destination>
          <source>
            <refId>67699a82-d830-4983-b652-1469fa44df59</refId>
          </source>
          <positions>
            <point>
              <x>478.0</x>
              <y>243.0</y>
            </point>
            <point>
              <x>277.0</x>
              <y>85.0</y>
            </point>
          </positions>
          <labelPosition>
            <x>333.0</x>
            <y>0.0</y>
          </labelPosition>
        </transition>
        <transition id="2eaaf4d0-c85c-4604-9b67-8c4886e5f45a">
          <annotation></annotation>
          <name>more items</name>
          <command>NEXT</command>
          <linkMode>false</linkMode>
          <responseSymbol>more items</responseSymbol>
          <shouldHandoff>false</shouldHandoff>
          <transitionValue>0.0</transitionValue>
          <destination>
            <refId>19498969-62fe-4cda-b393-83763ebd24d0</refId>
          </destination>
          <source>
            <refId>67699a82-d830-4983-b652-1469fa44df59</refId>
          </source>
          <positions>
            <point>
              <x>478.0</x>
              <y>243.0</y>
            </point>
            <point>
              <x>606.0</x>
              <y>252.0</y>
            </point>
          </positions>
          <labelPosition>
            <x>333.0</x>
            <y>0.0</y>
          </labelPosition>
        </transition>
        <transition id="9dc481e4-1563-4868-9cd5-02392a9ee931">
          <annotation></annotation>
          <name>no more items</name>
          <command>NEXT</command>
          <linkMode>false</linkMode>
          <responseSymbol>no more items</responseSymbol>
          <shouldHandoff>false</shouldHandoff>
          <transitionValue>0.0</transitionValue>
          <destination>
            <refId>00c3f9c6-b8ae-4f10-9e86-0971cbc00b15</refId>
          </destination>
          <source>
            <refId>67699a82-d830-4983-b652-1469fa44df59</refId>
          </source>
          <positions>
            <point>
              <x>278.0</x>
              <y>236.0</y>
            </point>
            <point>
              <x>204.0</x>
              <y>388.0</y>
            </point>
          </positions>
          <labelPosition>
            <x>333.0</x>
            <y>0.0</y>
          </labelPosition>
        </transition>
      </transitions>
      <properties/>
      <opRef>
        <refId>e17253d4-82a9-4b5d-a524-97fcf6d693e8</refId>
      </opRef>
      <assignments/>
      <throttleSize>0</throttleSize>
    </step>
    <returnStep id="79926b2a-f422-40d0-a36a-a41e50b1c65e">
      <annotation></annotation>
      <name>Resolved : success</name>
      <bounds>
        <x>546.0</x>
        <y>200.0</y>
      </bounds>
      <layer>-1</layer>
      <hideInbound>false</hideInbound>
      <addResultToRunContext>false</addResultToRunContext>
      <isCriticalStep>false</isCriticalStep>
      <isNonBlocking>false</isNonBlocking>
      <isParallelStep>false</isParallelStep>
      <isSingleResponse>false</isSingleResponse>
      <recordInHistory>false</recordInHistory>
      <recordRawOutput>true</recordRawOutput>
      <recordPrimaryOutput>true</recordPrimaryOutput>
      <checkPointStep>true</checkPointStep>
      <historyCheckPointStep>true</historyCheckPointStep>
      <scriptResultStep>false</scriptResultStep>
      <userPrompt></userPrompt>
      <bindings/>
      <transitions>
        <transition id="f60fd9d1-45f8-4474-b4f1-fef5a42551cd">
          <annotation></annotation>
          <name>return</name>
          <command>NEXT</command>
          <linkMode>false</linkMode>
          <responseSymbol>success</responseSymbol>
          <shouldHandoff>false</shouldHandoff>
          <transitionValue>0.0</transitionValue>
          <destination>
            <refId>79926b2a-f422-40d0-a36a-a41e50b1c65e</refId>
          </destination>
          <source>
            <refId>79926b2a-f422-40d0-a36a-a41e50b1c65e</refId>
          </source>
          <positions/>
        </transition>
      </transitions>
      <properties/>
      <returnStepType>RESOLVED</returnStepType>
      <assignments/>
    </returnStep>
    <step id="00c3f9c6-b8ae-4f10-9e86-0971cbc00b15">
      <annotation>3aab9cf8-f540-406a-a150-1e9d8f20edda.00c3f9c6-b8ae-4f10-9e86-0971cbc00b15.description</annotation>
      <name>Set query_result as Flow Output</name>
      <bounds>
        <x>364.0</x>
        <y>200.0</y>
      </bounds>
      <layer>-1</layer>
      <hideInbound>false</hideInbound>
      <addResultToRunContext>false</addResultToRunContext>
      <isCriticalStep>false</isCriticalStep>
      <isNonBlocking>false</isNonBlocking>
      <isParallelStep>false</isParallelStep>
      <isSingleResponse>false</isSingleResponse>
      <recordInHistory>false</recordInHistory>
      <recordRawOutput>true</recordRawOutput>
      <recordPrimaryOutput>true</recordPrimaryOutput>
      <checkPointStep>true</checkPointStep>
      <historyCheckPointStep>true</historyCheckPointStep>
      <scriptResultStep>false</scriptResultStep>
      <userPrompt></userPrompt>
      <bindings>
        <staticBinding id="9b22c218-eee3-424a-8ee2-10e0e6704d55">
          <annotation></annotation>
          <toContextKey>query_result</toContextKey>
          <fromContextKey>query_result</fromContextKey>
          <assignFromContext>true</assignFromContext>
          <assignToContext>true</assignToContext>
          <inputType>STRING</inputType>
          <isList>false</isList>
          <required>false</required>
          <isPersisted>true</isPersisted>
          <inputSymbol>field1</inputSymbol>
          <listDelimiter>,</listDelimiter>
          <value>${query_result}</value>
          <record>false</record>
        </staticBinding>
        <staticBinding id="1ab68fd3-ccca-4963-8e68-2b265a813bab">
          <annotation></annotation>
          <assignFromContext>true</assignFromContext>
          <assignToContext>true</assignToContext>
          <inputType>STRING</inputType>
          <isList>false</isList>
          <required>false</required>
          <isPersisted>true</isPersisted>
          <inputSymbol>field3</inputSymbol>
          <listDelimiter>,</listDelimiter>
          <value></value>
          <record>false</record>
        </staticBinding>
        <staticBinding id="30e417a7-6d2c-4470-9d8f-6f332863f900">
          <annotation></annotation>
          <assignFromContext>true</assignFromContext>
          <assignToContext>true</assignToContext>
          <inputType>STRING</inputType>
          <isList>false</isList>
          <required>false</required>
          <isPersisted>true</isPersisted>
          <inputSymbol>field4</inputSymbol>
          <listDelimiter>,</listDelimiter>
          <value></value>
          <record>false</record>
        </staticBinding>
        <staticBinding id="97ab3a26-f7ea-495e-ab16-bf599b12d75a">
          <annotation></annotation>
          <toContextKey></toContextKey>
          <fromContextKey></fromContextKey>
          <assignFromContext>false</assignFromContext>
          <assignToContext>false</assignToContext>
          <inputType>STRING</inputType>
          <recordKey></recordKey>
          <isList>false</isList>
          <required>false</required>
          <isPersisted>true</isPersisted>
          <inputSymbol>Field_2</inputSymbol>
          <listDelimiter></listDelimiter>
          <value>${field2}</value>
          <record>false</record>
        </staticBinding>
        <staticBinding id="9e1ee0fa-c90c-4478-8f0c-3d0a1970e999">
          <annotation></annotation>
          <toContextKey></toContextKey>
          <fromContextKey></fromContextKey>
          <assignFromContext>false</assignFromContext>
          <assignToContext>false</assignToContext>
          <inputType>STRING</inputType>
          <recordKey></recordKey>
          <isList>false</isList>
          <required>false</required>
          <isPersisted>true</isPersisted>
          <inputSymbol>Field_4</inputSymbol>
          <listDelimiter></listDelimiter>
          <value>${field4}</value>
          <record>false</record>
        </staticBinding>
        <staticBinding id="dba29653-c506-4567-989a-f75a4addfacb">
          <annotation></annotation>
          <toContextKey></toContextKey>
          <fromContextKey></fromContextKey>
          <assignFromContext>false</assignFromContext>
          <assignToContext>false</assignToContext>
          <inputType>STRING</inputType>
          <recordKey></recordKey>
          <isList>false</isList>
          <required>false</required>
          <isPersisted>true</isPersisted>
          <inputSymbol>Field_3</inputSymbol>
          <listDelimiter></listDelimiter>
          <value>${field3}</value>
          <record>false</record>
        </staticBinding>
        <staticBinding id="ece5a7aa-fab0-430f-95bc-b79da47b6555">
          <annotation></annotation>
          <toContextKey></toContextKey>
          <fromContextKey></fromContextKey>
          <assignFromContext>false</assignFromContext>
          <assignToContext>false</assignToContext>
          <inputType>STRING</inputType>
          <recordKey></recordKey>
          <isList>false</isList>
          <required>false</required>
          <isPersisted>true</isPersisted>
          <inputSymbol>Field_1</inputSymbol>
          <listDelimiter></listDelimiter>
          <value>${field1}</value>
          <record>false</record>
        </staticBinding>
      </bindings>
      <transitions>
        <transition id="b1081fb0-1d44-499a-b37d-5ea639d5e69d">
          <annotation></annotation>
          <name>success</name>
          <command>NEXT</command>
          <linkMode>false</linkMode>
          <responseSymbol>success</responseSymbol>
          <shouldHandoff>false</shouldHandoff>
          <transitionValue>0.0</transitionValue>
          <destination>
            <refId>79926b2a-f422-40d0-a36a-a41e50b1c65e</refId>
          </destination>
          <source>
            <refId>00c3f9c6-b8ae-4f10-9e86-0971cbc00b15</refId>
          </source>
          <positions>
            <point>
              <x>204.0</x>
              <y>388.0</y>
            </point>
            <point>
              <x>278.0</x>
              <y>539.0</y>
            </point>
          </positions>
          <labelPosition>
            <x>333.0</x>
            <y>0.0</y>
          </labelPosition>
        </transition>
      </transitions>
      <properties/>
      <opRef>
        <refId>ddd79f22-8b1e-4605-88d5-d912bb2da2b9</refId>
      </opRef>
      <assignments>
        <flowVariableAssignment id="10307bd6-77eb-4dc4-874d-22bd6116653a">
          <annotation></annotation>
          <name>assignment</name>
          <action>OVERWRITE</action>
          <assignmentTargetType>FLOW_OUTPUT_FIELD</assignmentTargetType>
          <contextKey>db.getcat.category</contextKey>
          <expression id="a731f08e-5ecb-464a-902d-b17a315edd49">
            <annotation></annotation>
            <name>Result Field: Field_1</name>
            <fieldName>Field_1</fieldName>
            <sourceType>RAWRESULT</sourceType>
            <filters>
              <tableFilter id="66c8f7d3-318b-44c2-9d41-794430630fc3">
                <annotation></annotation>
                <name>Table</name>
                <ascending>false</ascending>
                <columnDelimiter>PIPE</columnDelimiter>
                <firstRowHeader>false</firstRowHeader>
                <lineDelimintor>NEWLINE</lineDelimintor>
                <selectCol>1</selectCol>
                <selectHeight>1</selectHeight>
                <selectRow>0</selectRow>
                <selectWidth>1</selectWidth>
                <sortColumn>-1</sortColumn>
                <stripFirstRow>false</stripFirstRow>
              </tableFilter>
              <replaceAllFilter id="9b106b30-031f-40b1-8b12-7e4f20878b0b">
                <annotation></annotation>
                <name>Replace</name>
                <ignoreCase>false</ignoreCase>
                <searchString>&lt;&gt;</searchString>
                <replaceString>|</replaceString>
                <replaceType>ALL</replaceType>
              </replaceAllFilter>
              <tableFilter id="670f140a-dabc-44ba-8218-a75397db4b79">
                <annotation></annotation>
                <name>Table</name>
                <ascending>false</ascending>
                <columnDelimiter>PIPE</columnDelimiter>
                <firstRowHeader>false</firstRowHeader>
                <lineDelimintor>NEWLINE</lineDelimintor>
                <selectCol>0</selectCol>
                <selectHeight>1</selectHeight>
                <selectRow>0</selectRow>
                <selectWidth>1</selectWidth>
                <sortColumn>-1</sortColumn>
                <stripFirstRow>false</stripFirstRow>
              </tableFilter>
            </filters>
          </expression>
        </flowVariableAssignment>
      </assignments>
      <throttleSize>0</throttleSize>
    </step>
    <step id="19498969-62fe-4cda-b393-83763ebd24d0">
      <annotation>3aab9cf8-f540-406a-a150-1e9d8f20edda.19498969-62fe-4cda-b393-83763ebd24d0.description</annotation>
      <name>Append CATNAME to LIST</name>
      <bounds>
        <x>221.0</x>
        <y>25.0</y>
      </bounds>
      <layer>-1</layer>
      <hideInbound>false</hideInbound>
      <addResultToRunContext>false</addResultToRunContext>
      <isCriticalStep>false</isCriticalStep>
      <isNonBlocking>false</isNonBlocking>
      <isParallelStep>false</isParallelStep>
      <isSingleResponse>false</isSingleResponse>
      <recordInHistory>false</recordInHistory>
      <recordRawOutput>true</recordRawOutput>
      <recordPrimaryOutput>true</recordPrimaryOutput>
      <checkPointStep>true</checkPointStep>
      <historyCheckPointStep>true</historyCheckPointStep>
      <scriptResultStep>false</scriptResultStep>
      <userPrompt></userPrompt>
      <bindings>
        <staticBinding id="468051e9-b1f6-4d48-83fe-0ff4f168722c">
          <annotation></annotation>
          <assignFromContext>false</assignFromContext>
          <assignToContext>false</assignToContext>
          <inputType>STRING</inputType>
          <isList>false</isList>
          <required>true</required>
          <isPersisted>true</isPersisted>
          <inputSymbol>keyName</inputSymbol>
          <listDelimiter>,</listDelimiter>
          <value>query_result</value>
          <record>false</record>
        </staticBinding>
        <resultBinding id="6fc1450d-321c-4eb4-bf13-5f9e32718e37">
          <annotation></annotation>
          <assignFromContext>false</assignFromContext>
          <assignToContext>false</assignToContext>
          <inputType>STRING</inputType>
          <isList>false</isList>
          <required>true</required>
          <isPersisted>true</isPersisted>
          <inputSymbol>resultText</inputSymbol>
          <listDelimiter>,</listDelimiter>
          <record>false</record>
        </resultBinding>
        <staticBinding id="b43efe2f-7dce-4349-be3c-40eb21fef552">
          <annotation></annotation>
          <assignFromContext>false</assignFromContext>
          <assignToContext>false</assignToContext>
          <inputType>STRING</inputType>
          <isList>false</isList>
          <required>false</required>
          <isPersisted>true</isPersisted>
          <inputSymbol>delimiter</inputSymbol>
          <listDelimiter>,</listDelimiter>
          <value>|</value>
          <record>false</record>
        </staticBinding>
      </bindings>
      <transitions>
        <transition id="4afe13a1-cab9-4d8f-9d2b-e19139e963df">
          <annotation></annotation>
          <name>success</name>
          <command>NEXT</command>
          <linkMode>false</linkMode>
          <responseSymbol>success</responseSymbol>
          <shouldHandoff>false</shouldHandoff>
          <transitionValue>0.0</transitionValue>
          <destination>
            <refId>67699a82-d830-4983-b652-1469fa44df59</refId>
          </destination>
          <source>
            <refId>19498969-62fe-4cda-b393-83763ebd24d0</refId>
          </source>
          <positions>
            <point>
              <x>475.0</x>
              <y>240.0</y>
            </point>
            <point>
              <x>278.0</x>
              <y>236.0</y>
            </point>
          </positions>
          <labelPosition>
            <x>333.0</x>
            <y>0.0</y>
          </labelPosition>
        </transition>
      </transitions>
      <properties/>
      <opRef>
        <refId>f6e6cb22-1802-4fca-9f9b-4c699c486aa6</refId>
      </opRef>
      <assignments/>
      <throttleSize>0</throttleSize>
    </step>
    <returnStep id="3ef1ebaa-02c1-40e5-a414-4624b2ecd2a5">
      <annotation></annotation>
      <name>Error : failure</name>
      <bounds>
        <x>66.0</x>
        <y>200.0</y>
      </bounds>
      <layer>-1</layer>
      <hideInbound>false</hideInbound>
      <addResultToRunContext>false</addResultToRunContext>
      <isCriticalStep>false</isCriticalStep>
      <isNonBlocking>false</isNonBlocking>
      <isParallelStep>false</isParallelStep>
      <isSingleResponse>false</isSingleResponse>
      <recordInHistory>false</recordInHistory>
      <recordRawOutput>true</recordRawOutput>
      <recordPrimaryOutput>true</recordPrimaryOutput>
      <checkPointStep>true</checkPointStep>
      <historyCheckPointStep>true</historyCheckPointStep>
      <scriptResultStep>false</scriptResultStep>
      <userPrompt></userPrompt>
      <bindings/>
      <transitions>
        <transition id="43900045-cc64-404b-b711-66c43c171e99">
          <annotation></annotation>
          <name>return</name>
          <command>NEXT</command>
          <linkMode>false</linkMode>
          <responseSymbol>failure</responseSymbol>
          <shouldHandoff>false</shouldHandoff>
          <transitionValue>0.0</transitionValue>
          <destination>
            <refId>3ef1ebaa-02c1-40e5-a414-4624b2ecd2a5</refId>
          </destination>
          <source>
            <refId>3ef1ebaa-02c1-40e5-a414-4624b2ecd2a5</refId>
          </source>
          <positions/>
        </transition>
      </transitions>
      <properties/>
      <returnStepType>ERROR</returnStepType>
      <assignments/>
    </returnStep>
  </steps>
  <startSteps>f736c8f3-87f3-42cd-be8a-0e1acce51149</startSteps>
</flow>