<?xml version="1.0" encoding="UTF-8"?>
<flow id="00fb58e7-aabb-420e-9f8e-b863bc720e7d">
  <annotation></annotation>
  <name>WIN_SetupClientSupplied</name>
  <categories/>
  <inputs>
    <staticBinding id="343eabed-47dd-47dc-a4d0-2d7a4fc6830e">
      <annotation></annotation>
      <assignFromContext>true</assignFromContext>
      <assignToContext>true</assignToContext>
      <inputType>STRING</inputType>
      <isList>false</isList>
      <required>false</required>
      <isPersisted>true</isPersisted>
      <inputSymbol>server.ip.primary</inputSymbol>
      <listDelimiter>,</listDelimiter>
      <value></value>
      <record>false</record>
    </staticBinding>
    <staticBinding id="ea54b025-96fc-43cd-aff2-0adacb5bea91">
      <annotation></annotation>
      <assignFromContext>true</assignFromContext>
      <assignToContext>true</assignToContext>
      <inputType>STRING</inputType>
      <isList>false</isList>
      <required>false</required>
      <isPersisted>true</isPersisted>
      <inputSymbol>server.ip.backup</inputSymbol>
      <listDelimiter>,</listDelimiter>
      <value></value>
      <record>false</record>
    </staticBinding>
    <staticBinding id="0d8801bd-f739-4fe9-a51a-0ba6b63cd558">
      <annotation></annotation>
      <assignFromContext>true</assignFromContext>
      <assignToContext>true</assignToContext>
      <inputType>STRING</inputType>
      <isList>false</isList>
      <required>false</required>
      <isPersisted>true</isPersisted>
      <inputSymbol>server.hostname</inputSymbol>
      <listDelimiter>,</listDelimiter>
      <value></value>
      <record>false</record>
    </staticBinding>
    <staticBinding id="67ed0f89-ec4d-40d8-ab37-b71d6bbdc291">
      <annotation></annotation>
      <assignFromContext>true</assignFromContext>
      <assignToContext>true</assignToContext>
      <inputType>STRING</inputType>
      <isList>false</isList>
      <required>false</required>
      <isPersisted>true</isPersisted>
      <inputSymbol>server.contactemail</inputSymbol>
      <listDelimiter>,</listDelimiter>
      <value></value>
      <record>false</record>
    </staticBinding>
    <staticBinding id="a6f03b33-4e04-41c2-b553-654ada7cf742">
      <annotation></annotation>
      <assignFromContext>true</assignFromContext>
      <assignToContext>true</assignToContext>
      <inputType>STRING</inputType>
      <isList>false</isList>
      <required>false</required>
      <isPersisted>true</isPersisted>
      <inputSymbol>server.oo.ras</inputSymbol>
      <listDelimiter>,</listDelimiter>
      <value></value>
      <record>false</record>
    </staticBinding>
    <staticBinding id="f85b1423-3f41-4e52-86f8-b539dfc3b42c">
      <annotation></annotation>
      <assignFromContext>true</assignFromContext>
      <assignToContext>true</assignToContext>
      <inputType>STRING</inputType>
      <isList>false</isList>
      <required>false</required>
      <isPersisted>true</isPersisted>
      <inputSymbol>server.isclientsupplied</inputSymbol>
      <listDelimiter>,</listDelimiter>
      <value></value>
      <record>false</record>
    </staticBinding>
  </inputs>
  <scriptlet id="88d9df52-76b3-48b5-b714-0ca0ca71c264">
    <annotation></annotation>
    <name>Operation WIN_SetupClientSupplied (00fb58e7-aabb-420e-9f8e-b863bc720e7d)</name>
    <type>RHINO</type>
  </scriptlet>
  <possibleResponses>
    <opResponse id="31d66412-812c-4df8-92bc-d01644dec0ee">
      <annotation></annotation>
      <name>failure</name>
      <isDefault>false</isDefault>
      <onFailure>true</onFailure>
      <type>ERROR</type>
      <matchRules/>
    </opResponse>
    <opResponse id="413a5e67-718a-4273-beb1-0e8af55404f9">
      <annotation></annotation>
      <name>success</name>
      <isDefault>true</isDefault>
      <onFailure>false</onFailure>
      <type>RESOLVED</type>
      <matchRules/>
    </opResponse>
  </possibleResponses>
  <availableResultExpressions>
    <expression id="e77a874a-55be-4984-b0e3-e033454c1659">
      <annotation></annotation>
      <name>server.admin.password</name>
      <fieldName>server.admin.password</fieldName>
      <sourceType>RAWRESULT</sourceType>
      <filters/>
    </expression>
    <expression id="c86c6b9b-ce4c-4a61-b77b-c42ea93bb04b">
      <annotation></annotation>
      <name>server.admin.username</name>
      <fieldName>server.admin.username</fieldName>
      <sourceType>RAWRESULT</sourceType>
      <filters/>
    </expression>
  </availableResultExpressions>
  <resultExpression id="e3cf7f67-bf69-4c9d-a0a2-892cc07667c1">
    <annotation></annotation>
    <name>FailureMessage</name>
    <fieldName>FailureMessage</fieldName>
    <sourceType>RAWRESULT</sourceType>
    <filters/>
  </resultExpression>
  <iconSpec id="9c6d09df-19eb-4d8f-9cc3-644f4fdacee3">
    <baseIcon>flow.png</baseIcon>
    <basePath>System</basePath>
    <readOnly>false</readOnly>
    <layers/>
  </iconSpec>
  <callouts/>
  <checkPointFlow>true</checkPointFlow>
  <compatibleRuntimeContext>false</compatibleRuntimeContext>
  <historyCheckPointFlow>true</historyCheckPointFlow>
  <steps>
    <step id="4d470653-74e4-4f53-b11c-4b3b4693a7e4">
      <annotation>00fb58e7-aabb-420e-9f8e-b863bc720e7d.4d470653-74e4-4f53-b11c-4b3b4693a7e4.description</annotation>
      <name>Is ClientSupplied?</name>
      <bounds>
        <x>6.0</x>
        <y>37.0</y>
      </bounds>
      <layer>-1</layer>
      <hideInbound>false</hideInbound>
      <addResultToRunContext>false</addResultToRunContext>
      <isCriticalStep>false</isCriticalStep>
      <isNonBlocking>false</isNonBlocking>
      <isParallelStep>false</isParallelStep>
      <isSingleResponse>false</isSingleResponse>
      <recordInHistory>false</recordInHistory>
      <recordRawOutput>true</recordRawOutput>
      <recordPrimaryOutput>true</recordPrimaryOutput>
      <checkPointStep>true</checkPointStep>
      <historyCheckPointStep>true</historyCheckPointStep>
      <scriptResultStep>false</scriptResultStep>
      <userPrompt></userPrompt>
      <bindings>
        <staticBinding id="551ba4b8-f036-465c-8727-dd6f199de339">
          <annotation></annotation>
          <toContextKey>vm.managed</toContextKey>
          <fromContextKey>vm.managed</fromContextKey>
          <assignFromContext>false</assignFromContext>
          <assignToContext>false</assignToContext>
          <inputType>STRING</inputType>
          <isList>false</isList>
          <required>false</required>
          <isPersisted>true</isPersisted>
          <inputSymbol>string1</inputSymbol>
          <listDelimiter>,</listDelimiter>
          <value>${server.isclientsupplied}</value>
          <record>false</record>
        </staticBinding>
        <staticBinding id="74b5699f-6266-4831-a307-62ac3ac9ec50">
          <annotation></annotation>
          <assignFromContext>false</assignFromContext>
          <assignToContext>false</assignToContext>
          <inputType>STRING</inputType>
          <isList>false</isList>
          <required>false</required>
          <isPersisted>true</isPersisted>
          <inputSymbol>string2</inputSymbol>
          <listDelimiter>,</listDelimiter>
          <value>Y</value>
          <record>false</record>
        </staticBinding>
        <staticBinding id="0333e95b-8690-412a-89ec-276453ffe95c">
          <annotation></annotation>
          <assignFromContext>false</assignFromContext>
          <assignToContext>false</assignToContext>
          <inputType>STRING</inputType>
          <isList>false</isList>
          <required>false</required>
          <isPersisted>true</isPersisted>
          <inputSymbol>ignoreCase</inputSymbol>
          <listDelimiter>,</listDelimiter>
          <value>true</value>
          <record>false</record>
        </staticBinding>
        <staticBinding id="c025dc7a-f12f-4d73-98e6-46a9e5b244e4">
          <annotation></annotation>
          <toContextKey></toContextKey>
          <fromContextKey></fromContextKey>
          <assignFromContext>false</assignFromContext>
          <assignToContext>false</assignToContext>
          <inputType>STRING</inputType>
          <recordKey></recordKey>
          <isList>false</isList>
          <required>false</required>
          <isPersisted>true</isPersisted>
          <inputSymbol>Field_3</inputSymbol>
          <listDelimiter></listDelimiter>
          <value>${in3}</value>
          <record>false</record>
        </staticBinding>
        <staticBinding id="9cfcdcfa-f3da-4799-a594-9caaa542ec34">
          <annotation></annotation>
          <toContextKey></toContextKey>
          <fromContextKey></fromContextKey>
          <assignFromContext>false</assignFromContext>
          <assignToContext>false</assignToContext>
          <inputType>STRING</inputType>
          <recordKey></recordKey>
          <isList>false</isList>
          <required>false</required>
          <isPersisted>true</isPersisted>
          <inputSymbol>Field_4</inputSymbol>
          <listDelimiter></listDelimiter>
          <value>${in4}</value>
          <record>false</record>
        </staticBinding>
        <staticBinding id="3c3ac181-5361-4c4c-8d6f-ad867bf49f32">
          <annotation></annotation>
          <toContextKey></toContextKey>
          <fromContextKey></fromContextKey>
          <assignFromContext>false</assignFromContext>
          <assignToContext>false</assignToContext>
          <inputType>STRING</inputType>
          <recordKey></recordKey>
          <isList>false</isList>
          <required>false</required>
          <isPersisted>true</isPersisted>
          <inputSymbol>Field_2</inputSymbol>
          <listDelimiter></listDelimiter>
          <value>${in2}</value>
          <record>false</record>
        </staticBinding>
        <staticBinding id="17c6e926-54d6-478d-b899-6c0a877a9e46">
          <annotation></annotation>
          <toContextKey></toContextKey>
          <fromContextKey></fromContextKey>
          <assignFromContext>false</assignFromContext>
          <assignToContext>false</assignToContext>
          <inputType>STRING</inputType>
          <recordKey></recordKey>
          <isList>false</isList>
          <required>false</required>
          <isPersisted>true</isPersisted>
          <inputSymbol>Field_1</inputSymbol>
          <listDelimiter></listDelimiter>
          <value>${in1}</value>
          <record>false</record>
        </staticBinding>
      </bindings>
      <transitions>
        <transition id="5b8a7322-2663-4fac-b987-e1e70accb769">
          <annotation></annotation>
          <name>true</name>
          <command>NEXT</command>
          <linkMode>false</linkMode>
          <responseSymbol>true</responseSymbol>
          <shouldHandoff>false</shouldHandoff>
          <transitionValue>0.0</transitionValue>
          <destination>
            <refId>7f8dcc96-08b9-40cd-97e9-0ddf8a26945c</refId>
          </destination>
          <source>
            <refId>4d470653-74e4-4f53-b11c-4b3b4693a7e4</refId>
          </source>
          <positions>
            <point>
              <x>68.0</x>
              <y>291.0</y>
            </point>
            <point>
              <x>50.0</x>
              <y>71.0</y>
            </point>
          </positions>
          <labelPosition>
            <x>333.0</x>
            <y>0.0</y>
          </labelPosition>
        </transition>
        <transition id="af6a9bff-be10-42be-9915-d4f5bcb2cc63">
          <annotation></annotation>
          <name>false</name>
          <command>NEXT</command>
          <linkMode>false</linkMode>
          <responseSymbol>false</responseSymbol>
          <shouldHandoff>false</shouldHandoff>
          <transitionValue>0.0</transitionValue>
          <destination>
            <refId>c0d10589-16ae-44e0-b65b-17d3c549b0b6</refId>
          </destination>
          <source>
            <refId>4d470653-74e4-4f53-b11c-4b3b4693a7e4</refId>
          </source>
          <positions>
            <point>
              <x>68.0</x>
              <y>291.0</y>
            </point>
            <point>
              <x>56.0</x>
              <y>518.0</y>
            </point>
          </positions>
          <labelPosition>
            <x>333.0</x>
            <y>0.0</y>
          </labelPosition>
        </transition>
      </transitions>
      <properties/>
      <opRef>
        <refId>7c2f47aa-a4b3-4a7d-b3d4-007f285f7d29</refId>
      </opRef>
      <assignments/>
      <throttleSize>0</throttleSize>
    </step>
    <step id="f8d856bc-19d0-4118-86e9-0b41fef112c1">
      <annotation>00fb58e7-aabb-420e-9f8e-b863bc720e7d.f8d856bc-19d0-4118-86e9-0b41fef112c1.description</annotation>
      <name>Change Windows Password</name>
      <bounds>
        <x>797.0</x>
        <y>41.0</y>
      </bounds>
      <layer>-1</layer>
      <hideInbound>false</hideInbound>
      <addResultToRunContext>false</addResultToRunContext>
      <isCriticalStep>false</isCriticalStep>
      <isNonBlocking>false</isNonBlocking>
      <isParallelStep>false</isParallelStep>
      <isSingleResponse>false</isSingleResponse>
      <recordInHistory>false</recordInHistory>
      <recordRawOutput>true</recordRawOutput>
      <recordPrimaryOutput>true</recordPrimaryOutput>
      <checkPointStep>true</checkPointStep>
      <historyCheckPointStep>true</historyCheckPointStep>
      <scriptResultStep>false</scriptResultStep>
      <userPrompt></userPrompt>
      <bindings>
        <staticBinding id="373d10fb-2a7a-4bd6-b40b-b9d6d0295271">
          <annotation></annotation>
          <toContextKey>vm.ip.backup</toContextKey>
          <fromContextKey>vm.ip.backup</fromContextKey>
          <assignFromContext>false</assignFromContext>
          <assignToContext>false</assignToContext>
          <inputType>STRING</inputType>
          <isList>false</isList>
          <required>true</required>
          <isPersisted>true</isPersisted>
          <inputSymbol>host</inputSymbol>
          <listDelimiter>,</listDelimiter>
          <value>${server.ip.backup}</value>
          <record>false</record>
        </staticBinding>
        <staticBinding id="9da2344b-fa3a-4e7d-a8b9-06dcab62ad3a">
          <annotation></annotation>
          <toContextKey></toContextKey>
          <fromContextKey></fromContextKey>
          <assignFromContext>false</assignFromContext>
          <assignToContext>false</assignToContext>
          <inputType>STRING</inputType>
          <isList>false</isList>
          <required>true</required>
          <isPersisted>true</isPersisted>
          <inputSymbol>command</inputSymbol>
          <listDelimiter>,</listDelimiter>
          <value>net user ${server.admin.username} ${server.admin.password}</value>
          <record>false</record>
        </staticBinding>
        <identityBinding id="28244359-476c-46ce-8b84-9f2d018f4f0b">
          <annotation></annotation>
          <toContextKey></toContextKey>
          <fromContextKey></fromContextKey>
          <assignFromContext>false</assignFromContext>
          <assignToContext>false</assignToContext>
          <inputType>ENCRYPTED</inputType>
          <isList>false</isList>
          <required>true</required>
          <isPersisted>true</isPersisted>
          <inputSymbol>user</inputSymbol>
          <listDelimiter>,</listDelimiter>
          <record>false</record>
          <link>
            <refId>e19bf30f-1207-4947-a94c-08a30d3d1772</refId>
            <refName>pc.vm.win</refName>
          </link>
          <identityAttribute>USERNAME</identityAttribute>
        </identityBinding>
        <identityBinding id="9d966bb8-bf78-4316-a3a6-80d53195ebea">
          <annotation></annotation>
          <toContextKey></toContextKey>
          <fromContextKey></fromContextKey>
          <assignFromContext>false</assignFromContext>
          <assignToContext>false</assignToContext>
          <inputType>ENCRYPTED</inputType>
          <isList>false</isList>
          <required>true</required>
          <isPersisted>true</isPersisted>
          <inputSymbol>password</inputSymbol>
          <listDelimiter>,</listDelimiter>
          <record>false</record>
          <link>
            <refId>e19bf30f-1207-4947-a94c-08a30d3d1772</refId>
            <refName>pc.vm.win</refName>
          </link>
          <identityAttribute>PASSWORD</identityAttribute>
        </identityBinding>
      </bindings>
      <transitions>
        <transition id="3d79bebb-2c87-47b1-bee7-325c9972b82d">
          <annotation></annotation>
          <name>failure</name>
          <command>NEXT</command>
          <linkMode>false</linkMode>
          <responseSymbol>failure</responseSymbol>
          <shouldHandoff>false</shouldHandoff>
          <transitionValue>0.0</transitionValue>
          <destination>
            <refId>e5396613-7dfb-42f5-b079-46c61b891428</refId>
          </destination>
          <source>
            <refId>f8d856bc-19d0-4118-86e9-0b41fef112c1</refId>
          </source>
          <positions>
            <point>
              <x>822.0</x>
              <y>73.0</y>
            </point>
            <point>
              <x>1000.0</x>
              <y>294.0</y>
            </point>
          </positions>
          <labelPosition>
            <x>333.0</x>
            <y>0.0</y>
          </labelPosition>
        </transition>
        <transition id="30d5c13a-5382-45b7-bc94-6a96c88bd493">
          <annotation></annotation>
          <name>success</name>
          <command>NEXT</command>
          <linkMode>false</linkMode>
          <responseSymbol>success</responseSymbol>
          <shouldHandoff>false</shouldHandoff>
          <transitionValue>0.0</transitionValue>
          <destination>
            <refId>25f313f7-84e2-411b-9d6f-5dde7fafed5c</refId>
          </destination>
          <source>
            <refId>f8d856bc-19d0-4118-86e9-0b41fef112c1</refId>
          </source>
          <positions>
            <point>
              <x>847.0</x>
              <y>75.0</y>
            </point>
            <point>
              <x>861.0</x>
              <y>518.0</y>
            </point>
          </positions>
          <labelPosition>
            <x>333.0</x>
            <y>0.0</y>
          </labelPosition>
        </transition>
      </transitions>
      <properties/>
      <opRef>
        <refId>632830d9-d5be-47b3-9768-efa99decb443</refId>
      </opRef>
      <assignments/>
      <throttleSize>0</throttleSize>
    </step>
    <step id="25f313f7-84e2-411b-9d6f-5dde7fafed5c">
      <annotation></annotation>
      <name>DB_UpdateClientSuppliedAdmin</name>
      <bounds>
        <x>811.0</x>
        <y>486.0</y>
      </bounds>
      <layer>-1</layer>
      <hideInbound>false</hideInbound>
      <addResultToRunContext>false</addResultToRunContext>
      <isCriticalStep>false</isCriticalStep>
      <isNonBlocking>false</isNonBlocking>
      <isParallelStep>false</isParallelStep>
      <isSingleResponse>false</isSingleResponse>
      <recordInHistory>false</recordInHistory>
      <recordRawOutput>true</recordRawOutput>
      <recordPrimaryOutput>true</recordPrimaryOutput>
      <checkPointStep>true</checkPointStep>
      <historyCheckPointStep>true</historyCheckPointStep>
      <scriptResultStep>false</scriptResultStep>
      <userPrompt></userPrompt>
      <bindings>
        <staticBinding id="3b31a112-ba9a-4c33-9e81-f27c9c7cecb8">
          <annotation></annotation>
          <assignFromContext>false</assignFromContext>
          <assignToContext>false</assignToContext>
          <inputType>STRING</inputType>
          <isList>false</isList>
          <required>false</required>
          <isPersisted>true</isPersisted>
          <inputSymbol>db.updateserver.pw</inputSymbol>
          <listDelimiter>,</listDelimiter>
          <value>${server.admin.password}</value>
          <record>false</record>
        </staticBinding>
        <staticBinding id="25b5ab5f-0e2a-4b0a-b1f6-865190637e80">
          <annotation></annotation>
          <assignFromContext>false</assignFromContext>
          <assignToContext>false</assignToContext>
          <inputType>STRING</inputType>
          <isList>false</isList>
          <required>false</required>
          <isPersisted>true</isPersisted>
          <inputSymbol>db.updateserver.user</inputSymbol>
          <listDelimiter>,</listDelimiter>
          <value>${server.admin.username}</value>
          <record>false</record>
        </staticBinding>
        <staticBinding id="98a042f0-de7f-40a7-8df9-eebe1ce88927">
          <annotation></annotation>
          <assignFromContext>false</assignFromContext>
          <assignToContext>false</assignToContext>
          <inputType>STRING</inputType>
          <isList>false</isList>
          <required>false</required>
          <isPersisted>true</isPersisted>
          <inputSymbol>db.updateserver.hostname</inputSymbol>
          <listDelimiter>,</listDelimiter>
          <value>${server.hostname}</value>
          <record>false</record>
        </staticBinding>
      </bindings>
      <transitions>
        <transition id="dc46ae56-b56c-4c5d-9d7e-8ec45ae37e2f">
          <annotation></annotation>
          <name>failure</name>
          <command>NEXT</command>
          <linkMode>false</linkMode>
          <responseSymbol>failure</responseSymbol>
          <shouldHandoff>false</shouldHandoff>
          <transitionValue>0.0</transitionValue>
          <destination>
            <refId>587e5494-2a31-45d1-bf5e-5e7cceaaed94</refId>
          </destination>
          <source>
            <refId>25f313f7-84e2-411b-9d6f-5dde7fafed5c</refId>
          </source>
          <positions>
            <point>
              <x>861.0</x>
              <y>518.0</y>
            </point>
            <point>
              <x>717.0</x>
              <y>524.0</y>
            </point>
          </positions>
          <labelPosition>
            <x>333.0</x>
            <y>0.0</y>
          </labelPosition>
        </transition>
        <transition id="f8588de1-3558-4faa-bb0f-ffb80cfb1089">
          <annotation></annotation>
          <name>success</name>
          <command>NEXT</command>
          <linkMode>false</linkMode>
          <responseSymbol>success</responseSymbol>
          <shouldHandoff>false</shouldHandoff>
          <transitionValue>0.0</transitionValue>
          <destination>
            <refId>d44e49b3-7bc9-4579-8d26-a50d7731bc3d</refId>
          </destination>
          <source>
            <refId>25f313f7-84e2-411b-9d6f-5dde7fafed5c</refId>
          </source>
          <positions>
            <point>
              <x>861.0</x>
              <y>518.0</y>
            </point>
            <point>
              <x>1007.0</x>
              <y>522.0</y>
            </point>
          </positions>
          <labelPosition>
            <x>333.0</x>
            <y>0.0</y>
          </labelPosition>
        </transition>
      </transitions>
      <properties/>
      <opRef>
        <refId>40135b59-9cca-4b5b-9697-3ece032ba4d0</refId>
      </opRef>
      <assignments/>
      <throttleSize>0</throttleSize>
    </step>
    <returnStep id="e5396613-7dfb-42f5-b079-46c61b891428">
      <annotation></annotation>
      <name>Error : failure</name>
      <bounds>
        <x>972.0</x>
        <y>45.0</y>
      </bounds>
      <layer>-1</layer>
      <hideInbound>false</hideInbound>
      <addResultToRunContext>false</addResultToRunContext>
      <isCriticalStep>false</isCriticalStep>
      <isNonBlocking>false</isNonBlocking>
      <isParallelStep>false</isParallelStep>
      <isSingleResponse>false</isSingleResponse>
      <recordInHistory>false</recordInHistory>
      <recordRawOutput>true</recordRawOutput>
      <recordPrimaryOutput>true</recordPrimaryOutput>
      <checkPointStep>true</checkPointStep>
      <historyCheckPointStep>true</historyCheckPointStep>
      <scriptResultStep>false</scriptResultStep>
      <userPrompt></userPrompt>
      <bindings/>
      <transitions>
        <transition id="f54ab3df-e005-4186-9bf3-0352c81cefa5">
          <annotation></annotation>
          <name>return</name>
          <command>NEXT</command>
          <linkMode>false</linkMode>
          <responseSymbol>failure</responseSymbol>
          <shouldHandoff>false</shouldHandoff>
          <transitionValue>0.0</transitionValue>
          <destination>
            <refId>e5396613-7dfb-42f5-b079-46c61b891428</refId>
          </destination>
          <source>
            <refId>e5396613-7dfb-42f5-b079-46c61b891428</refId>
          </source>
          <positions/>
        </transition>
      </transitions>
      <properties/>
      <returnStepType>ERROR</returnStepType>
      <assignments/>
    </returnStep>
    <step id="7f8dcc96-08b9-40cd-97e9-0ddf8a26945c">
      <annotation>00fb58e7-aabb-420e-9f8e-b863bc720e7d.7f8dcc96-08b9-40cd-97e9-0ddf8a26945c.description</annotation>
      <name>GeneratePassword</name>
      <bounds>
        <x>122.0</x>
        <y>35.0</y>
      </bounds>
      <layer>-1</layer>
      <hideInbound>false</hideInbound>
      <addResultToRunContext>false</addResultToRunContext>
      <isCriticalStep>false</isCriticalStep>
      <isNonBlocking>false</isNonBlocking>
      <isParallelStep>false</isParallelStep>
      <isSingleResponse>false</isSingleResponse>
      <recordInHistory>false</recordInHistory>
      <recordRawOutput>true</recordRawOutput>
      <recordPrimaryOutput>true</recordPrimaryOutput>
      <checkPointStep>true</checkPointStep>
      <historyCheckPointStep>true</historyCheckPointStep>
      <scriptResultStep>false</scriptResultStep>
      <userPrompt></userPrompt>
      <bindings>
        <staticBinding id="13d9c42f-cc7b-444e-aea1-23f7c6c58e92">
          <annotation></annotation>
          <assignFromContext>true</assignFromContext>
          <assignToContext>true</assignToContext>
          <inputType>STRING</inputType>
          <isList>false</isList>
          <required>true</required>
          <isPersisted>true</isPersisted>
          <inputSymbol>passwordLength</inputSymbol>
          <listDelimiter>,</listDelimiter>
          <value>9</value>
          <record>false</record>
        </staticBinding>
      </bindings>
      <transitions>
        <transition id="3bc29f18-a4fd-4bc0-a536-f7fcccdf49d4">
          <annotation></annotation>
          <name>success</name>
          <command>NEXT</command>
          <linkMode>false</linkMode>
          <responseSymbol>success</responseSymbol>
          <shouldHandoff>false</shouldHandoff>
          <transitionValue>0.0</transitionValue>
          <destination>
            <refId>58820780-eb5c-445d-b425-7975f66f705f</refId>
          </destination>
          <source>
            <refId>7f8dcc96-08b9-40cd-97e9-0ddf8a26945c</refId>
          </source>
          <positions>
            <point>
              <x>82.0</x>
              <y>422.0</y>
            </point>
            <point>
              <x>176.0</x>
              <y>304.0</y>
            </point>
          </positions>
          <labelPosition>
            <x>333.0</x>
            <y>0.0</y>
          </labelPosition>
        </transition>
      </transitions>
      <properties/>
      <opRef>
        <refId>2f9f61df-d55b-4b19-a1d3-f719b0a07215</refId>
      </opRef>
      <assignments/>
      <throttleSize>0</throttleSize>
    </step>
    <step id="58820780-eb5c-445d-b425-7975f66f705f">
      <annotation>00fb58e7-aabb-420e-9f8e-b863bc720e7d.58820780-eb5c-445d-b425-7975f66f705f.description</annotation>
      <name>Define User And Password</name>
      <bounds>
        <x>261.0</x>
        <y>37.0</y>
      </bounds>
      <layer>-1</layer>
      <hideInbound>false</hideInbound>
      <addResultToRunContext>false</addResultToRunContext>
      <isCriticalStep>false</isCriticalStep>
      <isNonBlocking>false</isNonBlocking>
      <isParallelStep>false</isParallelStep>
      <isSingleResponse>false</isSingleResponse>
      <recordInHistory>false</recordInHistory>
      <recordRawOutput>true</recordRawOutput>
      <recordPrimaryOutput>true</recordPrimaryOutput>
      <checkPointStep>true</checkPointStep>
      <historyCheckPointStep>true</historyCheckPointStep>
      <scriptResultStep>false</scriptResultStep>
      <userPrompt></userPrompt>
      <bindings>
        <staticBinding id="32575ce7-3f36-4a93-aafd-56636551bab6">
          <annotation></annotation>
          <assignFromContext>true</assignFromContext>
          <assignToContext>true</assignToContext>
          <inputType>STRING</inputType>
          <isList>false</isList>
          <required>false</required>
          <isPersisted>true</isPersisted>
          <inputSymbol>field1</inputSymbol>
          <listDelimiter>,</listDelimiter>
          <value>Windows</value>
          <record>false</record>
        </staticBinding>
        <staticBinding id="39b35a56-70dd-484a-a9fa-2dfadcf425f6">
          <annotation></annotation>
          <assignFromContext>true</assignFromContext>
          <assignToContext>true</assignToContext>
          <inputType>STRING</inputType>
          <isList>false</isList>
          <required>false</required>
          <isPersisted>true</isPersisted>
          <inputSymbol>field2</inputSymbol>
          <listDelimiter>,</listDelimiter>
          <value></value>
          <record>false</record>
        </staticBinding>
        <staticBinding id="151e659b-4c6f-4cff-b7b7-78ac790b3f11">
          <annotation></annotation>
          <assignFromContext>true</assignFromContext>
          <assignToContext>true</assignToContext>
          <inputType>STRING</inputType>
          <isList>false</isList>
          <required>false</required>
          <isPersisted>true</isPersisted>
          <inputSymbol>field3</inputSymbol>
          <listDelimiter>,</listDelimiter>
          <value></value>
          <record>false</record>
        </staticBinding>
        <staticBinding id="1519288f-7a33-4a1f-bcfe-c2935bb059b5">
          <annotation></annotation>
          <assignFromContext>true</assignFromContext>
          <assignToContext>true</assignToContext>
          <inputType>STRING</inputType>
          <isList>false</isList>
          <required>false</required>
          <isPersisted>true</isPersisted>
          <inputSymbol>field4</inputSymbol>
          <listDelimiter>,</listDelimiter>
          <value></value>
          <record>false</record>
        </staticBinding>
        <staticBinding id="211d5591-c0d5-4e13-9703-98af188becb3">
          <annotation></annotation>
          <assignFromContext>true</assignFromContext>
          <assignToContext>true</assignToContext>
          <inputType>STRING</inputType>
          <isList>false</isList>
          <required>false</required>
          <isPersisted>true</isPersisted>
          <inputSymbol>generatedPassword</inputSymbol>
          <listDelimiter>,</listDelimiter>
          <value>${generatedPassword}</value>
          <record>false</record>
        </staticBinding>
        <staticBinding id="c05f7405-0c54-49f1-85d4-8b4f5c44a51b">
          <annotation></annotation>
          <toContextKey></toContextKey>
          <fromContextKey></fromContextKey>
          <assignFromContext>false</assignFromContext>
          <assignToContext>false</assignToContext>
          <inputType>STRING</inputType>
          <recordKey></recordKey>
          <isList>false</isList>
          <required>false</required>
          <isPersisted>true</isPersisted>
          <inputSymbol>Field_2</inputSymbol>
          <listDelimiter></listDelimiter>
          <value>${field2}</value>
          <record>false</record>
        </staticBinding>
        <staticBinding id="1f3a45ec-1689-423c-aa0a-638bdf9628b5">
          <annotation></annotation>
          <toContextKey></toContextKey>
          <fromContextKey></fromContextKey>
          <assignFromContext>false</assignFromContext>
          <assignToContext>false</assignToContext>
          <inputType>STRING</inputType>
          <recordKey></recordKey>
          <isList>false</isList>
          <required>false</required>
          <isPersisted>true</isPersisted>
          <inputSymbol>Field_4</inputSymbol>
          <listDelimiter></listDelimiter>
          <value>${field4}</value>
          <record>false</record>
        </staticBinding>
        <staticBinding id="d8f78f7f-5435-46ba-8160-64acc7d9ce61">
          <annotation></annotation>
          <toContextKey></toContextKey>
          <fromContextKey></fromContextKey>
          <assignFromContext>false</assignFromContext>
          <assignToContext>false</assignToContext>
          <inputType>STRING</inputType>
          <recordKey></recordKey>
          <isList>false</isList>
          <required>false</required>
          <isPersisted>true</isPersisted>
          <inputSymbol>Field_3</inputSymbol>
          <listDelimiter></listDelimiter>
          <value>${field3}</value>
          <record>false</record>
        </staticBinding>
        <staticBinding id="61564b57-a7a3-48a5-9999-83b36871c4ee">
          <annotation></annotation>
          <toContextKey></toContextKey>
          <fromContextKey></fromContextKey>
          <assignFromContext>false</assignFromContext>
          <assignToContext>false</assignToContext>
          <inputType>STRING</inputType>
          <recordKey></recordKey>
          <isList>false</isList>
          <required>false</required>
          <isPersisted>true</isPersisted>
          <inputSymbol>Field_1</inputSymbol>
          <listDelimiter></listDelimiter>
          <value>${field1}</value>
          <record>false</record>
        </staticBinding>
      </bindings>
      <transitions>
        <transition id="1a00d7c6-5ab7-4212-8c74-13dd56ffcfe2">
          <annotation></annotation>
          <name>success</name>
          <command>NEXT</command>
          <linkMode>false</linkMode>
          <responseSymbol>success</responseSymbol>
          <shouldHandoff>false</shouldHandoff>
          <transitionValue>0.0</transitionValue>
          <destination>
            <refId>199ffad5-8862-4cf2-ac7b-a901832688a1</refId>
          </destination>
          <source>
            <refId>58820780-eb5c-445d-b425-7975f66f705f</refId>
          </source>
          <positions>
            <point>
              <x>163.0</x>
              <y>71.0</y>
            </point>
            <point>
              <x>303.0</x>
              <y>127.0</y>
            </point>
          </positions>
          <labelPosition>
            <x>333.0</x>
            <y>0.0</y>
          </labelPosition>
        </transition>
      </transitions>
      <properties/>
      <opRef>
        <refId>ddd79f22-8b1e-4605-88d5-d912bb2da2b9</refId>
      </opRef>
      <assignments>
        <flowVariableAssignment id="1c9a7466-4dc7-42d5-8767-3e4435158801">
          <annotation></annotation>
          <name>assignment</name>
          <action>OVERWRITE</action>
          <assignmentTargetType>FLOW_VARIABLE</assignmentTargetType>
          <contextKey>server.admin.username</contextKey>
          <expression id="783ae8aa-9787-4529-8ed7-f57186d95582">
            <annotation></annotation>
            <name>Result Field: Field_1</name>
            <fieldName>Field_1</fieldName>
            <sourceType>RAWRESULT</sourceType>
            <filters>
              <scriptletFilter id="067fcf5e-7630-4682-8bb4-82610560e1e2">
                <annotation></annotation>
                <name>Scriptlet</name>
                <scriptlet id="14c849c5-1ba6-482b-aa9f-ebb8aa4cea21">
                  <annotation></annotation>
                  <name>default</name>
                  <script>if (scriptletInput == &apos;Windows&apos;) 
    scriptletResult = &apos;pcsvc&apos;
else 
    scriptletResult = &apos;rootpcsvc&apos;
</script>
                  <type>RHINO</type>
                </scriptlet>
              </scriptletFilter>
            </filters>
          </expression>
        </flowVariableAssignment>
        <flowVariableAssignment id="22b4d3b4-40e5-429a-9786-276c0e592bdb">
          <annotation></annotation>
          <name>assignment</name>
          <action>OVERWRITE</action>
          <assignmentTargetType>FLOW_VARIABLE</assignmentTargetType>
          <contextKey>server.admin.password</contextKey>
          <expression id="800cdfb9-a0a7-452d-95c3-c9496458ce2d">
            <annotation></annotation>
            <name>Input: generatedPassword</name>
            <fieldName>generatedPassword</fieldName>
            <sourceType>INPUT</sourceType>
            <filters/>
          </expression>
        </flowVariableAssignment>
      </assignments>
      <throttleSize>0</throttleSize>
    </step>
    <returnStep id="c0d10589-16ae-44e0-b65b-17d3c549b0b6">
      <annotation></annotation>
      <name>Resolved : success</name>
      <bounds>
        <x>7.0</x>
        <y>192.0</y>
      </bounds>
      <layer>-1</layer>
      <hideInbound>false</hideInbound>
      <addResultToRunContext>false</addResultToRunContext>
      <isCriticalStep>false</isCriticalStep>
      <isNonBlocking>false</isNonBlocking>
      <isParallelStep>false</isParallelStep>
      <isSingleResponse>false</isSingleResponse>
      <recordInHistory>false</recordInHistory>
      <recordRawOutput>true</recordRawOutput>
      <recordPrimaryOutput>true</recordPrimaryOutput>
      <checkPointStep>true</checkPointStep>
      <historyCheckPointStep>true</historyCheckPointStep>
      <scriptResultStep>false</scriptResultStep>
      <userPrompt></userPrompt>
      <bindings/>
      <transitions>
        <transition id="fca3d754-1780-4c3d-ac61-4ff9e27aef71">
          <annotation></annotation>
          <name>return</name>
          <command>NEXT</command>
          <linkMode>false</linkMode>
          <responseSymbol>success</responseSymbol>
          <shouldHandoff>false</shouldHandoff>
          <transitionValue>0.0</transitionValue>
          <destination>
            <refId>c0d10589-16ae-44e0-b65b-17d3c549b0b6</refId>
          </destination>
          <source>
            <refId>c0d10589-16ae-44e0-b65b-17d3c549b0b6</refId>
          </source>
          <positions/>
        </transition>
      </transitions>
      <properties/>
      <returnStepType>RESOLVED</returnStepType>
      <assignments/>
    </returnStep>
    <step id="e7fe7633-470a-4a1f-bdea-3526b47b4f11">
      <annotation>00fb58e7-aabb-420e-9f8e-b863bc720e7d.e7fe7633-470a-4a1f-bdea-3526b47b4f11.description</annotation>
      <name>WMI Port Check</name>
      <bounds>
        <x>521.0</x>
        <y>37.0</y>
      </bounds>
      <layer>-1</layer>
      <hideInbound>false</hideInbound>
      <addResultToRunContext>false</addResultToRunContext>
      <isCriticalStep>false</isCriticalStep>
      <isNonBlocking>false</isNonBlocking>
      <isParallelStep>false</isParallelStep>
      <isSingleResponse>false</isSingleResponse>
      <recordInHistory>false</recordInHistory>
      <recordRawOutput>true</recordRawOutput>
      <recordPrimaryOutput>true</recordPrimaryOutput>
      <checkPointStep>true</checkPointStep>
      <historyCheckPointStep>true</historyCheckPointStep>
      <scriptResultStep>false</scriptResultStep>
      <userPrompt></userPrompt>
      <bindings>
        <staticBinding id="43bdfd23-2e6c-4056-ad0a-99876063ac3b">
          <annotation></annotation>
          <assignFromContext>true</assignFromContext>
          <assignToContext>true</assignToContext>
          <inputType>STRING</inputType>
          <isList>false</isList>
          <required>true</required>
          <isPersisted>true</isPersisted>
          <inputSymbol>host</inputSymbol>
          <listDelimiter>,</listDelimiter>
          <value>${server.ip.backup}</value>
          <record>false</record>
        </staticBinding>
        <staticBinding id="9e5d32ad-26c4-40fe-a364-c037edddae06">
          <annotation></annotation>
          <assignFromContext>true</assignFromContext>
          <assignToContext>true</assignToContext>
          <inputType>STRING</inputType>
          <isList>false</isList>
          <required>true</required>
          <isPersisted>true</isPersisted>
          <inputSymbol>lowestPort</inputSymbol>
          <listDelimiter>,</listDelimiter>
          <value>135</value>
          <record>false</record>
        </staticBinding>
        <staticBinding id="0621bea2-a5b2-4198-971d-baaeab0ab342">
          <annotation></annotation>
          <assignFromContext>true</assignFromContext>
          <assignToContext>true</assignToContext>
          <inputType>STRING</inputType>
          <isList>false</isList>
          <required>true</required>
          <isPersisted>true</isPersisted>
          <inputSymbol>highestPort</inputSymbol>
          <listDelimiter>,</listDelimiter>
          <value>135</value>
          <record>false</record>
        </staticBinding>
        <staticBinding id="7939a8f1-8ba1-48fc-a88e-0258449c4541">
          <annotation></annotation>
          <assignFromContext>true</assignFromContext>
          <assignToContext>true</assignToContext>
          <inputType>STRING</inputType>
          <isList>false</isList>
          <required>false</required>
          <isPersisted>true</isPersisted>
          <inputSymbol>portType</inputSymbol>
          <listDelimiter>,</listDelimiter>
          <value>TCP</value>
          <record>false</record>
        </staticBinding>
        <staticBinding id="3be40e3e-44f1-4447-a7c0-2f27be41217d">
          <annotation></annotation>
          <assignFromContext>true</assignFromContext>
          <assignToContext>true</assignToContext>
          <inputType>STRING</inputType>
          <isList>false</isList>
          <required>false</required>
          <isPersisted>true</isPersisted>
          <inputSymbol>overrideNRAS</inputSymbol>
          <listDelimiter>,</listDelimiter>
          <value>${server.oo.ras}</value>
          <record>false</record>
        </staticBinding>
        <staticBinding id="1aff4802-8886-4501-93e6-857ebd37a057">
          <annotation></annotation>
          <assignFromContext>true</assignFromContext>
          <assignToContext>true</assignToContext>
          <inputType>STRING</inputType>
          <isList>false</isList>
          <required>false</required>
          <isPersisted>true</isPersisted>
          <inputSymbol>overrideJRAS</inputSymbol>
          <listDelimiter>,</listDelimiter>
          <value>${server.oo.ras}</value>
          <record>false</record>
        </staticBinding>
      </bindings>
      <transitions>
        <transition id="1cae8abe-5e04-4eeb-a2b4-d59546e86198">
          <annotation></annotation>
          <name>success</name>
          <command>NEXT</command>
          <linkMode>false</linkMode>
          <responseSymbol>success</responseSymbol>
          <shouldHandoff>false</shouldHandoff>
          <transitionValue>0.0</transitionValue>
          <destination>
            <refId>bb9cf1ac-9bef-466b-b7ea-20299562ef9e</refId>
          </destination>
          <source>
            <refId>e7fe7633-470a-4a1f-bdea-3526b47b4f11</refId>
          </source>
          <positions>
            <point>
              <x>514.0</x>
              <y>148.0</y>
            </point>
            <point>
              <x>617.0</x>
              <y>181.0</y>
            </point>
          </positions>
          <labelPosition>
            <x>333.0</x>
            <y>0.0</y>
          </labelPosition>
        </transition>
        <transition id="dd7d3082-0694-49e7-9590-7e9468092544">
          <annotation></annotation>
          <name>failure</name>
          <command>NEXT</command>
          <linkMode>false</linkMode>
          <responseSymbol>failure</responseSymbol>
          <shouldHandoff>false</shouldHandoff>
          <transitionValue>0.0</transitionValue>
          <destination>
            <refId>e5b22cc7-eb69-41b8-873a-dc055822ba0a</refId>
          </destination>
          <source>
            <refId>e7fe7633-470a-4a1f-bdea-3526b47b4f11</refId>
          </source>
          <positions>
            <point>
              <x>339.0</x>
              <y>281.0</y>
            </point>
            <point>
              <x>545.0</x>
              <y>418.0</y>
            </point>
          </positions>
          <labelPosition>
            <x>333.0</x>
            <y>0.0</y>
          </labelPosition>
        </transition>
      </transitions>
      <properties/>
      <opRef>
        <refId>05099c46-a561-45cb-9b32-cad229b2489d</refId>
      </opRef>
      <assignments>
        <flowVariableAssignment id="ea393d46-74a6-4496-a18a-0d15732620a5">
          <annotation></annotation>
          <name>assignment</name>
          <action>OVERWRITE</action>
          <assignmentTargetType>FLOW_VARIABLE</assignmentTargetType>
          <contextKey>vm.isaccessible</contextKey>
          <expression id="ebb34020-bda4-4e78-a0f3-4a0da9ddcd53">
            <annotation></annotation>
            <name>Result Field: opened</name>
            <fieldName>opened</fieldName>
            <sourceType>RAWRESULT</sourceType>
            <filters>
              <scriptletFilter id="cd9b7059-6094-47e3-802f-e5bed598dd13">
                <annotation></annotation>
                <name>Scriptlet</name>
                <scriptlet id="6a6da13c-ad57-405f-bbde-6afd6f9f2445">
                  <annotation></annotation>
                  <name>default</name>
                  <script>if (scriptletInput == &apos;1&apos;) 
    scriptletResult = &apos;true&apos;
else 
    scriptletResult = &apos;false&apos;
</script>
                  <type>RHINO</type>
                </scriptlet>
              </scriptletFilter>
            </filters>
          </expression>
        </flowVariableAssignment>
      </assignments>
      <throttleSize>0</throttleSize>
    </step>
    <returnStep id="d44e49b3-7bc9-4579-8d26-a50d7731bc3d">
      <annotation></annotation>
      <name>Resolved : success</name>
      <bounds>
        <x>957.0</x>
        <y>488.0</y>
      </bounds>
      <layer>-1</layer>
      <hideInbound>false</hideInbound>
      <addResultToRunContext>false</addResultToRunContext>
      <isCriticalStep>false</isCriticalStep>
      <isNonBlocking>false</isNonBlocking>
      <isParallelStep>false</isParallelStep>
      <isSingleResponse>false</isSingleResponse>
      <recordInHistory>false</recordInHistory>
      <recordRawOutput>true</recordRawOutput>
      <recordPrimaryOutput>true</recordPrimaryOutput>
      <checkPointStep>true</checkPointStep>
      <historyCheckPointStep>true</historyCheckPointStep>
      <scriptResultStep>false</scriptResultStep>
      <userPrompt></userPrompt>
      <bindings/>
      <transitions>
        <transition id="2a199cc3-860c-49f9-a8c2-ef2ffb0133d8">
          <annotation></annotation>
          <name>return</name>
          <command>NEXT</command>
          <linkMode>false</linkMode>
          <responseSymbol>success</responseSymbol>
          <shouldHandoff>false</shouldHandoff>
          <transitionValue>0.0</transitionValue>
          <destination>
            <refId>d44e49b3-7bc9-4579-8d26-a50d7731bc3d</refId>
          </destination>
          <source>
            <refId>d44e49b3-7bc9-4579-8d26-a50d7731bc3d</refId>
          </source>
          <positions/>
        </transition>
      </transitions>
      <properties/>
      <returnStepType>RESOLVED</returnStepType>
      <assignments/>
    </returnStep>
    <step id="bb9cf1ac-9bef-466b-b7ea-20299562ef9e">
      <annotation>00fb58e7-aabb-420e-9f8e-b863bc720e7d.bb9cf1ac-9bef-466b-b7ea-20299562ef9e.description</annotation>
      <name>Is Accessible?</name>
      <bounds>
        <x>656.0</x>
        <y>41.0</y>
      </bounds>
      <layer>-1</layer>
      <hideInbound>false</hideInbound>
      <addResultToRunContext>false</addResultToRunContext>
      <isCriticalStep>false</isCriticalStep>
      <isNonBlocking>false</isNonBlocking>
      <isParallelStep>false</isParallelStep>
      <isSingleResponse>false</isSingleResponse>
      <recordInHistory>false</recordInHistory>
      <recordRawOutput>true</recordRawOutput>
      <recordPrimaryOutput>true</recordPrimaryOutput>
      <checkPointStep>true</checkPointStep>
      <historyCheckPointStep>true</historyCheckPointStep>
      <scriptResultStep>false</scriptResultStep>
      <userPrompt></userPrompt>
      <bindings>
        <staticBinding id="1b096e95-b655-49ec-8a07-733b139b6cb7">
          <annotation></annotation>
          <toContextKey>vm.isaccessible</toContextKey>
          <fromContextKey>vm.isaccessible</fromContextKey>
          <assignFromContext>true</assignFromContext>
          <assignToContext>true</assignToContext>
          <inputType>STRING</inputType>
          <isList>false</isList>
          <required>false</required>
          <isPersisted>true</isPersisted>
          <inputSymbol>string1</inputSymbol>
          <listDelimiter>,</listDelimiter>
          <value>${vm.isaccessible}</value>
          <record>false</record>
        </staticBinding>
        <staticBinding id="9a1198d2-6c6e-448d-89b8-c831f8af5c6b">
          <annotation></annotation>
          <assignFromContext>false</assignFromContext>
          <assignToContext>false</assignToContext>
          <inputType>STRING</inputType>
          <isList>false</isList>
          <required>false</required>
          <isPersisted>true</isPersisted>
          <inputSymbol>string2</inputSymbol>
          <listDelimiter>,</listDelimiter>
          <value>true</value>
          <record>false</record>
        </staticBinding>
        <staticBinding id="bbcb27cd-5583-4e93-a649-f6e4dc060b1d">
          <annotation></annotation>
          <assignFromContext>false</assignFromContext>
          <assignToContext>false</assignToContext>
          <inputType>STRING</inputType>
          <isList>false</isList>
          <required>false</required>
          <isPersisted>true</isPersisted>
          <inputSymbol>ignoreCase</inputSymbol>
          <listDelimiter>,</listDelimiter>
          <value>true</value>
          <record>false</record>
        </staticBinding>
        <staticBinding id="0c72ce97-3bd9-4a26-9e04-1b599cfe3858">
          <annotation></annotation>
          <toContextKey></toContextKey>
          <fromContextKey></fromContextKey>
          <assignFromContext>false</assignFromContext>
          <assignToContext>false</assignToContext>
          <inputType>STRING</inputType>
          <recordKey></recordKey>
          <isList>false</isList>
          <required>false</required>
          <isPersisted>true</isPersisted>
          <inputSymbol>Field_3</inputSymbol>
          <listDelimiter></listDelimiter>
          <value>${in3}</value>
          <record>false</record>
        </staticBinding>
        <staticBinding id="a38593d5-c03a-4274-8eb5-01bdf9a17055">
          <annotation></annotation>
          <toContextKey></toContextKey>
          <fromContextKey></fromContextKey>
          <assignFromContext>false</assignFromContext>
          <assignToContext>false</assignToContext>
          <inputType>STRING</inputType>
          <recordKey></recordKey>
          <isList>false</isList>
          <required>false</required>
          <isPersisted>true</isPersisted>
          <inputSymbol>Field_4</inputSymbol>
          <listDelimiter></listDelimiter>
          <value>${in4}</value>
          <record>false</record>
        </staticBinding>
        <staticBinding id="75c442db-da92-47ab-bc32-e3931337c0b7">
          <annotation></annotation>
          <toContextKey></toContextKey>
          <fromContextKey></fromContextKey>
          <assignFromContext>false</assignFromContext>
          <assignToContext>false</assignToContext>
          <inputType>STRING</inputType>
          <recordKey></recordKey>
          <isList>false</isList>
          <required>false</required>
          <isPersisted>true</isPersisted>
          <inputSymbol>Field_2</inputSymbol>
          <listDelimiter></listDelimiter>
          <value>${in2}</value>
          <record>false</record>
        </staticBinding>
        <staticBinding id="b6f6468f-9d65-4196-8a9c-a75873e1bd08">
          <annotation></annotation>
          <toContextKey></toContextKey>
          <fromContextKey></fromContextKey>
          <assignFromContext>false</assignFromContext>
          <assignToContext>false</assignToContext>
          <inputType>STRING</inputType>
          <recordKey></recordKey>
          <isList>false</isList>
          <required>false</required>
          <isPersisted>true</isPersisted>
          <inputSymbol>Field_1</inputSymbol>
          <listDelimiter></listDelimiter>
          <value>${in1}</value>
          <record>false</record>
        </staticBinding>
      </bindings>
      <transitions>
        <transition id="99084dcb-d9bd-4d11-a691-23fdbee7a3e1">
          <annotation></annotation>
          <name>false</name>
          <command>NEXT</command>
          <linkMode>false</linkMode>
          <responseSymbol>false</responseSymbol>
          <shouldHandoff>false</shouldHandoff>
          <transitionValue>0.0</transitionValue>
          <destination>
            <refId>e5b22cc7-eb69-41b8-873a-dc055822ba0a</refId>
          </destination>
          <source>
            <refId>bb9cf1ac-9bef-466b-b7ea-20299562ef9e</refId>
          </source>
          <positions>
            <point>
              <x>617.0</x>
              <y>181.0</y>
            </point>
            <point>
              <x>278.0</x>
              <y>254.0</y>
            </point>
          </positions>
          <labelPosition>
            <x>333.0</x>
            <y>0.0</y>
          </labelPosition>
        </transition>
        <transition id="90171dda-4545-477e-83ae-7dde2b83aece">
          <annotation></annotation>
          <name>true</name>
          <command>NEXT</command>
          <linkMode>false</linkMode>
          <responseSymbol>true</responseSymbol>
          <shouldHandoff>false</shouldHandoff>
          <transitionValue>0.0</transitionValue>
          <destination>
            <refId>f8d856bc-19d0-4118-86e9-0b41fef112c1</refId>
          </destination>
          <source>
            <refId>bb9cf1ac-9bef-466b-b7ea-20299562ef9e</refId>
          </source>
          <positions>
            <point>
              <x>652.0</x>
              <y>74.0</y>
            </point>
            <point>
              <x>807.0</x>
              <y>72.0</y>
            </point>
          </positions>
          <labelPosition>
            <x>333.0</x>
            <y>0.0</y>
          </labelPosition>
        </transition>
      </transitions>
      <properties/>
      <opRef>
        <refId>7c2f47aa-a4b3-4a7d-b3d4-007f285f7d29</refId>
      </opRef>
      <assignments/>
      <throttleSize>0</throttleSize>
    </step>
    <step id="199ffad5-8862-4cf2-ac7b-a901832688a1">
      <annotation>00fb58e7-aabb-420e-9f8e-b863bc720e7d.199ffad5-8862-4cf2-ac7b-a901832688a1.description</annotation>
      <name>AssignAsOutput</name>
      <bounds>
        <x>387.0</x>
        <y>35.0</y>
      </bounds>
      <layer>-1</layer>
      <hideInbound>false</hideInbound>
      <addResultToRunContext>false</addResultToRunContext>
      <isCriticalStep>false</isCriticalStep>
      <isNonBlocking>false</isNonBlocking>
      <isParallelStep>false</isParallelStep>
      <isSingleResponse>false</isSingleResponse>
      <recordInHistory>false</recordInHistory>
      <recordRawOutput>true</recordRawOutput>
      <recordPrimaryOutput>true</recordPrimaryOutput>
      <checkPointStep>true</checkPointStep>
      <historyCheckPointStep>true</historyCheckPointStep>
      <scriptResultStep>false</scriptResultStep>
      <userPrompt></userPrompt>
      <bindings>
        <staticBinding id="06fd6274-e2ce-4012-aae9-bba028bc484e">
          <annotation></annotation>
          <assignFromContext>false</assignFromContext>
          <assignToContext>false</assignToContext>
          <inputType>STRING</inputType>
          <isList>false</isList>
          <required>false</required>
          <isPersisted>true</isPersisted>
          <inputSymbol>field1</inputSymbol>
          <listDelimiter>,</listDelimiter>
          <value>${server.admin.user}</value>
          <record>false</record>
        </staticBinding>
        <staticBinding id="e4a43508-30c6-4d0a-9d4e-74c41a168fa2">
          <annotation></annotation>
          <assignFromContext>false</assignFromContext>
          <assignToContext>false</assignToContext>
          <inputType>STRING</inputType>
          <isList>false</isList>
          <required>false</required>
          <isPersisted>true</isPersisted>
          <inputSymbol>field2</inputSymbol>
          <listDelimiter>,</listDelimiter>
          <value>${server.admin.password}</value>
          <record>false</record>
        </staticBinding>
        <staticBinding id="74848e8b-b7b4-4de3-baf5-cd5294300651">
          <annotation></annotation>
          <toContextKey></toContextKey>
          <fromContextKey></fromContextKey>
          <assignFromContext>false</assignFromContext>
          <assignToContext>false</assignToContext>
          <inputType>STRING</inputType>
          <recordKey></recordKey>
          <isList>false</isList>
          <required>false</required>
          <isPersisted>true</isPersisted>
          <inputSymbol>Field_2</inputSymbol>
          <listDelimiter></listDelimiter>
          <value>${field2}</value>
          <record>false</record>
        </staticBinding>
        <staticBinding id="2627a185-3dfe-47cf-92e6-4760a85f40a0">
          <annotation></annotation>
          <toContextKey></toContextKey>
          <fromContextKey></fromContextKey>
          <assignFromContext>false</assignFromContext>
          <assignToContext>false</assignToContext>
          <inputType>STRING</inputType>
          <recordKey></recordKey>
          <isList>false</isList>
          <required>false</required>
          <isPersisted>true</isPersisted>
          <inputSymbol>Field_4</inputSymbol>
          <listDelimiter></listDelimiter>
          <value>${field4}</value>
          <record>false</record>
        </staticBinding>
        <staticBinding id="4df5c8e8-6a48-44ec-a2a4-33f2b86dc120">
          <annotation></annotation>
          <toContextKey></toContextKey>
          <fromContextKey></fromContextKey>
          <assignFromContext>false</assignFromContext>
          <assignToContext>false</assignToContext>
          <inputType>STRING</inputType>
          <recordKey></recordKey>
          <isList>false</isList>
          <required>false</required>
          <isPersisted>true</isPersisted>
          <inputSymbol>Field_3</inputSymbol>
          <listDelimiter></listDelimiter>
          <value>${field3}</value>
          <record>false</record>
        </staticBinding>
        <staticBinding id="e5dbe369-2255-477d-a84c-857859a37e33">
          <annotation></annotation>
          <toContextKey></toContextKey>
          <fromContextKey></fromContextKey>
          <assignFromContext>false</assignFromContext>
          <assignToContext>false</assignToContext>
          <inputType>STRING</inputType>
          <recordKey></recordKey>
          <isList>false</isList>
          <required>false</required>
          <isPersisted>true</isPersisted>
          <inputSymbol>Field_1</inputSymbol>
          <listDelimiter></listDelimiter>
          <value>${field1}</value>
          <record>false</record>
        </staticBinding>
      </bindings>
      <transitions>
        <transition id="0fd3bf01-a25f-44b4-8f94-ca4efc38613d">
          <annotation></annotation>
          <name>success</name>
          <command>NEXT</command>
          <linkMode>false</linkMode>
          <responseSymbol>success</responseSymbol>
          <shouldHandoff>false</shouldHandoff>
          <transitionValue>0.0</transitionValue>
          <destination>
            <refId>e7fe7633-470a-4a1f-bdea-3526b47b4f11</refId>
          </destination>
          <source>
            <refId>199ffad5-8862-4cf2-ac7b-a901832688a1</refId>
          </source>
          <positions>
            <point>
              <x>303.0</x>
              <y>127.0</y>
            </point>
            <point>
              <x>461.0</x>
              <y>73.0</y>
            </point>
          </positions>
          <labelPosition>
            <x>333.0</x>
            <y>0.0</y>
          </labelPosition>
        </transition>
      </transitions>
      <properties/>
      <opRef>
        <refId>ddd79f22-8b1e-4605-88d5-d912bb2da2b9</refId>
      </opRef>
      <assignments>
        <flowVariableAssignment id="aab1a319-f0c5-4687-a57f-fbc7005b9258">
          <annotation></annotation>
          <name>assignment</name>
          <action>OVERWRITE</action>
          <assignmentTargetType>FLOW_OUTPUT_FIELD</assignmentTargetType>
          <contextKey>server.admin.username</contextKey>
          <expression id="593c9b37-6d4a-4975-a1d4-72e25e293c5d">
            <annotation></annotation>
            <name>Input: field1</name>
            <fieldName>field1</fieldName>
            <sourceType>INPUT</sourceType>
            <filters/>
          </expression>
        </flowVariableAssignment>
        <flowVariableAssignment id="d592b840-5962-4349-86f9-d6dd5381adee">
          <annotation></annotation>
          <name>assignment</name>
          <action>OVERWRITE</action>
          <assignmentTargetType>FLOW_OUTPUT_FIELD</assignmentTargetType>
          <contextKey>server.admin.password</contextKey>
          <expression id="1b5120e6-5a3f-4928-9153-ad2ccfc0dc98">
            <annotation></annotation>
            <name>Input: field2</name>
            <fieldName>field2</fieldName>
            <sourceType>INPUT</sourceType>
            <filters/>
          </expression>
        </flowVariableAssignment>
      </assignments>
      <throttleSize>0</throttleSize>
    </step>
    <step id="363958c4-ca82-4a47-b938-d1281f4209bf">
      <annotation>00fb58e7-aabb-420e-9f8e-b863bc720e7d.363958c4-ca82-4a47-b938-d1281f4209bf.description</annotation>
      <name>Wait to CheckPort 135 Accessible</name>
      <bounds>
        <x>527.0</x>
        <y>273.0</y>
      </bounds>
      <layer>-1</layer>
      <hideInbound>false</hideInbound>
      <addResultToRunContext>false</addResultToRunContext>
      <isCriticalStep>false</isCriticalStep>
      <isNonBlocking>false</isNonBlocking>
      <isParallelStep>false</isParallelStep>
      <isSingleResponse>false</isSingleResponse>
      <recordInHistory>false</recordInHistory>
      <recordRawOutput>true</recordRawOutput>
      <recordPrimaryOutput>true</recordPrimaryOutput>
      <checkPointStep>true</checkPointStep>
      <historyCheckPointStep>true</historyCheckPointStep>
      <scriptResultStep>false</scriptResultStep>
      <userPrompt></userPrompt>
      <bindings>
        <staticBinding id="e4fc3e53-f6d4-4126-97aa-11b095a9d4d6">
          <annotation></annotation>
          <assignFromContext>false</assignFromContext>
          <assignToContext>false</assignToContext>
          <inputType>STRING</inputType>
          <isList>false</isList>
          <required>true</required>
          <isPersisted>true</isPersisted>
          <inputSymbol>seconds</inputSymbol>
          <listDelimiter>,</listDelimiter>
          <value>20</value>
          <record>false</record>
        </staticBinding>
      </bindings>
      <transitions>
        <transition id="70247d33-f1ad-4b85-90de-383a3d39ba6e">
          <annotation></annotation>
          <name>success</name>
          <command>NEXT</command>
          <linkMode>false</linkMode>
          <responseSymbol>success</responseSymbol>
          <shouldHandoff>false</shouldHandoff>
          <transitionValue>0.0</transitionValue>
          <destination>
            <refId>e7fe7633-470a-4a1f-bdea-3526b47b4f11</refId>
          </destination>
          <source>
            <refId>363958c4-ca82-4a47-b938-d1281f4209bf</refId>
          </source>
          <positions>
            <point>
              <x>397.0</x>
              <y>145.0</y>
            </point>
            <point>
              <x>514.0</x>
              <y>148.0</y>
            </point>
          </positions>
          <labelPosition>
            <x>333.0</x>
            <y>0.0</y>
          </labelPosition>
        </transition>
        <transition id="1fbd20b0-baef-4f5b-b5d9-4da449b735ea">
          <annotation></annotation>
          <name>failure</name>
          <command>NEXT</command>
          <linkMode>false</linkMode>
          <responseSymbol>failure</responseSymbol>
          <shouldHandoff>false</shouldHandoff>
          <transitionValue>0.0</transitionValue>
          <destination>
            <refId>587e5494-2a31-45d1-bf5e-5e7cceaaed94</refId>
          </destination>
          <source>
            <refId>363958c4-ca82-4a47-b938-d1281f4209bf</refId>
          </source>
          <positions>
            <point>
              <x>397.0</x>
              <y>145.0</y>
            </point>
            <point>
              <x>474.0</x>
              <y>48.0</y>
            </point>
          </positions>
          <labelPosition>
            <x>333.0</x>
            <y>0.0</y>
          </labelPosition>
        </transition>
      </transitions>
      <properties/>
      <opRef>
        <refId>d1bbf441-824a-450e-afae-2ddec0e0f35e</refId>
      </opRef>
      <assignments/>
      <throttleSize>0</throttleSize>
    </step>
    <step id="e5b22cc7-eb69-41b8-873a-dc055822ba0a">
      <annotation>00fb58e7-aabb-420e-9f8e-b863bc720e7d.e5b22cc7-eb69-41b8-873a-dc055822ba0a.description</annotation>
      <name>Loop</name>
      <bounds>
        <x>665.0</x>
        <y>275.0</y>
      </bounds>
      <layer>-1</layer>
      <hideInbound>false</hideInbound>
      <addResultToRunContext>false</addResultToRunContext>
      <isCriticalStep>false</isCriticalStep>
      <isNonBlocking>false</isNonBlocking>
      <isParallelStep>false</isParallelStep>
      <isSingleResponse>false</isSingleResponse>
      <recordInHistory>false</recordInHistory>
      <recordRawOutput>true</recordRawOutput>
      <recordPrimaryOutput>true</recordPrimaryOutput>
      <checkPointStep>true</checkPointStep>
      <historyCheckPointStep>true</historyCheckPointStep>
      <scriptResultStep>false</scriptResultStep>
      <userPrompt></userPrompt>
      <bindings>
        <staticBinding id="b16491ad-049e-427d-89d2-81d1b0cc5acc">
          <annotation></annotation>
          <assignFromContext>true</assignFromContext>
          <assignToContext>true</assignToContext>
          <inputType>STRING</inputType>
          <isList>false</isList>
          <required>true</required>
          <isPersisted>true</isPersisted>
          <inputSymbol>count</inputSymbol>
          <listDelimiter>,</listDelimiter>
          <value>30</value>
          <record>false</record>
        </staticBinding>
        <staticBinding id="6e2d693d-acf4-46fc-ab94-b36f7c544183">
          <annotation></annotation>
          <toContextKey></toContextKey>
          <fromContextKey></fromContextKey>
          <assignFromContext>false</assignFromContext>
          <assignToContext>false</assignToContext>
          <inputType>STRING</inputType>
          <recordKey></recordKey>
          <isList>false</isList>
          <required>false</required>
          <isPersisted>true</isPersisted>
          <inputSymbol>incrementBy</inputSymbol>
          <listDelimiter></listDelimiter>
          <value>1</value>
          <record>false</record>
        </staticBinding>
        <staticBinding id="95984e68-ec79-4946-a799-49ccbfd45769">
          <annotation></annotation>
          <toContextKey></toContextKey>
          <fromContextKey></fromContextKey>
          <assignFromContext>false</assignFromContext>
          <assignToContext>false</assignToContext>
          <inputType>STRING</inputType>
          <recordKey></recordKey>
          <isList>false</isList>
          <required>false</required>
          <isPersisted>true</isPersisted>
          <inputSymbol>from</inputSymbol>
          <listDelimiter></listDelimiter>
          <value>1</value>
          <record>false</record>
        </staticBinding>
        <staticBinding id="577b397d-d0f8-4f76-a4a8-d3a9d1dfc831">
          <annotation></annotation>
          <toContextKey></toContextKey>
          <fromContextKey></fromContextKey>
          <assignFromContext>false</assignFromContext>
          <assignToContext>false</assignToContext>
          <inputType>STRING</inputType>
          <recordKey></recordKey>
          <isList>false</isList>
          <required>false</required>
          <isPersisted>true</isPersisted>
          <inputSymbol>reset</inputSymbol>
          <listDelimiter></listDelimiter>
          <value>false</value>
          <record>false</record>
        </staticBinding>
        <staticBinding id="efc5911e-2385-439b-a6d1-4e057f768d19">
          <annotation></annotation>
          <toContextKey></toContextKey>
          <fromContextKey></fromContextKey>
          <assignFromContext>false</assignFromContext>
          <assignToContext>false</assignToContext>
          <inputType>STRING</inputType>
          <recordKey></recordKey>
          <isList>false</isList>
          <required>false</required>
          <isPersisted>true</isPersisted>
          <inputSymbol>to</inputSymbol>
          <listDelimiter></listDelimiter>
          <value>${count}</value>
          <record>false</record>
        </staticBinding>
      </bindings>
      <transitions>
        <transition id="537a5706-bb3c-492e-901f-78f380a60a98">
          <annotation></annotation>
          <name>has more</name>
          <command>NEXT</command>
          <linkMode>false</linkMode>
          <responseSymbol>has more</responseSymbol>
          <shouldHandoff>false</shouldHandoff>
          <transitionValue>0.0</transitionValue>
          <destination>
            <refId>363958c4-ca82-4a47-b938-d1281f4209bf</refId>
          </destination>
          <source>
            <refId>e5b22cc7-eb69-41b8-873a-dc055822ba0a</refId>
          </source>
          <positions>
            <point>
              <x>278.0</x>
              <y>254.0</y>
            </point>
            <point>
              <x>397.0</x>
              <y>145.0</y>
            </point>
          </positions>
          <labelPosition>
            <x>333.0</x>
            <y>0.0</y>
          </labelPosition>
        </transition>
        <transition id="beff7ebf-24bb-40fa-b494-24930d898eea">
          <annotation></annotation>
          <name>failure</name>
          <command>NEXT</command>
          <linkMode>false</linkMode>
          <responseSymbol>failure</responseSymbol>
          <shouldHandoff>false</shouldHandoff>
          <transitionValue>0.0</transitionValue>
          <destination>
            <refId>587e5494-2a31-45d1-bf5e-5e7cceaaed94</refId>
          </destination>
          <source>
            <refId>e5b22cc7-eb69-41b8-873a-dc055822ba0a</refId>
          </source>
          <positions>
            <point>
              <x>278.0</x>
              <y>254.0</y>
            </point>
            <point>
              <x>474.0</x>
              <y>48.0</y>
            </point>
          </positions>
          <labelPosition>
            <x>333.0</x>
            <y>0.0</y>
          </labelPosition>
        </transition>
        <transition id="8b18cbce-7f08-425a-b505-000e95a23d0c">
          <annotation></annotation>
          <name>no more</name>
          <command>NEXT</command>
          <linkMode>false</linkMode>
          <responseSymbol>no more</responseSymbol>
          <shouldHandoff>false</shouldHandoff>
          <transitionValue>0.0</transitionValue>
          <destination>
            <refId>587e5494-2a31-45d1-bf5e-5e7cceaaed94</refId>
          </destination>
          <source>
            <refId>e5b22cc7-eb69-41b8-873a-dc055822ba0a</refId>
          </source>
          <positions>
            <point>
              <x>545.0</x>
              <y>418.0</y>
            </point>
            <point>
              <x>513.0</x>
              <y>548.0</y>
            </point>
          </positions>
          <labelPosition>
            <x>333.0</x>
            <y>0.0</y>
          </labelPosition>
        </transition>
      </transitions>
      <properties/>
      <opRef>
        <refId>1f0d93cd-2692-4339-81d7-9b3c6de46029</refId>
      </opRef>
      <assignments/>
      <throttleSize>0</throttleSize>
    </step>
    <returnStep id="587e5494-2a31-45d1-bf5e-5e7cceaaed94">
      <annotation></annotation>
      <name>Error : failure</name>
      <bounds>
        <x>667.0</x>
        <y>490.0</y>
      </bounds>
      <layer>-1</layer>
      <hideInbound>false</hideInbound>
      <addResultToRunContext>false</addResultToRunContext>
      <isCriticalStep>false</isCriticalStep>
      <isNonBlocking>false</isNonBlocking>
      <isParallelStep>false</isParallelStep>
      <isSingleResponse>false</isSingleResponse>
      <recordInHistory>false</recordInHistory>
      <recordRawOutput>true</recordRawOutput>
      <recordPrimaryOutput>true</recordPrimaryOutput>
      <checkPointStep>true</checkPointStep>
      <historyCheckPointStep>true</historyCheckPointStep>
      <scriptResultStep>false</scriptResultStep>
      <userPrompt></userPrompt>
      <bindings/>
      <transitions>
        <transition id="74baae03-535a-4afa-96b7-98a7c206fd49">
          <annotation></annotation>
          <name>return</name>
          <command>NEXT</command>
          <linkMode>false</linkMode>
          <responseSymbol>failure</responseSymbol>
          <shouldHandoff>false</shouldHandoff>
          <transitionValue>0.0</transitionValue>
          <destination>
            <refId>587e5494-2a31-45d1-bf5e-5e7cceaaed94</refId>
          </destination>
          <source>
            <refId>587e5494-2a31-45d1-bf5e-5e7cceaaed94</refId>
          </source>
          <positions/>
        </transition>
      </transitions>
      <properties/>
      <returnStepType>ERROR</returnStepType>
      <assignments/>
    </returnStep>
  </steps>
  <startSteps>4d470653-74e4-4f53-b11c-4b3b4693a7e4</startSteps>
</flow>