<?xml version="1.0" encoding="UTF-8"?>
<operation id="104e1b05-216a-4911-90eb-238f54b3c5b0">
  <annotation>104e1b05-216a-4911-90eb-238f54b3c5b0.description</annotation>
  <name>check RHEL version</name>
  <categories/>
  <inputs>
    <staticBinding id="766bf840-c269-48bc-92e5-08ab09a4c13b">
      <annotation></annotation>
      <assignFromContext>true</assignFromContext>
      <assignToContext>true</assignToContext>
      <inputType>STRING</inputType>
      <isList>false</isList>
      <required>false</required>
      <isPersisted>true</isPersisted>
      <inputSymbol>field1</inputSymbol>
      <listDelimiter>,</listDelimiter>
      <value></value>
      <record>false</record>
    </staticBinding>
    <staticBinding id="6b0ab049-0a63-4dc7-b2a9-7602d94b2a89">
      <annotation></annotation>
      <assignFromContext>true</assignFromContext>
      <assignToContext>true</assignToContext>
      <inputType>STRING</inputType>
      <isList>false</isList>
      <required>false</required>
      <isPersisted>true</isPersisted>
      <inputSymbol>field2</inputSymbol>
      <listDelimiter>,</listDelimiter>
      <value></value>
      <record>false</record>
    </staticBinding>
    <staticBinding id="03587ad2-096b-4e3f-8f4f-c18b1476b7cb">
      <annotation></annotation>
      <assignFromContext>true</assignFromContext>
      <assignToContext>true</assignToContext>
      <inputType>STRING</inputType>
      <isList>false</isList>
      <required>false</required>
      <isPersisted>true</isPersisted>
      <inputSymbol>field3</inputSymbol>
      <listDelimiter>,</listDelimiter>
      <value></value>
      <record>false</record>
    </staticBinding>
    <staticBinding id="7bb691ca-4d4d-4db7-8581-ed2414426573">
      <annotation></annotation>
      <assignFromContext>true</assignFromContext>
      <assignToContext>true</assignToContext>
      <inputType>STRING</inputType>
      <isList>false</isList>
      <required>false</required>
      <isPersisted>true</isPersisted>
      <inputSymbol>field4</inputSymbol>
      <listDelimiter>,</listDelimiter>
      <value></value>
      <record>false</record>
    </staticBinding>
    <staticBinding id="c3d10b97-143c-486f-be65-bc5a4334f0bd">
      <annotation></annotation>
      <toContextKey></toContextKey>
      <fromContextKey></fromContextKey>
      <assignFromContext>false</assignFromContext>
      <assignToContext>false</assignToContext>
      <inputType>STRING</inputType>
      <recordKey></recordKey>
      <isList>false</isList>
      <required>false</required>
      <isPersisted>true</isPersisted>
      <inputSymbol>Field_1</inputSymbol>
      <listDelimiter></listDelimiter>
      <value>${field1}</value>
      <record>false</record>
    </staticBinding>
    <staticBinding id="581e14f3-71e1-497b-8107-22f7d4c6fa19">
      <annotation></annotation>
      <toContextKey></toContextKey>
      <fromContextKey></fromContextKey>
      <assignFromContext>false</assignFromContext>
      <assignToContext>false</assignToContext>
      <inputType>STRING</inputType>
      <recordKey></recordKey>
      <isList>false</isList>
      <required>false</required>
      <isPersisted>true</isPersisted>
      <inputSymbol>Field_2</inputSymbol>
      <listDelimiter></listDelimiter>
      <value>${field2}</value>
      <record>false</record>
    </staticBinding>
    <staticBinding id="585d1a6d-779d-46d1-b631-1e5178ace0f2">
      <annotation></annotation>
      <toContextKey></toContextKey>
      <fromContextKey></fromContextKey>
      <assignFromContext>false</assignFromContext>
      <assignToContext>false</assignToContext>
      <inputType>STRING</inputType>
      <recordKey></recordKey>
      <isList>false</isList>
      <required>false</required>
      <isPersisted>true</isPersisted>
      <inputSymbol>Field_3</inputSymbol>
      <listDelimiter></listDelimiter>
      <value>${field3}</value>
      <record>false</record>
    </staticBinding>
    <staticBinding id="0b75709b-deef-409b-96b3-7d58d83a3427">
      <annotation></annotation>
      <toContextKey></toContextKey>
      <fromContextKey></fromContextKey>
      <assignFromContext>false</assignFromContext>
      <assignToContext>false</assignToContext>
      <inputType>STRING</inputType>
      <recordKey></recordKey>
      <isList>false</isList>
      <required>false</required>
      <isPersisted>true</isPersisted>
      <inputSymbol>Field_4</inputSymbol>
      <listDelimiter></listDelimiter>
      <value>${field4}</value>
      <record>false</record>
    </staticBinding>
  </inputs>
  <scriptlet id="42e4bf95-dc14-4a9f-9c2a-bafef27589ee">
    <annotation></annotation>
    <name>Operation check RHEL version (104e1b05-216a-4911-90eb-238f54b3c5b0)</name>
    <type>RHINO</type>
  </scriptlet>
  <possibleResponses>
    <opResponse id="50b4f01e-f7e0-4438-b4af-bae100d5490c">
      <annotation></annotation>
      <name>version 5</name>
      <isDefault>true</isDefault>
      <onFailure>false</onFailure>
      <type>RESOLVED</type>
      <matchRules>
        <expression id="4dd5c47a-004d-48ec-aacd-070e49cb67aa">
          <annotation></annotation>
          <name>Field 1</name>
          <fieldName>Field_1</fieldName>
          <sourceType>RAWRESULT</sourceType>
          <containsEvaluator id="5844cefc-2217-4523-a043-3f47ff9cafe0">
            <annotation></annotation>
            <name>Config Item</name>
            <text>RHEL5</text>
            <ignoreCase>true</ignoreCase>
            <matchType>ENDS_WITH</matchType>
          </containsEvaluator>
          <filters/>
        </expression>
      </matchRules>
    </opResponse>
    <opResponse id="8f566458-dd8c-49e1-8506-3674b49e8b2e">
      <annotation></annotation>
      <name>version 6</name>
      <isDefault>false</isDefault>
      <onFailure>false</onFailure>
      <type>DIAGNOSED</type>
      <matchRules>
        <expression id="138c4b70-2da6-40bc-b257-6554f47b3a71">
          <annotation></annotation>
          <name>Field 1</name>
          <fieldName>Field_1</fieldName>
          <sourceType>RAWRESULT</sourceType>
          <containsEvaluator id="5de09ee1-44a3-4bc5-b3fa-9667f7011faf">
            <annotation></annotation>
            <name>Config Item</name>
            <text>RHEL6</text>
            <ignoreCase>true</ignoreCase>
            <matchType>ENDS_WITH</matchType>
          </containsEvaluator>
          <filters/>
        </expression>
      </matchRules>
    </opResponse>
  </possibleResponses>
  <availableResultExpressions/>
  <resultExpression id="0497a325-4b6b-4867-8890-4629bd3184e6">
    <annotation></annotation>
    <name></name>
    <fieldName>Field_1</fieldName>
    <sourceType>RAWRESULT</sourceType>
    <filters/>
  </resultExpression>
  <iconSpec id="bc772685-a354-4811-a6c2-25a86761693f">
    <baseIcon>application_general.png</baseIcon>
    <basePath>/Application/</basePath>
    <readOnly>false</readOnly>
    <layers>
      <iconSpec id="37db9891-4d12-49f9-b102-92e107ff099c">
        <baseIcon>fix3.png</baseIcon>
        <basePath>/Annotations/</basePath>
        <readOnly>false</readOnly>
        <layers/>
      </iconSpec>
    </layers>
  </iconSpec>
  <opRef>
    <refId>ddd79f22-8b1e-4605-88d5-d912bb2da2b9</refId>
  </opRef>
  <fieldValues/>
  <groupAliasRef>
    <refId>5233030c-af46-432b-a682-b326ca6bf2ae</refId>
    <refName>RAS_Operator_Path</refName>
  </groupAliasRef>
</operation>