<?xml version="1.0" encoding="UTF-8"?>
<flow id="93d11783-54db-4d1e-b6f2-9e2acf3098a4">
  <annotation>93d11783-54db-4d1e-b6f2-9e2acf3098a4.description</annotation>
  <name>MAIL_Process_Template</name>
  <categories/>
  <inputs>
    <userInputBinding id="d9265b15-1026-4e0e-9dd9-5c1247f77894">
      <annotation></annotation>
      <assignFromContext>true</assignFromContext>
      <assignToContext>true</assignToContext>
      <inputType>STRING</inputType>
      <isList>false</isList>
      <required>true</required>
      <isPersisted>true</isPersisted>
      <inputSymbol>template.name</inputSymbol>
      <listDelimiter>,</listDelimiter>
      <record>false</record>
      <prompt></prompt>
      <isMultiSelect>false</isMultiSelect>
      <sourceDelimiter>|</sourceDelimiter>
    </userInputBinding>
    <userInputBinding id="a5a69291-18dd-4221-9695-f984ed7c2c87">
      <annotation></annotation>
      <assignFromContext>true</assignFromContext>
      <assignToContext>true</assignToContext>
      <inputType>STRING</inputType>
      <isList>false</isList>
      <required>true</required>
      <isPersisted>true</isPersisted>
      <inputSymbol>parameter</inputSymbol>
      <listDelimiter>,</listDelimiter>
      <record>false</record>
      <prompt></prompt>
      <isMultiSelect>false</isMultiSelect>
      <sourceDelimiter>|</sourceDelimiter>
    </userInputBinding>
    <userInputBinding id="cd75cd05-8d6b-4917-bf8f-e485f9bb4ae2">
      <annotation></annotation>
      <assignFromContext>true</assignFromContext>
      <assignToContext>true</assignToContext>
      <inputType>STRING</inputType>
      <isList>false</isList>
      <required>true</required>
      <isPersisted>true</isPersisted>
      <inputSymbol>recipient</inputSymbol>
      <listDelimiter>,</listDelimiter>
      <record>false</record>
      <prompt></prompt>
      <isMultiSelect>false</isMultiSelect>
      <sourceDelimiter>|</sourceDelimiter>
    </userInputBinding>
  </inputs>
  <scriptlet id="5bc2c607-faf7-4875-b1b1-b85375416d0a">
    <annotation></annotation>
    <name>Operation MAIL_Process_Template (93d11783-54db-4d1e-b6f2-9e2acf3098a4)</name>
    <type>RHINO</type>
  </scriptlet>
  <possibleResponses>
    <opResponse id="437dfeb4-97a8-44d3-9e1e-c93ae95a2b7c">
      <annotation></annotation>
      <name>success</name>
      <isDefault>true</isDefault>
      <onFailure>false</onFailure>
      <type>RESOLVED</type>
      <matchRules/>
    </opResponse>
    <opResponse id="76639197-808d-4111-8159-df6b9bcc29a6">
      <annotation></annotation>
      <name>failure</name>
      <isDefault>false</isDefault>
      <onFailure>true</onFailure>
      <type>ERROR</type>
      <matchRules/>
    </opResponse>
  </possibleResponses>
  <availableResultExpressions/>
  <resultExpression id="846e2d52-b8df-45f5-9a11-e68306730eb7">
    <annotation></annotation>
    <name>FailureMessage</name>
    <fieldName>FailureMessage</fieldName>
    <sourceType>RAWRESULT</sourceType>
    <filters/>
  </resultExpression>
  <iconSpec id="c52d186e-ddf4-459c-b82d-821cc7d5fdbc">
    <baseIcon>flow.png</baseIcon>
    <basePath>System</basePath>
    <readOnly>false</readOnly>
    <layers/>
  </iconSpec>
  <callouts/>
  <checkPointFlow>true</checkPointFlow>
  <compatibleRuntimeContext>false</compatibleRuntimeContext>
  <historyCheckPointFlow>true</historyCheckPointFlow>
  <steps>
    <step id="c0ded2af-9b82-4b4c-839c-880d6748fd5e">
      <annotation>93d11783-54db-4d1e-b6f2-9e2acf3098a4.c0ded2af-9b82-4b4c-839c-880d6748fd5e.description</annotation>
      <name>FS Exists</name>
      <bounds>
        <x>187.0</x>
        <y>98.0</y>
      </bounds>
      <layer>-1</layer>
      <hideInbound>false</hideInbound>
      <addResultToRunContext>false</addResultToRunContext>
      <isCriticalStep>false</isCriticalStep>
      <isNonBlocking>false</isNonBlocking>
      <isParallelStep>false</isParallelStep>
      <isSingleResponse>false</isSingleResponse>
      <recordInHistory>false</recordInHistory>
      <recordRawOutput>true</recordRawOutput>
      <recordPrimaryOutput>true</recordPrimaryOutput>
      <checkPointStep>true</checkPointStep>
      <historyCheckPointStep>true</historyCheckPointStep>
      <scriptResultStep>false</scriptResultStep>
      <userPrompt></userPrompt>
      <bindings>
        <staticBinding id="90203feb-224a-4933-976b-efd7ec948666">
          <annotation></annotation>
          <toContextKey></toContextKey>
          <fromContextKey></fromContextKey>
          <assignFromContext>true</assignFromContext>
          <assignToContext>true</assignToContext>
          <inputType>STRING</inputType>
          <isList>false</isList>
          <required>true</required>
          <isPersisted>true</isPersisted>
          <inputSymbol>Source</inputSymbol>
          <listDelimiter>,</listDelimiter>
          <value>${pc.mail.templates.dir}\${template.name}.html</value>
          <record>false</record>
        </staticBinding>
      </bindings>
      <transitions>
        <transition id="b4b15fb7-8364-4963-8dcd-da98d06503fd">
          <annotation></annotation>
          <name>failure</name>
          <command>NEXT</command>
          <linkMode>false</linkMode>
          <responseSymbol>failure</responseSymbol>
          <shouldHandoff>false</shouldHandoff>
          <transitionValue>0.0</transitionValue>
          <destination>
            <refId>e38084ae-ce76-46ae-bb0d-4fb001f143cb</refId>
          </destination>
          <source>
            <refId>c0ded2af-9b82-4b4c-839c-880d6748fd5e</refId>
          </source>
          <positions>
            <point>
              <x>436.0</x>
              <y>153.0</y>
            </point>
            <point>
              <x>688.0</x>
              <y>150.0</y>
            </point>
          </positions>
          <labelPosition>
            <x>333.0</x>
            <y>0.0</y>
          </labelPosition>
        </transition>
        <transition id="6e0cd668-4eaa-4209-bfd3-31f7569fbed6">
          <annotation></annotation>
          <name>success</name>
          <command>NEXT</command>
          <linkMode>false</linkMode>
          <responseSymbol>success</responseSymbol>
          <shouldHandoff>false</shouldHandoff>
          <transitionValue>0.0</transitionValue>
          <destination>
            <refId>a1d08be0-30ac-4bfc-877f-14bd5a5f0358</refId>
          </destination>
          <source>
            <refId>c0ded2af-9b82-4b4c-839c-880d6748fd5e</refId>
          </source>
          <positions>
            <point>
              <x>241.0</x>
              <y>132.0</y>
            </point>
            <point>
              <x>242.0</x>
              <y>275.0</y>
            </point>
          </positions>
          <labelPosition>
            <x>333.0</x>
            <y>0.0</y>
          </labelPosition>
        </transition>
      </transitions>
      <properties/>
      <opRef>
        <refId>0a169a50-68b6-42b1-8ed0-dd6b3ebb8998</refId>
      </opRef>
      <assignments/>
      <throttleSize>0</throttleSize>
    </step>
    <returnStep id="783ca336-2449-4e67-aa75-85c174c3ef80">
      <annotation></annotation>
      <name>Error : failure</name>
      <bounds>
        <x>41.0</x>
        <y>564.0</y>
      </bounds>
      <layer>-1</layer>
      <hideInbound>false</hideInbound>
      <addResultToRunContext>false</addResultToRunContext>
      <isCriticalStep>false</isCriticalStep>
      <isNonBlocking>false</isNonBlocking>
      <isParallelStep>false</isParallelStep>
      <isSingleResponse>false</isSingleResponse>
      <recordInHistory>false</recordInHistory>
      <recordRawOutput>true</recordRawOutput>
      <recordPrimaryOutput>true</recordPrimaryOutput>
      <checkPointStep>true</checkPointStep>
      <historyCheckPointStep>true</historyCheckPointStep>
      <scriptResultStep>false</scriptResultStep>
      <userPrompt></userPrompt>
      <bindings/>
      <transitions>
        <transition id="befad2a4-aa92-4a5e-adc1-dbe0336de3d7">
          <annotation></annotation>
          <name>return</name>
          <command>NEXT</command>
          <linkMode>false</linkMode>
          <responseSymbol>failure</responseSymbol>
          <shouldHandoff>false</shouldHandoff>
          <transitionValue>0.0</transitionValue>
          <destination>
            <refId>783ca336-2449-4e67-aa75-85c174c3ef80</refId>
          </destination>
          <source>
            <refId>783ca336-2449-4e67-aa75-85c174c3ef80</refId>
          </source>
          <positions/>
        </transition>
      </transitions>
      <properties/>
      <returnStepType>ERROR</returnStepType>
      <assignments/>
    </returnStep>
    <step id="a1d08be0-30ac-4bfc-877f-14bd5a5f0358">
      <annotation>93d11783-54db-4d1e-b6f2-9e2acf3098a4.a1d08be0-30ac-4bfc-877f-14bd5a5f0358.description</annotation>
      <name>Temp File Reader</name>
      <bounds>
        <x>187.0</x>
        <y>241.0</y>
      </bounds>
      <layer>-1</layer>
      <hideInbound>false</hideInbound>
      <addResultToRunContext>false</addResultToRunContext>
      <isCriticalStep>false</isCriticalStep>
      <isNonBlocking>false</isNonBlocking>
      <isParallelStep>false</isParallelStep>
      <isSingleResponse>false</isSingleResponse>
      <recordInHistory>false</recordInHistory>
      <recordRawOutput>true</recordRawOutput>
      <recordPrimaryOutput>true</recordPrimaryOutput>
      <checkPointStep>true</checkPointStep>
      <historyCheckPointStep>true</historyCheckPointStep>
      <scriptResultStep>false</scriptResultStep>
      <userPrompt></userPrompt>
      <bindings>
        <staticBinding id="584be7f0-9987-44a9-bb68-1716990c9ee5">
          <annotation></annotation>
          <toContextKey></toContextKey>
          <fromContextKey></fromContextKey>
          <assignFromContext>true</assignFromContext>
          <assignToContext>true</assignToContext>
          <inputType>STRING</inputType>
          <isList>false</isList>
          <required>true</required>
          <isPersisted>true</isPersisted>
          <inputSymbol>filename</inputSymbol>
          <listDelimiter>,</listDelimiter>
          <value>${Source}</value>
          <record>false</record>
        </staticBinding>
        <staticBinding id="512e92ed-c120-4107-b716-147f5233e5ee">
          <annotation></annotation>
          <toContextKey></toContextKey>
          <fromContextKey></fromContextKey>
          <assignFromContext>true</assignFromContext>
          <assignToContext>true</assignToContext>
          <inputType>STRING</inputType>
          <isList>false</isList>
          <required>false</required>
          <isPersisted>true</isPersisted>
          <inputSymbol>characterSet</inputSymbol>
          <listDelimiter>,</listDelimiter>
          <value>UTF-8</value>
          <record>false</record>
        </staticBinding>
      </bindings>
      <transitions>
        <transition id="28176387-de8c-4eb4-a648-abb378195e6a">
          <annotation></annotation>
          <name>failure</name>
          <command>NEXT</command>
          <linkMode>false</linkMode>
          <responseSymbol>failure</responseSymbol>
          <shouldHandoff>false</shouldHandoff>
          <transitionValue>0.0</transitionValue>
          <destination>
            <refId>e38084ae-ce76-46ae-bb0d-4fb001f143cb</refId>
          </destination>
          <source>
            <refId>a1d08be0-30ac-4bfc-877f-14bd5a5f0358</refId>
          </source>
          <positions>
            <point>
              <x>242.0</x>
              <y>275.0</y>
            </point>
            <point>
              <x>542.0</x>
              <y>132.0</y>
            </point>
          </positions>
          <labelPosition>
            <x>333.0</x>
            <y>0.0</y>
          </labelPosition>
        </transition>
        <transition id="469a41e0-caa3-4b77-9f55-51dd43a90c95">
          <annotation></annotation>
          <name>success</name>
          <command>NEXT</command>
          <linkMode>false</linkMode>
          <responseSymbol>success</responseSymbol>
          <shouldHandoff>false</shouldHandoff>
          <transitionValue>0.0</transitionValue>
          <destination>
            <refId>41038651-fa38-40cd-a885-184f30f02913</refId>
          </destination>
          <source>
            <refId>a1d08be0-30ac-4bfc-877f-14bd5a5f0358</refId>
          </source>
          <positions>
            <point>
              <x>237.0</x>
              <y>275.0</y>
            </point>
            <point>
              <x>241.0</x>
              <y>438.0</y>
            </point>
          </positions>
          <labelPosition>
            <x>333.0</x>
            <y>0.0</y>
          </labelPosition>
        </transition>
      </transitions>
      <properties/>
      <opRef>
        <refId>2179e041-5607-4cca-b70b-5476b3f1c429</refId>
      </opRef>
      <assignments>
        <flowVariableAssignment id="058a3de2-f33e-4039-955c-f80d71060f8f">
          <annotation></annotation>
          <name>assignment</name>
          <action>OVERWRITE</action>
          <assignmentTargetType>FLOW_VARIABLE</assignmentTargetType>
          <contextKey>htmlDocument</contextKey>
          <expression id="ed98efe3-bcf7-4872-9e12-9b299835e2b8">
            <annotation></annotation>
            <name>Result Field: returnResult</name>
            <fieldName>returnResult</fieldName>
            <sourceType>RAWRESULT</sourceType>
            <filters/>
          </expression>
        </flowVariableAssignment>
      </assignments>
      <throttleSize>0</throttleSize>
    </step>
    <step id="41038651-fa38-40cd-a885-184f30f02913">
      <annotation>93d11783-54db-4d1e-b6f2-9e2acf3098a4.41038651-fa38-40cd-a885-184f30f02913.description</annotation>
      <name>iterateParameter</name>
      <bounds>
        <x>187.0</x>
        <y>393.0</y>
      </bounds>
      <layer>-1</layer>
      <hideInbound>false</hideInbound>
      <addResultToRunContext>false</addResultToRunContext>
      <isCriticalStep>false</isCriticalStep>
      <isNonBlocking>false</isNonBlocking>
      <isParallelStep>false</isParallelStep>
      <isSingleResponse>false</isSingleResponse>
      <recordInHistory>false</recordInHistory>
      <recordRawOutput>true</recordRawOutput>
      <recordPrimaryOutput>true</recordPrimaryOutput>
      <checkPointStep>true</checkPointStep>
      <historyCheckPointStep>true</historyCheckPointStep>
      <scriptResultStep>false</scriptResultStep>
      <userPrompt></userPrompt>
      <bindings>
        <staticBinding id="0b0a94e7-01e6-4f58-9d54-82979b055cf4">
          <annotation></annotation>
          <assignFromContext>true</assignFromContext>
          <assignToContext>true</assignToContext>
          <inputType>STRING</inputType>
          <isList>false</isList>
          <required>true</required>
          <isPersisted>true</isPersisted>
          <inputSymbol>array</inputSymbol>
          <listDelimiter>,</listDelimiter>
          <value>${parameter}</value>
          <record>false</record>
        </staticBinding>
      </bindings>
      <transitions>
        <transition id="9042be30-dcd6-4a0d-b6ee-bdfd02770db9">
          <annotation></annotation>
          <name>no more</name>
          <command>NEXT</command>
          <linkMode>false</linkMode>
          <responseSymbol>no more</responseSymbol>
          <shouldHandoff>false</shouldHandoff>
          <transitionValue>0.0</transitionValue>
          <destination>
            <refId>5c53b48d-fe27-44ed-a09d-75492eddd014</refId>
          </destination>
          <source>
            <refId>41038651-fa38-40cd-a885-184f30f02913</refId>
          </source>
          <positions>
            <point>
              <x>241.0</x>
              <y>438.0</y>
            </point>
            <point>
              <x>237.0</x>
              <y>611.0</y>
            </point>
          </positions>
          <labelPosition>
            <x>333.0</x>
            <y>0.0</y>
          </labelPosition>
        </transition>
        <transition id="05f930a2-7721-49be-a0da-a0147fae5bac">
          <annotation></annotation>
          <name>failure</name>
          <command>NEXT</command>
          <linkMode>false</linkMode>
          <responseSymbol>failure</responseSymbol>
          <shouldHandoff>false</shouldHandoff>
          <transitionValue>0.0</transitionValue>
          <destination>
            <refId>783ca336-2449-4e67-aa75-85c174c3ef80</refId>
          </destination>
          <source>
            <refId>41038651-fa38-40cd-a885-184f30f02913</refId>
          </source>
          <positions>
            <point>
              <x>241.0</x>
              <y>438.0</y>
            </point>
            <point>
              <x>91.0</x>
              <y>598.0</y>
            </point>
          </positions>
          <labelPosition>
            <x>333.0</x>
            <y>0.0</y>
          </labelPosition>
        </transition>
        <transition id="7ac5011d-9e5d-4b10-bb29-2b8e0faf1a58">
          <annotation></annotation>
          <name>has more</name>
          <command>NEXT</command>
          <linkMode>false</linkMode>
          <responseSymbol>has more</responseSymbol>
          <shouldHandoff>false</shouldHandoff>
          <transitionValue>0.0</transitionValue>
          <destination>
            <refId>f5037b8f-4f37-4ff1-9bcc-7b7b8c3362ae</refId>
          </destination>
          <source>
            <refId>41038651-fa38-40cd-a885-184f30f02913</refId>
          </source>
          <positions>
            <point>
              <x>237.0</x>
              <y>427.0</y>
            </point>
            <point>
              <x>394.0</x>
              <y>425.0</y>
            </point>
          </positions>
          <labelPosition>
            <x>333.0</x>
            <y>0.0</y>
          </labelPosition>
        </transition>
      </transitions>
      <properties/>
      <opRef>
        <refId>50efc8cb-f1e7-4123-984c-979039f22f2c</refId>
      </opRef>
      <assignments>
        <flowVariableAssignment id="14ba5812-d179-4d19-9a1e-0abe5483678e">
          <annotation></annotation>
          <name>assignment</name>
          <action>OVERWRITE</action>
          <assignmentTargetType>FLOW_VARIABLE</assignmentTargetType>
          <contextKey>key</contextKey>
          <expression id="480f6e22-057c-4922-ad9c-081b435149a9">
            <annotation></annotation>
            <name>Result Field: Result</name>
            <fieldName>Result</fieldName>
            <sourceType>RAWRESULT</sourceType>
            <filters>
              <stripTrailingFilter id="c0a18153-02b4-453e-946a-28f93c0c06c3">
                <annotation></annotation>
                <name>Strip</name>
                <strip>&quot;</strip>
                <type>ALL_CHARACTERS_UP_TO_AND_INCLUDING</type>
              </stripTrailingFilter>
              <stripTrailingFilter id="d194e368-3745-4d25-b74e-0b7f48dda4e8">
                <annotation></annotation>
                <name>Strip</name>
                <strip>&quot;</strip>
                <type>ALL_CHARACTERS_AFTER_AND_INCLUDING</type>
              </stripTrailingFilter>
            </filters>
          </expression>
        </flowVariableAssignment>
        <flowVariableAssignment id="f73cbcb8-9ab8-4790-8c1f-9f25b11a50f9">
          <annotation></annotation>
          <name>assignment</name>
          <action>OVERWRITE</action>
          <assignmentTargetType>FLOW_VARIABLE</assignmentTargetType>
          <contextKey>value</contextKey>
          <expression id="c7a91806-d0d4-4b43-ab9f-534fbde5d0d1">
            <annotation></annotation>
            <name>Result Field: Result</name>
            <fieldName>Result</fieldName>
            <sourceType>RAWRESULT</sourceType>
            <filters>
              <stripTrailingFilter id="88cf5248-e299-49a5-ac70-728e0113d431">
                <annotation></annotation>
                <name>Strip</name>
                <strip>:&quot;</strip>
                <type>ALL_CHARACTERS_UP_TO_AND_INCLUDING</type>
              </stripTrailingFilter>
              <stripTrailingFilter id="31bc2af5-3241-4017-9c1e-1a713d8553bd">
                <annotation></annotation>
                <name>Strip</name>
                <strip>&quot;</strip>
                <type>ALL_CHARACTERS_AFTER_AND_INCLUDING</type>
              </stripTrailingFilter>
            </filters>
          </expression>
        </flowVariableAssignment>
        <flowVariableAssignment id="b706c73d-b82a-4785-b5d6-35d03417932a">
          <annotation></annotation>
          <name>assignment</name>
          <action>OVERWRITE</action>
          <assignmentTargetType>FLOW_VARIABLE</assignmentTargetType>
          <contextKey>item</contextKey>
          <expression id="a27a97ed-c7f6-4b4c-97e0-25573bd3406d">
            <annotation></annotation>
            <name>Result Field: Result</name>
            <fieldName>Result</fieldName>
            <sourceType>RAWRESULT</sourceType>
            <filters/>
          </expression>
        </flowVariableAssignment>
      </assignments>
      <throttleSize>0</throttleSize>
    </step>
    <step id="5c53b48d-fe27-44ed-a09d-75492eddd014">
      <annotation>93d11783-54db-4d1e-b6f2-9e2acf3098a4.5c53b48d-fe27-44ed-a09d-75492eddd014.description</annotation>
      <name>Send Mail</name>
      <bounds>
        <x>187.0</x>
        <y>564.0</y>
      </bounds>
      <layer>-1</layer>
      <hideInbound>false</hideInbound>
      <addResultToRunContext>false</addResultToRunContext>
      <isCriticalStep>false</isCriticalStep>
      <isNonBlocking>false</isNonBlocking>
      <isParallelStep>false</isParallelStep>
      <isSingleResponse>false</isSingleResponse>
      <recordInHistory>false</recordInHistory>
      <recordRawOutput>true</recordRawOutput>
      <recordPrimaryOutput>true</recordPrimaryOutput>
      <checkPointStep>true</checkPointStep>
      <historyCheckPointStep>true</historyCheckPointStep>
      <scriptResultStep>false</scriptResultStep>
      <userPrompt></userPrompt>
      <bindings>
        <staticBinding id="72f7620b-76b4-43aa-aed1-c4cc7283129d">
          <annotation></annotation>
          <fromContextKey>env.ext.smtpserver</fromContextKey>
          <assignFromContext>false</assignFromContext>
          <assignToContext>false</assignToContext>
          <inputType>STRING</inputType>
          <isList>false</isList>
          <required>true</required>
          <isPersisted>true</isPersisted>
          <inputSymbol>hostname</inputSymbol>
          <listDelimiter>,</listDelimiter>
          <value>${pc.smtp.host}</value>
          <record>false</record>
        </staticBinding>
        <staticBinding id="1e8a93a5-d13b-45d8-980a-52342356638b">
          <annotation></annotation>
          <assignFromContext>false</assignFromContext>
          <assignToContext>false</assignToContext>
          <inputType>STRING</inputType>
          <isList>false</isList>
          <required>true</required>
          <isPersisted>true</isPersisted>
          <inputSymbol>port</inputSymbol>
          <listDelimiter>,</listDelimiter>
          <value>25</value>
          <record>false</record>
        </staticBinding>
        <staticBinding id="777bcf43-c07d-4cf3-8341-8c6cdc52e084">
          <annotation></annotation>
          <assignFromContext>false</assignFromContext>
          <assignToContext>false</assignToContext>
          <inputType>STRING</inputType>
          <isList>false</isList>
          <required>true</required>
          <isPersisted>true</isPersisted>
          <inputSymbol>from</inputSymbol>
          <listDelimiter>,</listDelimiter>
          <value>${pc.email.portal}</value>
          <record>false</record>
        </staticBinding>
        <staticBinding id="32bd6745-47d2-4813-a896-c34cc0c17096">
          <annotation></annotation>
          <toContextKey>vm.requester.email</toContextKey>
          <fromContextKey>vm.requester.email</fromContextKey>
          <assignFromContext>true</assignFromContext>
          <assignToContext>true</assignToContext>
          <inputType>STRING</inputType>
          <isList>false</isList>
          <required>true</required>
          <isPersisted>true</isPersisted>
          <inputSymbol>to</inputSymbol>
          <listDelimiter>,</listDelimiter>
          <value>${recipient}</value>
          <record>false</record>
        </staticBinding>
        <staticBinding id="4458ad69-5f91-4aac-a260-ba960b6e84db">
          <annotation></annotation>
          <assignFromContext>false</assignFromContext>
          <assignToContext>false</assignToContext>
          <inputType>STRING</inputType>
          <isList>false</isList>
          <required>true</required>
          <isPersisted>true</isPersisted>
          <inputSymbol>subject</inputSymbol>
          <listDelimiter>,</listDelimiter>
          <value>Your subscription in the PC portal.</value>
          <record>false</record>
        </staticBinding>
        <userInputBinding id="69913b77-749d-4f10-b11d-7b2989747176">
          <annotation></annotation>
          <toContextKey>htmlDocument</toContextKey>
          <fromContextKey>htmlDocument</fromContextKey>
          <assignFromContext>true</assignFromContext>
          <assignToContext>true</assignToContext>
          <inputType>STRING</inputType>
          <isList>false</isList>
          <required>true</required>
          <isPersisted>true</isPersisted>
          <inputSymbol>body</inputSymbol>
          <listDelimiter>,</listDelimiter>
          <record>false</record>
          <prompt>93d11783-54db-4d1e-b6f2-9e2acf3098a4.69913b77-749d-4f10-b11d-7b2989747176.prompt</prompt>
          <isMultiSelect>false</isMultiSelect>
          <sourceDelimiter>|</sourceDelimiter>
        </userInputBinding>
        <staticBinding id="a01db29f-e7bd-4696-ba02-c5de1d624d30">
          <annotation></annotation>
          <assignFromContext>true</assignFromContext>
          <assignToContext>true</assignToContext>
          <inputType>STRING</inputType>
          <isList>false</isList>
          <required>false</required>
          <isPersisted>true</isPersisted>
          <inputSymbol>htmlEmail</inputSymbol>
          <listDelimiter>,</listDelimiter>
          <value>true</value>
          <record>false</record>
        </staticBinding>
        <staticBinding id="ac66d117-8dc9-43e9-840f-51b93ca25bd6">
          <annotation></annotation>
          <assignFromContext>true</assignFromContext>
          <assignToContext>true</assignToContext>
          <inputType>STRING</inputType>
          <isList>false</isList>
          <required>false</required>
          <isPersisted>true</isPersisted>
          <inputSymbol>readReceipt</inputSymbol>
          <listDelimiter>,</listDelimiter>
          <value>false</value>
          <record>false</record>
        </staticBinding>
      </bindings>
      <transitions>
        <transition id="e9dd89a6-8573-4131-ab6a-55797bc2e488">
          <annotation></annotation>
          <name>success</name>
          <command>NEXT</command>
          <linkMode>false</linkMode>
          <responseSymbol>success</responseSymbol>
          <shouldHandoff>false</shouldHandoff>
          <transitionValue>0.0</transitionValue>
          <destination>
            <refId>87f7c27b-0f8e-4933-8f62-a576f63c2d3d</refId>
          </destination>
          <source>
            <refId>5c53b48d-fe27-44ed-a09d-75492eddd014</refId>
          </source>
          <positions>
            <point>
              <x>211.0</x>
              <y>540.0</y>
            </point>
            <point>
              <x>831.0</x>
              <y>540.0</y>
            </point>
          </positions>
          <labelPosition>
            <x>333.0</x>
            <y>0.0</y>
          </labelPosition>
        </transition>
        <transition id="7181d4fd-4b81-428f-92e6-65b79e3e17a1">
          <annotation></annotation>
          <name>failure</name>
          <command>NEXT</command>
          <linkMode>false</linkMode>
          <responseSymbol>failure</responseSymbol>
          <shouldHandoff>false</shouldHandoff>
          <transitionValue>0.0</transitionValue>
          <destination>
            <refId>783ca336-2449-4e67-aa75-85c174c3ef80</refId>
          </destination>
          <source>
            <refId>5c53b48d-fe27-44ed-a09d-75492eddd014</refId>
          </source>
          <positions>
            <point>
              <x>237.0</x>
              <y>611.0</y>
            </point>
            <point>
              <x>91.0</x>
              <y>598.0</y>
            </point>
          </positions>
          <labelPosition>
            <x>333.0</x>
            <y>0.0</y>
          </labelPosition>
        </transition>
      </transitions>
      <properties/>
      <opRef>
        <refId>14d6eacc-c41c-4e89-a139-63124c1376f4</refId>
      </opRef>
      <assignments/>
      <throttleSize>0</throttleSize>
    </step>
    <returnStep id="87f7c27b-0f8e-4933-8f62-a576f63c2d3d">
      <annotation></annotation>
      <name>Resolved : success</name>
      <bounds>
        <x>492.0</x>
        <y>564.0</y>
      </bounds>
      <layer>-1</layer>
      <hideInbound>false</hideInbound>
      <addResultToRunContext>false</addResultToRunContext>
      <isCriticalStep>false</isCriticalStep>
      <isNonBlocking>false</isNonBlocking>
      <isParallelStep>false</isParallelStep>
      <isSingleResponse>false</isSingleResponse>
      <recordInHistory>false</recordInHistory>
      <recordRawOutput>true</recordRawOutput>
      <recordPrimaryOutput>true</recordPrimaryOutput>
      <checkPointStep>true</checkPointStep>
      <historyCheckPointStep>true</historyCheckPointStep>
      <scriptResultStep>false</scriptResultStep>
      <userPrompt></userPrompt>
      <bindings/>
      <transitions>
        <transition id="436bec15-622e-4836-a409-aa7eda8b288f">
          <annotation></annotation>
          <name>return</name>
          <command>NEXT</command>
          <linkMode>false</linkMode>
          <responseSymbol>success</responseSymbol>
          <shouldHandoff>false</shouldHandoff>
          <transitionValue>0.0</transitionValue>
          <destination>
            <refId>87f7c27b-0f8e-4933-8f62-a576f63c2d3d</refId>
          </destination>
          <source>
            <refId>87f7c27b-0f8e-4933-8f62-a576f63c2d3d</refId>
          </source>
          <positions/>
        </transition>
      </transitions>
      <properties/>
      <returnStepType>RESOLVED</returnStepType>
      <assignments/>
    </returnStep>
    <step id="f5037b8f-4f37-4ff1-9bcc-7b7b8c3362ae">
      <annotation>93d11783-54db-4d1e-b6f2-9e2acf3098a4.f5037b8f-4f37-4ff1-9bcc-7b7b8c3362ae.description</annotation>
      <name>Do Nothing</name>
      <bounds>
        <x>344.0</x>
        <y>391.0</y>
      </bounds>
      <layer>-1</layer>
      <hideInbound>false</hideInbound>
      <addResultToRunContext>false</addResultToRunContext>
      <isCriticalStep>false</isCriticalStep>
      <isNonBlocking>false</isNonBlocking>
      <isParallelStep>false</isParallelStep>
      <isSingleResponse>false</isSingleResponse>
      <recordInHistory>false</recordInHistory>
      <recordRawOutput>true</recordRawOutput>
      <recordPrimaryOutput>true</recordPrimaryOutput>
      <checkPointStep>true</checkPointStep>
      <historyCheckPointStep>true</historyCheckPointStep>
      <scriptResultStep>false</scriptResultStep>
      <userPrompt></userPrompt>
      <bindings>
        <staticBinding id="bef7290e-07f8-4059-b836-f08c37d0da7b">
          <annotation></annotation>
          <assignFromContext>false</assignFromContext>
          <assignToContext>false</assignToContext>
          <inputType>STRING</inputType>
          <isList>false</isList>
          <required>false</required>
          <isPersisted>true</isPersisted>
          <inputSymbol>field1</inputSymbol>
          <listDelimiter>,</listDelimiter>
          <value>${htmlDocument}</value>
          <record>false</record>
        </staticBinding>
        <staticBinding id="d6bfdf33-c7db-4c7c-add4-4e5759b6fa2d">
          <annotation></annotation>
          <assignFromContext>true</assignFromContext>
          <assignToContext>true</assignToContext>
          <inputType>STRING</inputType>
          <isList>false</isList>
          <required>false</required>
          <isPersisted>true</isPersisted>
          <inputSymbol>field2</inputSymbol>
          <listDelimiter>,</listDelimiter>
          <value></value>
          <record>false</record>
        </staticBinding>
        <staticBinding id="904b88bc-d05a-49eb-8667-fcdb8d0a7cd1">
          <annotation></annotation>
          <assignFromContext>true</assignFromContext>
          <assignToContext>true</assignToContext>
          <inputType>STRING</inputType>
          <isList>false</isList>
          <required>false</required>
          <isPersisted>true</isPersisted>
          <inputSymbol>field3</inputSymbol>
          <listDelimiter>,</listDelimiter>
          <value></value>
          <record>false</record>
        </staticBinding>
        <staticBinding id="78eeb436-1f86-4735-94a3-8368b2a22471">
          <annotation></annotation>
          <assignFromContext>true</assignFromContext>
          <assignToContext>true</assignToContext>
          <inputType>STRING</inputType>
          <isList>false</isList>
          <required>false</required>
          <isPersisted>true</isPersisted>
          <inputSymbol>field4</inputSymbol>
          <listDelimiter>,</listDelimiter>
          <value></value>
          <record>false</record>
        </staticBinding>
        <staticBinding id="3b4e3a8a-0a8b-442c-8dd8-eea0cb7e59c1">
          <annotation></annotation>
          <toContextKey></toContextKey>
          <fromContextKey></fromContextKey>
          <assignFromContext>false</assignFromContext>
          <assignToContext>false</assignToContext>
          <inputType>STRING</inputType>
          <recordKey></recordKey>
          <isList>false</isList>
          <required>false</required>
          <isPersisted>true</isPersisted>
          <inputSymbol>Field_2</inputSymbol>
          <listDelimiter></listDelimiter>
          <value>${field2}</value>
          <record>false</record>
        </staticBinding>
        <staticBinding id="050eb17d-e136-4eff-948c-b5445aeb3087">
          <annotation></annotation>
          <toContextKey></toContextKey>
          <fromContextKey></fromContextKey>
          <assignFromContext>false</assignFromContext>
          <assignToContext>false</assignToContext>
          <inputType>STRING</inputType>
          <recordKey></recordKey>
          <isList>false</isList>
          <required>false</required>
          <isPersisted>true</isPersisted>
          <inputSymbol>Field_4</inputSymbol>
          <listDelimiter></listDelimiter>
          <value>${field4}</value>
          <record>false</record>
        </staticBinding>
        <staticBinding id="573069a8-3c2a-457c-a7cd-5a3666debad0">
          <annotation></annotation>
          <toContextKey></toContextKey>
          <fromContextKey></fromContextKey>
          <assignFromContext>false</assignFromContext>
          <assignToContext>false</assignToContext>
          <inputType>STRING</inputType>
          <recordKey></recordKey>
          <isList>false</isList>
          <required>false</required>
          <isPersisted>true</isPersisted>
          <inputSymbol>Field_3</inputSymbol>
          <listDelimiter></listDelimiter>
          <value>${field3}</value>
          <record>false</record>
        </staticBinding>
        <staticBinding id="ab15fb1f-c733-4690-81e9-c0083ec8a0f7">
          <annotation></annotation>
          <toContextKey></toContextKey>
          <fromContextKey></fromContextKey>
          <assignFromContext>false</assignFromContext>
          <assignToContext>false</assignToContext>
          <inputType>STRING</inputType>
          <recordKey></recordKey>
          <isList>false</isList>
          <required>false</required>
          <isPersisted>true</isPersisted>
          <inputSymbol>Field_1</inputSymbol>
          <listDelimiter></listDelimiter>
          <value>${field1}</value>
          <record>false</record>
        </staticBinding>
      </bindings>
      <transitions>
        <transition id="5d7600c2-a595-4adc-8908-99cfb9d6b1df">
          <annotation></annotation>
          <name>success</name>
          <command>NEXT</command>
          <linkMode>false</linkMode>
          <responseSymbol>success</responseSymbol>
          <shouldHandoff>false</shouldHandoff>
          <transitionValue>0.0</transitionValue>
          <destination>
            <refId>41038651-fa38-40cd-a885-184f30f02913</refId>
          </destination>
          <source>
            <refId>f5037b8f-4f37-4ff1-9bcc-7b7b8c3362ae</refId>
          </source>
          <positions>
            <point>
              <x>394.0</x>
              <y>425.0</y>
            </point>
            <point>
              <x>334.32331325943267</x>
              <y>450.7622409675128</y>
            </point>
            <point>
              <x>297.31357774100024</x>
              <y>451.2337025664737</y>
            </point>
            <point>
              <x>237.0</x>
              <y>427.0</y>
            </point>
          </positions>
          <labelPosition>
            <x>333.0</x>
            <y>0.0</y>
          </labelPosition>
        </transition>
      </transitions>
      <properties/>
      <opRef>
        <refId>ddd79f22-8b1e-4605-88d5-d912bb2da2b9</refId>
      </opRef>
      <assignments>
        <flowVariableAssignment id="81a5f5d4-082b-4546-bae0-314edda50c31">
          <annotation></annotation>
          <name>assignment</name>
          <action>OVERWRITE</action>
          <assignmentTargetType>FLOW_VARIABLE</assignmentTargetType>
          <contextKey>htmlDocument</contextKey>
          <expression id="8bcbfacc-35dd-4552-aca1-05a8eaf8f811">
            <annotation></annotation>
            <name>Result Field: Field_1</name>
            <fieldName>Field_1</fieldName>
            <sourceType>RAWRESULT</sourceType>
            <filters>
              <replaceAllFilter id="9c1c201f-35b2-46fa-abf0-713d179a38e0">
                <annotation></annotation>
                <name>Replace</name>
                <ignoreCase>false</ignoreCase>
                <searchString>[[${key}]]</searchString>
                <replaceString>${value}</replaceString>
                <replaceType>ALL</replaceType>
              </replaceAllFilter>
            </filters>
          </expression>
        </flowVariableAssignment>
      </assignments>
      <throttleSize>0</throttleSize>
    </step>
    <returnStep id="e38084ae-ce76-46ae-bb0d-4fb001f143cb">
      <annotation></annotation>
      <name>Error : failure</name>
      <bounds>
        <x>492.0</x>
        <y>98.0</y>
      </bounds>
      <layer>-1</layer>
      <hideInbound>false</hideInbound>
      <addResultToRunContext>false</addResultToRunContext>
      <isCriticalStep>false</isCriticalStep>
      <isNonBlocking>false</isNonBlocking>
      <isParallelStep>false</isParallelStep>
      <isSingleResponse>false</isSingleResponse>
      <recordInHistory>false</recordInHistory>
      <recordRawOutput>true</recordRawOutput>
      <recordPrimaryOutput>true</recordPrimaryOutput>
      <checkPointStep>true</checkPointStep>
      <historyCheckPointStep>true</historyCheckPointStep>
      <scriptResultStep>false</scriptResultStep>
      <userPrompt></userPrompt>
      <bindings/>
      <transitions>
        <transition id="ee6bc391-9813-464b-bb95-bb0e4e76af81">
          <annotation></annotation>
          <name>return</name>
          <command>NEXT</command>
          <linkMode>false</linkMode>
          <responseSymbol>failure</responseSymbol>
          <shouldHandoff>false</shouldHandoff>
          <transitionValue>0.0</transitionValue>
          <destination>
            <refId>e38084ae-ce76-46ae-bb0d-4fb001f143cb</refId>
          </destination>
          <source>
            <refId>e38084ae-ce76-46ae-bb0d-4fb001f143cb</refId>
          </source>
          <positions/>
        </transition>
      </transitions>
      <properties/>
      <returnStepType>ERROR</returnStepType>
      <assignments/>
    </returnStep>
  </steps>
  <startSteps>c0ded2af-9b82-4b4c-839c-880d6748fd5e</startSteps>
</flow>