<?xml version="1.0" encoding="UTF-8"?>
<flow id="40135b59-9cca-4b5b-9697-3ece032ba4d0">
  <annotation></annotation>
  <name>DB_UpdateClientSuppliedAdmin</name>
  <categories/>
  <inputs>
    <userInputBinding id="c273ba8b-ae14-4a76-97eb-c044d220ba0b">
      <annotation></annotation>
      <assignFromContext>true</assignFromContext>
      <assignToContext>true</assignToContext>
      <inputType>STRING</inputType>
      <isList>false</isList>
      <required>false</required>
      <isPersisted>true</isPersisted>
      <inputSymbol>db.updateserver.pw</inputSymbol>
      <listDelimiter>,</listDelimiter>
      <record>false</record>
      <prompt></prompt>
      <isMultiSelect>false</isMultiSelect>
      <sourceDelimiter>|</sourceDelimiter>
    </userInputBinding>
    <userInputBinding id="0ae804d0-ce6d-48e2-b0dc-e24133ee693a">
      <annotation></annotation>
      <assignFromContext>true</assignFromContext>
      <assignToContext>true</assignToContext>
      <inputType>STRING</inputType>
      <isList>false</isList>
      <required>false</required>
      <isPersisted>true</isPersisted>
      <inputSymbol>db.updateserver.user</inputSymbol>
      <listDelimiter>,</listDelimiter>
      <record>false</record>
      <prompt></prompt>
      <isMultiSelect>false</isMultiSelect>
      <sourceDelimiter>|</sourceDelimiter>
    </userInputBinding>
    <userInputBinding id="364a15ad-621d-4633-b4ae-7259eaa319c8">
      <annotation></annotation>
      <assignFromContext>true</assignFromContext>
      <assignToContext>true</assignToContext>
      <inputType>STRING</inputType>
      <isList>false</isList>
      <required>false</required>
      <isPersisted>true</isPersisted>
      <inputSymbol>db.updateserver.hostname</inputSymbol>
      <listDelimiter>,</listDelimiter>
      <record>false</record>
      <prompt></prompt>
      <isMultiSelect>false</isMultiSelect>
      <sourceDelimiter>|</sourceDelimiter>
    </userInputBinding>
  </inputs>
  <scriptlet id="068779c2-8d4c-47a7-b4dd-e45f26545028">
    <annotation></annotation>
    <name>Operation DB_UpdateClientSuppliedAdmin (40135b59-9cca-4b5b-9697-3ece032ba4d0)</name>
    <type>RHINO</type>
  </scriptlet>
  <possibleResponses>
    <opResponse id="b1fa496b-ac9b-4c30-97bb-9b43748ed19e">
      <annotation></annotation>
      <name>success</name>
      <isDefault>true</isDefault>
      <onFailure>false</onFailure>
      <type>RESOLVED</type>
      <matchRules/>
    </opResponse>
    <opResponse id="57589330-d2f4-4ea4-9941-bb125d3c829f">
      <annotation></annotation>
      <name>failure</name>
      <isDefault>false</isDefault>
      <onFailure>true</onFailure>
      <type>ERROR</type>
      <matchRules/>
    </opResponse>
  </possibleResponses>
  <availableResultExpressions/>
  <resultExpression id="d20441a6-bcc6-4e26-bfe9-37b611029eec">
    <annotation></annotation>
    <name>FailureMessage</name>
    <fieldName>FailureMessage</fieldName>
    <sourceType>RAWRESULT</sourceType>
    <filters/>
  </resultExpression>
  <iconSpec id="c1914a36-1f5e-419e-8863-8a58d764aba2">
    <baseIcon>flow.png</baseIcon>
    <basePath>System</basePath>
    <readOnly>false</readOnly>
    <layers/>
  </iconSpec>
  <callouts/>
  <checkPointFlow>true</checkPointFlow>
  <compatibleRuntimeContext>false</compatibleRuntimeContext>
  <historyCheckPointFlow>true</historyCheckPointFlow>
  <steps>
    <step id="15431c60-32e0-4aac-a3a8-c8ceee4557f8">
      <annotation>40135b59-9cca-4b5b-9697-3ece032ba4d0.15431c60-32e0-4aac-a3a8-c8ceee4557f8.description</annotation>
      <name>TNS Names SQL Command</name>
      <bounds>
        <x>333.0</x>
        <y>207.0</y>
      </bounds>
      <layer>-1</layer>
      <hideInbound>false</hideInbound>
      <addResultToRunContext>false</addResultToRunContext>
      <isCriticalStep>false</isCriticalStep>
      <isNonBlocking>false</isNonBlocking>
      <isParallelStep>false</isParallelStep>
      <isSingleResponse>false</isSingleResponse>
      <recordInHistory>false</recordInHistory>
      <recordRawOutput>true</recordRawOutput>
      <recordPrimaryOutput>true</recordPrimaryOutput>
      <checkPointStep>true</checkPointStep>
      <historyCheckPointStep>true</historyCheckPointStep>
      <scriptResultStep>false</scriptResultStep>
      <userPrompt></userPrompt>
      <bindings>
        <staticBinding id="28723cd4-f4c9-4e7b-8668-317449cc99ff">
          <annotation></annotation>
          <toContextKey></toContextKey>
          <fromContextKey></fromContextKey>
          <assignFromContext>false</assignFromContext>
          <assignToContext>false</assignToContext>
          <inputType>STRING</inputType>
          <isList>false</isList>
          <required>true</required>
          <isPersisted>true</isPersisted>
          <inputSymbol>TNSPath</inputSymbol>
          <listDelimiter>,</listDelimiter>
          <value>${pc.infradb.tns.path}</value>
          <record>false</record>
        </staticBinding>
        <staticBinding id="2e2d7d9b-1eed-4765-863e-9a759eeb8d81">
          <annotation></annotation>
          <toContextKey></toContextKey>
          <fromContextKey></fromContextKey>
          <assignFromContext>false</assignFromContext>
          <assignToContext>false</assignToContext>
          <inputType>STRING</inputType>
          <isList>false</isList>
          <required>true</required>
          <isPersisted>true</isPersisted>
          <inputSymbol>TNSEntry</inputSymbol>
          <listDelimiter>,</listDelimiter>
          <value>${pc.infradb.tns.entry}</value>
          <record>false</record>
        </staticBinding>
        <identityBinding id="53fda84e-572b-4aa4-bd54-ea30b829576e">
          <annotation></annotation>
          <toContextKey></toContextKey>
          <fromContextKey></fromContextKey>
          <assignFromContext>false</assignFromContext>
          <assignToContext>false</assignToContext>
          <inputType>ENCRYPTED</inputType>
          <isList>false</isList>
          <required>true</required>
          <isPersisted>true</isPersisted>
          <inputSymbol>Username</inputSymbol>
          <listDelimiter>,</listDelimiter>
          <record>false</record>
          <link>
            <refId>881ee06f-89ad-4af6-a00d-06654eadccaa</refId>
            <refName>pc.infradb</refName>
          </link>
          <identityAttribute>USERNAME</identityAttribute>
        </identityBinding>
        <identityBinding id="ad703b27-7f3c-4f81-93be-4cc705ee98fa">
          <annotation></annotation>
          <toContextKey></toContextKey>
          <fromContextKey></fromContextKey>
          <assignFromContext>false</assignFromContext>
          <assignToContext>false</assignToContext>
          <inputType>ENCRYPTED</inputType>
          <isList>false</isList>
          <required>true</required>
          <isPersisted>true</isPersisted>
          <inputSymbol>Password</inputSymbol>
          <listDelimiter>,</listDelimiter>
          <record>false</record>
          <link>
            <refId>881ee06f-89ad-4af6-a00d-06654eadccaa</refId>
            <refName>pc.infradb</refName>
          </link>
          <identityAttribute>PASSWORD</identityAttribute>
        </identityBinding>
        <staticBinding id="18c77bdf-1091-46b8-9d42-f4aa69974a02">
          <annotation></annotation>
          <toContextKey></toContextKey>
          <fromContextKey></fromContextKey>
          <assignFromContext>false</assignFromContext>
          <assignToContext>false</assignToContext>
          <inputType>STRING</inputType>
          <isList>false</isList>
          <required>true</required>
          <isPersisted>true</isPersisted>
          <inputSymbol>Command</inputSymbol>
          <listDelimiter>,</listDelimiter>
          <value>UPDATE SERVER SET CLIENTSUPPLIED=&apos;${db.updateserver.user}&apos;, CLIENTSUPPLIEDPW=&apos;${db.updateserver.pw}&apos; WHERE HOSTNAME = &apos;${db.updateserver.hostname}&apos;
</value>
          <record>false</record>
        </staticBinding>
      </bindings>
      <transitions>
        <transition id="5dd5bf25-0d4b-408d-afb8-22deb1403ca6">
          <annotation></annotation>
          <name>failure</name>
          <command>NEXT</command>
          <linkMode>false</linkMode>
          <responseSymbol>failure</responseSymbol>
          <shouldHandoff>false</shouldHandoff>
          <transitionValue>0.0</transitionValue>
          <destination>
            <refId>079fe3ad-f5de-4707-9656-5d5bf1f1224c</refId>
          </destination>
          <source>
            <refId>15431c60-32e0-4aac-a3a8-c8ceee4557f8</refId>
          </source>
          <positions>
            <point>
              <x>383.0</x>
              <y>235.0</y>
            </point>
            <point>
              <x>192.0</x>
              <y>241.0</y>
            </point>
          </positions>
          <labelPosition>
            <x>333.0</x>
            <y>0.0</y>
          </labelPosition>
        </transition>
        <transition id="3d2993b2-ec45-4aa2-ab83-31b2f2c41436">
          <annotation></annotation>
          <name>more items</name>
          <command>NEXT</command>
          <linkMode>false</linkMode>
          <responseSymbol>more items</responseSymbol>
          <shouldHandoff>false</shouldHandoff>
          <transitionValue>0.0</transitionValue>
          <destination>
            <refId>65c1d5ff-1e50-4541-9192-6f613966861d</refId>
          </destination>
          <source>
            <refId>15431c60-32e0-4aac-a3a8-c8ceee4557f8</refId>
          </source>
          <positions>
            <point>
              <x>383.0</x>
              <y>235.0</y>
            </point>
            <point>
              <x>570.0</x>
              <y>237.0</y>
            </point>
          </positions>
          <labelPosition>
            <x>333.0</x>
            <y>0.0</y>
          </labelPosition>
        </transition>
      </transitions>
      <properties/>
      <opRef>
        <refId>c081c558-b08f-48e0-b994-24d1a6674002</refId>
      </opRef>
      <assignments>
        <flowVariableAssignment id="8b22c9de-7045-4ba2-b5be-d29b113b8ddc">
          <annotation></annotation>
          <name>assignment</name>
          <action>OVERWRITE</action>
          <assignmentTargetType>FLOW_OUTPUT_FIELD</assignmentTargetType>
          <contextKey>db.gethostname.hostname</contextKey>
          <expression id="c4e2ca13-1746-4d6d-8a43-a57d6fea93ee">
            <annotation></annotation>
            <name>Result Field: outputText</name>
            <fieldName>outputText</fieldName>
            <sourceType>RAWRESULT</sourceType>
            <filters/>
          </expression>
        </flowVariableAssignment>
      </assignments>
      <throttleSize>0</throttleSize>
    </step>
    <returnStep id="65c1d5ff-1e50-4541-9192-6f613966861d">
      <annotation></annotation>
      <name>Resolved : success</name>
      <bounds>
        <x>520.0</x>
        <y>207.0</y>
      </bounds>
      <layer>-1</layer>
      <hideInbound>false</hideInbound>
      <addResultToRunContext>false</addResultToRunContext>
      <isCriticalStep>false</isCriticalStep>
      <isNonBlocking>false</isNonBlocking>
      <isParallelStep>false</isParallelStep>
      <isSingleResponse>false</isSingleResponse>
      <recordInHistory>false</recordInHistory>
      <recordRawOutput>true</recordRawOutput>
      <recordPrimaryOutput>true</recordPrimaryOutput>
      <checkPointStep>true</checkPointStep>
      <historyCheckPointStep>true</historyCheckPointStep>
      <scriptResultStep>false</scriptResultStep>
      <userPrompt></userPrompt>
      <bindings/>
      <transitions>
        <transition id="db43d7d4-e146-4b3f-a79e-0a177fb8fda7">
          <annotation></annotation>
          <name>return</name>
          <command>NEXT</command>
          <linkMode>false</linkMode>
          <responseSymbol>success</responseSymbol>
          <shouldHandoff>false</shouldHandoff>
          <transitionValue>0.0</transitionValue>
          <destination>
            <refId>65c1d5ff-1e50-4541-9192-6f613966861d</refId>
          </destination>
          <source>
            <refId>65c1d5ff-1e50-4541-9192-6f613966861d</refId>
          </source>
          <positions/>
        </transition>
      </transitions>
      <properties/>
      <returnStepType>RESOLVED</returnStepType>
      <assignments/>
    </returnStep>
    <returnStep id="079fe3ad-f5de-4707-9656-5d5bf1f1224c">
      <annotation></annotation>
      <name>Error : failure</name>
      <bounds>
        <x>332.0</x>
        <y>373.0</y>
      </bounds>
      <layer>-1</layer>
      <hideInbound>false</hideInbound>
      <addResultToRunContext>false</addResultToRunContext>
      <isCriticalStep>false</isCriticalStep>
      <isNonBlocking>false</isNonBlocking>
      <isParallelStep>false</isParallelStep>
      <isSingleResponse>false</isSingleResponse>
      <recordInHistory>false</recordInHistory>
      <recordRawOutput>true</recordRawOutput>
      <recordPrimaryOutput>true</recordPrimaryOutput>
      <checkPointStep>true</checkPointStep>
      <historyCheckPointStep>true</historyCheckPointStep>
      <scriptResultStep>false</scriptResultStep>
      <userPrompt></userPrompt>
      <bindings/>
      <transitions>
        <transition id="928d3611-335e-4af1-a9ce-f56cc0bed148">
          <annotation></annotation>
          <name>return</name>
          <command>NEXT</command>
          <linkMode>false</linkMode>
          <responseSymbol>failure</responseSymbol>
          <shouldHandoff>false</shouldHandoff>
          <transitionValue>0.0</transitionValue>
          <destination>
            <refId>079fe3ad-f5de-4707-9656-5d5bf1f1224c</refId>
          </destination>
          <source>
            <refId>079fe3ad-f5de-4707-9656-5d5bf1f1224c</refId>
          </source>
          <positions/>
        </transition>
      </transitions>
      <properties/>
      <returnStepType>ERROR</returnStepType>
      <assignments/>
    </returnStep>
  </steps>
  <startSteps>15431c60-32e0-4aac-a3a8-c8ceee4557f8</startSteps>
</flow>