<?xml version="1.0" encoding="UTF-8"?>
<flow id="98ae14b7-ff3d-4c76-a8f2-03676af59fe6">
  <annotation>98ae14b7-ff3d-4c76-a8f2-03676af59fe6.description</annotation>
  <name>Contains</name>
  <categories/>
  <inputs>
    <userInputBinding id="e655c91b-bd34-40c0-88ae-b1404e7946a7">
      <annotation></annotation>
      <assignFromContext>true</assignFromContext>
      <assignToContext>true</assignToContext>
      <inputType>STRING</inputType>
      <isList>false</isList>
      <required>true</required>
      <isPersisted>true</isPersisted>
      <inputSymbol>container</inputSymbol>
      <listDelimiter>,</listDelimiter>
      <record>false</record>
      <prompt></prompt>
      <isMultiSelect>false</isMultiSelect>
      <sourceDelimiter>|</sourceDelimiter>
    </userInputBinding>
    <userInputBinding id="13f802b4-375a-4f82-858a-2a3f33935a0d">
      <annotation></annotation>
      <assignFromContext>true</assignFromContext>
      <assignToContext>true</assignToContext>
      <inputType>STRING</inputType>
      <isList>false</isList>
      <required>true</required>
      <isPersisted>true</isPersisted>
      <inputSymbol>toFind</inputSymbol>
      <listDelimiter>,</listDelimiter>
      <record>false</record>
      <prompt></prompt>
      <isMultiSelect>false</isMultiSelect>
      <sourceDelimiter>|</sourceDelimiter>
    </userInputBinding>
    <staticBinding id="14fbb5cb-b0db-4fcc-92d2-6cbc394c566b">
      <annotation></annotation>
      <assignFromContext>true</assignFromContext>
      <assignToContext>true</assignToContext>
      <inputType>STRING</inputType>
      <isList>false</isList>
      <required>false</required>
      <isPersisted>true</isPersisted>
      <inputSymbol>ignoreCase</inputSymbol>
      <listDelimiter>,</listDelimiter>
      <value>False</value>
      <record>false</record>
    </staticBinding>
  </inputs>
  <scriptlet id="89457ff2-0a79-42d9-bcfc-2d4cb4bca0ad">
    <annotation></annotation>
    <name>Operation Contains (98ae14b7-ff3d-4c76-a8f2-03676af59fe6)</name>
    <type>RHINO</type>
  </scriptlet>
  <possibleResponses>
    <opResponse id="cc89303a-41a3-46e5-9dfd-1f4c3e22bf49">
      <annotation></annotation>
      <name>failure</name>
      <isDefault>false</isDefault>
      <onFailure>true</onFailure>
      <type>ERROR</type>
      <matchRules/>
    </opResponse>
    <opResponse id="adf23059-c0db-4495-89bc-c626634cc9bc">
      <annotation></annotation>
      <name>success</name>
      <isDefault>true</isDefault>
      <onFailure>false</onFailure>
      <type>RESOLVED</type>
      <matchRules/>
    </opResponse>
  </possibleResponses>
  <availableResultExpressions/>
  <resultExpression id="d7054983-068a-4f0a-9d2e-c4ef1eed685d">
    <annotation></annotation>
    <name>FailureMessage</name>
    <fieldName>FailureMessage</fieldName>
    <sourceType>RAWRESULT</sourceType>
    <filters/>
  </resultExpression>
  <iconSpec id="5bea8578-fb0d-42d6-88a9-6d54a5f82f0a">
    <baseIcon>flow.png</baseIcon>
    <basePath>System</basePath>
    <readOnly>false</readOnly>
    <layers/>
  </iconSpec>
  <callouts/>
  <checkPointFlow>true</checkPointFlow>
  <compatibleRuntimeContext>false</compatibleRuntimeContext>
  <historyCheckPointFlow>true</historyCheckPointFlow>
  <steps>
    <step id="68ff6f05-dcc2-41f4-8d0c-395162d58401">
      <annotation>98ae14b7-ff3d-4c76-a8f2-03676af59fe6.68ff6f05-dcc2-41f4-8d0c-395162d58401.description</annotation>
      <name>String Occurrence Counter</name>
      <bounds>
        <x>69.0</x>
        <y>77.0</y>
      </bounds>
      <layer>-1</layer>
      <hideInbound>false</hideInbound>
      <addResultToRunContext>false</addResultToRunContext>
      <isCriticalStep>false</isCriticalStep>
      <isNonBlocking>false</isNonBlocking>
      <isParallelStep>false</isParallelStep>
      <isSingleResponse>false</isSingleResponse>
      <recordInHistory>false</recordInHistory>
      <recordRawOutput>true</recordRawOutput>
      <recordPrimaryOutput>true</recordPrimaryOutput>
      <checkPointStep>true</checkPointStep>
      <historyCheckPointStep>true</historyCheckPointStep>
      <scriptResultStep>false</scriptResultStep>
      <userPrompt></userPrompt>
      <bindings>
        <userInputBinding id="2090c206-7538-411f-90b9-fda4a14dab9b">
          <annotation></annotation>
          <assignFromContext>true</assignFromContext>
          <assignToContext>true</assignToContext>
          <inputType>STRING</inputType>
          <isList>false</isList>
          <required>true</required>
          <isPersisted>true</isPersisted>
          <inputSymbol>container</inputSymbol>
          <listDelimiter>,</listDelimiter>
          <record>false</record>
          <prompt>98ae14b7-ff3d-4c76-a8f2-03676af59fe6.2090c206-7538-411f-90b9-fda4a14dab9b.prompt</prompt>
          <isMultiSelect>false</isMultiSelect>
          <sourceDelimiter>|</sourceDelimiter>
        </userInputBinding>
        <userInputBinding id="d41f2a9f-900b-4b42-b199-da8e65087932">
          <annotation></annotation>
          <assignFromContext>true</assignFromContext>
          <assignToContext>true</assignToContext>
          <inputType>STRING</inputType>
          <isList>false</isList>
          <required>true</required>
          <isPersisted>true</isPersisted>
          <inputSymbol>toFind</inputSymbol>
          <listDelimiter>,</listDelimiter>
          <record>false</record>
          <prompt>98ae14b7-ff3d-4c76-a8f2-03676af59fe6.d41f2a9f-900b-4b42-b199-da8e65087932.prompt</prompt>
          <isMultiSelect>false</isMultiSelect>
          <sourceDelimiter>|</sourceDelimiter>
        </userInputBinding>
        <userInputBinding id="c67edd47-68ab-4bfd-b553-9a7af1eed248">
          <annotation></annotation>
          <assignFromContext>true</assignFromContext>
          <assignToContext>true</assignToContext>
          <inputType>STRING</inputType>
          <isList>false</isList>
          <required>true</required>
          <isPersisted>true</isPersisted>
          <inputSymbol>ignoreCase</inputSymbol>
          <listDelimiter>,</listDelimiter>
          <record>false</record>
          <prompt></prompt>
          <isMultiSelect>false</isMultiSelect>
          <sourceDelimiter>|</sourceDelimiter>
        </userInputBinding>
      </bindings>
      <transitions>
        <transition id="527b5f53-ee10-4bd6-a81b-d55b2746a208">
          <annotation></annotation>
          <name>success</name>
          <command>NEXT</command>
          <linkMode>false</linkMode>
          <responseSymbol>success</responseSymbol>
          <shouldHandoff>false</shouldHandoff>
          <transitionValue>0.0</transitionValue>
          <destination>
            <refId>ae6eea06-8133-4d5f-a214-d8b5aee196b3</refId>
          </destination>
          <source>
            <refId>68ff6f05-dcc2-41f4-8d0c-395162d58401</refId>
          </source>
          <positions>
            <point>
              <x>119.0</x>
              <y>111.0</y>
            </point>
            <point>
              <x>306.0</x>
              <y>115.0</y>
            </point>
          </positions>
          <labelPosition>
            <x>333.0</x>
            <y>0.0</y>
          </labelPosition>
        </transition>
        <transition id="fa523525-5960-4128-be4e-62ffb95a2685">
          <annotation></annotation>
          <name>failure</name>
          <command>NEXT</command>
          <linkMode>false</linkMode>
          <responseSymbol>failure</responseSymbol>
          <shouldHandoff>false</shouldHandoff>
          <transitionValue>0.0</transitionValue>
          <destination>
            <refId>fba48ada-f2d2-44c9-b58a-5d315b8f7f99</refId>
          </destination>
          <source>
            <refId>68ff6f05-dcc2-41f4-8d0c-395162d58401</refId>
          </source>
          <positions>
            <point>
              <x>119.0</x>
              <y>111.0</y>
            </point>
            <point>
              <x>117.0</x>
              <y>245.0</y>
            </point>
          </positions>
          <labelPosition>
            <x>333.0</x>
            <y>0.0</y>
          </labelPosition>
        </transition>
      </transitions>
      <properties/>
      <opRef>
        <refId>48143411-bb62-4207-a3e0-838ec9f1d7c6</refId>
      </opRef>
      <assignments>
        <flowVariableAssignment id="f754d29d-36b8-4d22-874c-a6da1510895c">
          <annotation></annotation>
          <name>assignment</name>
          <action>OVERWRITE</action>
          <assignmentTargetType>FLOW_VARIABLE</assignmentTargetType>
          <contextKey>count</contextKey>
          <expression id="0893ab9c-664f-466f-a84b-1f50d5b4f987">
            <annotation></annotation>
            <name>Result Field: returnResult</name>
            <fieldName>returnResult</fieldName>
            <sourceType>RAWRESULT</sourceType>
            <filters/>
          </expression>
        </flowVariableAssignment>
      </assignments>
      <throttleSize>0</throttleSize>
    </step>
    <returnStep id="fba48ada-f2d2-44c9-b58a-5d315b8f7f99">
      <annotation></annotation>
      <name>Error : failure</name>
      <bounds>
        <x>68.0</x>
        <y>234.0</y>
      </bounds>
      <layer>-1</layer>
      <hideInbound>false</hideInbound>
      <addResultToRunContext>false</addResultToRunContext>
      <isCriticalStep>false</isCriticalStep>
      <isNonBlocking>false</isNonBlocking>
      <isParallelStep>false</isParallelStep>
      <isSingleResponse>false</isSingleResponse>
      <recordInHistory>false</recordInHistory>
      <recordRawOutput>true</recordRawOutput>
      <recordPrimaryOutput>true</recordPrimaryOutput>
      <checkPointStep>true</checkPointStep>
      <historyCheckPointStep>true</historyCheckPointStep>
      <scriptResultStep>false</scriptResultStep>
      <userPrompt></userPrompt>
      <bindings/>
      <transitions>
        <transition id="6c0036c7-f782-49d0-bd75-a95413b76223">
          <annotation></annotation>
          <name>return</name>
          <command>NEXT</command>
          <linkMode>false</linkMode>
          <responseSymbol>failure</responseSymbol>
          <shouldHandoff>false</shouldHandoff>
          <transitionValue>0.0</transitionValue>
          <destination>
            <refId>fba48ada-f2d2-44c9-b58a-5d315b8f7f99</refId>
          </destination>
          <source>
            <refId>fba48ada-f2d2-44c9-b58a-5d315b8f7f99</refId>
          </source>
          <positions/>
        </transition>
      </transitions>
      <properties/>
      <returnStepType>ERROR</returnStepType>
      <assignments/>
    </returnStep>
    <step id="ae6eea06-8133-4d5f-a214-d8b5aee196b3">
      <annotation>98ae14b7-ff3d-4c76-a8f2-03676af59fe6.ae6eea06-8133-4d5f-a214-d8b5aee196b3.description</annotation>
      <name>Evaluate Expression</name>
      <bounds>
        <x>256.0</x>
        <y>81.0</y>
      </bounds>
      <layer>-1</layer>
      <hideInbound>false</hideInbound>
      <addResultToRunContext>false</addResultToRunContext>
      <isCriticalStep>false</isCriticalStep>
      <isNonBlocking>false</isNonBlocking>
      <isParallelStep>false</isParallelStep>
      <isSingleResponse>false</isSingleResponse>
      <recordInHistory>false</recordInHistory>
      <recordRawOutput>true</recordRawOutput>
      <recordPrimaryOutput>true</recordPrimaryOutput>
      <checkPointStep>true</checkPointStep>
      <historyCheckPointStep>true</historyCheckPointStep>
      <scriptResultStep>false</scriptResultStep>
      <userPrompt></userPrompt>
      <bindings>
        <userInputBinding id="defa9fd8-f4b6-418f-bd9a-fdb68030f5a4">
          <annotation></annotation>
          <fromContextKey>count</fromContextKey>
          <assignFromContext>true</assignFromContext>
          <assignToContext>true</assignToContext>
          <inputType>STRING</inputType>
          <isList>false</isList>
          <required>true</required>
          <isPersisted>true</isPersisted>
          <inputSymbol>value1</inputSymbol>
          <listDelimiter>,</listDelimiter>
          <record>false</record>
          <prompt>98ae14b7-ff3d-4c76-a8f2-03676af59fe6.defa9fd8-f4b6-418f-bd9a-fdb68030f5a4.prompt</prompt>
          <isMultiSelect>false</isMultiSelect>
          <sourceDelimiter>|</sourceDelimiter>
        </userInputBinding>
        <staticBinding id="49c0ca54-a1ed-46c7-8e97-7e3d229a2d1a">
          <annotation></annotation>
          <assignFromContext>true</assignFromContext>
          <assignToContext>true</assignToContext>
          <inputType>STRING</inputType>
          <isList>false</isList>
          <required>true</required>
          <isPersisted>true</isPersisted>
          <inputSymbol>value2</inputSymbol>
          <listDelimiter>,</listDelimiter>
          <value>0</value>
          <record>false</record>
        </staticBinding>
        <staticBinding id="f50b1a6b-1b24-4d34-889b-3962c9dbf52a">
          <annotation></annotation>
          <assignFromContext>true</assignFromContext>
          <assignToContext>true</assignToContext>
          <inputType>STRING</inputType>
          <isList>false</isList>
          <required>true</required>
          <isPersisted>true</isPersisted>
          <inputSymbol>operator</inputSymbol>
          <listDelimiter>,</listDelimiter>
          <value>&gt;</value>
          <record>false</record>
        </staticBinding>
        <staticBinding id="3b0a3e82-43d6-460a-b450-998b4733c290">
          <annotation></annotation>
          <toContextKey></toContextKey>
          <fromContextKey></fromContextKey>
          <assignFromContext>false</assignFromContext>
          <assignToContext>false</assignToContext>
          <inputType>STRING</inputType>
          <recordKey></recordKey>
          <isList>false</isList>
          <required>false</required>
          <isPersisted>true</isPersisted>
          <inputSymbol>operation</inputSymbol>
          <listDelimiter></listDelimiter>
          <value>${operator}</value>
          <record>false</record>
        </staticBinding>
      </bindings>
      <transitions>
        <transition id="b2dd9e69-25bf-4896-b4fd-f4c4fee566e9">
          <annotation></annotation>
          <name>failure</name>
          <command>NEXT</command>
          <linkMode>false</linkMode>
          <responseSymbol>failure</responseSymbol>
          <shouldHandoff>false</shouldHandoff>
          <transitionValue>0.0</transitionValue>
          <destination>
            <refId>fba48ada-f2d2-44c9-b58a-5d315b8f7f99</refId>
          </destination>
          <source>
            <refId>ae6eea06-8133-4d5f-a214-d8b5aee196b3</refId>
          </source>
          <positions>
            <point>
              <x>306.0</x>
              <y>115.0</y>
            </point>
            <point>
              <x>118.0</x>
              <y>268.0</y>
            </point>
          </positions>
          <labelPosition>
            <x>333.0</x>
            <y>0.0</y>
          </labelPosition>
        </transition>
        <transition id="074a57e0-082a-4530-8430-cf3384287df9">
          <annotation></annotation>
          <name>success</name>
          <command>NEXT</command>
          <linkMode>false</linkMode>
          <responseSymbol>success</responseSymbol>
          <shouldHandoff>false</shouldHandoff>
          <transitionValue>0.0</transitionValue>
          <destination>
            <refId>e04fe16d-8033-478c-b2f6-07ba963b0e16</refId>
          </destination>
          <source>
            <refId>ae6eea06-8133-4d5f-a214-d8b5aee196b3</refId>
          </source>
          <positions>
            <point>
              <x>306.0</x>
              <y>115.0</y>
            </point>
            <point>
              <x>301.0</x>
              <y>255.0</y>
            </point>
          </positions>
          <labelPosition>
            <x>333.0</x>
            <y>0.0</y>
          </labelPosition>
        </transition>
      </transitions>
      <properties/>
      <opRef>
        <refId>f61afe20-3c09-490b-8ff7-8540bedc5001</refId>
      </opRef>
      <assignments>
        <flowVariableAssignment id="b7901150-b57a-40cc-b20a-03ad02a483c3">
          <annotation></annotation>
          <name>assignment</name>
          <action>OVERWRITE</action>
          <assignmentTargetType>FLOW_OUTPUT_FIELD</assignmentTargetType>
          <contextKey>contains</contextKey>
          <expression id="ea3f06f9-110b-40a6-8f12-2c18d0d001a5">
            <annotation></annotation>
            <name>Result Field: formatted_result</name>
            <fieldName>formatted_result</fieldName>
            <sourceType>RAWRESULT</sourceType>
            <filters/>
          </expression>
        </flowVariableAssignment>
      </assignments>
      <throttleSize>0</throttleSize>
    </step>
    <returnStep id="e04fe16d-8033-478c-b2f6-07ba963b0e16">
      <annotation></annotation>
      <name>Resolved : success</name>
      <bounds>
        <x>254.0</x>
        <y>229.0</y>
      </bounds>
      <layer>-1</layer>
      <hideInbound>false</hideInbound>
      <addResultToRunContext>false</addResultToRunContext>
      <isCriticalStep>false</isCriticalStep>
      <isNonBlocking>false</isNonBlocking>
      <isParallelStep>false</isParallelStep>
      <isSingleResponse>false</isSingleResponse>
      <recordInHistory>false</recordInHistory>
      <recordRawOutput>true</recordRawOutput>
      <recordPrimaryOutput>true</recordPrimaryOutput>
      <checkPointStep>true</checkPointStep>
      <historyCheckPointStep>true</historyCheckPointStep>
      <scriptResultStep>false</scriptResultStep>
      <userPrompt></userPrompt>
      <bindings/>
      <transitions>
        <transition id="bd31cf52-b24a-4fa8-ab2a-32563642e5ed">
          <annotation></annotation>
          <name>return</name>
          <command>NEXT</command>
          <linkMode>false</linkMode>
          <responseSymbol>success</responseSymbol>
          <shouldHandoff>false</shouldHandoff>
          <transitionValue>0.0</transitionValue>
          <destination>
            <refId>e04fe16d-8033-478c-b2f6-07ba963b0e16</refId>
          </destination>
          <source>
            <refId>e04fe16d-8033-478c-b2f6-07ba963b0e16</refId>
          </source>
          <positions/>
        </transition>
      </transitions>
      <properties/>
      <returnStepType>RESOLVED</returnStepType>
      <assignments/>
    </returnStep>
  </steps>
  <startSteps>68ff6f05-dcc2-41f4-8d0c-395162d58401</startSteps>
</flow>