<?xml version="1.0" encoding="UTF-8"?>
<flow id="cf553f84-1450-480e-b1ea-36f58d031922">
  <annotation></annotation>
  <name>NET_CheckServerExistens</name>
  <categories/>
  <inputs>
    <userInputBinding id="f474c6aa-6b82-44d6-9d2c-8d18073cb5a6">
      <annotation></annotation>
      <assignFromContext>true</assignFromContext>
      <assignToContext>true</assignToContext>
      <inputType>STRING</inputType>
      <isList>false</isList>
      <required>true</required>
      <isPersisted>true</isPersisted>
      <inputSymbol>CSASVCUUID</inputSymbol>
      <listDelimiter>,</listDelimiter>
      <record>false</record>
      <prompt></prompt>
      <isMultiSelect>false</isMultiSelect>
      <sourceDelimiter>|</sourceDelimiter>
    </userInputBinding>
    <userInputBinding id="7b192aa2-2185-40db-b8f2-5be54f2331ae">
      <annotation></annotation>
      <assignFromContext>true</assignFromContext>
      <assignToContext>true</assignToContext>
      <inputType>STRING</inputType>
      <isList>false</isList>
      <required>false</required>
      <isPersisted>true</isPersisted>
      <inputSymbol>identifyerType</inputSymbol>
      <listDelimiter>,</listDelimiter>
      <record>false</record>
      <prompt></prompt>
      <isMultiSelect>false</isMultiSelect>
      <sourceDelimiter>|</sourceDelimiter>
    </userInputBinding>
  </inputs>
  <scriptlet id="dcce629c-063f-4b7c-b051-645a1a33f272">
    <annotation></annotation>
    <name>Operation NET_CheckServerExistens (cf553f84-1450-480e-b1ea-36f58d031922)</name>
    <type>RHINO</type>
  </scriptlet>
  <possibleResponses>
    <opResponse id="dc357360-d985-4e78-a834-6d4aa7d6fd53">
      <annotation></annotation>
      <name>failure</name>
      <isDefault>false</isDefault>
      <onFailure>true</onFailure>
      <type>ERROR</type>
      <matchRules/>
    </opResponse>
    <opResponse id="7e564431-eb8a-4eff-a2a2-179a90830334">
      <annotation></annotation>
      <name>success</name>
      <isDefault>true</isDefault>
      <onFailure>false</onFailure>
      <type>RESOLVED</type>
      <matchRules/>
    </opResponse>
    <opResponse id="84f39f89-f778-4a1d-9159-4473219db9a4">
      <annotation></annotation>
      <name>HostNotFound</name>
      <isDefault>false</isDefault>
      <onFailure>false</onFailure>
      <type>NO_ACTION_TAKEN</type>
      <matchRules/>
    </opResponse>
    <opResponse id="901eb10a-a902-4840-a1ce-8eaf0913240c">
      <annotation></annotation>
      <name>DeleteNotAllowed</name>
      <isDefault>false</isDefault>
      <onFailure>false</onFailure>
      <type>NO_ACTION_TAKEN</type>
      <matchRules/>
    </opResponse>
  </possibleResponses>
  <availableResultExpressions/>
  <resultExpression id="31787efb-6508-4697-91d9-2148cb49ecbe">
    <annotation></annotation>
    <name>FailureMessage</name>
    <fieldName>FailureMessage</fieldName>
    <sourceType>RAWRESULT</sourceType>
    <filters/>
  </resultExpression>
  <iconSpec id="207571b5-90ac-42bc-8051-5e10cc6ede31">
    <baseIcon>flow.png</baseIcon>
    <basePath>System</basePath>
    <readOnly>false</readOnly>
    <layers/>
  </iconSpec>
  <callouts/>
  <checkPointFlow>true</checkPointFlow>
  <compatibleRuntimeContext>false</compatibleRuntimeContext>
  <historyCheckPointFlow>true</historyCheckPointFlow>
  <steps>
    <step id="1ad2ad85-271e-470a-be76-daae3e8c9a82">
      <annotation>cf553f84-1450-480e-b1ea-36f58d031922.1ad2ad85-271e-470a-be76-daae3e8c9a82.description</annotation>
      <name>NoIdentifierSet?</name>
      <bounds>
        <x>42.0</x>
        <y>24.0</y>
      </bounds>
      <layer>-1</layer>
      <hideInbound>false</hideInbound>
      <addResultToRunContext>false</addResultToRunContext>
      <isCriticalStep>false</isCriticalStep>
      <isNonBlocking>false</isNonBlocking>
      <isParallelStep>false</isParallelStep>
      <isSingleResponse>false</isSingleResponse>
      <recordInHistory>false</recordInHistory>
      <recordRawOutput>true</recordRawOutput>
      <recordPrimaryOutput>true</recordPrimaryOutput>
      <checkPointStep>true</checkPointStep>
      <historyCheckPointStep>true</historyCheckPointStep>
      <scriptResultStep>false</scriptResultStep>
      <userPrompt></userPrompt>
      <bindings>
        <staticBinding id="70538a67-8192-4894-8474-7b2957ba1cb0">
          <annotation></annotation>
          <assignFromContext>false</assignFromContext>
          <assignToContext>false</assignToContext>
          <inputType>STRING</inputType>
          <isList>false</isList>
          <required>true</required>
          <isPersisted>true</isPersisted>
          <inputSymbol>keyName</inputSymbol>
          <listDelimiter>,</listDelimiter>
          <value>identifyerType</value>
          <record>false</record>
        </staticBinding>
        <staticBinding id="9226dd80-6d29-496e-9bf2-72f0390fe7fa">
          <annotation></annotation>
          <toContextKey></toContextKey>
          <fromContextKey></fromContextKey>
          <assignFromContext>false</assignFromContext>
          <assignToContext>false</assignToContext>
          <inputType>STRING</inputType>
          <recordKey></recordKey>
          <isList>false</isList>
          <required>false</required>
          <isPersisted>true</isPersisted>
          <inputSymbol>Field_4</inputSymbol>
          <listDelimiter></listDelimiter>
          <value>${in4}</value>
          <record>false</record>
        </staticBinding>
        <staticBinding id="5ca75db9-5731-4050-8364-c46d7375f208">
          <annotation></annotation>
          <toContextKey></toContextKey>
          <fromContextKey></fromContextKey>
          <assignFromContext>false</assignFromContext>
          <assignToContext>false</assignToContext>
          <inputType>STRING</inputType>
          <recordKey></recordKey>
          <isList>false</isList>
          <required>false</required>
          <isPersisted>true</isPersisted>
          <inputSymbol>Field_3</inputSymbol>
          <listDelimiter></listDelimiter>
          <value>${in3}</value>
          <record>false</record>
        </staticBinding>
        <staticBinding id="7cc179c7-bd40-4527-bccc-194c747cf289">
          <annotation></annotation>
          <toContextKey></toContextKey>
          <fromContextKey></fromContextKey>
          <assignFromContext>false</assignFromContext>
          <assignToContext>false</assignToContext>
          <inputType>STRING</inputType>
          <recordKey></recordKey>
          <isList>false</isList>
          <required>false</required>
          <isPersisted>true</isPersisted>
          <inputSymbol>Field_2</inputSymbol>
          <listDelimiter></listDelimiter>
          <value>${in2}</value>
          <record>false</record>
        </staticBinding>
        <staticBinding id="af6ff9b5-dde6-46fd-a117-5607e8c03cc8">
          <annotation></annotation>
          <toContextKey></toContextKey>
          <fromContextKey></fromContextKey>
          <assignFromContext>false</assignFromContext>
          <assignToContext>false</assignToContext>
          <inputType>STRING</inputType>
          <recordKey></recordKey>
          <isList>false</isList>
          <required>false</required>
          <isPersisted>true</isPersisted>
          <inputSymbol>Field_1</inputSymbol>
          <listDelimiter></listDelimiter>
          <value>${keyName}</value>
          <record>false</record>
        </staticBinding>
      </bindings>
      <transitions>
        <transition id="2c55b6ff-2ba1-4b7b-ba79-e243224665ee">
          <annotation></annotation>
          <name>isNull</name>
          <command>NEXT</command>
          <linkMode>false</linkMode>
          <responseSymbol>isNull</responseSymbol>
          <shouldHandoff>false</shouldHandoff>
          <transitionValue>0.0</transitionValue>
          <destination>
            <refId>45fdde72-5564-4f22-a1d3-acabbd2d25ba</refId>
          </destination>
          <source>
            <refId>1ad2ad85-271e-470a-be76-daae3e8c9a82</refId>
          </source>
          <positions>
            <point>
              <x>92.0</x>
              <y>58.0</y>
            </point>
            <point>
              <x>96.0</x>
              <y>261.0</y>
            </point>
          </positions>
          <labelPosition>
            <x>333.0</x>
            <y>0.0</y>
          </labelPosition>
        </transition>
        <transition id="0bdb1b6b-dac4-4c1e-8a75-0ee4cc772385">
          <annotation></annotation>
          <name>notNull</name>
          <command>NEXT</command>
          <linkMode>false</linkMode>
          <responseSymbol>notNull</responseSymbol>
          <shouldHandoff>false</shouldHandoff>
          <transitionValue>0.0</transitionValue>
          <destination>
            <refId>fba8d346-b9ed-413f-891f-32d677391087</refId>
          </destination>
          <source>
            <refId>1ad2ad85-271e-470a-be76-daae3e8c9a82</refId>
          </source>
          <positions>
            <point>
              <x>92.0</x>
              <y>58.0</y>
            </point>
            <point>
              <x>206.0</x>
              <y>61.0</y>
            </point>
          </positions>
          <labelPosition>
            <x>333.0</x>
            <y>0.0</y>
          </labelPosition>
        </transition>
      </transitions>
      <properties/>
      <opRef>
        <refId>b9997f7f-d19c-4dc6-acc4-fa91a8644a38</refId>
      </opRef>
      <assignments/>
      <throttleSize>0</throttleSize>
    </step>
    <returnStep id="7a6bb201-b250-48e3-99e6-72fcd5ab3bc8">
      <annotation></annotation>
      <name>No Action Taken : DeleteNotAllowed</name>
      <bounds>
        <x>457.0</x>
        <y>453.0</y>
      </bounds>
      <layer>-1</layer>
      <hideInbound>false</hideInbound>
      <addResultToRunContext>false</addResultToRunContext>
      <isCriticalStep>false</isCriticalStep>
      <isNonBlocking>false</isNonBlocking>
      <isParallelStep>false</isParallelStep>
      <isSingleResponse>false</isSingleResponse>
      <recordInHistory>false</recordInHistory>
      <recordRawOutput>true</recordRawOutput>
      <recordPrimaryOutput>true</recordPrimaryOutput>
      <checkPointStep>true</checkPointStep>
      <historyCheckPointStep>true</historyCheckPointStep>
      <scriptResultStep>false</scriptResultStep>
      <userPrompt></userPrompt>
      <bindings/>
      <transitions>
        <transition id="1516f8a2-c942-439d-8d98-368ab5a056eb">
          <annotation></annotation>
          <name>return</name>
          <command>NEXT</command>
          <linkMode>false</linkMode>
          <responseSymbol>DeleteNotAllowed</responseSymbol>
          <shouldHandoff>false</shouldHandoff>
          <transitionValue>0.0</transitionValue>
          <destination>
            <refId>7a6bb201-b250-48e3-99e6-72fcd5ab3bc8</refId>
          </destination>
          <source>
            <refId>7a6bb201-b250-48e3-99e6-72fcd5ab3bc8</refId>
          </source>
          <positions/>
        </transition>
      </transitions>
      <properties/>
      <returnStepType>NO_ACTION_TAKEN</returnStepType>
      <assignments/>
    </returnStep>
    <step id="82d36c59-0e87-4564-8983-7a9831ccd7e3">
      <annotation></annotation>
      <name>DB_GetSVCUUIDBySUBID</name>
      <bounds>
        <x>292.0</x>
        <y>150.0</y>
      </bounds>
      <layer>-1</layer>
      <hideInbound>false</hideInbound>
      <addResultToRunContext>false</addResultToRunContext>
      <isCriticalStep>false</isCriticalStep>
      <isNonBlocking>false</isNonBlocking>
      <isParallelStep>false</isParallelStep>
      <isSingleResponse>false</isSingleResponse>
      <recordInHistory>false</recordInHistory>
      <recordRawOutput>true</recordRawOutput>
      <recordPrimaryOutput>true</recordPrimaryOutput>
      <checkPointStep>true</checkPointStep>
      <historyCheckPointStep>true</historyCheckPointStep>
      <scriptResultStep>false</scriptResultStep>
      <userPrompt></userPrompt>
      <bindings>
        <staticBinding id="d01e41ab-a45f-429b-9125-a1f2d4a17a38">
          <annotation></annotation>
          <assignFromContext>true</assignFromContext>
          <assignToContext>true</assignToContext>
          <inputType>STRING</inputType>
          <isList>false</isList>
          <required>true</required>
          <isPersisted>true</isPersisted>
          <inputSymbol>db.getuuid.subid</inputSymbol>
          <listDelimiter>,</listDelimiter>
          <value>${CSASVCUUID}</value>
          <record>false</record>
        </staticBinding>
      </bindings>
      <transitions>
        <transition id="11ff2074-7aeb-433d-a6ad-9bf31e07ab7f">
          <annotation></annotation>
          <name>success</name>
          <command>NEXT</command>
          <linkMode>false</linkMode>
          <responseSymbol>success</responseSymbol>
          <shouldHandoff>false</shouldHandoff>
          <transitionValue>0.0</transitionValue>
          <destination>
            <refId>45fdde72-5564-4f22-a1d3-acabbd2d25ba</refId>
          </destination>
          <source>
            <refId>82d36c59-0e87-4564-8983-7a9831ccd7e3</refId>
          </source>
          <positions>
            <point>
              <x>342.0</x>
              <y>184.0</y>
            </point>
            <point>
              <x>95.0</x>
              <y>343.0</y>
            </point>
          </positions>
          <labelPosition>
            <x>333.0</x>
            <y>0.0</y>
          </labelPosition>
        </transition>
        <transition id="5402e175-7bf6-4188-800d-592fd426ea0a">
          <annotation></annotation>
          <name>failure</name>
          <command>NEXT</command>
          <linkMode>false</linkMode>
          <responseSymbol>failure</responseSymbol>
          <shouldHandoff>false</shouldHandoff>
          <transitionValue>0.0</transitionValue>
          <destination>
            <refId>5ca523fd-d897-4996-b430-fef98a74df1c</refId>
          </destination>
          <source>
            <refId>82d36c59-0e87-4564-8983-7a9831ccd7e3</refId>
          </source>
          <positions>
            <point>
              <x>342.0</x>
              <y>184.0</y>
            </point>
            <point>
              <x>633.0</x>
              <y>55.0</y>
            </point>
          </positions>
          <labelPosition>
            <x>333.0</x>
            <y>0.0</y>
          </labelPosition>
        </transition>
      </transitions>
      <properties/>
      <opRef>
        <refId>28f46fca-1495-4062-a31e-1bd370a2be59</refId>
      </opRef>
      <assignments>
        <flowVariableAssignment id="529bb0fd-7ee6-4019-8b98-5d4168ae07a3">
          <annotation></annotation>
          <name>assignment</name>
          <action>OVERWRITE</action>
          <assignmentTargetType>FLOW_VARIABLE</assignmentTargetType>
          <contextKey>CSASVCUUID</contextKey>
          <expression id="22f4a0bc-773a-4a50-b2f8-bfcabdc6925c">
            <annotation></annotation>
            <name>Result Field: db.getuuid.svcuuid</name>
            <fieldName>db.getuuid.svcuuid</fieldName>
            <sourceType>RAWRESULT</sourceType>
            <filters/>
          </expression>
        </flowVariableAssignment>
      </assignments>
      <throttleSize>0</throttleSize>
    </step>
    <step id="225e1401-e939-46c6-9fa7-00c3dfb10221">
      <annotation></annotation>
      <name>DB_GetVlanInfo</name>
      <bounds>
        <x>223.0</x>
        <y>309.0</y>
      </bounds>
      <layer>-1</layer>
      <hideInbound>false</hideInbound>
      <addResultToRunContext>false</addResultToRunContext>
      <isCriticalStep>false</isCriticalStep>
      <isNonBlocking>false</isNonBlocking>
      <isParallelStep>false</isParallelStep>
      <isSingleResponse>false</isSingleResponse>
      <recordInHistory>false</recordInHistory>
      <recordRawOutput>true</recordRawOutput>
      <recordPrimaryOutput>true</recordPrimaryOutput>
      <checkPointStep>true</checkPointStep>
      <historyCheckPointStep>true</historyCheckPointStep>
      <scriptResultStep>false</scriptResultStep>
      <userPrompt></userPrompt>
      <bindings>
        <staticBinding id="95a6ca79-4d63-4bcf-88ec-b968fce0d0e3">
          <annotation></annotation>
          <assignFromContext>false</assignFromContext>
          <assignToContext>false</assignToContext>
          <inputType>STRING</inputType>
          <isList>false</isList>
          <required>true</required>
          <isPersisted>true</isPersisted>
          <inputSymbol>ccname</inputSymbol>
          <listDelimiter>,</listDelimiter>
          <value>${server.ccname}</value>
          <record>false</record>
        </staticBinding>
        <staticBinding id="7fbdbdf6-d093-4a47-8b17-c0738650fdc0">
          <annotation></annotation>
          <assignFromContext>false</assignFromContext>
          <assignToContext>false</assignToContext>
          <inputType>STRING</inputType>
          <isList>false</isList>
          <required>true</required>
          <isPersisted>true</isPersisted>
          <inputSymbol>vlangid</inputSymbol>
          <listDelimiter>,</listDelimiter>
          <value>${server.bakvlangid}</value>
          <record>false</record>
        </staticBinding>
      </bindings>
      <transitions>
        <transition id="dd7859e7-af88-4254-a6c9-11eb3ac92fb2">
          <annotation></annotation>
          <name>failure</name>
          <command>NEXT</command>
          <linkMode>false</linkMode>
          <responseSymbol>failure</responseSymbol>
          <shouldHandoff>false</shouldHandoff>
          <transitionValue>0.0</transitionValue>
          <destination>
            <refId>3e110d23-6af7-4f18-b721-7d78484c16b3</refId>
          </destination>
          <source>
            <refId>225e1401-e939-46c6-9fa7-00c3dfb10221</refId>
          </source>
          <positions>
            <point>
              <x>273.0</x>
              <y>343.0</y>
            </point>
            <point>
              <x>224.0</x>
              <y>481.0</y>
            </point>
          </positions>
          <labelPosition>
            <x>333.0</x>
            <y>0.0</y>
          </labelPosition>
        </transition>
        <transition id="68714559-4ee2-497a-9599-57f3c3933c31">
          <annotation></annotation>
          <name>success</name>
          <command>NEXT</command>
          <linkMode>false</linkMode>
          <responseSymbol>success</responseSymbol>
          <shouldHandoff>false</shouldHandoff>
          <transitionValue>0.0</transitionValue>
          <destination>
            <refId>53a3f1f7-f725-4f93-911d-7bdca3a4d8f7</refId>
          </destination>
          <source>
            <refId>225e1401-e939-46c6-9fa7-00c3dfb10221</refId>
          </source>
          <positions>
            <point>
              <x>273.0</x>
              <y>343.0</y>
            </point>
            <point>
              <x>507.0</x>
              <y>343.0</y>
            </point>
          </positions>
          <labelPosition>
            <x>333.0</x>
            <y>0.0</y>
          </labelPosition>
        </transition>
      </transitions>
      <properties/>
      <opRef>
        <refId>a98e6a55-6ce3-467f-b906-22cc568ded85</refId>
      </opRef>
      <assignments>
        <flowVariableAssignment id="6bab3d08-22a9-415a-84c9-8b91c06bad20">
          <annotation></annotation>
          <name>assignment</name>
          <action>OVERWRITE</action>
          <assignmentTargetType>FLOW_VARIABLE</assignmentTargetType>
          <contextKey>server.oo.ras</contextKey>
          <expression id="8156f6a0-d13b-4875-890b-5b5ea223a454">
            <annotation></annotation>
            <name>Result Field: db.vlaninfo.OORAS</name>
            <fieldName>db.vlaninfo.OORAS</fieldName>
            <sourceType>RAWRESULT</sourceType>
            <filters/>
          </expression>
        </flowVariableAssignment>
      </assignments>
      <throttleSize>0</throttleSize>
    </step>
    <step id="53a3f1f7-f725-4f93-911d-7bdca3a4d8f7">
      <annotation></annotation>
      <name>DB_CheckDeleteAllowed</name>
      <bounds>
        <x>358.0</x>
        <y>309.0</y>
      </bounds>
      <layer>-1</layer>
      <hideInbound>false</hideInbound>
      <addResultToRunContext>false</addResultToRunContext>
      <isCriticalStep>false</isCriticalStep>
      <isNonBlocking>false</isNonBlocking>
      <isParallelStep>false</isParallelStep>
      <isSingleResponse>false</isSingleResponse>
      <recordInHistory>false</recordInHistory>
      <recordRawOutput>true</recordRawOutput>
      <recordPrimaryOutput>true</recordPrimaryOutput>
      <checkPointStep>true</checkPointStep>
      <historyCheckPointStep>true</historyCheckPointStep>
      <scriptResultStep>false</scriptResultStep>
      <userPrompt></userPrompt>
      <bindings>
        <staticBinding id="2ba3f400-adb5-469b-9415-10c1d4e1c533">
          <annotation></annotation>
          <assignFromContext>true</assignFromContext>
          <assignToContext>true</assignToContext>
          <inputType>STRING</inputType>
          <isList>false</isList>
          <required>true</required>
          <isPersisted>true</isPersisted>
          <inputSymbol>Hostname</inputSymbol>
          <listDelimiter>,</listDelimiter>
          <value>${server.hostname}</value>
          <record>false</record>
        </staticBinding>
      </bindings>
      <transitions>
        <transition id="46548d29-41ef-408a-a977-953a575faac2">
          <annotation></annotation>
          <name>failure</name>
          <command>NEXT</command>
          <linkMode>false</linkMode>
          <responseSymbol>failure</responseSymbol>
          <shouldHandoff>false</shouldHandoff>
          <transitionValue>0.0</transitionValue>
          <destination>
            <refId>7a6bb201-b250-48e3-99e6-72fcd5ab3bc8</refId>
          </destination>
          <source>
            <refId>53a3f1f7-f725-4f93-911d-7bdca3a4d8f7</refId>
          </source>
          <positions>
            <point>
              <x>740.0</x>
              <y>141.0</y>
            </point>
            <point>
              <x>723.0</x>
              <y>264.0</y>
            </point>
          </positions>
          <labelPosition>
            <x>333.0</x>
            <y>0.0</y>
          </labelPosition>
        </transition>
        <transition id="327b0ade-5707-48b4-9a01-bd2a90252cdf">
          <annotation></annotation>
          <name>success</name>
          <command>NEXT</command>
          <linkMode>false</linkMode>
          <responseSymbol>success</responseSymbol>
          <shouldHandoff>false</shouldHandoff>
          <transitionValue>0.0</transitionValue>
          <destination>
            <refId>495f732e-f502-4cd3-b535-aa0a5542b736</refId>
          </destination>
          <source>
            <refId>53a3f1f7-f725-4f93-911d-7bdca3a4d8f7</refId>
          </source>
          <positions>
            <point>
              <x>740.0</x>
              <y>141.0</y>
            </point>
            <point>
              <x>940.0</x>
              <y>145.0</y>
            </point>
          </positions>
          <labelPosition>
            <x>333.0</x>
            <y>0.0</y>
          </labelPosition>
        </transition>
      </transitions>
      <properties/>
      <opRef>
        <refId>3fbb62b8-1082-41a0-af5a-dbdcf385ea0c</refId>
      </opRef>
      <assignments/>
      <throttleSize>0</throttleSize>
    </step>
    <step id="77eca6a1-ff34-4121-90cb-37e964ed662f">
      <annotation>cf553f84-1450-480e-b1ea-36f58d031922.77eca6a1-ff34-4121-90cb-37e964ed662f.description</annotation>
      <name>IdentifyBySubID?</name>
      <bounds>
        <x>292.0</x>
        <y>24.0</y>
      </bounds>
      <layer>-1</layer>
      <hideInbound>false</hideInbound>
      <addResultToRunContext>false</addResultToRunContext>
      <isCriticalStep>false</isCriticalStep>
      <isNonBlocking>false</isNonBlocking>
      <isParallelStep>false</isParallelStep>
      <isSingleResponse>false</isSingleResponse>
      <recordInHistory>false</recordInHistory>
      <recordRawOutput>true</recordRawOutput>
      <recordPrimaryOutput>true</recordPrimaryOutput>
      <checkPointStep>true</checkPointStep>
      <historyCheckPointStep>true</historyCheckPointStep>
      <scriptResultStep>false</scriptResultStep>
      <userPrompt></userPrompt>
      <bindings>
        <staticBinding id="26278f9e-c444-4207-961a-224a5c251071">
          <annotation></annotation>
          <assignFromContext>false</assignFromContext>
          <assignToContext>false</assignToContext>
          <inputType>STRING</inputType>
          <isList>false</isList>
          <required>false</required>
          <isPersisted>true</isPersisted>
          <inputSymbol>string1</inputSymbol>
          <listDelimiter>,</listDelimiter>
          <value>${identifyerType}</value>
          <record>false</record>
        </staticBinding>
        <staticBinding id="35036867-bcc0-41c3-aa40-a6b453a4c805">
          <annotation></annotation>
          <assignFromContext>false</assignFromContext>
          <assignToContext>false</assignToContext>
          <inputType>STRING</inputType>
          <isList>false</isList>
          <required>false</required>
          <isPersisted>true</isPersisted>
          <inputSymbol>string2</inputSymbol>
          <listDelimiter>,</listDelimiter>
          <value>subscriptionID</value>
          <record>false</record>
        </staticBinding>
        <staticBinding id="f094592c-3aca-4864-b9fb-234804423086">
          <annotation></annotation>
          <assignFromContext>false</assignFromContext>
          <assignToContext>false</assignToContext>
          <inputType>STRING</inputType>
          <isList>false</isList>
          <required>false</required>
          <isPersisted>true</isPersisted>
          <inputSymbol>ignoreCase</inputSymbol>
          <listDelimiter>,</listDelimiter>
          <value>true</value>
          <record>false</record>
        </staticBinding>
        <staticBinding id="319c7091-d194-43bf-8382-19461e8511ab">
          <annotation></annotation>
          <toContextKey></toContextKey>
          <fromContextKey></fromContextKey>
          <assignFromContext>false</assignFromContext>
          <assignToContext>false</assignToContext>
          <inputType>STRING</inputType>
          <recordKey></recordKey>
          <isList>false</isList>
          <required>false</required>
          <isPersisted>true</isPersisted>
          <inputSymbol>Field_3</inputSymbol>
          <listDelimiter></listDelimiter>
          <value>${in3}</value>
          <record>false</record>
        </staticBinding>
        <staticBinding id="bc00f0d7-f98a-46ca-b0f3-02f6c72cf508">
          <annotation></annotation>
          <toContextKey></toContextKey>
          <fromContextKey></fromContextKey>
          <assignFromContext>false</assignFromContext>
          <assignToContext>false</assignToContext>
          <inputType>STRING</inputType>
          <recordKey></recordKey>
          <isList>false</isList>
          <required>false</required>
          <isPersisted>true</isPersisted>
          <inputSymbol>Field_4</inputSymbol>
          <listDelimiter></listDelimiter>
          <value>${in4}</value>
          <record>false</record>
        </staticBinding>
        <staticBinding id="72335179-1eda-4c56-a525-c7202fa30fb3">
          <annotation></annotation>
          <toContextKey></toContextKey>
          <fromContextKey></fromContextKey>
          <assignFromContext>false</assignFromContext>
          <assignToContext>false</assignToContext>
          <inputType>STRING</inputType>
          <recordKey></recordKey>
          <isList>false</isList>
          <required>false</required>
          <isPersisted>true</isPersisted>
          <inputSymbol>Field_2</inputSymbol>
          <listDelimiter></listDelimiter>
          <value>${in2}</value>
          <record>false</record>
        </staticBinding>
        <staticBinding id="84b6c9d6-89fd-4793-b260-918fedf7d1b7">
          <annotation></annotation>
          <toContextKey></toContextKey>
          <fromContextKey></fromContextKey>
          <assignFromContext>false</assignFromContext>
          <assignToContext>false</assignToContext>
          <inputType>STRING</inputType>
          <recordKey></recordKey>
          <isList>false</isList>
          <required>false</required>
          <isPersisted>true</isPersisted>
          <inputSymbol>Field_1</inputSymbol>
          <listDelimiter></listDelimiter>
          <value>${in1}</value>
          <record>false</record>
        </staticBinding>
      </bindings>
      <transitions>
        <transition id="8628481e-f253-48b7-a8a6-008aa3a6a59d">
          <annotation></annotation>
          <name>false</name>
          <command>NEXT</command>
          <linkMode>false</linkMode>
          <responseSymbol>false</responseSymbol>
          <shouldHandoff>false</shouldHandoff>
          <transitionValue>0.0</transitionValue>
          <destination>
            <refId>5ca523fd-d897-4996-b430-fef98a74df1c</refId>
          </destination>
          <source>
            <refId>77eca6a1-ff34-4121-90cb-37e964ed662f</refId>
          </source>
          <positions>
            <point>
              <x>346.0</x>
              <y>63.0</y>
            </point>
            <point>
              <x>633.0</x>
              <y>55.0</y>
            </point>
          </positions>
          <labelPosition>
            <x>333.0</x>
            <y>0.0</y>
          </labelPosition>
        </transition>
        <transition id="dfc99685-d6c5-4fe1-b81c-71f855334f67">
          <annotation></annotation>
          <name>true</name>
          <command>NEXT</command>
          <linkMode>false</linkMode>
          <responseSymbol>true</responseSymbol>
          <shouldHandoff>false</shouldHandoff>
          <transitionValue>0.0</transitionValue>
          <destination>
            <refId>82d36c59-0e87-4564-8983-7a9831ccd7e3</refId>
          </destination>
          <source>
            <refId>77eca6a1-ff34-4121-90cb-37e964ed662f</refId>
          </source>
          <positions>
            <point>
              <x>346.0</x>
              <y>63.0</y>
            </point>
            <point>
              <x>342.0</x>
              <y>184.0</y>
            </point>
          </positions>
          <labelPosition>
            <x>333.0</x>
            <y>0.0</y>
          </labelPosition>
        </transition>
      </transitions>
      <properties/>
      <opRef>
        <refId>7c2f47aa-a4b3-4a7d-b3d4-007f285f7d29</refId>
      </opRef>
      <assignments/>
      <throttleSize>0</throttleSize>
    </step>
    <step id="fba8d346-b9ed-413f-891f-32d677391087">
      <annotation>cf553f84-1450-480e-b1ea-36f58d031922.fba8d346-b9ed-413f-891f-32d677391087.description</annotation>
      <name>IdentifyByComponent?</name>
      <bounds>
        <x>156.0</x>
        <y>24.0</y>
      </bounds>
      <layer>-1</layer>
      <hideInbound>false</hideInbound>
      <addResultToRunContext>false</addResultToRunContext>
      <isCriticalStep>false</isCriticalStep>
      <isNonBlocking>false</isNonBlocking>
      <isParallelStep>false</isParallelStep>
      <isSingleResponse>false</isSingleResponse>
      <recordInHistory>false</recordInHistory>
      <recordRawOutput>true</recordRawOutput>
      <recordPrimaryOutput>true</recordPrimaryOutput>
      <checkPointStep>true</checkPointStep>
      <historyCheckPointStep>true</historyCheckPointStep>
      <scriptResultStep>false</scriptResultStep>
      <userPrompt></userPrompt>
      <bindings>
        <staticBinding id="f9ef162c-53b4-45df-8652-72ba5ffebf22">
          <annotation></annotation>
          <assignFromContext>false</assignFromContext>
          <assignToContext>false</assignToContext>
          <inputType>STRING</inputType>
          <isList>false</isList>
          <required>false</required>
          <isPersisted>true</isPersisted>
          <inputSymbol>string1</inputSymbol>
          <listDelimiter>,</listDelimiter>
          <value>${identifyerType}</value>
          <record>false</record>
        </staticBinding>
        <staticBinding id="7b41f3db-156c-4dce-a687-637e7d925d02">
          <annotation></annotation>
          <assignFromContext>false</assignFromContext>
          <assignToContext>false</assignToContext>
          <inputType>STRING</inputType>
          <isList>false</isList>
          <required>false</required>
          <isPersisted>true</isPersisted>
          <inputSymbol>string2</inputSymbol>
          <listDelimiter>,</listDelimiter>
          <value>componentID</value>
          <record>false</record>
        </staticBinding>
        <staticBinding id="87b2e1de-5127-4b8f-b877-bb8d7a39dac1">
          <annotation></annotation>
          <assignFromContext>false</assignFromContext>
          <assignToContext>false</assignToContext>
          <inputType>STRING</inputType>
          <isList>false</isList>
          <required>false</required>
          <isPersisted>true</isPersisted>
          <inputSymbol>ignoreCase</inputSymbol>
          <listDelimiter>,</listDelimiter>
          <value>true</value>
          <record>false</record>
        </staticBinding>
        <staticBinding id="70e89707-51d0-4e47-b8af-5ae2d51205df">
          <annotation></annotation>
          <toContextKey></toContextKey>
          <fromContextKey></fromContextKey>
          <assignFromContext>false</assignFromContext>
          <assignToContext>false</assignToContext>
          <inputType>STRING</inputType>
          <recordKey></recordKey>
          <isList>false</isList>
          <required>false</required>
          <isPersisted>true</isPersisted>
          <inputSymbol>Field_3</inputSymbol>
          <listDelimiter></listDelimiter>
          <value>${in3}</value>
          <record>false</record>
        </staticBinding>
        <staticBinding id="6474130e-de7d-4a42-b6eb-c5eda15eb9d9">
          <annotation></annotation>
          <toContextKey></toContextKey>
          <fromContextKey></fromContextKey>
          <assignFromContext>false</assignFromContext>
          <assignToContext>false</assignToContext>
          <inputType>STRING</inputType>
          <recordKey></recordKey>
          <isList>false</isList>
          <required>false</required>
          <isPersisted>true</isPersisted>
          <inputSymbol>Field_4</inputSymbol>
          <listDelimiter></listDelimiter>
          <value>${in4}</value>
          <record>false</record>
        </staticBinding>
        <staticBinding id="b5f55003-7274-45e1-97aa-562ad82f4e9f">
          <annotation></annotation>
          <toContextKey></toContextKey>
          <fromContextKey></fromContextKey>
          <assignFromContext>false</assignFromContext>
          <assignToContext>false</assignToContext>
          <inputType>STRING</inputType>
          <recordKey></recordKey>
          <isList>false</isList>
          <required>false</required>
          <isPersisted>true</isPersisted>
          <inputSymbol>Field_2</inputSymbol>
          <listDelimiter></listDelimiter>
          <value>${in2}</value>
          <record>false</record>
        </staticBinding>
        <staticBinding id="781400d0-3445-41f1-adba-a3e35c3aa922">
          <annotation></annotation>
          <toContextKey></toContextKey>
          <fromContextKey></fromContextKey>
          <assignFromContext>false</assignFromContext>
          <assignToContext>false</assignToContext>
          <inputType>STRING</inputType>
          <recordKey></recordKey>
          <isList>false</isList>
          <required>false</required>
          <isPersisted>true</isPersisted>
          <inputSymbol>Field_1</inputSymbol>
          <listDelimiter></listDelimiter>
          <value>${in1}</value>
          <record>false</record>
        </staticBinding>
      </bindings>
      <transitions>
        <transition id="5447aadd-40b8-4306-9a05-da49ce62a2b6">
          <annotation></annotation>
          <name>true</name>
          <command>NEXT</command>
          <linkMode>false</linkMode>
          <responseSymbol>true</responseSymbol>
          <shouldHandoff>false</shouldHandoff>
          <transitionValue>0.0</transitionValue>
          <destination>
            <refId>45fdde72-5564-4f22-a1d3-acabbd2d25ba</refId>
          </destination>
          <source>
            <refId>fba8d346-b9ed-413f-891f-32d677391087</refId>
          </source>
          <positions>
            <point>
              <x>206.0</x>
              <y>61.0</y>
            </point>
            <point>
              <x>96.0</x>
              <y>261.0</y>
            </point>
          </positions>
          <labelPosition>
            <x>333.0</x>
            <y>0.0</y>
          </labelPosition>
        </transition>
        <transition id="7aae13c8-ee59-4eee-8d20-254c542f53d9">
          <annotation></annotation>
          <name>false</name>
          <command>NEXT</command>
          <linkMode>false</linkMode>
          <responseSymbol>false</responseSymbol>
          <shouldHandoff>false</shouldHandoff>
          <transitionValue>0.0</transitionValue>
          <destination>
            <refId>77eca6a1-ff34-4121-90cb-37e964ed662f</refId>
          </destination>
          <source>
            <refId>fba8d346-b9ed-413f-891f-32d677391087</refId>
          </source>
          <positions>
            <point>
              <x>206.0</x>
              <y>61.0</y>
            </point>
            <point>
              <x>346.0</x>
              <y>63.0</y>
            </point>
          </positions>
          <labelPosition>
            <x>333.0</x>
            <y>0.0</y>
          </labelPosition>
        </transition>
      </transitions>
      <properties/>
      <opRef>
        <refId>7c2f47aa-a4b3-4a7d-b3d4-007f285f7d29</refId>
      </opRef>
      <assignments/>
      <throttleSize>0</throttleSize>
    </step>
    <returnStep id="3e110d23-6af7-4f18-b721-7d78484c16b3">
      <annotation></annotation>
      <name>Error : failure</name>
      <bounds>
        <x>174.0</x>
        <y>447.0</y>
      </bounds>
      <layer>-1</layer>
      <hideInbound>false</hideInbound>
      <addResultToRunContext>false</addResultToRunContext>
      <isCriticalStep>false</isCriticalStep>
      <isNonBlocking>false</isNonBlocking>
      <isParallelStep>false</isParallelStep>
      <isSingleResponse>false</isSingleResponse>
      <recordInHistory>false</recordInHistory>
      <recordRawOutput>true</recordRawOutput>
      <recordPrimaryOutput>true</recordPrimaryOutput>
      <checkPointStep>true</checkPointStep>
      <historyCheckPointStep>true</historyCheckPointStep>
      <scriptResultStep>false</scriptResultStep>
      <userPrompt></userPrompt>
      <bindings/>
      <transitions>
        <transition id="425e5cae-d933-4e6e-93b4-2d45fc999328">
          <annotation></annotation>
          <name>return</name>
          <command>NEXT</command>
          <linkMode>false</linkMode>
          <responseSymbol>failure</responseSymbol>
          <shouldHandoff>false</shouldHandoff>
          <transitionValue>0.0</transitionValue>
          <destination>
            <refId>3e110d23-6af7-4f18-b721-7d78484c16b3</refId>
          </destination>
          <source>
            <refId>3e110d23-6af7-4f18-b721-7d78484c16b3</refId>
          </source>
          <positions/>
        </transition>
      </transitions>
      <properties/>
      <returnStepType>ERROR</returnStepType>
      <assignments/>
    </returnStep>
    <step id="45fdde72-5564-4f22-a1d3-acabbd2d25ba">
      <annotation></annotation>
      <name>DB_GetDetailsBySubscriptionID</name>
      <bounds>
        <x>45.0</x>
        <y>309.0</y>
      </bounds>
      <layer>-1</layer>
      <hideInbound>false</hideInbound>
      <addResultToRunContext>false</addResultToRunContext>
      <isCriticalStep>false</isCriticalStep>
      <isNonBlocking>false</isNonBlocking>
      <isParallelStep>false</isParallelStep>
      <isSingleResponse>false</isSingleResponse>
      <recordInHistory>false</recordInHistory>
      <recordRawOutput>true</recordRawOutput>
      <recordPrimaryOutput>true</recordPrimaryOutput>
      <checkPointStep>true</checkPointStep>
      <historyCheckPointStep>true</historyCheckPointStep>
      <scriptResultStep>false</scriptResultStep>
      <userPrompt></userPrompt>
      <bindings>
        <staticBinding id="62862333-aec3-4db8-a7bb-09c25d582bae">
          <annotation></annotation>
          <assignFromContext>true</assignFromContext>
          <assignToContext>true</assignToContext>
          <inputType>STRING</inputType>
          <isList>false</isList>
          <required>true</required>
          <isPersisted>true</isPersisted>
          <inputSymbol>db.getdetails.csasvcuuid</inputSymbol>
          <listDelimiter>,</listDelimiter>
          <value>${CSASVCUUID}</value>
          <record>false</record>
        </staticBinding>
      </bindings>
      <transitions>
        <transition id="621435cc-f46c-4908-ab04-72d4dd7a2f0e">
          <annotation></annotation>
          <name>failure</name>
          <command>NEXT</command>
          <linkMode>false</linkMode>
          <responseSymbol>failure</responseSymbol>
          <shouldHandoff>false</shouldHandoff>
          <transitionValue>0.0</transitionValue>
          <destination>
            <refId>3e110d23-6af7-4f18-b721-7d78484c16b3</refId>
          </destination>
          <source>
            <refId>45fdde72-5564-4f22-a1d3-acabbd2d25ba</refId>
          </source>
          <positions>
            <point>
              <x>311.0</x>
              <y>140.0</y>
            </point>
            <point>
              <x>496.0</x>
              <y>287.0</y>
            </point>
          </positions>
          <labelPosition>
            <x>333.0</x>
            <y>0.0</y>
          </labelPosition>
        </transition>
        <transition id="1356041b-5f9f-4e4c-a716-ac9bbf5c3ddd">
          <annotation></annotation>
          <name>success</name>
          <command>NEXT</command>
          <linkMode>false</linkMode>
          <responseSymbol>success</responseSymbol>
          <shouldHandoff>false</shouldHandoff>
          <transitionValue>0.0</transitionValue>
          <destination>
            <refId>225e1401-e939-46c6-9fa7-00c3dfb10221</refId>
          </destination>
          <source>
            <refId>45fdde72-5564-4f22-a1d3-acabbd2d25ba</refId>
          </source>
          <positions>
            <point>
              <x>95.0</x>
              <y>343.0</y>
            </point>
            <point>
              <x>273.0</x>
              <y>343.0</y>
            </point>
          </positions>
          <labelPosition>
            <x>333.0</x>
            <y>0.0</y>
          </labelPosition>
        </transition>
      </transitions>
      <properties/>
      <opRef>
        <refId>26e16199-ac42-40d7-8725-27b18ed3509d</refId>
      </opRef>
      <assignments>
        <flowVariableAssignment id="f4793f89-570c-4945-86f9-028fffe8cc45">
          <annotation></annotation>
          <name>assignment</name>
          <action>OVERWRITE</action>
          <assignmentTargetType>FLOW_VARIABLE</assignmentTargetType>
          <contextKey>server.ccname</contextKey>
          <expression id="33f70096-8ec8-41be-999a-f676f71bd42e">
            <annotation></annotation>
            <name>Result Field: db.getdetails.cloudcell</name>
            <fieldName>db.getdetails.cloudcell</fieldName>
            <sourceType>RAWRESULT</sourceType>
            <filters/>
          </expression>
        </flowVariableAssignment>
        <flowVariableAssignment id="ecc45fbe-7e07-4a19-a4af-ecbd88dfe7f0">
          <annotation></annotation>
          <name>assignment</name>
          <action>OVERWRITE</action>
          <assignmentTargetType>FLOW_VARIABLE</assignmentTargetType>
          <contextKey>server.bakip</contextKey>
          <expression id="597b4ae7-93ea-4811-831d-8c7dcb34c67b">
            <annotation></annotation>
            <name>Result Field: db.getdetails.bakip</name>
            <fieldName>db.getdetails.bakip</fieldName>
            <sourceType>RAWRESULT</sourceType>
            <filters/>
          </expression>
        </flowVariableAssignment>
        <flowVariableAssignment id="2f134497-6571-4a39-93f8-5eecdf196d3a">
          <annotation></annotation>
          <name>assignment</name>
          <action>OVERWRITE</action>
          <assignmentTargetType>FLOW_VARIABLE</assignmentTargetType>
          <contextKey>server.bakvlangid</contextKey>
          <expression id="11176238-0c02-4d0a-a416-37f6c987cf4d">
            <annotation></annotation>
            <name>Result Field: db.getdetails.bakvlangid</name>
            <fieldName>db.getdetails.bakvlangid</fieldName>
            <sourceType>RAWRESULT</sourceType>
            <filters/>
          </expression>
        </flowVariableAssignment>
        <flowVariableAssignment id="1477e289-c761-40be-a7b0-bacb6839d573">
          <annotation></annotation>
          <name>assignment</name>
          <action>OVERWRITE</action>
          <assignmentTargetType>FLOW_VARIABLE</assignmentTargetType>
          <contextKey>server.hostname</contextKey>
          <expression id="20335066-6ebd-41bd-b922-56bc8f8c677f">
            <annotation></annotation>
            <name>Result Field: db.getdetails.hostname</name>
            <fieldName>db.getdetails.hostname</fieldName>
            <sourceType>RAWRESULT</sourceType>
            <filters/>
          </expression>
        </flowVariableAssignment>
      </assignments>
      <throttleSize>0</throttleSize>
    </step>
    <step id="495f732e-f502-4cd3-b535-aa0a5542b736">
      <annotation>cf553f84-1450-480e-b1ea-36f58d031922.495f732e-f502-4cd3-b535-aa0a5542b736.description</annotation>
      <name>Port Ping</name>
      <bounds>
        <x>575.0</x>
        <y>309.0</y>
      </bounds>
      <layer>0</layer>
      <hideInbound>false</hideInbound>
      <addResultToRunContext>false</addResultToRunContext>
      <isCriticalStep>false</isCriticalStep>
      <isNonBlocking>false</isNonBlocking>
      <isParallelStep>false</isParallelStep>
      <isSingleResponse>false</isSingleResponse>
      <recordInHistory>false</recordInHistory>
      <recordRawOutput>true</recordRawOutput>
      <recordPrimaryOutput>true</recordPrimaryOutput>
      <checkPointStep>true</checkPointStep>
      <historyCheckPointStep>true</historyCheckPointStep>
      <scriptResultStep>false</scriptResultStep>
      <userPrompt></userPrompt>
      <bindings>
        <staticBinding id="1a021dee-8768-4467-a780-9dbf3f334046">
          <annotation></annotation>
          <fromContextKey>host</fromContextKey>
          <assignFromContext>false</assignFromContext>
          <assignToContext>false</assignToContext>
          <inputType>STRING</inputType>
          <isList>false</isList>
          <required>true</required>
          <isPersisted>true</isPersisted>
          <inputSymbol>host</inputSymbol>
          <listDelimiter>,</listDelimiter>
          <value>${server.bakip}</value>
          <record>false</record>
        </staticBinding>
        <staticBinding id="398d2a63-7760-4daf-979c-40588273edbd">
          <annotation></annotation>
          <fromContextKey>current</fromContextKey>
          <assignFromContext>true</assignFromContext>
          <assignToContext>false</assignToContext>
          <inputType>STRING</inputType>
          <isList>false</isList>
          <required>true</required>
          <isPersisted>true</isPersisted>
          <inputSymbol>port</inputSymbol>
          <listDelimiter>,</listDelimiter>
          <value></value>
          <record>false</record>
        </staticBinding>
        <staticBinding id="70930850-14da-4b43-9ce7-7b3a0cbf1399">
          <annotation></annotation>
          <assignFromContext>true</assignFromContext>
          <assignToContext>true</assignToContext>
          <inputType>STRING</inputType>
          <isList>false</isList>
          <required>false</required>
          <isPersisted>true</isPersisted>
          <inputSymbol>portType</inputSymbol>
          <listDelimiter>,</listDelimiter>
          <value>TCP</value>
          <record>false</record>
        </staticBinding>
      </bindings>
      <transitions>
        <transition id="06fdafc6-bd01-4227-8862-aa99649a49a8">
          <annotation></annotation>
          <name>port open</name>
          <command>NEXT</command>
          <linkMode>false</linkMode>
          <responseSymbol>port open</responseSymbol>
          <shouldHandoff>false</shouldHandoff>
          <transitionValue>0.0</transitionValue>
          <destination>
            <refId>7a6bb201-b250-48e3-99e6-72fcd5ab3bc8</refId>
          </destination>
          <source>
            <refId>495f732e-f502-4cd3-b535-aa0a5542b736</refId>
          </source>
          <positions>
            <point>
              <x>940.0</x>
              <y>145.0</y>
            </point>
            <point>
              <x>723.0</x>
              <y>264.0</y>
            </point>
          </positions>
          <labelPosition>
            <x>333.0</x>
            <y>0.0</y>
          </labelPosition>
        </transition>
        <transition id="32d2c9fc-994d-494a-abd2-d643c3d93913">
          <annotation></annotation>
          <name>host not found</name>
          <command>NEXT</command>
          <linkMode>false</linkMode>
          <responseSymbol>host not found</responseSymbol>
          <shouldHandoff>false</shouldHandoff>
          <transitionValue>0.0</transitionValue>
          <destination>
            <refId>808823c1-b770-4650-b092-4644926ac6d3</refId>
          </destination>
          <source>
            <refId>495f732e-f502-4cd3-b535-aa0a5542b736</refId>
          </source>
          <positions>
            <point>
              <x>940.0</x>
              <y>145.0</y>
            </point>
            <point>
              <x>966.0</x>
              <y>284.0</y>
            </point>
          </positions>
          <labelPosition>
            <x>333.0</x>
            <y>0.0</y>
          </labelPosition>
        </transition>
        <transition id="f66c6278-e830-484c-aeba-e28dfadabc6b">
          <annotation></annotation>
          <name>port closed</name>
          <command>NEXT</command>
          <linkMode>false</linkMode>
          <responseSymbol>port closed</responseSymbol>
          <shouldHandoff>false</shouldHandoff>
          <transitionValue>0.0</transitionValue>
          <destination>
            <refId>77d57611-a7fd-40ea-af43-d02c00a44468</refId>
          </destination>
          <source>
            <refId>495f732e-f502-4cd3-b535-aa0a5542b736</refId>
          </source>
          <positions>
            <point>
              <x>940.0</x>
              <y>145.0</y>
            </point>
            <point>
              <x>1182.0</x>
              <y>156.0</y>
            </point>
          </positions>
          <labelPosition>
            <x>333.0</x>
            <y>0.0</y>
          </labelPosition>
        </transition>
      </transitions>
      <properties/>
      <opRef>
        <refId>3ac5396f-5d62-44a0-b0bb-e378899a1b87</refId>
      </opRef>
      <assignments>
        <flowVariableAssignment id="65cdfdd2-85b3-4a35-8718-b266b9932107">
          <annotation></annotation>
          <name>assignment</name>
          <action>OVERWRITE</action>
          <assignmentTargetType>FLOW_OUTPUT_FIELD</assignmentTargetType>
          <contextKey>host</contextKey>
          <expression id="8c24f00c-4fec-42c6-bca2-44019ba08b38">
            <annotation></annotation>
            <name>Input: host</name>
            <fieldName>host</fieldName>
            <sourceType>INPUT</sourceType>
            <filters/>
          </expression>
        </flowVariableAssignment>
      </assignments>
      <throttleSize>0</throttleSize>
    </step>
    <returnStep id="808823c1-b770-4650-b092-4644926ac6d3">
      <annotation></annotation>
      <name>No Action Taken : HostNotFound</name>
      <bounds>
        <x>575.0</x>
        <y>450.0</y>
      </bounds>
      <layer>-1</layer>
      <hideInbound>false</hideInbound>
      <addResultToRunContext>false</addResultToRunContext>
      <isCriticalStep>false</isCriticalStep>
      <isNonBlocking>false</isNonBlocking>
      <isParallelStep>false</isParallelStep>
      <isSingleResponse>false</isSingleResponse>
      <recordInHistory>false</recordInHistory>
      <recordRawOutput>true</recordRawOutput>
      <recordPrimaryOutput>true</recordPrimaryOutput>
      <checkPointStep>true</checkPointStep>
      <historyCheckPointStep>true</historyCheckPointStep>
      <scriptResultStep>false</scriptResultStep>
      <userPrompt></userPrompt>
      <bindings/>
      <transitions>
        <transition id="1d6e28c7-fb1c-42dc-af44-00cdc8d7c9f0">
          <annotation></annotation>
          <name>return</name>
          <command>NEXT</command>
          <linkMode>false</linkMode>
          <responseSymbol>HostNotFound</responseSymbol>
          <shouldHandoff>false</shouldHandoff>
          <transitionValue>0.0</transitionValue>
          <destination>
            <refId>808823c1-b770-4650-b092-4644926ac6d3</refId>
          </destination>
          <source>
            <refId>808823c1-b770-4650-b092-4644926ac6d3</refId>
          </source>
          <positions/>
        </transition>
      </transitions>
      <properties/>
      <returnStepType>NO_ACTION_TAKEN</returnStepType>
      <assignments/>
    </returnStep>
    <returnStep id="5ca523fd-d897-4996-b430-fef98a74df1c">
      <annotation></annotation>
      <name>Error : failure</name>
      <bounds>
        <x>471.0</x>
        <y>24.0</y>
      </bounds>
      <layer>-1</layer>
      <hideInbound>false</hideInbound>
      <addResultToRunContext>false</addResultToRunContext>
      <isCriticalStep>false</isCriticalStep>
      <isNonBlocking>false</isNonBlocking>
      <isParallelStep>false</isParallelStep>
      <isSingleResponse>false</isSingleResponse>
      <recordInHistory>false</recordInHistory>
      <recordRawOutput>true</recordRawOutput>
      <recordPrimaryOutput>true</recordPrimaryOutput>
      <checkPointStep>true</checkPointStep>
      <historyCheckPointStep>true</historyCheckPointStep>
      <scriptResultStep>false</scriptResultStep>
      <userPrompt></userPrompt>
      <bindings/>
      <transitions>
        <transition id="0849fa08-16e2-432f-b79b-d8ee13fb2d6d">
          <annotation></annotation>
          <name>return</name>
          <command>NEXT</command>
          <linkMode>false</linkMode>
          <responseSymbol>failure</responseSymbol>
          <shouldHandoff>false</shouldHandoff>
          <transitionValue>0.0</transitionValue>
          <destination>
            <refId>5ca523fd-d897-4996-b430-fef98a74df1c</refId>
          </destination>
          <source>
            <refId>5ca523fd-d897-4996-b430-fef98a74df1c</refId>
          </source>
          <positions/>
        </transition>
      </transitions>
      <properties/>
      <returnStepType>ERROR</returnStepType>
      <assignments/>
    </returnStep>
    <returnStep id="77d57611-a7fd-40ea-af43-d02c00a44468">
      <annotation></annotation>
      <name>Resolved : success</name>
      <bounds>
        <x>722.0</x>
        <y>309.0</y>
      </bounds>
      <layer>-1</layer>
      <hideInbound>false</hideInbound>
      <addResultToRunContext>false</addResultToRunContext>
      <isCriticalStep>false</isCriticalStep>
      <isNonBlocking>false</isNonBlocking>
      <isParallelStep>false</isParallelStep>
      <isSingleResponse>false</isSingleResponse>
      <recordInHistory>false</recordInHistory>
      <recordRawOutput>true</recordRawOutput>
      <recordPrimaryOutput>true</recordPrimaryOutput>
      <checkPointStep>true</checkPointStep>
      <historyCheckPointStep>true</historyCheckPointStep>
      <scriptResultStep>false</scriptResultStep>
      <userPrompt></userPrompt>
      <bindings/>
      <transitions>
        <transition id="07929e6d-5107-4e50-9ad6-d223c128eab2">
          <annotation></annotation>
          <name>return</name>
          <command>NEXT</command>
          <linkMode>false</linkMode>
          <responseSymbol>success</responseSymbol>
          <shouldHandoff>false</shouldHandoff>
          <transitionValue>0.0</transitionValue>
          <destination>
            <refId>77d57611-a7fd-40ea-af43-d02c00a44468</refId>
          </destination>
          <source>
            <refId>77d57611-a7fd-40ea-af43-d02c00a44468</refId>
          </source>
          <positions/>
        </transition>
      </transitions>
      <properties/>
      <returnStepType>RESOLVED</returnStepType>
      <assignments/>
    </returnStep>
  </steps>
  <startSteps>1ad2ad85-271e-470a-be76-daae3e8c9a82</startSteps>
</flow>