<?xml version="1.0" encoding="UTF-8"?>
<flow id="c05a1c16-4198-4a79-a256-44d053f9c828">
  <annotation></annotation>
  <name>VM_setCPUAndMemory</name>
  <categories/>
  <inputs>
    <staticBinding id="77b890b0-4cc1-45d0-bf31-18c0c0fb50a2">
      <annotation></annotation>
      <assignFromContext>false</assignFromContext>
      <assignToContext>false</assignToContext>
      <inputType>STRING</inputType>
      <isList>false</isList>
      <required>false</required>
      <isPersisted>true</isPersisted>
      <inputSymbol>server.resourcepool</inputSymbol>
      <listDelimiter>,</listDelimiter>
      <value>${server.resourcepool}</value>
      <record>false</record>
    </staticBinding>
    <staticBinding id="a5c9de29-5471-42de-93ff-0cd81796e761">
      <annotation></annotation>
      <assignFromContext>false</assignFromContext>
      <assignToContext>false</assignToContext>
      <inputType>STRING</inputType>
      <isList>false</isList>
      <required>false</required>
      <isPersisted>true</isPersisted>
      <inputSymbol>vmmp.host</inputSymbol>
      <listDelimiter>,</listDelimiter>
      <value>${vmmp.host}</value>
      <record>false</record>
    </staticBinding>
    <staticBinding id="4996eaf9-dee0-44d1-b4f3-531ed8874598">
      <annotation></annotation>
      <assignFromContext>false</assignFromContext>
      <assignToContext>true</assignToContext>
      <inputType>STRING</inputType>
      <isList>false</isList>
      <required>false</required>
      <isPersisted>true</isPersisted>
      <inputSymbol>server.hostname</inputSymbol>
      <listDelimiter>,</listDelimiter>
      <value>${server.hostname}</value>
      <record>false</record>
    </staticBinding>
    <staticBinding id="485b908e-f0d7-47aa-8da9-c317e52ffb76">
      <annotation></annotation>
      <assignFromContext>false</assignFromContext>
      <assignToContext>true</assignToContext>
      <inputType>STRING</inputType>
      <isList>false</isList>
      <required>false</required>
      <isPersisted>true</isPersisted>
      <inputSymbol>vmDatacenter</inputSymbol>
      <listDelimiter>,</listDelimiter>
      <value>${vmDatacenter}</value>
      <record>false</record>
    </staticBinding>
    <staticBinding id="9bdfacb6-4bd7-4032-9360-d1384dbf2474">
      <annotation></annotation>
      <assignFromContext>false</assignFromContext>
      <assignToContext>false</assignToContext>
      <inputType>STRING</inputType>
      <isList>false</isList>
      <required>false</required>
      <isPersisted>true</isPersisted>
      <inputSymbol>cpuCount</inputSymbol>
      <listDelimiter>,</listDelimiter>
      <value>${cpuCount}</value>
      <record>false</record>
    </staticBinding>
    <staticBinding id="1abd88e3-1f31-46c4-b6b8-c6477edd35b2">
      <annotation></annotation>
      <assignFromContext>false</assignFromContext>
      <assignToContext>false</assignToContext>
      <inputType>STRING</inputType>
      <isList>false</isList>
      <required>false</required>
      <isPersisted>true</isPersisted>
      <inputSymbol>memSize</inputSymbol>
      <listDelimiter>,</listDelimiter>
      <value>${memSize}</value>
      <record>false</record>
    </staticBinding>
  </inputs>
  <scriptlet id="5666a0a9-2423-4128-9644-84713f0f07b0">
    <annotation></annotation>
    <name>Operation VM_setCPUAndMemory (c05a1c16-4198-4a79-a256-44d053f9c828)</name>
    <type>RHINO</type>
  </scriptlet>
  <possibleResponses>
    <opResponse id="5e470b27-b669-4730-9a0d-f0b94ded475b">
      <annotation></annotation>
      <name>failure</name>
      <isDefault>false</isDefault>
      <onFailure>true</onFailure>
      <type>ERROR</type>
      <matchRules/>
    </opResponse>
    <opResponse id="ea644a46-2b62-46fb-8448-49e4e181bfc6">
      <annotation></annotation>
      <name>success</name>
      <isDefault>true</isDefault>
      <onFailure>false</onFailure>
      <type>RESOLVED</type>
      <matchRules/>
    </opResponse>
  </possibleResponses>
  <availableResultExpressions/>
  <resultExpression id="3aab2ceb-9a3b-4591-8fba-d196d9b75a9b">
    <annotation></annotation>
    <name>FailureMessage</name>
    <fieldName>FailureMessage</fieldName>
    <sourceType>RAWRESULT</sourceType>
    <filters/>
  </resultExpression>
  <iconSpec id="b729d50b-c328-4178-8e42-16a488444588">
    <baseIcon>flow.png</baseIcon>
    <basePath>System</basePath>
    <readOnly>false</readOnly>
    <layers/>
  </iconSpec>
  <callouts/>
  <checkPointFlow>true</checkPointFlow>
  <compatibleRuntimeContext>false</compatibleRuntimeContext>
  <historyCheckPointFlow>true</historyCheckPointFlow>
  <steps>
    <step id="6d9fdab3-a778-4f1e-87ca-44893c7ce292">
      <annotation></annotation>
      <name>DB_GetVMMPByResourcePool</name>
      <bounds>
        <x>133.0</x>
        <y>145.0</y>
      </bounds>
      <layer>-1</layer>
      <hideInbound>false</hideInbound>
      <addResultToRunContext>false</addResultToRunContext>
      <isCriticalStep>false</isCriticalStep>
      <isNonBlocking>false</isNonBlocking>
      <isParallelStep>false</isParallelStep>
      <isSingleResponse>false</isSingleResponse>
      <recordInHistory>false</recordInHistory>
      <recordRawOutput>true</recordRawOutput>
      <recordPrimaryOutput>true</recordPrimaryOutput>
      <checkPointStep>true</checkPointStep>
      <historyCheckPointStep>true</historyCheckPointStep>
      <scriptResultStep>false</scriptResultStep>
      <userPrompt></userPrompt>
      <bindings>
        <staticBinding id="4b91e30d-363e-45e1-8c09-5f373048de2d">
          <annotation></annotation>
          <assignFromContext>false</assignFromContext>
          <assignToContext>false</assignToContext>
          <inputType>STRING</inputType>
          <isList>false</isList>
          <required>true</required>
          <isPersisted>true</isPersisted>
          <inputSymbol>db.vmmp.resourcepool</inputSymbol>
          <listDelimiter>,</listDelimiter>
          <value>${server.resourcepool}</value>
          <record>false</record>
        </staticBinding>
      </bindings>
      <transitions>
        <transition id="ee339c1a-4fbc-4d74-888b-e51947c80f26">
          <annotation></annotation>
          <name>failure</name>
          <command>NEXT</command>
          <linkMode>false</linkMode>
          <responseSymbol>failure</responseSymbol>
          <shouldHandoff>false</shouldHandoff>
          <transitionValue>0.0</transitionValue>
          <destination>
            <refId>a056b9a2-cb65-4d6a-ac97-ea3e2f5d1c18</refId>
          </destination>
          <source>
            <refId>6d9fdab3-a778-4f1e-87ca-44893c7ce292</refId>
          </source>
          <positions>
            <point>
              <x>291.0</x>
              <y>363.0</y>
            </point>
            <point>
              <x>453.0</x>
              <y>556.0</y>
            </point>
          </positions>
          <labelPosition>
            <x>333.0</x>
            <y>0.0</y>
          </labelPosition>
        </transition>
        <transition id="1ef834c4-5dac-4826-83b8-9d77d0a47668">
          <annotation></annotation>
          <name>success</name>
          <command>NEXT</command>
          <linkMode>false</linkMode>
          <responseSymbol>success</responseSymbol>
          <shouldHandoff>false</shouldHandoff>
          <transitionValue>0.0</transitionValue>
          <destination>
            <refId>f036a1d6-92a3-4d07-9b92-078e69dc5786</refId>
          </destination>
          <source>
            <refId>6d9fdab3-a778-4f1e-87ca-44893c7ce292</refId>
          </source>
          <positions>
            <point>
              <x>291.0</x>
              <y>363.0</y>
            </point>
            <point>
              <x>541.0</x>
              <y>361.0</y>
            </point>
          </positions>
          <labelPosition>
            <x>333.0</x>
            <y>0.0</y>
          </labelPosition>
        </transition>
      </transitions>
      <properties/>
      <opRef>
        <refId>2d28b788-0a50-41e3-bdbc-f2378110a213</refId>
      </opRef>
      <assignments>
        <flowVariableAssignment id="6eec4138-96c4-4b89-a62a-c36d2d1a8560">
          <annotation></annotation>
          <name>assignment</name>
          <action>OVERWRITE</action>
          <assignmentTargetType>FLOW_VARIABLE</assignmentTargetType>
          <contextKey>vmmp.type</contextKey>
          <expression id="e177dd0f-8b90-48ed-b9c8-36eef2163525">
            <annotation></annotation>
            <name>Result: vmmp.type</name>
            <fieldName>vmmp.type</fieldName>
            <sourceType>AVAILABLE_RESULT</sourceType>
            <filters/>
          </expression>
        </flowVariableAssignment>
      </assignments>
      <throttleSize>0</throttleSize>
    </step>
    <step id="a1c5d361-fc37-47d9-b0b0-48c2e946ffee">
      <annotation>c05a1c16-4198-4a79-a256-44d053f9c828.a1c5d361-fc37-47d9-b0b0-48c2e946ffee.description</annotation>
      <name>vCenter Set CPU And Mem</name>
      <bounds>
        <x>782.0</x>
        <y>145.0</y>
      </bounds>
      <layer>-1</layer>
      <hideInbound>false</hideInbound>
      <addResultToRunContext>false</addResultToRunContext>
      <isCriticalStep>false</isCriticalStep>
      <isNonBlocking>false</isNonBlocking>
      <isParallelStep>false</isParallelStep>
      <isSingleResponse>false</isSingleResponse>
      <recordInHistory>false</recordInHistory>
      <recordRawOutput>true</recordRawOutput>
      <recordPrimaryOutput>true</recordPrimaryOutput>
      <checkPointStep>true</checkPointStep>
      <historyCheckPointStep>true</historyCheckPointStep>
      <scriptResultStep>false</scriptResultStep>
      <userPrompt></userPrompt>
      <bindings>
        <staticBinding id="b47d9733-3840-40ef-a099-4790363fcc24">
          <annotation></annotation>
          <assignFromContext>false</assignFromContext>
          <assignToContext>false</assignToContext>
          <inputType>STRING</inputType>
          <isList>false</isList>
          <required>true</required>
          <isPersisted>true</isPersisted>
          <inputSymbol>host</inputSymbol>
          <listDelimiter>,</listDelimiter>
          <value>${vmmp.host}</value>
          <record>false</record>
        </staticBinding>
        <identityBinding id="66440392-9251-46e3-b24f-2843ec2872d7">
          <annotation></annotation>
          <assignFromContext>false</assignFromContext>
          <assignToContext>false</assignToContext>
          <inputType>STRING</inputType>
          <isList>false</isList>
          <required>true</required>
          <isPersisted>true</isPersisted>
          <inputSymbol>user</inputSymbol>
          <listDelimiter>,</listDelimiter>
          <record>false</record>
          <link>
            <refId>175fb5fb-15e2-4aa9-a31b-3907e8c9cdcf</refId>
            <refName>pc.vcenter</refName>
          </link>
          <identityAttribute>USERNAME</identityAttribute>
        </identityBinding>
        <identityBinding id="0cf3c3ba-a4df-463c-865f-d0d97cde30ff">
          <annotation></annotation>
          <assignFromContext>false</assignFromContext>
          <assignToContext>false</assignToContext>
          <inputType>ENCRYPTED</inputType>
          <isList>false</isList>
          <required>true</required>
          <isPersisted>true</isPersisted>
          <inputSymbol>password</inputSymbol>
          <listDelimiter>,</listDelimiter>
          <record>false</record>
          <link>
            <refId>175fb5fb-15e2-4aa9-a31b-3907e8c9cdcf</refId>
            <refName>pc.vcenter</refName>
          </link>
          <identityAttribute>PASSWORD</identityAttribute>
        </identityBinding>
        <staticBinding id="217e6bef-bd10-4ddb-8797-d24c467bc9ed">
          <annotation></annotation>
          <assignFromContext>false</assignFromContext>
          <assignToContext>false</assignToContext>
          <inputType>STRING</inputType>
          <isList>false</isList>
          <required>false</required>
          <isPersisted>true</isPersisted>
          <inputSymbol>cpuCount</inputSymbol>
          <listDelimiter>,</listDelimiter>
          <value>${cpuCount}</value>
          <record>false</record>
        </staticBinding>
        <staticBinding id="37d85136-b194-4ebc-b776-51d60c93cc3e">
          <annotation></annotation>
          <assignFromContext>false</assignFromContext>
          <assignToContext>false</assignToContext>
          <inputType>STRING</inputType>
          <isList>false</isList>
          <required>false</required>
          <isPersisted>true</isPersisted>
          <inputSymbol>memSize</inputSymbol>
          <listDelimiter>,</listDelimiter>
          <value>${memory}</value>
          <record>false</record>
        </staticBinding>
        <staticBinding id="ebc02db6-8cc3-4921-b7eb-fec15ce1440f">
          <annotation></annotation>
          <assignFromContext>false</assignFromContext>
          <assignToContext>false</assignToContext>
          <inputType>STRING</inputType>
          <isList>false</isList>
          <required>false</required>
          <isPersisted>true</isPersisted>
          <inputSymbol>hostSystem</inputSymbol>
          <listDelimiter>,</listDelimiter>
          <record>false</record>
        </staticBinding>
        <staticBinding id="999479c6-1011-491e-b7ac-9d925abcbeda">
          <annotation></annotation>
          <assignFromContext>false</assignFromContext>
          <assignToContext>false</assignToContext>
          <inputType>STRING</inputType>
          <isList>false</isList>
          <required>true</required>
          <isPersisted>true</isPersisted>
          <inputSymbol>virtualMachine</inputSymbol>
          <listDelimiter>,</listDelimiter>
          <value>${vmId}</value>
          <record>false</record>
        </staticBinding>
        <staticBinding id="3512211f-c800-4b9b-b914-31c80b34391a">
          <annotation></annotation>
          <assignFromContext>false</assignFromContext>
          <assignToContext>false</assignToContext>
          <inputType>STRING</inputType>
          <isList>false</isList>
          <required>true</required>
          <isPersisted>true</isPersisted>
          <inputSymbol>vmDatacenter</inputSymbol>
          <listDelimiter>,</listDelimiter>
          <value>${vmDatacenter}</value>
          <record>false</record>
        </staticBinding>
        <staticBinding id="0b6a1674-3783-4fcf-bdb1-6496894d1a39">
          <annotation></annotation>
          <assignFromContext>false</assignFromContext>
          <assignToContext>false</assignToContext>
          <inputType>STRING</inputType>
          <isList>false</isList>
          <required>true</required>
          <isPersisted>true</isPersisted>
          <inputSymbol>port</inputSymbol>
          <listDelimiter>,</listDelimiter>
          <value>443</value>
          <record>false</record>
        </staticBinding>
        <staticBinding id="d490a072-0027-4a16-b66a-189d59259b6c">
          <annotation></annotation>
          <assignFromContext>false</assignFromContext>
          <assignToContext>false</assignToContext>
          <inputType>STRING</inputType>
          <isList>false</isList>
          <required>true</required>
          <isPersisted>true</isPersisted>
          <inputSymbol>protocol</inputSymbol>
          <listDelimiter>,</listDelimiter>
          <value>https</value>
          <record>false</record>
        </staticBinding>
        <staticBinding id="caf9a996-ef3c-43dd-90e7-00b55c307d9a">
          <annotation></annotation>
          <assignFromContext>false</assignFromContext>
          <assignToContext>false</assignToContext>
          <inputType>STRING</inputType>
          <isList>false</isList>
          <required>true</required>
          <isPersisted>true</isPersisted>
          <inputSymbol>vmIdentifierType</inputSymbol>
          <listDelimiter>,</listDelimiter>
          <value>VMID</value>
          <record>false</record>
        </staticBinding>
        <staticBinding id="3ae0f9b2-ff42-4c48-9f3a-8bed30cfe0cb">
          <annotation></annotation>
          <assignFromContext>false</assignFromContext>
          <assignToContext>false</assignToContext>
          <inputType>STRING</inputType>
          <isList>false</isList>
          <required>true</required>
          <isPersisted>true</isPersisted>
          <inputSymbol>setCPU</inputSymbol>
          <listDelimiter>,</listDelimiter>
          <value>true</value>
          <record>false</record>
        </staticBinding>
        <staticBinding id="6007f580-1b3b-4e70-87b0-6b540623c54f">
          <annotation></annotation>
          <assignFromContext>false</assignFromContext>
          <assignToContext>false</assignToContext>
          <inputType>STRING</inputType>
          <isList>false</isList>
          <required>true</required>
          <isPersisted>true</isPersisted>
          <inputSymbol>setMemory</inputSymbol>
          <listDelimiter>,</listDelimiter>
          <value>true</value>
          <record>false</record>
        </staticBinding>
      </bindings>
      <transitions>
        <transition id="2242d7bf-84f7-4718-88f7-93f49dd1bde6">
          <annotation></annotation>
          <name>success</name>
          <command>NEXT</command>
          <linkMode>false</linkMode>
          <responseSymbol>success</responseSymbol>
          <shouldHandoff>false</shouldHandoff>
          <transitionValue>0.0</transitionValue>
          <destination>
            <refId>c29a2da1-cffe-4f38-88d2-eed3cf02b024</refId>
          </destination>
          <source>
            <refId>a1c5d361-fc37-47d9-b0b0-48c2e946ffee</refId>
          </source>
          <positions>
            <point>
              <x>666.0</x>
              <y>172.0</y>
            </point>
            <point>
              <x>1161.0</x>
              <y>301.0</y>
            </point>
          </positions>
          <labelPosition>
            <x>333.0</x>
            <y>0.0</y>
          </labelPosition>
        </transition>
        <transition id="62e4ba41-627e-494f-9a45-35b9d61d3edd">
          <annotation></annotation>
          <name>failure</name>
          <command>NEXT</command>
          <linkMode>false</linkMode>
          <responseSymbol>failure</responseSymbol>
          <shouldHandoff>false</shouldHandoff>
          <transitionValue>0.0</transitionValue>
          <destination>
            <refId>02a6f664-6440-4a34-90e4-f9d948394d3d</refId>
          </destination>
          <source>
            <refId>a1c5d361-fc37-47d9-b0b0-48c2e946ffee</refId>
          </source>
          <positions>
            <point>
              <x>666.0</x>
              <y>172.0</y>
            </point>
            <point>
              <x>908.0</x>
              <y>344.0</y>
            </point>
          </positions>
          <labelPosition>
            <x>333.0</x>
            <y>0.0</y>
          </labelPosition>
        </transition>
      </transitions>
      <properties/>
      <opRef>
        <refId>ec227049-affb-4399-b23e-f03e3e830ace</refId>
      </opRef>
      <assignments/>
      <throttleSize>0</throttleSize>
    </step>
    <step id="f036a1d6-92a3-4d07-9b92-078e69dc5786">
      <annotation></annotation>
      <name>VM Platform Check</name>
      <bounds>
        <x>378.0</x>
        <y>145.0</y>
      </bounds>
      <layer>-1</layer>
      <hideInbound>false</hideInbound>
      <iconSpec id="1c05069b-02d3-4e7e-914f-a1539bf599d6">
        <baseIcon>webservice.png</baseIcon>
        <basePath>System</basePath>
        <readOnly>false</readOnly>
        <layers/>
      </iconSpec>
      <addResultToRunContext>false</addResultToRunContext>
      <isCriticalStep>false</isCriticalStep>
      <isNonBlocking>false</isNonBlocking>
      <isParallelStep>false</isParallelStep>
      <isSingleResponse>false</isSingleResponse>
      <recordInHistory>false</recordInHistory>
      <recordRawOutput>true</recordRawOutput>
      <recordPrimaryOutput>true</recordPrimaryOutput>
      <checkPointStep>true</checkPointStep>
      <historyCheckPointStep>true</historyCheckPointStep>
      <scriptResultStep>false</scriptResultStep>
      <userPrompt></userPrompt>
      <bindings>
        <userInputBinding id="69ad2a5a-b0f5-465e-b4f2-257bb3c0a7dd">
          <annotation></annotation>
          <toContextKey>vmmp.type</toContextKey>
          <fromContextKey>vmmp.type</fromContextKey>
          <assignFromContext>true</assignFromContext>
          <assignToContext>true</assignToContext>
          <inputType>STRING</inputType>
          <isList>false</isList>
          <required>false</required>
          <isPersisted>true</isPersisted>
          <inputSymbol>Field_1</inputSymbol>
          <listDelimiter>,</listDelimiter>
          <record>false</record>
          <prompt>c05a1c16-4198-4a79-a256-44d053f9c828.69ad2a5a-b0f5-465e-b4f2-257bb3c0a7dd.prompt</prompt>
          <isMultiSelect>false</isMultiSelect>
          <link>
            <refId>7e9736e6-5b21-410e-b799-7dfb88f15624</refId>
            <refName>VM Platforms</refName>
          </link>
          <sourceDelimiter>|</sourceDelimiter>
        </userInputBinding>
      </bindings>
      <transitions>
        <transition id="a67a20fb-6693-42de-9246-174361cedbc5">
          <annotation></annotation>
          <name>failure</name>
          <command>NEXT</command>
          <linkMode>false</linkMode>
          <responseSymbol>failure</responseSymbol>
          <shouldHandoff>false</shouldHandoff>
          <transitionValue>0.0</transitionValue>
          <destination>
            <refId>a056b9a2-cb65-4d6a-ac97-ea3e2f5d1c18</refId>
          </destination>
          <source>
            <refId>f036a1d6-92a3-4d07-9b92-078e69dc5786</refId>
          </source>
          <positions>
            <point>
              <x>541.0</x>
              <y>361.0</y>
            </point>
            <point>
              <x>453.0</x>
              <y>556.0</y>
            </point>
          </positions>
          <labelPosition>
            <x>333.0</x>
            <y>0.0</y>
          </labelPosition>
        </transition>
        <transition id="1e736e01-7c1b-439b-bcec-8157ece8c638">
          <annotation></annotation>
          <name>SCVMM</name>
          <command>NEXT</command>
          <linkMode>false</linkMode>
          <responseSymbol>SCVMM</responseSymbol>
          <shouldHandoff>false</shouldHandoff>
          <transitionValue>0.0</transitionValue>
          <destination>
            <refId>af2098e4-14b8-4d6a-9aa8-a3d4bb073728</refId>
          </destination>
          <source>
            <refId>f036a1d6-92a3-4d07-9b92-078e69dc5786</refId>
          </source>
          <positions>
            <point>
              <x>428.0</x>
              <y>179.0</y>
            </point>
            <point>
              <x>683.0</x>
              <y>460.0</y>
            </point>
          </positions>
          <labelPosition>
            <x>333.0</x>
            <y>0.0</y>
          </labelPosition>
        </transition>
        <transition id="69fa9cfe-2854-4161-b934-74ef00733869">
          <annotation></annotation>
          <name>vCenter</name>
          <command>NEXT</command>
          <linkMode>false</linkMode>
          <responseSymbol>vCenter</responseSymbol>
          <shouldHandoff>false</shouldHandoff>
          <transitionValue>0.0</transitionValue>
          <destination>
            <refId>81882bc7-2b6a-411b-aab3-885d4171b748</refId>
          </destination>
          <source>
            <refId>f036a1d6-92a3-4d07-9b92-078e69dc5786</refId>
          </source>
          <positions>
            <point>
              <x>428.0</x>
              <y>179.0</y>
            </point>
            <point>
              <x>563.0</x>
              <y>166.0</y>
            </point>
          </positions>
          <labelPosition>
            <x>333.0</x>
            <y>0.0</y>
          </labelPosition>
        </transition>
      </transitions>
      <properties/>
      <opRef>
        <refId>a929fb84-1648-4552-bd7e-b664ebc353de</refId>
      </opRef>
      <assignments/>
      <throttleSize>0</throttleSize>
    </step>
    <step id="81882bc7-2b6a-411b-aab3-885d4171b748">
      <annotation>c05a1c16-4198-4a79-a256-44d053f9c828.81882bc7-2b6a-411b-aab3-885d4171b748.description</annotation>
      <name>Save In Variables</name>
      <bounds>
        <x>513.0</x>
        <y>145.0</y>
      </bounds>
      <layer>-1</layer>
      <hideInbound>false</hideInbound>
      <addResultToRunContext>false</addResultToRunContext>
      <isCriticalStep>false</isCriticalStep>
      <isNonBlocking>false</isNonBlocking>
      <isParallelStep>false</isParallelStep>
      <isSingleResponse>false</isSingleResponse>
      <recordInHistory>false</recordInHistory>
      <recordRawOutput>true</recordRawOutput>
      <recordPrimaryOutput>true</recordPrimaryOutput>
      <checkPointStep>true</checkPointStep>
      <historyCheckPointStep>true</historyCheckPointStep>
      <scriptResultStep>false</scriptResultStep>
      <userPrompt></userPrompt>
      <bindings>
        <staticBinding id="a2bbdce3-445f-4df7-9eb6-5738957452a7">
          <annotation></annotation>
          <assignFromContext>false</assignFromContext>
          <assignToContext>true</assignToContext>
          <inputType>STRING</inputType>
          <isList>false</isList>
          <required>false</required>
          <isPersisted>true</isPersisted>
          <inputSymbol>field1</inputSymbol>
          <listDelimiter>,</listDelimiter>
          <value>${memSize}</value>
          <record>false</record>
        </staticBinding>
        <staticBinding id="0a2ce740-3e13-42a1-a155-520327fa590f">
          <annotation></annotation>
          <assignFromContext>true</assignFromContext>
          <assignToContext>true</assignToContext>
          <inputType>STRING</inputType>
          <isList>false</isList>
          <required>false</required>
          <isPersisted>true</isPersisted>
          <inputSymbol>field2</inputSymbol>
          <listDelimiter>,</listDelimiter>
          <value>${server.ishpmanaged}|${server.contactemail}|${pc.email.portal}</value>
          <record>false</record>
        </staticBinding>
        <staticBinding id="26455efc-f284-452b-bff9-843b6e907dce">
          <annotation></annotation>
          <assignFromContext>true</assignFromContext>
          <assignToContext>true</assignToContext>
          <inputType>STRING</inputType>
          <isList>false</isList>
          <required>false</required>
          <isPersisted>true</isPersisted>
          <inputSymbol>field3</inputSymbol>
          <listDelimiter>,</listDelimiter>
          <value></value>
          <record>false</record>
        </staticBinding>
        <staticBinding id="fa726e39-17fd-443f-b53c-706a216e1fc2">
          <annotation></annotation>
          <assignFromContext>true</assignFromContext>
          <assignToContext>true</assignToContext>
          <inputType>STRING</inputType>
          <isList>false</isList>
          <required>false</required>
          <isPersisted>true</isPersisted>
          <inputSymbol>field4</inputSymbol>
          <listDelimiter>,</listDelimiter>
          <value></value>
          <record>false</record>
        </staticBinding>
        <staticBinding id="67652bb4-7cd6-4bed-b03d-8d599e7a7fb4">
          <annotation></annotation>
          <toContextKey></toContextKey>
          <fromContextKey></fromContextKey>
          <assignFromContext>false</assignFromContext>
          <assignToContext>false</assignToContext>
          <inputType>STRING</inputType>
          <recordKey></recordKey>
          <isList>false</isList>
          <required>false</required>
          <isPersisted>true</isPersisted>
          <inputSymbol>Field_2</inputSymbol>
          <listDelimiter></listDelimiter>
          <value>${field2}</value>
          <record>false</record>
        </staticBinding>
        <staticBinding id="9be238a9-7759-48ba-bd9f-6e442351d4d2">
          <annotation></annotation>
          <toContextKey></toContextKey>
          <fromContextKey></fromContextKey>
          <assignFromContext>false</assignFromContext>
          <assignToContext>false</assignToContext>
          <inputType>STRING</inputType>
          <recordKey></recordKey>
          <isList>false</isList>
          <required>false</required>
          <isPersisted>true</isPersisted>
          <inputSymbol>Field_4</inputSymbol>
          <listDelimiter></listDelimiter>
          <value>${field4}</value>
          <record>false</record>
        </staticBinding>
        <staticBinding id="9e850bd1-8a6a-497c-a89e-33cc020b9805">
          <annotation></annotation>
          <toContextKey></toContextKey>
          <fromContextKey></fromContextKey>
          <assignFromContext>false</assignFromContext>
          <assignToContext>false</assignToContext>
          <inputType>STRING</inputType>
          <recordKey></recordKey>
          <isList>false</isList>
          <required>false</required>
          <isPersisted>true</isPersisted>
          <inputSymbol>Field_3</inputSymbol>
          <listDelimiter></listDelimiter>
          <value>${field3}</value>
          <record>false</record>
        </staticBinding>
        <staticBinding id="28d2e22b-4713-4475-b0c9-c7fb64e46f33">
          <annotation></annotation>
          <toContextKey></toContextKey>
          <fromContextKey></fromContextKey>
          <assignFromContext>false</assignFromContext>
          <assignToContext>false</assignToContext>
          <inputType>STRING</inputType>
          <recordKey></recordKey>
          <isList>false</isList>
          <required>false</required>
          <isPersisted>true</isPersisted>
          <inputSymbol>Field_1</inputSymbol>
          <listDelimiter></listDelimiter>
          <value>${field1}</value>
          <record>false</record>
        </staticBinding>
      </bindings>
      <transitions>
        <transition id="990f8535-343d-415e-94a2-17eea869a3df">
          <annotation></annotation>
          <name>success</name>
          <command>NEXT</command>
          <linkMode>false</linkMode>
          <responseSymbol>success</responseSymbol>
          <shouldHandoff>false</shouldHandoff>
          <transitionValue>0.0</transitionValue>
          <destination>
            <refId>0b6606c9-2432-47f3-bc3a-c8fd61ad976f</refId>
          </destination>
          <source>
            <refId>81882bc7-2b6a-411b-aab3-885d4171b748</refId>
          </source>
          <positions>
            <point>
              <x>563.0</x>
              <y>166.0</y>
            </point>
            <point>
              <x>699.0</x>
              <y>180.0</y>
            </point>
          </positions>
          <labelPosition>
            <x>333.0</x>
            <y>0.0</y>
          </labelPosition>
        </transition>
      </transitions>
      <properties/>
      <opRef>
        <refId>ddd79f22-8b1e-4605-88d5-d912bb2da2b9</refId>
      </opRef>
      <assignments>
        <flowVariableAssignment id="337c496f-1400-4f43-831c-e79254ee6fcb">
          <annotation></annotation>
          <name>assignment</name>
          <action>OVERWRITE</action>
          <assignmentTargetType>FLOW_VARIABLE</assignmentTargetType>
          <contextKey>memory</contextKey>
          <expression id="4f3b36c4-a177-484b-a07f-f72ede030012">
            <annotation></annotation>
            <name>Input: field1</name>
            <fieldName>field1</fieldName>
            <sourceType>INPUT</sourceType>
            <filters>
              <scriptletFilter id="05b3d4d7-0664-445b-ae37-2f1cbcc40f0c">
                <annotation></annotation>
                <name>Scriptlet</name>
                <scriptlet id="096738e1-9edd-4dda-b7ab-7e8b04dee2eb">
                  <annotation></annotation>
                  <name>default</name>
                  <script>scriptletResult = scriptletInput * 1024;
</script>
                  <type>RHINO</type>
                </scriptlet>
              </scriptletFilter>
            </filters>
          </expression>
        </flowVariableAssignment>
      </assignments>
      <throttleSize>0</throttleSize>
    </step>
    <step id="af2098e4-14b8-4d6a-9aa8-a3d4bb073728">
      <annotation>c05a1c16-4198-4a79-a256-44d053f9c828.af2098e4-14b8-4d6a-9aa8-a3d4bb073728.description</annotation>
      <name>SCVMM_SetCPUAndMem</name>
      <bounds>
        <x>690.0</x>
        <y>409.0</y>
      </bounds>
      <layer>-1</layer>
      <hideInbound>false</hideInbound>
      <addResultToRunContext>false</addResultToRunContext>
      <isCriticalStep>false</isCriticalStep>
      <isNonBlocking>false</isNonBlocking>
      <isParallelStep>false</isParallelStep>
      <isSingleResponse>false</isSingleResponse>
      <recordInHistory>false</recordInHistory>
      <recordRawOutput>true</recordRawOutput>
      <recordPrimaryOutput>true</recordPrimaryOutput>
      <checkPointStep>true</checkPointStep>
      <historyCheckPointStep>true</historyCheckPointStep>
      <scriptResultStep>false</scriptResultStep>
      <userPrompt></userPrompt>
      <bindings>
        <staticBinding id="c7841a32-1867-42bd-bc10-1b1ad4a0f77a">
          <annotation></annotation>
          <assignFromContext>false</assignFromContext>
          <assignToContext>false</assignToContext>
          <inputType>STRING</inputType>
          <isList>false</isList>
          <required>false</required>
          <isPersisted>true</isPersisted>
          <inputSymbol>cpuCount</inputSymbol>
          <listDelimiter>,</listDelimiter>
          <value>${cpuCount}</value>
          <record>false</record>
        </staticBinding>
        <staticBinding id="b8e2e7b7-78aa-4ed5-88a2-fad99a536c0e">
          <annotation></annotation>
          <assignFromContext>false</assignFromContext>
          <assignToContext>false</assignToContext>
          <inputType>STRING</inputType>
          <isList>false</isList>
          <required>false</required>
          <isPersisted>true</isPersisted>
          <inputSymbol>memSize</inputSymbol>
          <listDelimiter>,</listDelimiter>
          <value>${memSize}</value>
          <record>false</record>
        </staticBinding>
        <staticBinding id="6d09f593-8445-4f6f-9a54-4b249fb2c6e7">
          <annotation></annotation>
          <assignFromContext>false</assignFromContext>
          <assignToContext>false</assignToContext>
          <inputType>STRING</inputType>
          <isList>false</isList>
          <required>true</required>
          <isPersisted>true</isPersisted>
          <inputSymbol>vmName</inputSymbol>
          <listDelimiter>,</listDelimiter>
          <value>${server.hostname}_${server.hostname}</value>
          <record>false</record>
        </staticBinding>
        <staticBinding id="ef1e4d69-7800-4b76-ac8b-0a33a6b92405">
          <annotation></annotation>
          <assignFromContext>false</assignFromContext>
          <assignToContext>false</assignToContext>
          <inputType>STRING</inputType>
          <isList>false</isList>
          <required>false</required>
          <isPersisted>true</isPersisted>
          <inputSymbol>host</inputSymbol>
          <listDelimiter>,</listDelimiter>
          <value>${vmmp.host}</value>
          <record>false</record>
        </staticBinding>
      </bindings>
      <transitions>
        <transition id="9cb97564-aa10-44c9-8978-eebd4436ede0">
          <annotation></annotation>
          <name>success</name>
          <command>NEXT</command>
          <linkMode>false</linkMode>
          <responseSymbol>success</responseSymbol>
          <shouldHandoff>false</shouldHandoff>
          <transitionValue>0.0</transitionValue>
          <destination>
            <refId>c29a2da1-cffe-4f38-88d2-eed3cf02b024</refId>
          </destination>
          <source>
            <refId>af2098e4-14b8-4d6a-9aa8-a3d4bb073728</refId>
          </source>
          <positions>
            <point>
              <x>683.0</x>
              <y>460.0</y>
            </point>
            <point>
              <x>1015.0</x>
              <y>179.0</y>
            </point>
          </positions>
          <labelPosition>
            <x>333.0</x>
            <y>0.0</y>
          </labelPosition>
        </transition>
        <transition id="7cf49e61-55d0-46f8-944b-783b4b1b4f72">
          <annotation></annotation>
          <name>failure</name>
          <command>NEXT</command>
          <linkMode>false</linkMode>
          <responseSymbol>failure</responseSymbol>
          <shouldHandoff>false</shouldHandoff>
          <transitionValue>0.0</transitionValue>
          <destination>
            <refId>02a6f664-6440-4a34-90e4-f9d948394d3d</refId>
          </destination>
          <source>
            <refId>af2098e4-14b8-4d6a-9aa8-a3d4bb073728</refId>
          </source>
          <positions>
            <point>
              <x>683.0</x>
              <y>460.0</y>
            </point>
            <point>
              <x>663.0</x>
              <y>314.0</y>
            </point>
          </positions>
          <labelPosition>
            <x>333.0</x>
            <y>0.0</y>
          </labelPosition>
        </transition>
      </transitions>
      <properties/>
      <opRef>
        <refId>76a827b9-351c-4f32-b50f-fe8b84504bbc</refId>
      </opRef>
      <assignments/>
      <throttleSize>0</throttleSize>
    </step>
    <returnStep id="02a6f664-6440-4a34-90e4-f9d948394d3d">
      <annotation></annotation>
      <name>Error : failure</name>
      <bounds>
        <x>690.0</x>
        <y>279.0</y>
      </bounds>
      <layer>-1</layer>
      <hideInbound>false</hideInbound>
      <addResultToRunContext>false</addResultToRunContext>
      <isCriticalStep>false</isCriticalStep>
      <isNonBlocking>false</isNonBlocking>
      <isParallelStep>false</isParallelStep>
      <isSingleResponse>false</isSingleResponse>
      <recordInHistory>false</recordInHistory>
      <recordRawOutput>true</recordRawOutput>
      <recordPrimaryOutput>true</recordPrimaryOutput>
      <checkPointStep>true</checkPointStep>
      <historyCheckPointStep>true</historyCheckPointStep>
      <scriptResultStep>false</scriptResultStep>
      <userPrompt></userPrompt>
      <bindings/>
      <transitions>
        <transition id="97c02d10-bc2e-4b70-862f-751f3be81126">
          <annotation></annotation>
          <name>return</name>
          <command>NEXT</command>
          <linkMode>false</linkMode>
          <responseSymbol>failure</responseSymbol>
          <shouldHandoff>false</shouldHandoff>
          <transitionValue>0.0</transitionValue>
          <destination>
            <refId>02a6f664-6440-4a34-90e4-f9d948394d3d</refId>
          </destination>
          <source>
            <refId>02a6f664-6440-4a34-90e4-f9d948394d3d</refId>
          </source>
          <positions/>
        </transition>
      </transitions>
      <properties/>
      <returnStepType>ERROR</returnStepType>
      <assignments/>
    </returnStep>
    <step id="0b6606c9-2432-47f3-bc3a-c8fd61ad976f">
      <annotation>c05a1c16-4198-4a79-a256-44d053f9c828.0b6606c9-2432-47f3-bc3a-c8fd61ad976f.description</annotation>
      <name>Get Virtual Machine</name>
      <bounds>
        <x>649.0</x>
        <y>145.0</y>
      </bounds>
      <layer>-1</layer>
      <hideInbound>false</hideInbound>
      <addResultToRunContext>false</addResultToRunContext>
      <isCriticalStep>false</isCriticalStep>
      <isNonBlocking>false</isNonBlocking>
      <isParallelStep>false</isParallelStep>
      <isSingleResponse>false</isSingleResponse>
      <recordInHistory>false</recordInHistory>
      <recordRawOutput>true</recordRawOutput>
      <recordPrimaryOutput>true</recordPrimaryOutput>
      <checkPointStep>true</checkPointStep>
      <historyCheckPointStep>true</historyCheckPointStep>
      <scriptResultStep>false</scriptResultStep>
      <userPrompt></userPrompt>
      <bindings>
        <staticBinding id="af133428-6267-4729-b90f-383c70feafdc">
          <annotation></annotation>
          <toContextKey></toContextKey>
          <assignFromContext>false</assignFromContext>
          <assignToContext>true</assignToContext>
          <inputType>STRING</inputType>
          <isList>false</isList>
          <required>true</required>
          <isPersisted>true</isPersisted>
          <inputSymbol>host</inputSymbol>
          <listDelimiter>,</listDelimiter>
          <value>${vmmp.host}</value>
          <record>false</record>
        </staticBinding>
        <identityBinding id="feacccb5-5c5e-4099-9dde-35b1fa5fae25">
          <annotation></annotation>
          <toContextKey></toContextKey>
          <assignFromContext>true</assignFromContext>
          <assignToContext>true</assignToContext>
          <inputType>STRING</inputType>
          <isList>false</isList>
          <required>false</required>
          <isPersisted>true</isPersisted>
          <inputSymbol>user</inputSymbol>
          <listDelimiter>,</listDelimiter>
          <record>false</record>
          <link>
            <refId>175fb5fb-15e2-4aa9-a31b-3907e8c9cdcf</refId>
            <refName>pc.vcenter</refName>
          </link>
          <identityAttribute>USERNAME</identityAttribute>
        </identityBinding>
        <identityBinding id="e6f7132d-3089-45de-bc73-647b694a9b22">
          <annotation></annotation>
          <toContextKey></toContextKey>
          <assignFromContext>true</assignFromContext>
          <assignToContext>true</assignToContext>
          <inputType>ENCRYPTED</inputType>
          <recordKey></recordKey>
          <isList>false</isList>
          <required>true</required>
          <isPersisted>false</isPersisted>
          <inputSymbol>password</inputSymbol>
          <listDelimiter>,</listDelimiter>
          <record>false</record>
          <link>
            <refId>175fb5fb-15e2-4aa9-a31b-3907e8c9cdcf</refId>
            <refName>pc.vcenter</refName>
          </link>
          <identityAttribute>PASSWORD</identityAttribute>
        </identityBinding>
        <staticBinding id="5b63c7e7-7577-413f-b2fa-5876aa9951ea">
          <annotation></annotation>
          <toContextKey></toContextKey>
          <fromContextKey></fromContextKey>
          <assignFromContext>false</assignFromContext>
          <assignToContext>true</assignToContext>
          <inputType>STRING</inputType>
          <isList>false</isList>
          <required>true</required>
          <isPersisted>true</isPersisted>
          <inputSymbol>port</inputSymbol>
          <listDelimiter>,</listDelimiter>
          <value>443</value>
          <record>false</record>
        </staticBinding>
        <staticBinding id="3d84a2b2-cdff-49e5-9e40-3fcc32b14501">
          <annotation></annotation>
          <toContextKey></toContextKey>
          <fromContextKey></fromContextKey>
          <assignFromContext>false</assignFromContext>
          <assignToContext>true</assignToContext>
          <inputType>STRING</inputType>
          <isList>false</isList>
          <required>true</required>
          <isPersisted>true</isPersisted>
          <inputSymbol>protocol</inputSymbol>
          <listDelimiter>,</listDelimiter>
          <value>https</value>
          <record>false</record>
        </staticBinding>
        <staticBinding id="9251f6f5-cecf-4503-bb3c-c08764c226cc">
          <annotation></annotation>
          <assignFromContext>true</assignFromContext>
          <assignToContext>true</assignToContext>
          <inputType>STRING</inputType>
          <isList>false</isList>
          <required>true</required>
          <isPersisted>true</isPersisted>
          <inputSymbol>closeSession</inputSymbol>
          <listDelimiter>,</listDelimiter>
          <value>false</value>
          <record>false</record>
        </staticBinding>
        <staticBinding id="09af001e-2e95-4a83-b85e-abc5b5f51e25">
          <annotation></annotation>
          <toContextKey></toContextKey>
          <fromContextKey></fromContextKey>
          <assignFromContext>false</assignFromContext>
          <assignToContext>true</assignToContext>
          <inputType>STRING</inputType>
          <isList>false</isList>
          <required>false</required>
          <isPersisted>true</isPersisted>
          <inputSymbol>vmDatacenter</inputSymbol>
          <listDelimiter>,</listDelimiter>
          <value>${vmDatacenter}</value>
          <record>false</record>
        </staticBinding>
        <staticBinding id="df5289ef-1bc4-407a-afc6-87b7de7ef0b8">
          <annotation></annotation>
          <assignFromContext>true</assignFromContext>
          <assignToContext>true</assignToContext>
          <inputType>STRING</inputType>
          <isList>false</isList>
          <required>false</required>
          <isPersisted>true</isPersisted>
          <inputSymbol>hostSystem</inputSymbol>
          <listDelimiter>,</listDelimiter>
          <value></value>
          <record>false</record>
        </staticBinding>
        <staticBinding id="b63e2589-cfbb-4b07-ad7d-42e689d919ed">
          <annotation></annotation>
          <toContextKey></toContextKey>
          <fromContextKey></fromContextKey>
          <assignFromContext>false</assignFromContext>
          <assignToContext>true</assignToContext>
          <inputType>STRING</inputType>
          <isList>false</isList>
          <required>false</required>
          <isPersisted>true</isPersisted>
          <inputSymbol>vmIdentifierType</inputSymbol>
          <listDelimiter>,</listDelimiter>
          <value>NAME</value>
          <record>false</record>
        </staticBinding>
        <userInputBinding id="c6c6e423-ed85-42bf-9bdd-ca74878f6365">
          <annotation></annotation>
          <assignFromContext>true</assignFromContext>
          <assignToContext>true</assignToContext>
          <inputType>STRING</inputType>
          <isList>false</isList>
          <required>false</required>
          <isPersisted>true</isPersisted>
          <inputSymbol>vmName</inputSymbol>
          <listDelimiter>,</listDelimiter>
          <record>false</record>
          <prompt></prompt>
          <isMultiSelect>false</isMultiSelect>
          <sourceDelimiter>|</sourceDelimiter>
        </userInputBinding>
        <staticBinding id="873e4596-6461-42e8-99bc-064e2f86dedb">
          <annotation></annotation>
          <toContextKey></toContextKey>
          <fromContextKey>vmName</fromContextKey>
          <assignFromContext>false</assignFromContext>
          <assignToContext>true</assignToContext>
          <inputType>STRING</inputType>
          <isList>false</isList>
          <required>false</required>
          <isPersisted>true</isPersisted>
          <inputSymbol>virtualMachine</inputSymbol>
          <listDelimiter>,</listDelimiter>
          <value>${server.hostname}_${server.hostname}</value>
          <record>false</record>
        </staticBinding>
        <staticBinding id="65877e86-3310-489c-9a7b-51e7af3f8520">
          <annotation></annotation>
          <assignFromContext>true</assignFromContext>
          <assignToContext>true</assignToContext>
          <inputType>STRING</inputType>
          <isList>false</isList>
          <required>true</required>
          <isPersisted>true</isPersisted>
          <inputSymbol>getDetailed</inputSymbol>
          <listDelimiter>,</listDelimiter>
          <value></value>
          <record>false</record>
        </staticBinding>
      </bindings>
      <transitions>
        <transition id="dc578a7f-d6af-44a5-85f2-2ddd56e2453b">
          <annotation></annotation>
          <name>success</name>
          <command>NEXT</command>
          <linkMode>false</linkMode>
          <responseSymbol>success</responseSymbol>
          <shouldHandoff>false</shouldHandoff>
          <transitionValue>0.0</transitionValue>
          <destination>
            <refId>a1c5d361-fc37-47d9-b0b0-48c2e946ffee</refId>
          </destination>
          <source>
            <refId>0b6606c9-2432-47f3-bc3a-c8fd61ad976f</refId>
          </source>
          <positions>
            <point>
              <x>546.0</x>
              <y>168.0</y>
            </point>
            <point>
              <x>663.0</x>
              <y>179.0</y>
            </point>
          </positions>
          <labelPosition>
            <x>333.0</x>
            <y>0.0</y>
          </labelPosition>
        </transition>
        <transition id="d0560e03-093e-4386-8ad4-1ec5cf928f5c">
          <annotation></annotation>
          <name>failure</name>
          <command>NEXT</command>
          <linkMode>false</linkMode>
          <responseSymbol>failure</responseSymbol>
          <shouldHandoff>false</shouldHandoff>
          <transitionValue>0.0</transitionValue>
          <destination>
            <refId>02a6f664-6440-4a34-90e4-f9d948394d3d</refId>
          </destination>
          <source>
            <refId>0b6606c9-2432-47f3-bc3a-c8fd61ad976f</refId>
          </source>
          <positions>
            <point>
              <x>546.0</x>
              <y>168.0</y>
            </point>
            <point>
              <x>663.0</x>
              <y>314.0</y>
            </point>
          </positions>
          <labelPosition>
            <x>333.0</x>
            <y>0.0</y>
          </labelPosition>
        </transition>
        <transition id="661c81ca-d602-451a-8f86-01484f2c30bd">
          <annotation></annotation>
          <name>no more</name>
          <command>NEXT</command>
          <linkMode>false</linkMode>
          <responseSymbol>no more</responseSymbol>
          <shouldHandoff>false</shouldHandoff>
          <transitionValue>0.0</transitionValue>
          <destination>
            <refId>02a6f664-6440-4a34-90e4-f9d948394d3d</refId>
          </destination>
          <source>
            <refId>0b6606c9-2432-47f3-bc3a-c8fd61ad976f</refId>
          </source>
          <positions>
            <point>
              <x>699.0</x>
              <y>179.0</y>
            </point>
            <point>
              <x>740.4608844533584</x>
              <y>229.05991470573304</y>
            </point>
            <point>
              <x>746.351150974783</x>
              <y>248.3110296781939</y>
            </point>
            <point>
              <x>740.0</x>
              <y>313.0</y>
            </point>
          </positions>
          <labelPosition>
            <x>333.0</x>
            <y>0.0</y>
          </labelPosition>
        </transition>
      </transitions>
      <properties/>
      <opRef>
        <refId>a7b8a2c3-99a3-47a7-99e2-6e6d5988c060</refId>
      </opRef>
      <assignments>
        <flowVariableAssignment id="4d61ea49-08f4-4602-9747-95cc4b092fe8">
          <annotation></annotation>
          <name>assignment</name>
          <action>OVERWRITE</action>
          <assignmentTargetType>FLOW_VARIABLE</assignmentTargetType>
          <contextKey>vmId</contextKey>
          <expression id="33e3e07c-7e6c-40c9-8d84-4264b4ae6eb5">
            <annotation></annotation>
            <name>Result Field: returnResult</name>
            <fieldName>returnResult</fieldName>
            <sourceType>RAWRESULT</sourceType>
            <filters/>
          </expression>
        </flowVariableAssignment>
      </assignments>
      <throttleSize>0</throttleSize>
    </step>
    <returnStep id="a056b9a2-cb65-4d6a-ac97-ea3e2f5d1c18">
      <annotation></annotation>
      <name>Error : failure</name>
      <bounds>
        <x>251.0</x>
        <y>294.0</y>
      </bounds>
      <layer>-1</layer>
      <hideInbound>false</hideInbound>
      <addResultToRunContext>false</addResultToRunContext>
      <isCriticalStep>false</isCriticalStep>
      <isNonBlocking>false</isNonBlocking>
      <isParallelStep>false</isParallelStep>
      <isSingleResponse>false</isSingleResponse>
      <recordInHistory>false</recordInHistory>
      <recordRawOutput>true</recordRawOutput>
      <recordPrimaryOutput>true</recordPrimaryOutput>
      <checkPointStep>true</checkPointStep>
      <historyCheckPointStep>true</historyCheckPointStep>
      <scriptResultStep>false</scriptResultStep>
      <userPrompt></userPrompt>
      <bindings/>
      <transitions>
        <transition id="48ec4b71-62a6-4d19-be14-44e09864ba40">
          <annotation></annotation>
          <name>return</name>
          <command>NEXT</command>
          <linkMode>false</linkMode>
          <responseSymbol>failure</responseSymbol>
          <shouldHandoff>false</shouldHandoff>
          <transitionValue>0.0</transitionValue>
          <destination>
            <refId>a056b9a2-cb65-4d6a-ac97-ea3e2f5d1c18</refId>
          </destination>
          <source>
            <refId>a056b9a2-cb65-4d6a-ac97-ea3e2f5d1c18</refId>
          </source>
          <positions/>
        </transition>
      </transitions>
      <properties/>
      <returnStepType>ERROR</returnStepType>
      <assignments/>
    </returnStep>
    <returnStep id="c29a2da1-cffe-4f38-88d2-eed3cf02b024">
      <annotation></annotation>
      <name>Resolved : success</name>
      <bounds>
        <x>935.0</x>
        <y>145.0</y>
      </bounds>
      <layer>-1</layer>
      <hideInbound>false</hideInbound>
      <addResultToRunContext>false</addResultToRunContext>
      <isCriticalStep>false</isCriticalStep>
      <isNonBlocking>false</isNonBlocking>
      <isParallelStep>false</isParallelStep>
      <isSingleResponse>false</isSingleResponse>
      <recordInHistory>false</recordInHistory>
      <recordRawOutput>true</recordRawOutput>
      <recordPrimaryOutput>true</recordPrimaryOutput>
      <checkPointStep>true</checkPointStep>
      <historyCheckPointStep>true</historyCheckPointStep>
      <scriptResultStep>false</scriptResultStep>
      <userPrompt></userPrompt>
      <bindings/>
      <transitions>
        <transition id="5630c970-12c3-4b32-bc51-fd149448d56d">
          <annotation></annotation>
          <name>return</name>
          <command>NEXT</command>
          <linkMode>false</linkMode>
          <responseSymbol>success</responseSymbol>
          <shouldHandoff>false</shouldHandoff>
          <transitionValue>0.0</transitionValue>
          <destination>
            <refId>c29a2da1-cffe-4f38-88d2-eed3cf02b024</refId>
          </destination>
          <source>
            <refId>c29a2da1-cffe-4f38-88d2-eed3cf02b024</refId>
          </source>
          <positions/>
        </transition>
      </transitions>
      <properties/>
      <returnStepType>RESOLVED</returnStepType>
      <assignments/>
    </returnStep>
  </steps>
  <startSteps>6d9fdab3-a778-4f1e-87ca-44893c7ce292</startSteps>
</flow>