<?xml version="1.0" encoding="UTF-8"?>
<flow id="2f85f2b7-19a5-4f57-826e-45eb00fda64b">
  <annotation></annotation>
  <name>MOE_CreateIOTemplate</name>
  <categories/>
  <inputs>
    <userInputBinding id="5a9af870-9ac2-40f7-b2f2-c1903e1a1642">
      <annotation></annotation>
      <assignFromContext>true</assignFromContext>
      <assignToContext>true</assignToContext>
      <inputType>STRING</inputType>
      <isList>false</isList>
      <required>false</required>
      <isPersisted>true</isPersisted>
      <inputSymbol>host</inputSymbol>
      <listDelimiter>,</listDelimiter>
      <record>false</record>
      <prompt></prompt>
      <isMultiSelect>false</isMultiSelect>
      <sourceDelimiter>|</sourceDelimiter>
    </userInputBinding>
    <userInputBinding id="4fda56c1-483e-4234-9947-8bdf6011d29a">
      <annotation></annotation>
      <assignFromContext>true</assignFromContext>
      <assignToContext>true</assignToContext>
      <inputType>STRING</inputType>
      <isList>false</isList>
      <required>false</required>
      <isPersisted>true</isPersisted>
      <inputSymbol>oracle</inputSymbol>
      <listDelimiter>,</listDelimiter>
      <record>false</record>
      <prompt></prompt>
      <isMultiSelect>false</isMultiSelect>
      <sourceDelimiter>|</sourceDelimiter>
    </userInputBinding>
    <userInputBinding id="86a63a28-8360-4afd-adc3-31075c435f50">
      <annotation></annotation>
      <assignFromContext>true</assignFromContext>
      <assignToContext>true</assignToContext>
      <inputType>STRING</inputType>
      <isList>false</isList>
      <required>false</required>
      <isPersisted>true</isPersisted>
      <inputSymbol>domain</inputSymbol>
      <listDelimiter>,</listDelimiter>
      <record>false</record>
      <prompt></prompt>
      <isMultiSelect>false</isMultiSelect>
      <sourceDelimiter>|</sourceDelimiter>
    </userInputBinding>
    <userInputBinding id="da3c8d4a-eecb-41e9-a094-dbec3c141257">
      <annotation></annotation>
      <assignFromContext>true</assignFromContext>
      <assignToContext>true</assignToContext>
      <inputType>STRING</inputType>
      <isList>false</isList>
      <required>false</required>
      <isPersisted>true</isPersisted>
      <inputSymbol>user</inputSymbol>
      <listDelimiter>,</listDelimiter>
      <record>false</record>
      <prompt></prompt>
      <isMultiSelect>false</isMultiSelect>
      <sourceDelimiter>|</sourceDelimiter>
    </userInputBinding>
    <userInputBinding id="b026520f-fdd8-45ac-9339-b05527c36cea">
      <annotation></annotation>
      <assignFromContext>true</assignFromContext>
      <assignToContext>true</assignToContext>
      <inputType>ENCRYPTED</inputType>
      <isList>false</isList>
      <required>false</required>
      <isPersisted>true</isPersisted>
      <inputSymbol>password</inputSymbol>
      <listDelimiter>,</listDelimiter>
      <record>false</record>
      <prompt></prompt>
      <isMultiSelect>false</isMultiSelect>
      <sourceDelimiter>|</sourceDelimiter>
    </userInputBinding>
    <userInputBinding id="cca13e73-58bb-4532-9f8c-bc2091c18ffc">
      <annotation></annotation>
      <assignFromContext>true</assignFromContext>
      <assignToContext>true</assignToContext>
      <inputType>STRING</inputType>
      <isList>false</isList>
      <required>false</required>
      <isPersisted>true</isPersisted>
      <inputSymbol>Script_Name</inputSymbol>
      <listDelimiter>,</listDelimiter>
      <record>false</record>
      <prompt></prompt>
      <isMultiSelect>false</isMultiSelect>
      <sourceDelimiter>|</sourceDelimiter>
    </userInputBinding>
    <userInputBinding id="e15a8e74-026a-4482-bc61-e59e9f8e84fb">
      <annotation></annotation>
      <assignFromContext>true</assignFromContext>
      <assignToContext>true</assignToContext>
      <inputType>STRING</inputType>
      <isList>false</isList>
      <required>false</required>
      <isPersisted>true</isPersisted>
      <inputSymbol>Script_Path</inputSymbol>
      <listDelimiter>,</listDelimiter>
      <record>false</record>
      <prompt></prompt>
      <isMultiSelect>false</isMultiSelect>
      <sourceDelimiter>|</sourceDelimiter>
    </userInputBinding>
    <userInputBinding id="e675f91f-f6bb-4a8d-8721-45788c0c4dbb">
      <annotation></annotation>
      <assignFromContext>true</assignFromContext>
      <assignToContext>true</assignToContext>
      <inputType>STRING</inputType>
      <isList>false</isList>
      <required>false</required>
      <isPersisted>true</isPersisted>
      <inputSymbol>moev</inputSymbol>
      <listDelimiter>,</listDelimiter>
      <record>false</record>
      <prompt></prompt>
      <isMultiSelect>false</isMultiSelect>
      <sourceDelimiter>|</sourceDelimiter>
    </userInputBinding>
    <userInputBinding id="96b22a27-9ef2-4f07-bfbd-0db0244f5d38">
      <annotation></annotation>
      <assignFromContext>true</assignFromContext>
      <assignToContext>true</assignToContext>
      <inputType>STRING</inputType>
      <isList>false</isList>
      <required>false</required>
      <isPersisted>true</isPersisted>
      <inputSymbol>currentDirectory</inputSymbol>
      <listDelimiter>,</listDelimiter>
      <record>false</record>
      <prompt></prompt>
      <isMultiSelect>false</isMultiSelect>
      <sourceDelimiter>|</sourceDelimiter>
    </userInputBinding>
    <userInputBinding id="f0a0256d-5d14-4969-883e-81e849ba10a9">
      <annotation></annotation>
      <assignFromContext>true</assignFromContext>
      <assignToContext>true</assignToContext>
      <inputType>STRING</inputType>
      <isList>false</isList>
      <required>false</required>
      <isPersisted>true</isPersisted>
      <inputSymbol>xml</inputSymbol>
      <listDelimiter>,</listDelimiter>
      <record>false</record>
      <prompt></prompt>
      <isMultiSelect>false</isMultiSelect>
      <sourceDelimiter>|</sourceDelimiter>
    </userInputBinding>
    <userInputBinding id="b7e58eb0-0717-4985-abd6-42bd72703464">
      <annotation></annotation>
      <assignFromContext>true</assignFromContext>
      <assignToContext>true</assignToContext>
      <inputType>STRING</inputType>
      <isList>false</isList>
      <required>false</required>
      <isPersisted>true</isPersisted>
      <inputSymbol>hostname</inputSymbol>
      <listDelimiter>,</listDelimiter>
      <record>false</record>
      <prompt></prompt>
      <isMultiSelect>false</isMultiSelect>
      <sourceDelimiter>|</sourceDelimiter>
    </userInputBinding>
    <userInputBinding id="f28e08c8-64da-4b13-948e-82d02711010c">
      <annotation></annotation>
      <assignFromContext>true</assignFromContext>
      <assignToContext>true</assignToContext>
      <inputType>STRING</inputType>
      <isList>false</isList>
      <required>false</required>
      <isPersisted>true</isPersisted>
      <inputSymbol>platform</inputSymbol>
      <listDelimiter>,</listDelimiter>
      <record>false</record>
      <prompt></prompt>
      <isMultiSelect>false</isMultiSelect>
      <sourceDelimiter>|</sourceDelimiter>
    </userInputBinding>
    <userInputBinding id="6d781479-b1f2-453b-937b-c57586c71d3e">
      <annotation></annotation>
      <assignFromContext>true</assignFromContext>
      <assignToContext>true</assignToContext>
      <inputType>STRING</inputType>
      <isList>false</isList>
      <required>false</required>
      <isPersisted>true</isPersisted>
      <inputSymbol>vram</inputSymbol>
      <listDelimiter>,</listDelimiter>
      <record>false</record>
      <prompt></prompt>
      <isMultiSelect>false</isMultiSelect>
      <sourceDelimiter>|</sourceDelimiter>
    </userInputBinding>
    <userInputBinding id="37c02ece-1e43-436b-9c88-4cbbc1a886c2">
      <annotation></annotation>
      <assignFromContext>true</assignFromContext>
      <assignToContext>true</assignToContext>
      <inputType>STRING</inputType>
      <isList>false</isList>
      <required>false</required>
      <isPersisted>true</isPersisted>
      <inputSymbol>vcpu</inputSymbol>
      <listDelimiter>,</listDelimiter>
      <record>false</record>
      <prompt></prompt>
      <isMultiSelect>false</isMultiSelect>
      <sourceDelimiter>|</sourceDelimiter>
    </userInputBinding>
    <userInputBinding id="234b12f5-5068-4ead-87d0-5bf19e6270d4">
      <annotation></annotation>
      <assignFromContext>true</assignFromContext>
      <assignToContext>true</assignToContext>
      <inputType>STRING</inputType>
      <isList>false</isList>
      <required>false</required>
      <isPersisted>true</isPersisted>
      <inputSymbol>os</inputSymbol>
      <listDelimiter>,</listDelimiter>
      <record>false</record>
      <prompt></prompt>
      <isMultiSelect>false</isMultiSelect>
      <sourceDelimiter>|</sourceDelimiter>
    </userInputBinding>
    <userInputBinding id="4759591a-e1f2-4a58-9082-e4b4f63983a9">
      <annotation></annotation>
      <assignFromContext>true</assignFromContext>
      <assignToContext>true</assignToContext>
      <inputType>STRING</inputType>
      <isList>false</isList>
      <required>false</required>
      <isPersisted>true</isPersisted>
      <inputSymbol>sn0</inputSymbol>
      <listDelimiter>,</listDelimiter>
      <record>false</record>
      <prompt></prompt>
      <isMultiSelect>false</isMultiSelect>
      <sourceDelimiter>|</sourceDelimiter>
    </userInputBinding>
    <userInputBinding id="7f2aec6b-db71-4c26-9860-53f1365907cd">
      <annotation></annotation>
      <assignFromContext>true</assignFromContext>
      <assignToContext>true</assignToContext>
      <inputType>STRING</inputType>
      <isList>false</isList>
      <required>false</required>
      <isPersisted>true</isPersisted>
      <inputSymbol>sn1</inputSymbol>
      <listDelimiter>,</listDelimiter>
      <record>false</record>
      <prompt></prompt>
      <isMultiSelect>false</isMultiSelect>
      <sourceDelimiter>|</sourceDelimiter>
    </userInputBinding>
    <userInputBinding id="ebb2ef67-414d-44a8-a2c2-8543e16edc3d">
      <annotation></annotation>
      <assignFromContext>true</assignFromContext>
      <assignToContext>true</assignToContext>
      <inputType>STRING</inputType>
      <isList>false</isList>
      <required>false</required>
      <isPersisted>true</isPersisted>
      <inputSymbol>sn2</inputSymbol>
      <listDelimiter>,</listDelimiter>
      <record>false</record>
      <prompt></prompt>
      <isMultiSelect>false</isMultiSelect>
      <sourceDelimiter>|</sourceDelimiter>
    </userInputBinding>
    <userInputBinding id="6c5f26e2-8770-40ae-972f-27a60b9c567f">
      <annotation></annotation>
      <assignFromContext>true</assignFromContext>
      <assignToContext>true</assignToContext>
      <inputType>STRING</inputType>
      <isList>false</isList>
      <required>false</required>
      <isPersisted>true</isPersisted>
      <inputSymbol>ip0</inputSymbol>
      <listDelimiter>,</listDelimiter>
      <record>false</record>
      <prompt></prompt>
      <isMultiSelect>false</isMultiSelect>
      <sourceDelimiter>|</sourceDelimiter>
    </userInputBinding>
    <userInputBinding id="2beaf4b5-14c5-444c-8289-f955dfb25af6">
      <annotation></annotation>
      <assignFromContext>true</assignFromContext>
      <assignToContext>true</assignToContext>
      <inputType>STRING</inputType>
      <isList>false</isList>
      <required>false</required>
      <isPersisted>true</isPersisted>
      <inputSymbol>ip1</inputSymbol>
      <listDelimiter>,</listDelimiter>
      <record>false</record>
      <prompt></prompt>
      <isMultiSelect>false</isMultiSelect>
      <sourceDelimiter>|</sourceDelimiter>
    </userInputBinding>
    <userInputBinding id="133f7def-c77c-4927-95c2-c96a1bc553fd">
      <annotation></annotation>
      <assignFromContext>true</assignFromContext>
      <assignToContext>true</assignToContext>
      <inputType>STRING</inputType>
      <isList>false</isList>
      <required>false</required>
      <isPersisted>true</isPersisted>
      <inputSymbol>ip2</inputSymbol>
      <listDelimiter>,</listDelimiter>
      <record>false</record>
      <prompt></prompt>
      <isMultiSelect>false</isMultiSelect>
      <sourceDelimiter>|</sourceDelimiter>
    </userInputBinding>
    <userInputBinding id="52708152-6f2c-4838-a328-13b88f02dc12">
      <annotation></annotation>
      <assignFromContext>true</assignFromContext>
      <assignToContext>true</assignToContext>
      <inputType>STRING</inputType>
      <isList>false</isList>
      <required>false</required>
      <isPersisted>true</isPersisted>
      <inputSymbol>disk1</inputSymbol>
      <listDelimiter>,</listDelimiter>
      <record>false</record>
      <prompt></prompt>
      <isMultiSelect>false</isMultiSelect>
      <sourceDelimiter>|</sourceDelimiter>
    </userInputBinding>
    <userInputBinding id="dcba008a-52b6-4143-a339-9326a2e73268">
      <annotation></annotation>
      <assignFromContext>true</assignFromContext>
      <assignToContext>true</assignToContext>
      <inputType>STRING</inputType>
      <isList>false</isList>
      <required>false</required>
      <isPersisted>true</isPersisted>
      <inputSymbol>disk2</inputSymbol>
      <listDelimiter>,</listDelimiter>
      <record>false</record>
      <prompt></prompt>
      <isMultiSelect>false</isMultiSelect>
      <sourceDelimiter>|</sourceDelimiter>
    </userInputBinding>
    <userInputBinding id="e89ac0f7-a704-4748-b30f-50decdbbdadd">
      <annotation></annotation>
      <assignFromContext>true</assignFromContext>
      <assignToContext>true</assignToContext>
      <inputType>STRING</inputType>
      <isList>false</isList>
      <required>false</required>
      <isPersisted>true</isPersisted>
      <inputSymbol>disk3</inputSymbol>
      <listDelimiter>,</listDelimiter>
      <record>false</record>
      <prompt></prompt>
      <isMultiSelect>false</isMultiSelect>
      <sourceDelimiter>|</sourceDelimiter>
    </userInputBinding>
    <userInputBinding id="71f0330f-1c94-4e84-9357-d3461d60f72d">
      <annotation></annotation>
      <assignFromContext>true</assignFromContext>
      <assignToContext>true</assignToContext>
      <inputType>STRING</inputType>
      <isList>false</isList>
      <required>false</required>
      <isPersisted>true</isPersisted>
      <inputSymbol>vmtplpath</inputSymbol>
      <listDelimiter>,</listDelimiter>
      <record>false</record>
      <prompt></prompt>
      <isMultiSelect>false</isMultiSelect>
      <sourceDelimiter>|</sourceDelimiter>
    </userInputBinding>
    <userInputBinding id="b6337263-50ce-40e8-a6db-9b19b56d489d">
      <annotation></annotation>
      <assignFromContext>true</assignFromContext>
      <assignToContext>true</assignToContext>
      <inputType>STRING</inputType>
      <isList>false</isList>
      <required>false</required>
      <isPersisted>true</isPersisted>
      <inputSymbol>datastore</inputSymbol>
      <listDelimiter>,</listDelimiter>
      <record>false</record>
      <prompt></prompt>
      <isMultiSelect>false</isMultiSelect>
      <sourceDelimiter>|</sourceDelimiter>
    </userInputBinding>
    <userInputBinding id="bab93014-5a34-4592-b598-07814aa4d80c">
      <annotation></annotation>
      <assignFromContext>true</assignFromContext>
      <assignToContext>true</assignToContext>
      <inputType>STRING</inputType>
      <isList>false</isList>
      <required>false</required>
      <isPersisted>true</isPersisted>
      <inputSymbol>vmtplguid</inputSymbol>
      <listDelimiter>,</listDelimiter>
      <record>false</record>
      <prompt></prompt>
      <isMultiSelect>false</isMultiSelect>
      <sourceDelimiter>|</sourceDelimiter>
    </userInputBinding>
    <userInputBinding id="c408f011-4059-4a79-ab68-3884a5a8bcaf">
      <annotation></annotation>
      <assignFromContext>true</assignFromContext>
      <assignToContext>true</assignToContext>
      <inputType>STRING</inputType>
      <isList>false</isList>
      <required>false</required>
      <isPersisted>true</isPersisted>
      <inputSymbol>pc.moe.host</inputSymbol>
      <listDelimiter>,</listDelimiter>
      <record>false</record>
      <prompt></prompt>
      <isMultiSelect>false</isMultiSelect>
      <sourceDelimiter>|</sourceDelimiter>
    </userInputBinding>
    <userInputBinding id="8296d6ef-2554-4077-9097-ccd330576172">
      <annotation></annotation>
      <assignFromContext>true</assignFromContext>
      <assignToContext>false</assignToContext>
      <inputType>STRING</inputType>
      <isList>false</isList>
      <required>false</required>
      <isPersisted>true</isPersisted>
      <inputSymbol>sla</inputSymbol>
      <listDelimiter>,</listDelimiter>
      <record>false</record>
      <prompt></prompt>
      <isMultiSelect>false</isMultiSelect>
      <sourceDelimiter>|</sourceDelimiter>
    </userInputBinding>
  </inputs>
  <scriptlet id="5d7cb705-8c14-409a-b4e0-c9383acef792">
    <annotation></annotation>
    <name>Operation MOE_CreateIOTemplate (2f85f2b7-19a5-4f57-826e-45eb00fda64b)</name>
    <type>RHINO</type>
  </scriptlet>
  <possibleResponses>
    <opResponse id="a3aca05e-a495-4330-b33d-2fdb24f12d8f">
      <annotation></annotation>
      <name>failure</name>
      <isDefault>false</isDefault>
      <onFailure>true</onFailure>
      <type>ERROR</type>
      <matchRules/>
    </opResponse>
    <opResponse id="3f708540-2f52-40cb-a528-8288d7b15a47">
      <annotation></annotation>
      <name>success</name>
      <isDefault>true</isDefault>
      <onFailure>false</onFailure>
      <type>RESOLVED</type>
      <matchRules/>
    </opResponse>
  </possibleResponses>
  <availableResultExpressions/>
  <resultExpression id="e03ccfc5-81ac-4272-993c-b5ce25137bf9">
    <annotation></annotation>
    <name>FailureMessage</name>
    <fieldName>FailureMessage</fieldName>
    <sourceType>RAWRESULT</sourceType>
    <filters/>
  </resultExpression>
  <iconSpec id="3739a0cb-9e5d-4577-ac6e-0fe09f99a708">
    <baseIcon>flow.png</baseIcon>
    <basePath>System</basePath>
    <readOnly>false</readOnly>
    <layers/>
  </iconSpec>
  <callouts/>
  <checkPointFlow>true</checkPointFlow>
  <compatibleRuntimeContext>false</compatibleRuntimeContext>
  <historyCheckPointFlow>true</historyCheckPointFlow>
  <steps>
    <step id="855375bf-6526-4bb2-98fc-d351b0f0dd7e">
      <annotation>2f85f2b7-19a5-4f57-826e-45eb00fda64b.855375bf-6526-4bb2-98fc-d351b0f0dd7e.description</annotation>
      <name>Is Physical?</name>
      <bounds>
        <x>5.0</x>
        <y>15.0</y>
      </bounds>
      <layer>-1</layer>
      <hideInbound>false</hideInbound>
      <iconSpec id="ee02ed8c-f6ac-49b3-bde8-5b0846ed0d65">
        <baseIcon>compare.png</baseIcon>
        <basePath>Utilities/</basePath>
        <readOnly>false</readOnly>
        <layers/>
      </iconSpec>
      <addResultToRunContext>false</addResultToRunContext>
      <isCriticalStep>false</isCriticalStep>
      <isNonBlocking>false</isNonBlocking>
      <isParallelStep>false</isParallelStep>
      <isSingleResponse>false</isSingleResponse>
      <recordInHistory>false</recordInHistory>
      <recordRawOutput>true</recordRawOutput>
      <recordPrimaryOutput>true</recordPrimaryOutput>
      <checkPointStep>true</checkPointStep>
      <historyCheckPointStep>true</historyCheckPointStep>
      <scriptResultStep>false</scriptResultStep>
      <userPrompt></userPrompt>
      <bindings>
        <staticBinding id="8c089b7e-7bb2-4e69-8191-57636d35d4f8">
          <annotation></annotation>
          <toContextKey>vm.isaccessible</toContextKey>
          <fromContextKey>vm.isaccessible</fromContextKey>
          <assignFromContext>false</assignFromContext>
          <assignToContext>false</assignToContext>
          <inputType>STRING</inputType>
          <isList>false</isList>
          <required>false</required>
          <isPersisted>true</isPersisted>
          <inputSymbol>string1</inputSymbol>
          <listDelimiter>,</listDelimiter>
          <value>${platform}</value>
          <record>false</record>
        </staticBinding>
        <staticBinding id="619d0c44-3576-4330-b82c-5db973e17bbc">
          <annotation></annotation>
          <assignFromContext>false</assignFromContext>
          <assignToContext>false</assignToContext>
          <inputType>STRING</inputType>
          <isList>false</isList>
          <required>false</required>
          <isPersisted>true</isPersisted>
          <inputSymbol>string2</inputSymbol>
          <listDelimiter>,</listDelimiter>
          <value>P</value>
          <record>false</record>
        </staticBinding>
        <staticBinding id="a905969c-fbd3-4747-9658-f712051153f2">
          <annotation></annotation>
          <assignFromContext>false</assignFromContext>
          <assignToContext>false</assignToContext>
          <inputType>STRING</inputType>
          <isList>false</isList>
          <required>false</required>
          <isPersisted>true</isPersisted>
          <inputSymbol>ignoreCase</inputSymbol>
          <listDelimiter>,</listDelimiter>
          <value>true</value>
          <record>false</record>
        </staticBinding>
        <staticBinding id="60f4ced6-645b-471c-9813-3d054e42ac76">
          <annotation></annotation>
          <toContextKey></toContextKey>
          <fromContextKey></fromContextKey>
          <assignFromContext>false</assignFromContext>
          <assignToContext>false</assignToContext>
          <inputType>STRING</inputType>
          <recordKey></recordKey>
          <isList>false</isList>
          <required>false</required>
          <isPersisted>true</isPersisted>
          <inputSymbol>Field_3</inputSymbol>
          <listDelimiter></listDelimiter>
          <value>${in3}</value>
          <record>false</record>
        </staticBinding>
        <staticBinding id="8034af9e-630d-4004-893c-25caac7bada3">
          <annotation></annotation>
          <toContextKey></toContextKey>
          <fromContextKey></fromContextKey>
          <assignFromContext>false</assignFromContext>
          <assignToContext>false</assignToContext>
          <inputType>STRING</inputType>
          <recordKey></recordKey>
          <isList>false</isList>
          <required>false</required>
          <isPersisted>true</isPersisted>
          <inputSymbol>Field_4</inputSymbol>
          <listDelimiter></listDelimiter>
          <value>${in4}</value>
          <record>false</record>
        </staticBinding>
        <staticBinding id="85754f50-7f84-4fcf-9770-a1b886e98ddc">
          <annotation></annotation>
          <toContextKey></toContextKey>
          <fromContextKey></fromContextKey>
          <assignFromContext>false</assignFromContext>
          <assignToContext>false</assignToContext>
          <inputType>STRING</inputType>
          <recordKey></recordKey>
          <isList>false</isList>
          <required>false</required>
          <isPersisted>true</isPersisted>
          <inputSymbol>Field_2</inputSymbol>
          <listDelimiter></listDelimiter>
          <value>${in2}</value>
          <record>false</record>
        </staticBinding>
        <staticBinding id="75fd75f2-2525-448b-81f8-75ece532a41b">
          <annotation></annotation>
          <toContextKey></toContextKey>
          <fromContextKey></fromContextKey>
          <assignFromContext>false</assignFromContext>
          <assignToContext>false</assignToContext>
          <inputType>STRING</inputType>
          <recordKey></recordKey>
          <isList>false</isList>
          <required>false</required>
          <isPersisted>true</isPersisted>
          <inputSymbol>Field_1</inputSymbol>
          <listDelimiter></listDelimiter>
          <value>${in1}</value>
          <record>false</record>
        </staticBinding>
      </bindings>
      <transitions>
        <transition id="1a08c918-baf2-4728-a5ea-766229fe32e6">
          <annotation></annotation>
          <name>true</name>
          <command>NEXT</command>
          <linkMode>false</linkMode>
          <responseSymbol>true</responseSymbol>
          <shouldHandoff>false</shouldHandoff>
          <transitionValue>0.0</transitionValue>
          <destination>
            <refId>86561de2-a632-488f-9825-71604f2493cf</refId>
          </destination>
          <source>
            <refId>855375bf-6526-4bb2-98fc-d351b0f0dd7e</refId>
          </source>
          <positions>
            <point>
              <x>123.0</x>
              <y>80.0</y>
            </point>
            <point>
              <x>247.0</x>
              <y>213.0</y>
            </point>
          </positions>
          <labelPosition>
            <x>333.0</x>
            <y>0.0</y>
          </labelPosition>
        </transition>
        <transition id="5d069e6a-3934-42d6-8959-b98c8f01af37">
          <annotation></annotation>
          <name>false</name>
          <command>NEXT</command>
          <linkMode>false</linkMode>
          <responseSymbol>false</responseSymbol>
          <shouldHandoff>false</shouldHandoff>
          <transitionValue>0.0</transitionValue>
          <destination>
            <refId>6f109b14-cbd8-4656-8a5c-e01043701d63</refId>
          </destination>
          <source>
            <refId>855375bf-6526-4bb2-98fc-d351b0f0dd7e</refId>
          </source>
          <positions>
            <point>
              <x>99.0</x>
              <y>73.0</y>
            </point>
            <point>
              <x>367.0</x>
              <y>364.0</y>
            </point>
          </positions>
          <labelPosition>
            <x>333.0</x>
            <y>0.0</y>
          </labelPosition>
        </transition>
      </transitions>
      <properties/>
      <opRef>
        <refId>7c2f47aa-a4b3-4a7d-b3d4-007f285f7d29</refId>
      </opRef>
      <assignments/>
      <throttleSize>0</throttleSize>
    </step>
    <step id="6206702d-c1e5-45d8-aafa-e7282ae17051">
      <annotation>2f85f2b7-19a5-4f57-826e-45eb00fda64b.6206702d-c1e5-45d8-aafa-e7282ae17051.description</annotation>
      <name>Get Values</name>
      <bounds>
        <x>200.0</x>
        <y>9.0</y>
      </bounds>
      <layer>-1</layer>
      <hideInbound>false</hideInbound>
      <iconSpec id="1739363e-5cd3-4e36-9589-2ed958a53a83">
        <baseIcon>display_report.png</baseIcon>
        <basePath>Utilities/</basePath>
        <readOnly>false</readOnly>
        <layers/>
      </iconSpec>
      <addResultToRunContext>false</addResultToRunContext>
      <isCriticalStep>false</isCriticalStep>
      <isNonBlocking>false</isNonBlocking>
      <isParallelStep>false</isParallelStep>
      <isSingleResponse>false</isSingleResponse>
      <recordInHistory>false</recordInHistory>
      <recordRawOutput>true</recordRawOutput>
      <recordPrimaryOutput>true</recordPrimaryOutput>
      <checkPointStep>true</checkPointStep>
      <historyCheckPointStep>true</historyCheckPointStep>
      <scriptResultStep>false</scriptResultStep>
      <userPrompt></userPrompt>
      <bindings>
        <staticBinding id="0daad93c-9007-464c-b18d-2845c92544ff">
          <annotation></annotation>
          <assignFromContext>false</assignFromContext>
          <assignToContext>true</assignToContext>
          <inputType>STRING</inputType>
          <isList>false</isList>
          <required>false</required>
          <isPersisted>true</isPersisted>
          <inputSymbol>cmd</inputSymbol>
          <listDelimiter>,</listDelimiter>
          <value>cscript.exe ${Script_Path}/${Script_Name} /moev:${moev} /xml:${date}_${platform}_${os}_${num}.xml /hostname:${hostname} /platform:${platform} /vram:${vram} /vcpu:${vcpu} /os:${os} /sn0:${sn0} /ip0:${ip0} /sla:${server.1.servicelevelclass} /ip1:${ip1} /sn1:${sn1} /sn2:${sn2} /ip2:${ip2} /disk1:${disk1} /disk2:${disk2} /disk3:${disk3} /vmtplpath:${vmtplpath} /vmtplguid:${vmtplguid} /datastore:${datastore} /moeip:${pc.moe.host} /moeuser:${pc.moe.user} /cpuarch:x86_64 /domain:${domain} /oracle:${oracle}</value>
          <record>false</record>
        </staticBinding>
        <staticBinding id="fe89a8f4-1edf-428d-8f71-c4bf1c16c29d">
          <annotation></annotation>
          <assignFromContext>true</assignFromContext>
          <assignToContext>true</assignToContext>
          <inputType>STRING</inputType>
          <isList>false</isList>
          <required>false</required>
          <isPersisted>true</isPersisted>
          <inputSymbol>hostname</inputSymbol>
          <listDelimiter>,</listDelimiter>
          <value></value>
          <record>false</record>
        </staticBinding>
        <staticBinding id="5e0b685d-d109-4dc4-bc3a-f978be75e7f5">
          <annotation></annotation>
          <assignFromContext>true</assignFromContext>
          <assignToContext>true</assignToContext>
          <inputType>STRING</inputType>
          <isList>false</isList>
          <required>false</required>
          <isPersisted>true</isPersisted>
          <inputSymbol>platform</inputSymbol>
          <listDelimiter>,</listDelimiter>
          <value></value>
          <record>false</record>
        </staticBinding>
        <staticBinding id="c78bcc71-9c1d-443e-9929-e377754d782b">
          <annotation></annotation>
          <assignFromContext>true</assignFromContext>
          <assignToContext>true</assignToContext>
          <inputType>STRING</inputType>
          <isList>false</isList>
          <required>false</required>
          <isPersisted>true</isPersisted>
          <inputSymbol>vram</inputSymbol>
          <listDelimiter>,</listDelimiter>
          <value></value>
          <record>false</record>
        </staticBinding>
        <staticBinding id="9967d0e2-5247-4b9a-a03a-f51adb5c02d0">
          <annotation></annotation>
          <assignFromContext>true</assignFromContext>
          <assignToContext>true</assignToContext>
          <inputType>STRING</inputType>
          <isList>false</isList>
          <required>false</required>
          <isPersisted>true</isPersisted>
          <inputSymbol>vcpu</inputSymbol>
          <listDelimiter>,</listDelimiter>
          <value></value>
          <record>false</record>
        </staticBinding>
        <staticBinding id="928a7385-4e28-4f30-ba51-2d89d4262718">
          <annotation></annotation>
          <assignFromContext>true</assignFromContext>
          <assignToContext>true</assignToContext>
          <inputType>STRING</inputType>
          <isList>false</isList>
          <required>false</required>
          <isPersisted>true</isPersisted>
          <inputSymbol>os</inputSymbol>
          <listDelimiter>,</listDelimiter>
          <value></value>
          <record>false</record>
        </staticBinding>
        <staticBinding id="71234ce0-89ab-4c70-9d27-e4266dd60c90">
          <annotation></annotation>
          <assignFromContext>true</assignFromContext>
          <assignToContext>true</assignToContext>
          <inputType>STRING</inputType>
          <isList>false</isList>
          <required>false</required>
          <isPersisted>true</isPersisted>
          <inputSymbol>sn0</inputSymbol>
          <listDelimiter>,</listDelimiter>
          <value></value>
          <record>false</record>
        </staticBinding>
        <staticBinding id="37efa234-2638-4a8c-8a87-e6d00c86aa07">
          <annotation></annotation>
          <assignFromContext>true</assignFromContext>
          <assignToContext>true</assignToContext>
          <inputType>STRING</inputType>
          <isList>false</isList>
          <required>false</required>
          <isPersisted>true</isPersisted>
          <inputSymbol>sn1</inputSymbol>
          <listDelimiter>,</listDelimiter>
          <value></value>
          <record>false</record>
        </staticBinding>
        <staticBinding id="d9a09de6-8db1-469f-ac71-f9bb77fa4a5d">
          <annotation></annotation>
          <assignFromContext>true</assignFromContext>
          <assignToContext>true</assignToContext>
          <inputType>STRING</inputType>
          <isList>false</isList>
          <required>false</required>
          <isPersisted>true</isPersisted>
          <inputSymbol>sn2</inputSymbol>
          <listDelimiter>,</listDelimiter>
          <value></value>
          <record>false</record>
        </staticBinding>
        <staticBinding id="57ba1f8e-ebbe-4df9-b9ea-c03b06a73edb">
          <annotation></annotation>
          <assignFromContext>true</assignFromContext>
          <assignToContext>true</assignToContext>
          <inputType>STRING</inputType>
          <isList>false</isList>
          <required>false</required>
          <isPersisted>true</isPersisted>
          <inputSymbol>ip0</inputSymbol>
          <listDelimiter>,</listDelimiter>
          <value></value>
          <record>false</record>
        </staticBinding>
        <staticBinding id="089939bd-1ae5-44b9-afa1-c41fd37e9546">
          <annotation></annotation>
          <assignFromContext>true</assignFromContext>
          <assignToContext>true</assignToContext>
          <inputType>STRING</inputType>
          <isList>false</isList>
          <required>false</required>
          <isPersisted>true</isPersisted>
          <inputSymbol>ip1</inputSymbol>
          <listDelimiter>,</listDelimiter>
          <value></value>
          <record>false</record>
        </staticBinding>
        <staticBinding id="0602780c-65ef-4327-ae7f-207689e26efb">
          <annotation></annotation>
          <assignFromContext>true</assignFromContext>
          <assignToContext>true</assignToContext>
          <inputType>STRING</inputType>
          <isList>false</isList>
          <required>false</required>
          <isPersisted>true</isPersisted>
          <inputSymbol>ip2</inputSymbol>
          <listDelimiter>,</listDelimiter>
          <value></value>
          <record>false</record>
        </staticBinding>
        <staticBinding id="b2d637ea-0dca-4394-b9aa-e689ed3e5a26">
          <annotation></annotation>
          <assignFromContext>true</assignFromContext>
          <assignToContext>true</assignToContext>
          <inputType>STRING</inputType>
          <isList>false</isList>
          <required>false</required>
          <isPersisted>true</isPersisted>
          <inputSymbol>disk1</inputSymbol>
          <listDelimiter>,</listDelimiter>
          <value></value>
          <record>false</record>
        </staticBinding>
        <staticBinding id="2ed90be8-c62c-4ee4-b921-8a4b52fbbc94">
          <annotation></annotation>
          <assignFromContext>true</assignFromContext>
          <assignToContext>true</assignToContext>
          <inputType>STRING</inputType>
          <isList>false</isList>
          <required>false</required>
          <isPersisted>true</isPersisted>
          <inputSymbol>disk2</inputSymbol>
          <listDelimiter>,</listDelimiter>
          <value></value>
          <record>false</record>
        </staticBinding>
        <staticBinding id="e18066d0-3a15-4842-b9e7-d38523b897d9">
          <annotation></annotation>
          <assignFromContext>true</assignFromContext>
          <assignToContext>true</assignToContext>
          <inputType>STRING</inputType>
          <isList>false</isList>
          <required>false</required>
          <isPersisted>true</isPersisted>
          <inputSymbol>disk3</inputSymbol>
          <listDelimiter>,</listDelimiter>
          <value></value>
          <record>false</record>
        </staticBinding>
        <staticBinding id="f7def922-8511-41e1-abb3-24505ddd4415">
          <annotation></annotation>
          <assignFromContext>true</assignFromContext>
          <assignToContext>true</assignToContext>
          <inputType>STRING</inputType>
          <isList>false</isList>
          <required>false</required>
          <isPersisted>true</isPersisted>
          <inputSymbol>datastore</inputSymbol>
          <listDelimiter>,</listDelimiter>
          <value></value>
          <record>false</record>
        </staticBinding>
        <staticBinding id="df927f32-b75a-41b9-a143-05c511790a28">
          <annotation></annotation>
          <assignFromContext>true</assignFromContext>
          <assignToContext>true</assignToContext>
          <inputType>STRING</inputType>
          <isList>false</isList>
          <required>false</required>
          <isPersisted>true</isPersisted>
          <inputSymbol>vmtplpath</inputSymbol>
          <listDelimiter>,</listDelimiter>
          <value></value>
          <record>false</record>
        </staticBinding>
        <staticBinding id="cbceda02-55bf-40cc-952d-4722e76d9978">
          <annotation></annotation>
          <assignFromContext>true</assignFromContext>
          <assignToContext>true</assignToContext>
          <inputType>STRING</inputType>
          <isList>false</isList>
          <required>false</required>
          <isPersisted>true</isPersisted>
          <inputSymbol>vmtplguid</inputSymbol>
          <listDelimiter>,</listDelimiter>
          <value></value>
          <record>false</record>
        </staticBinding>
        <staticBinding id="336cc632-d95d-40f8-a149-381e96f1d3c0">
          <annotation></annotation>
          <assignFromContext>true</assignFromContext>
          <assignToContext>true</assignToContext>
          <inputType>STRING</inputType>
          <isList>false</isList>
          <required>false</required>
          <isPersisted>true</isPersisted>
          <inputSymbol>moe_host</inputSymbol>
          <listDelimiter>,</listDelimiter>
          <value></value>
          <record>false</record>
        </staticBinding>
        <staticBinding id="521081b0-2d2f-412e-88ac-aa6b6d5b7584">
          <annotation></annotation>
          <assignFromContext>true</assignFromContext>
          <assignToContext>true</assignToContext>
          <inputType>STRING</inputType>
          <isList>false</isList>
          <required>false</required>
          <isPersisted>true</isPersisted>
          <inputSymbol>moe_user</inputSymbol>
          <listDelimiter>,</listDelimiter>
          <value></value>
          <record>false</record>
        </staticBinding>
        <staticBinding id="a86029b5-3461-41b7-ac2f-d31cce4275ee">
          <annotation></annotation>
          <assignFromContext>true</assignFromContext>
          <assignToContext>true</assignToContext>
          <inputType>STRING</inputType>
          <isList>false</isList>
          <required>false</required>
          <isPersisted>true</isPersisted>
          <inputSymbol>moe_pwd</inputSymbol>
          <listDelimiter>,</listDelimiter>
          <value></value>
          <record>false</record>
        </staticBinding>
        <staticBinding id="6e3394f9-c16c-4457-a906-afd7bb617b93">
          <annotation></annotation>
          <toContextKey></toContextKey>
          <fromContextKey></fromContextKey>
          <assignFromContext>false</assignFromContext>
          <assignToContext>false</assignToContext>
          <inputType>STRING</inputType>
          <recordKey></recordKey>
          <isList>false</isList>
          <required>false</required>
          <isPersisted>true</isPersisted>
          <inputSymbol>Field_1</inputSymbol>
          <listDelimiter></listDelimiter>
          <value>${field1}</value>
          <record>false</record>
        </staticBinding>
        <staticBinding id="75fbb620-7586-4bc3-93e3-c8a4aca7e102">
          <annotation></annotation>
          <toContextKey></toContextKey>
          <fromContextKey></fromContextKey>
          <assignFromContext>false</assignFromContext>
          <assignToContext>false</assignToContext>
          <inputType>STRING</inputType>
          <recordKey></recordKey>
          <isList>false</isList>
          <required>false</required>
          <isPersisted>true</isPersisted>
          <inputSymbol>Field_4</inputSymbol>
          <listDelimiter></listDelimiter>
          <value>${field4}</value>
          <record>false</record>
        </staticBinding>
        <staticBinding id="71e44860-4392-4b09-b530-59173f88ee4b">
          <annotation></annotation>
          <toContextKey></toContextKey>
          <fromContextKey></fromContextKey>
          <assignFromContext>false</assignFromContext>
          <assignToContext>false</assignToContext>
          <inputType>STRING</inputType>
          <recordKey></recordKey>
          <isList>false</isList>
          <required>false</required>
          <isPersisted>true</isPersisted>
          <inputSymbol>Field_3</inputSymbol>
          <listDelimiter></listDelimiter>
          <value>${field3}</value>
          <record>false</record>
        </staticBinding>
        <staticBinding id="a02bf521-9d43-4787-b84f-7d54edbc6654">
          <annotation></annotation>
          <toContextKey></toContextKey>
          <fromContextKey></fromContextKey>
          <assignFromContext>false</assignFromContext>
          <assignToContext>false</assignToContext>
          <inputType>STRING</inputType>
          <recordKey></recordKey>
          <isList>false</isList>
          <required>false</required>
          <isPersisted>true</isPersisted>
          <inputSymbol>Field_2</inputSymbol>
          <listDelimiter></listDelimiter>
          <value>${field2}</value>
          <record>false</record>
        </staticBinding>
      </bindings>
      <transitions>
        <transition id="fccb8948-b2e4-48b7-a280-0d058450696e">
          <annotation></annotation>
          <name>success</name>
          <command>NEXT</command>
          <linkMode>false</linkMode>
          <responseSymbol>success</responseSymbol>
          <shouldHandoff>false</shouldHandoff>
          <transitionValue>0.0</transitionValue>
          <destination>
            <refId>2a54a0e7-7056-44f9-b4c1-5e0095d233e3</refId>
          </destination>
          <source>
            <refId>6206702d-c1e5-45d8-aafa-e7282ae17051</refId>
          </source>
          <positions>
            <point>
              <x>234.0</x>
              <y>39.0</y>
            </point>
            <point>
              <x>422.0</x>
              <y>47.0</y>
            </point>
          </positions>
          <labelPosition>
            <x>333.0</x>
            <y>0.0</y>
          </labelPosition>
        </transition>
      </transitions>
      <properties/>
      <opRef>
        <refId>851053da-e750-4962-a942-2ed9a3fcc2f0</refId>
      </opRef>
      <assignments/>
      <throttleSize>0</throttleSize>
    </step>
    <returnStep id="4968a652-0606-4cde-af58-0abe3f17e5ad">
      <annotation></annotation>
      <name>Error : failure</name>
      <bounds>
        <x>369.0</x>
        <y>164.0</y>
      </bounds>
      <layer>-1</layer>
      <hideInbound>false</hideInbound>
      <addResultToRunContext>false</addResultToRunContext>
      <isCriticalStep>false</isCriticalStep>
      <isNonBlocking>false</isNonBlocking>
      <isParallelStep>false</isParallelStep>
      <isSingleResponse>false</isSingleResponse>
      <recordInHistory>false</recordInHistory>
      <recordRawOutput>true</recordRawOutput>
      <recordPrimaryOutput>true</recordPrimaryOutput>
      <checkPointStep>true</checkPointStep>
      <historyCheckPointStep>true</historyCheckPointStep>
      <scriptResultStep>false</scriptResultStep>
      <userPrompt></userPrompt>
      <bindings/>
      <transitions>
        <transition id="ce69ef06-1e78-4b41-b77d-177790aaa7ab">
          <annotation></annotation>
          <name>return</name>
          <command>NEXT</command>
          <linkMode>false</linkMode>
          <responseSymbol>failure</responseSymbol>
          <shouldHandoff>false</shouldHandoff>
          <transitionValue>0.0</transitionValue>
          <destination>
            <refId>4968a652-0606-4cde-af58-0abe3f17e5ad</refId>
          </destination>
          <source>
            <refId>4968a652-0606-4cde-af58-0abe3f17e5ad</refId>
          </source>
          <positions/>
        </transition>
      </transitions>
      <properties/>
      <returnStepType>ERROR</returnStepType>
      <assignments/>
    </returnStep>
    <step id="6f109b14-cbd8-4656-8a5c-e01043701d63">
      <annotation>2f85f2b7-19a5-4f57-826e-45eb00fda64b.6f109b14-cbd8-4656-8a5c-e01043701d63.description</annotation>
      <name>Random Number Generator</name>
      <bounds>
        <x>202.0</x>
        <y>164.0</y>
      </bounds>
      <layer>-1</layer>
      <hideInbound>false</hideInbound>
      <iconSpec id="54c46ab3-1e5c-4e4d-baf4-fff78c1c2a09">
        <baseIcon>wrench.png</baseIcon>
        <basePath>Utilities</basePath>
        <readOnly>false</readOnly>
        <layers/>
      </iconSpec>
      <addResultToRunContext>false</addResultToRunContext>
      <isCriticalStep>false</isCriticalStep>
      <isNonBlocking>false</isNonBlocking>
      <isParallelStep>false</isParallelStep>
      <isSingleResponse>false</isSingleResponse>
      <recordInHistory>false</recordInHistory>
      <recordRawOutput>true</recordRawOutput>
      <recordPrimaryOutput>true</recordPrimaryOutput>
      <checkPointStep>true</checkPointStep>
      <historyCheckPointStep>true</historyCheckPointStep>
      <scriptResultStep>false</scriptResultStep>
      <userPrompt></userPrompt>
      <bindings>
        <staticBinding id="ecd1c589-0a20-4a1b-ae59-ab3e8fd59601">
          <annotation></annotation>
          <assignFromContext>false</assignFromContext>
          <assignToContext>true</assignToContext>
          <inputType>STRING</inputType>
          <isList>false</isList>
          <required>true</required>
          <isPersisted>true</isPersisted>
          <inputSymbol>max</inputSymbol>
          <listDelimiter>,</listDelimiter>
          <value>100000</value>
          <record>false</record>
        </staticBinding>
        <staticBinding id="4fd598dc-ed50-43bf-83f9-550f49848945">
          <annotation></annotation>
          <assignFromContext>false</assignFromContext>
          <assignToContext>true</assignToContext>
          <inputType>STRING</inputType>
          <isList>false</isList>
          <required>true</required>
          <isPersisted>true</isPersisted>
          <inputSymbol>min</inputSymbol>
          <listDelimiter>,</listDelimiter>
          <value>1</value>
          <record>false</record>
        </staticBinding>
      </bindings>
      <transitions>
        <transition id="c220bff8-1ea7-460e-8a24-0ad754670397">
          <annotation></annotation>
          <name>failure</name>
          <command>NEXT</command>
          <linkMode>false</linkMode>
          <responseSymbol>failure</responseSymbol>
          <shouldHandoff>false</shouldHandoff>
          <transitionValue>0.0</transitionValue>
          <destination>
            <refId>4968a652-0606-4cde-af58-0abe3f17e5ad</refId>
          </destination>
          <source>
            <refId>6f109b14-cbd8-4656-8a5c-e01043701d63</refId>
          </source>
          <positions>
            <point>
              <x>316.0</x>
              <y>34.0</y>
            </point>
            <point>
              <x>143.0</x>
              <y>198.0</y>
            </point>
          </positions>
          <labelPosition>
            <x>333.0</x>
            <y>0.0</y>
          </labelPosition>
        </transition>
        <transition id="eced75ea-d7f0-4ad4-a731-6fca128973fe">
          <annotation></annotation>
          <name>success</name>
          <command>NEXT</command>
          <linkMode>false</linkMode>
          <responseSymbol>success</responseSymbol>
          <shouldHandoff>false</shouldHandoff>
          <transitionValue>0.0</transitionValue>
          <destination>
            <refId>6206702d-c1e5-45d8-aafa-e7282ae17051</refId>
          </destination>
          <source>
            <refId>6f109b14-cbd8-4656-8a5c-e01043701d63</refId>
          </source>
          <positions>
            <point>
              <x>252.0</x>
              <y>198.0</y>
            </point>
            <point>
              <x>234.0</x>
              <y>39.0</y>
            </point>
          </positions>
          <labelPosition>
            <x>333.0</x>
            <y>0.0</y>
          </labelPosition>
        </transition>
      </transitions>
      <properties/>
      <opRef>
        <refId>2c22355a-9c26-4a9e-893c-01a35e4bb0e3</refId>
      </opRef>
      <assignments>
        <flowVariableAssignment id="1c3713ca-4ed3-4e6a-8eef-92fef90ec405">
          <annotation></annotation>
          <name>assignment</name>
          <action>OVERWRITE</action>
          <assignmentTargetType>FLOW_VARIABLE</assignmentTargetType>
          <contextKey>date</contextKey>
          <expression id="7a77ecc3-7218-43a4-b744-78c831ce3a78">
            <annotation></annotation>
            <name>Result Field: returnResult</name>
            <fieldName>returnResult</fieldName>
            <sourceType>RAWRESULT</sourceType>
            <filters>
              <scriptletFilter id="487091c8-83d2-4fc8-a53f-21a69a896bf5">
                <annotation></annotation>
                <name>Scriptlet</name>
                <scriptlet id="c0db8abd-c907-47e3-a8fc-8ea79a151e9d">
                  <annotation></annotation>
                  <name>default</name>
                  <script>scriptletResult = +java.util.Calendar.getInstance().get(java.util.Calendar.YEAR)+&quot;-&quot;+(parseInt(java.util.Calendar.getInstance().get(java.util.Calendar.MONTH))+1)+&quot;-&quot;+java.util.Calendar.getInstance().get(java.util.Calendar.DAY_OF_MONTH)</script>
                  <type>RHINO</type>
                </scriptlet>
              </scriptletFilter>
            </filters>
          </expression>
        </flowVariableAssignment>
        <flowVariableAssignment id="69259450-a38c-45a1-b981-76cd54803c1f">
          <annotation></annotation>
          <name>assignment</name>
          <action>OVERWRITE</action>
          <assignmentTargetType>FLOW_VARIABLE</assignmentTargetType>
          <contextKey>num</contextKey>
          <expression id="9f5339b3-4214-4d5d-b779-69daff761c1a">
            <annotation></annotation>
            <name>Result Field: returnResult</name>
            <fieldName>returnResult</fieldName>
            <sourceType>RAWRESULT</sourceType>
            <filters/>
          </expression>
        </flowVariableAssignment>
      </assignments>
      <throttleSize>0</throttleSize>
    </step>
    <step id="86561de2-a632-488f-9825-71604f2493cf">
      <annotation>2f85f2b7-19a5-4f57-826e-45eb00fda64b.86561de2-a632-488f-9825-71604f2493cf.description</annotation>
      <name>Set IPs to DHCP</name>
      <bounds>
        <x>5.0</x>
        <y>164.0</y>
      </bounds>
      <layer>-1</layer>
      <hideInbound>false</hideInbound>
      <iconSpec id="8d18f2be-7d3e-421a-9400-f92edf9a6f71">
        <baseIcon>display_report.png</baseIcon>
        <basePath>Utilities/</basePath>
        <readOnly>false</readOnly>
        <layers/>
      </iconSpec>
      <addResultToRunContext>false</addResultToRunContext>
      <isCriticalStep>false</isCriticalStep>
      <isNonBlocking>false</isNonBlocking>
      <isParallelStep>false</isParallelStep>
      <isSingleResponse>false</isSingleResponse>
      <recordInHistory>false</recordInHistory>
      <recordRawOutput>true</recordRawOutput>
      <recordPrimaryOutput>true</recordPrimaryOutput>
      <checkPointStep>true</checkPointStep>
      <historyCheckPointStep>true</historyCheckPointStep>
      <scriptResultStep>false</scriptResultStep>
      <userPrompt></userPrompt>
      <bindings>
        <staticBinding id="28b3c0b6-f4fe-4f5e-ae3d-c2574cf4c200">
          <annotation></annotation>
          <assignFromContext>false</assignFromContext>
          <assignToContext>false</assignToContext>
          <inputType>STRING</inputType>
          <isList>false</isList>
          <required>false</required>
          <isPersisted>true</isPersisted>
          <inputSymbol>field1</inputSymbol>
          <listDelimiter>,</listDelimiter>
          <value>DHCP</value>
          <record>false</record>
        </staticBinding>
        <staticBinding id="ab9046e2-3473-4cfc-a79f-fd2b85b4f478">
          <annotation></annotation>
          <assignFromContext>false</assignFromContext>
          <assignToContext>false</assignToContext>
          <inputType>STRING</inputType>
          <isList>false</isList>
          <required>false</required>
          <isPersisted>true</isPersisted>
          <inputSymbol>field2</inputSymbol>
          <listDelimiter>,</listDelimiter>
          <value></value>
          <record>false</record>
        </staticBinding>
        <staticBinding id="f4d06f6a-838d-49f7-b1cd-ddbd5af1cac3">
          <annotation></annotation>
          <toContextKey></toContextKey>
          <fromContextKey></fromContextKey>
          <assignFromContext>false</assignFromContext>
          <assignToContext>false</assignToContext>
          <inputType>STRING</inputType>
          <recordKey></recordKey>
          <isList>false</isList>
          <required>false</required>
          <isPersisted>true</isPersisted>
          <inputSymbol>Field_2</inputSymbol>
          <listDelimiter></listDelimiter>
          <value>${field2}</value>
          <record>false</record>
        </staticBinding>
        <staticBinding id="47dc644d-c2b5-4b2d-ad8a-2c832c6ceba8">
          <annotation></annotation>
          <toContextKey></toContextKey>
          <fromContextKey></fromContextKey>
          <assignFromContext>false</assignFromContext>
          <assignToContext>false</assignToContext>
          <inputType>STRING</inputType>
          <recordKey></recordKey>
          <isList>false</isList>
          <required>false</required>
          <isPersisted>true</isPersisted>
          <inputSymbol>Field_4</inputSymbol>
          <listDelimiter></listDelimiter>
          <value>${field4}</value>
          <record>false</record>
        </staticBinding>
        <staticBinding id="a799a1de-09f4-420a-9943-249d11ec52dc">
          <annotation></annotation>
          <toContextKey></toContextKey>
          <fromContextKey></fromContextKey>
          <assignFromContext>false</assignFromContext>
          <assignToContext>false</assignToContext>
          <inputType>STRING</inputType>
          <recordKey></recordKey>
          <isList>false</isList>
          <required>false</required>
          <isPersisted>true</isPersisted>
          <inputSymbol>Field_3</inputSymbol>
          <listDelimiter></listDelimiter>
          <value>${field3}</value>
          <record>false</record>
        </staticBinding>
        <staticBinding id="1e732e6c-713e-4e90-9244-ac3f0e719dda">
          <annotation></annotation>
          <toContextKey></toContextKey>
          <fromContextKey></fromContextKey>
          <assignFromContext>false</assignFromContext>
          <assignToContext>false</assignToContext>
          <inputType>STRING</inputType>
          <recordKey></recordKey>
          <isList>false</isList>
          <required>false</required>
          <isPersisted>true</isPersisted>
          <inputSymbol>Field_1</inputSymbol>
          <listDelimiter></listDelimiter>
          <value>${field1}</value>
          <record>false</record>
        </staticBinding>
      </bindings>
      <transitions>
        <transition id="99596d29-b5c7-45ae-9a1c-6e2148d9a3d4">
          <annotation></annotation>
          <name>success</name>
          <command>NEXT</command>
          <linkMode>false</linkMode>
          <responseSymbol>success</responseSymbol>
          <shouldHandoff>false</shouldHandoff>
          <transitionValue>0.0</transitionValue>
          <destination>
            <refId>6f109b14-cbd8-4656-8a5c-e01043701d63</refId>
          </destination>
          <source>
            <refId>86561de2-a632-488f-9825-71604f2493cf</refId>
          </source>
          <positions>
            <point>
              <x>171.0</x>
              <y>221.0</y>
            </point>
            <point>
              <x>367.0</x>
              <y>364.0</y>
            </point>
          </positions>
          <labelPosition>
            <x>333.0</x>
            <y>0.0</y>
          </labelPosition>
        </transition>
      </transitions>
      <properties/>
      <opRef>
        <refId>ddd79f22-8b1e-4605-88d5-d912bb2da2b9</refId>
      </opRef>
      <assignments>
        <flowVariableAssignment id="0d43ccf1-193d-4d70-94c2-3a53427c0ed4">
          <annotation></annotation>
          <name>assignment</name>
          <action>OVERWRITE</action>
          <assignmentTargetType>FLOW_VARIABLE</assignmentTargetType>
          <contextKey>datastore</contextKey>
          <expression id="083148a6-6d9b-4e5e-84ee-c1e2078e9374">
            <annotation></annotation>
            <name>Result Field: Field_2</name>
            <fieldName>Field_2</fieldName>
            <sourceType>RAWRESULT</sourceType>
            <filters/>
          </expression>
        </flowVariableAssignment>
        <flowVariableAssignment id="55710e09-9dbe-4ded-ac85-944f078580be">
          <annotation></annotation>
          <name>assignment</name>
          <action>OVERWRITE</action>
          <assignmentTargetType>FLOW_VARIABLE</assignmentTargetType>
          <contextKey>ip0</contextKey>
          <expression id="e5a0c561-b169-44af-830d-260500b23154">
            <annotation></annotation>
            <name>Input: field1</name>
            <fieldName>field1</fieldName>
            <sourceType>INPUT</sourceType>
            <filters/>
          </expression>
        </flowVariableAssignment>
        <flowVariableAssignment id="41f3c293-2b22-482b-8c82-807a011d70bb">
          <annotation></annotation>
          <name>assignment</name>
          <action>OVERWRITE</action>
          <assignmentTargetType>FLOW_VARIABLE</assignmentTargetType>
          <contextKey>ip1</contextKey>
          <expression id="6b6054bc-17c6-457e-93e8-9194d3f28d73">
            <annotation></annotation>
            <name>Input: field1</name>
            <fieldName>field1</fieldName>
            <sourceType>INPUT</sourceType>
            <filters/>
          </expression>
        </flowVariableAssignment>
        <flowVariableAssignment id="6bca145b-e68b-479c-b559-12325c8978f8">
          <annotation></annotation>
          <name>assignment</name>
          <action>OVERWRITE</action>
          <assignmentTargetType>FLOW_VARIABLE</assignmentTargetType>
          <contextKey>ip2</contextKey>
          <expression id="a27989be-740c-4868-a6f6-eaffde4c1109">
            <annotation></annotation>
            <name>Input: field1</name>
            <fieldName>field1</fieldName>
            <sourceType>INPUT</sourceType>
            <filters/>
          </expression>
        </flowVariableAssignment>
      </assignments>
      <throttleSize>0</throttleSize>
    </step>
    <step id="2a54a0e7-7056-44f9-b4c1-5e0095d233e3">
      <annotation>2f85f2b7-19a5-4f57-826e-45eb00fda64b.2a54a0e7-7056-44f9-b4c1-5e0095d233e3.description</annotation>
      <name>CreateHPIOtemplate.vbs</name>
      <bounds>
        <x>372.0</x>
        <y>13.0</y>
      </bounds>
      <layer>-1</layer>
      <hideInbound>false</hideInbound>
      <iconSpec id="ef7ed7df-8898-4980-8397-ca8ffb92b349">
        <baseIcon>workstation_network.png</baseIcon>
        <basePath>/Others/</basePath>
        <readOnly>false</readOnly>
        <layers/>
      </iconSpec>
      <addResultToRunContext>false</addResultToRunContext>
      <isCriticalStep>false</isCriticalStep>
      <isNonBlocking>false</isNonBlocking>
      <isParallelStep>false</isParallelStep>
      <isSingleResponse>false</isSingleResponse>
      <recordInHistory>false</recordInHistory>
      <recordRawOutput>true</recordRawOutput>
      <recordPrimaryOutput>true</recordPrimaryOutput>
      <checkPointStep>true</checkPointStep>
      <historyCheckPointStep>true</historyCheckPointStep>
      <scriptResultStep>false</scriptResultStep>
      <userPrompt></userPrompt>
      <bindings>
        <staticBinding id="8d12f1bb-5c1f-4817-8bc2-ea028ca6500b">
          <annotation></annotation>
          <toContextKey></toContextKey>
          <fromContextKey></fromContextKey>
          <assignFromContext>false</assignFromContext>
          <assignToContext>false</assignToContext>
          <inputType>STRING</inputType>
          <isList>false</isList>
          <required>true</required>
          <isPersisted>true</isPersisted>
          <inputSymbol>host</inputSymbol>
          <listDelimiter>,</listDelimiter>
          <value>localhost</value>
          <record>false</record>
        </staticBinding>
        <staticBinding id="9275ca78-39d1-4b8f-99ae-8b7fc3b72997">
          <annotation></annotation>
          <toContextKey></toContextKey>
          <fromContextKey></fromContextKey>
          <assignFromContext>false</assignFromContext>
          <assignToContext>false</assignToContext>
          <inputType>STRING</inputType>
          <isList>false</isList>
          <required>true</required>
          <isPersisted>true</isPersisted>
          <inputSymbol>protocol</inputSymbol>
          <listDelimiter>,</listDelimiter>
          <value>local</value>
          <record>false</record>
        </staticBinding>
        <staticBinding id="414aec22-90f4-4fa3-9e3b-3c555a0001d2">
          <annotation></annotation>
          <toContextKey></toContextKey>
          <fromContextKey></fromContextKey>
          <assignFromContext>false</assignFromContext>
          <assignToContext>false</assignToContext>
          <inputType>STRING</inputType>
          <isList>false</isList>
          <required>true</required>
          <isPersisted>true</isPersisted>
          <inputSymbol>command</inputSymbol>
          <listDelimiter>,</listDelimiter>
          <value>${cmd}</value>
          <record>false</record>
        </staticBinding>
        <staticBinding id="96cd499a-0f9f-40d4-9b3d-ce4f5f22f015">
          <annotation></annotation>
          <toContextKey></toContextKey>
          <fromContextKey></fromContextKey>
          <assignFromContext>false</assignFromContext>
          <assignToContext>false</assignToContext>
          <inputType>STRING</inputType>
          <isList>false</isList>
          <required>false</required>
          <isPersisted>true</isPersisted>
          <inputSymbol>startDir</inputSymbol>
          <listDelimiter>,</listDelimiter>
          <value>${currentDirectory}</value>
          <record>false</record>
        </staticBinding>
      </bindings>
      <transitions>
        <transition id="ed31f2f0-7a4b-45da-afa7-e314cc21eed8">
          <annotation></annotation>
          <name>failure</name>
          <command>NEXT</command>
          <linkMode>false</linkMode>
          <responseSymbol>failure</responseSymbol>
          <shouldHandoff>false</shouldHandoff>
          <transitionValue>0.0</transitionValue>
          <destination>
            <refId>4968a652-0606-4cde-af58-0abe3f17e5ad</refId>
          </destination>
          <source>
            <refId>2a54a0e7-7056-44f9-b4c1-5e0095d233e3</refId>
          </source>
          <positions>
            <point>
              <x>518.0</x>
              <y>59.0</y>
            </point>
            <point>
              <x>531.0</x>
              <y>224.0</y>
            </point>
          </positions>
          <labelPosition>
            <x>333.0</x>
            <y>0.0</y>
          </labelPosition>
        </transition>
        <transition id="5c528cd6-3e1b-4a87-b907-15e44d75442a">
          <annotation></annotation>
          <name>success</name>
          <command>NEXT</command>
          <linkMode>false</linkMode>
          <responseSymbol>success</responseSymbol>
          <shouldHandoff>false</shouldHandoff>
          <transitionValue>0.0</transitionValue>
          <destination>
            <refId>dcfb2985-e356-4b50-a339-e743b7079a94</refId>
          </destination>
          <source>
            <refId>2a54a0e7-7056-44f9-b4c1-5e0095d233e3</refId>
          </source>
          <positions>
            <point>
              <x>422.0</x>
              <y>47.0</y>
            </point>
            <point>
              <x>754.0</x>
              <y>157.0</y>
            </point>
          </positions>
          <labelPosition>
            <x>333.0</x>
            <y>0.0</y>
          </labelPosition>
        </transition>
      </transitions>
      <properties/>
      <opRef>
        <refId>3c0f1258-b910-4665-b809-753ed5586c08</refId>
      </opRef>
      <assignments/>
      <throttleSize>0</throttleSize>
    </step>
    <step id="dcfb2985-e356-4b50-a339-e743b7079a94">
      <annotation>2f85f2b7-19a5-4f57-826e-45eb00fda64b.dcfb2985-e356-4b50-a339-e743b7079a94.description</annotation>
      <name>Check Java</name>
      <bounds>
        <x>554.0</x>
        <y>14.0</y>
      </bounds>
      <layer>-1</layer>
      <hideInbound>false</hideInbound>
      <iconSpec id="3c0e08d8-e850-4989-b8a9-4a4d1eb6329c">
        <baseIcon>workstation_network.png</baseIcon>
        <basePath>/Others/</basePath>
        <readOnly>false</readOnly>
        <layers/>
      </iconSpec>
      <addResultToRunContext>false</addResultToRunContext>
      <isCriticalStep>false</isCriticalStep>
      <isNonBlocking>false</isNonBlocking>
      <isParallelStep>false</isParallelStep>
      <isSingleResponse>false</isSingleResponse>
      <recordInHistory>false</recordInHistory>
      <recordRawOutput>true</recordRawOutput>
      <recordPrimaryOutput>true</recordPrimaryOutput>
      <checkPointStep>true</checkPointStep>
      <historyCheckPointStep>true</historyCheckPointStep>
      <scriptResultStep>false</scriptResultStep>
      <userPrompt></userPrompt>
      <bindings>
        <staticBinding id="5b927747-4ef5-4123-a39f-81a19e708d2c">
          <annotation></annotation>
          <toContextKey></toContextKey>
          <fromContextKey></fromContextKey>
          <assignFromContext>false</assignFromContext>
          <assignToContext>false</assignToContext>
          <inputType>STRING</inputType>
          <isList>false</isList>
          <required>true</required>
          <isPersisted>true</isPersisted>
          <inputSymbol>host</inputSymbol>
          <listDelimiter>,</listDelimiter>
          <value>localhost</value>
          <record>false</record>
        </staticBinding>
        <staticBinding id="8135d2f2-19af-461e-a252-700584ef81b0">
          <annotation></annotation>
          <toContextKey></toContextKey>
          <fromContextKey></fromContextKey>
          <assignFromContext>false</assignFromContext>
          <assignToContext>false</assignToContext>
          <inputType>STRING</inputType>
          <isList>false</isList>
          <required>true</required>
          <isPersisted>true</isPersisted>
          <inputSymbol>protocol</inputSymbol>
          <listDelimiter>,</listDelimiter>
          <value>local</value>
          <record>false</record>
        </staticBinding>
        <staticBinding id="469eac6e-4487-41b7-ba5c-c6c5b0b68ada">
          <annotation></annotation>
          <toContextKey></toContextKey>
          <fromContextKey></fromContextKey>
          <assignFromContext>false</assignFromContext>
          <assignToContext>false</assignToContext>
          <inputType>STRING</inputType>
          <isList>false</isList>
          <required>true</required>
          <isPersisted>true</isPersisted>
          <inputSymbol>command</inputSymbol>
          <listDelimiter>,</listDelimiter>
          <value>java -version</value>
          <record>false</record>
        </staticBinding>
        <staticBinding id="0b65cb0e-81f1-4be0-b6f0-397159d74504">
          <annotation></annotation>
          <toContextKey></toContextKey>
          <fromContextKey>Template_Name</fromContextKey>
          <assignFromContext>false</assignFromContext>
          <assignToContext>false</assignToContext>
          <inputType>STRING</inputType>
          <isList>false</isList>
          <required>false</required>
          <isPersisted>true</isPersisted>
          <inputSymbol>startDir</inputSymbol>
          <listDelimiter>,</listDelimiter>
          <value>${Script_Path}/ioexec/</value>
          <record>false</record>
        </staticBinding>
      </bindings>
      <transitions>
        <transition id="0dba60c3-d865-433c-a5b6-cc625539929e">
          <annotation></annotation>
          <name>success</name>
          <command>NEXT</command>
          <linkMode>false</linkMode>
          <responseSymbol>success</responseSymbol>
          <shouldHandoff>false</shouldHandoff>
          <transitionValue>0.0</transitionValue>
          <destination>
            <refId>a037bf28-15f4-4814-a919-b5ef1e3aa2c2</refId>
          </destination>
          <source>
            <refId>dcfb2985-e356-4b50-a339-e743b7079a94</refId>
          </source>
          <positions>
            <point>
              <x>522.0</x>
              <y>48.0</y>
            </point>
            <point>
              <x>622.0</x>
              <y>49.0</y>
            </point>
          </positions>
          <labelPosition>
            <x>333.0</x>
            <y>0.0</y>
          </labelPosition>
        </transition>
        <transition id="a6c781b0-1764-452e-8507-66d826035181">
          <annotation></annotation>
          <name>failure</name>
          <command>NEXT</command>
          <linkMode>false</linkMode>
          <responseSymbol>failure</responseSymbol>
          <shouldHandoff>false</shouldHandoff>
          <transitionValue>0.0</transitionValue>
          <destination>
            <refId>4968a652-0606-4cde-af58-0abe3f17e5ad</refId>
          </destination>
          <source>
            <refId>dcfb2985-e356-4b50-a339-e743b7079a94</refId>
          </source>
          <positions>
            <point>
              <x>604.0</x>
              <y>48.0</y>
            </point>
            <point>
              <x>419.0</x>
              <y>198.0</y>
            </point>
          </positions>
          <labelPosition>
            <x>333.0</x>
            <y>0.0</y>
          </labelPosition>
        </transition>
      </transitions>
      <properties/>
      <opRef>
        <refId>3c0f1258-b910-4665-b809-753ed5586c08</refId>
      </opRef>
      <assignments/>
      <throttleSize>0</throttleSize>
    </step>
    <step id="6637e3cf-385c-485e-b206-1d4f2d13452b">
      <annotation>2f85f2b7-19a5-4f57-826e-45eb00fda64b.6637e3cf-385c-485e-b206-1d4f2d13452b.description</annotation>
      <name>Get Template Name</name>
      <bounds>
        <x>555.0</x>
        <y>330.0</y>
      </bounds>
      <layer>-1</layer>
      <hideInbound>false</hideInbound>
      <iconSpec id="ac0810a5-63b2-4a1d-91c7-3b1ecd377b09">
        <baseIcon>document_text.png</baseIcon>
        <basePath>Operating System/</basePath>
        <readOnly>false</readOnly>
        <layers>
          <iconSpec id="6c6a3a88-1573-466b-9eb9-7b17a96ccd05">
            <baseIcon>view.png</baseIcon>
            <basePath>Annotations/</basePath>
            <readOnly>false</readOnly>
            <layers/>
          </iconSpec>
        </layers>
      </iconSpec>
      <addResultToRunContext>false</addResultToRunContext>
      <isCriticalStep>false</isCriticalStep>
      <isNonBlocking>false</isNonBlocking>
      <isParallelStep>false</isParallelStep>
      <isSingleResponse>false</isSingleResponse>
      <recordInHistory>false</recordInHistory>
      <recordRawOutput>true</recordRawOutput>
      <recordPrimaryOutput>true</recordPrimaryOutput>
      <checkPointStep>true</checkPointStep>
      <historyCheckPointStep>true</historyCheckPointStep>
      <scriptResultStep>false</scriptResultStep>
      <userPrompt></userPrompt>
      <bindings>
        <staticBinding id="c8e6c134-69b1-4eb2-b260-89641891fbe3">
          <annotation></annotation>
          <toContextKey></toContextKey>
          <fromContextKey></fromContextKey>
          <assignFromContext>false</assignFromContext>
          <assignToContext>false</assignToContext>
          <inputType>STRING</inputType>
          <isList>false</isList>
          <required>true</required>
          <isPersisted>true</isPersisted>
          <inputSymbol>source</inputSymbol>
          <listDelimiter>,</listDelimiter>
          <value>${currentDirectory}/${date}_${platform}_${os}_${num}.xml</value>
          <record>false</record>
        </staticBinding>
        <staticBinding id="c012edcf-5531-4ac4-bc73-2e0b67fb421d">
          <annotation></annotation>
          <toContextKey></toContextKey>
          <fromContextKey></fromContextKey>
          <assignFromContext>false</assignFromContext>
          <assignToContext>false</assignToContext>
          <inputType>STRING</inputType>
          <isList>false</isList>
          <required>false</required>
          <isPersisted>true</isPersisted>
          <inputSymbol>filter</inputSymbol>
          <listDelimiter>,</listDelimiter>
          <value></value>
          <record>false</record>
        </staticBinding>
        <staticBinding id="b6776cac-d107-4128-9cda-da3a89909cc4">
          <annotation></annotation>
          <toContextKey></toContextKey>
          <fromContextKey></fromContextKey>
          <assignFromContext>false</assignFromContext>
          <assignToContext>false</assignToContext>
          <inputType>STRING</inputType>
          <isList>false</isList>
          <required>true</required>
          <isPersisted>true</isPersisted>
          <inputSymbol>iterate</inputSymbol>
          <listDelimiter>,</listDelimiter>
          <value>true</value>
          <record>false</record>
        </staticBinding>
        <staticBinding id="dbf67332-4e73-4b63-8a8f-7e146004d894">
          <annotation></annotation>
          <toContextKey></toContextKey>
          <fromContextKey></fromContextKey>
          <assignFromContext>false</assignFromContext>
          <assignToContext>false</assignToContext>
          <inputType>STRING</inputType>
          <isList>false</isList>
          <required>false</required>
          <isPersisted>true</isPersisted>
          <inputSymbol>delimiter</inputSymbol>
          <listDelimiter>,</listDelimiter>
          <value>,</value>
          <record>false</record>
        </staticBinding>
      </bindings>
      <transitions>
        <transition id="aa4b9f5f-45e4-47a9-afe9-15949763bf5c">
          <annotation></annotation>
          <name>failure</name>
          <command>NEXT</command>
          <linkMode>false</linkMode>
          <responseSymbol>failure</responseSymbol>
          <shouldHandoff>false</shouldHandoff>
          <transitionValue>0.0</transitionValue>
          <destination>
            <refId>4968a652-0606-4cde-af58-0abe3f17e5ad</refId>
          </destination>
          <source>
            <refId>6637e3cf-385c-485e-b206-1d4f2d13452b</refId>
          </source>
          <positions>
            <point>
              <x>621.0</x>
              <y>353.0</y>
            </point>
            <point>
              <x>419.0</x>
              <y>198.0</y>
            </point>
          </positions>
          <labelPosition>
            <x>333.0</x>
            <y>0.0</y>
          </labelPosition>
        </transition>
        <transition id="77a2536c-4b3a-4da8-8494-5d267044055d">
          <annotation></annotation>
          <name>success</name>
          <command>NEXT</command>
          <linkMode>false</linkMode>
          <responseSymbol>success</responseSymbol>
          <shouldHandoff>false</shouldHandoff>
          <transitionValue>0.0</transitionValue>
          <destination>
            <refId>58f6fcd4-eb2c-4711-837f-1ee4f5a81318</refId>
          </destination>
          <source>
            <refId>6637e3cf-385c-485e-b206-1d4f2d13452b</refId>
          </source>
          <positions>
            <point>
              <x>621.0</x>
              <y>353.0</y>
            </point>
            <point>
              <x>252.0</x>
              <y>365.0</y>
            </point>
          </positions>
          <labelPosition>
            <x>333.0</x>
            <y>0.0</y>
          </labelPosition>
        </transition>
        <transition id="b8629755-4d88-4505-abd9-e42a7f252167">
          <annotation></annotation>
          <name>no more items</name>
          <command>NEXT</command>
          <linkMode>false</linkMode>
          <responseSymbol>no more items</responseSymbol>
          <shouldHandoff>false</shouldHandoff>
          <transitionValue>0.0</transitionValue>
          <destination>
            <refId>58f6fcd4-eb2c-4711-837f-1ee4f5a81318</refId>
          </destination>
          <source>
            <refId>6637e3cf-385c-485e-b206-1d4f2d13452b</refId>
          </source>
          <positions>
            <point>
              <x>605.0</x>
              <y>364.0</y>
            </point>
            <point>
              <x>252.0</x>
              <y>365.0</y>
            </point>
          </positions>
          <labelPosition>
            <x>333.0</x>
            <y>0.0</y>
          </labelPosition>
        </transition>
      </transitions>
      <properties/>
      <opRef>
        <refId>a3b87aa2-aaa1-4990-88c7-407563ec90fa</refId>
      </opRef>
      <assignments>
        <flowVariableAssignment id="49c4fca9-5242-4cc0-b651-3140e7c63741">
          <annotation></annotation>
          <name>assignment</name>
          <action>OVERWRITE</action>
          <assignmentTargetType>FLOW_VARIABLE</assignmentTargetType>
          <contextKey>template.source</contextKey>
          <expression id="73d7a96a-23fc-405a-b15b-f099336834e3">
            <annotation></annotation>
            <name>Result Field: returnResult</name>
            <fieldName>returnResult</fieldName>
            <sourceType>RAWRESULT</sourceType>
            <filters/>
          </expression>
        </flowVariableAssignment>
        <flowVariableAssignment id="4a24fe97-162a-4839-8822-5ff7d95546e9">
          <annotation></annotation>
          <name>assignment</name>
          <action>OVERWRITE</action>
          <assignmentTargetType>FLOW_OUTPUT_FIELD</assignmentTargetType>
          <contextKey>Template_Name</contextKey>
          <expression id="da95b80c-12df-43a0-af6c-513681fd47eb">
            <annotation></annotation>
            <name>Result Field: returnResult</name>
            <fieldName>returnResult</fieldName>
            <sourceType>RAWRESULT</sourceType>
            <filters>
              <stripTrailingFilter id="91bfb39e-2242-4477-8e08-2903a2f17186">
                <annotation></annotation>
                <name>Strip</name>
                <strip>&lt;Name&gt;</strip>
                <type>ALL_CHARACTERS_UP_TO_AND_INCLUDING</type>
              </stripTrailingFilter>
              <stripTrailingFilter id="895ab533-c3d3-4dcc-b8c5-92bdb8549c6c">
                <annotation></annotation>
                <name>Strip</name>
                <strip>&lt;/Name&gt;</strip>
                <type>ALL_CHARACTERS_AFTER_AND_INCLUDING</type>
              </stripTrailingFilter>
              <stripWhitespaceFilter id="1cd2768b-4982-4e3b-bf6c-20ae2a681f8f">
                <annotation></annotation>
                <name>Strip Whitespace</name>
              </stripWhitespaceFilter>
            </filters>
          </expression>
        </flowVariableAssignment>
      </assignments>
      <throttleSize>0</throttleSize>
    </step>
    <returnStep id="58f6fcd4-eb2c-4711-837f-1ee4f5a81318">
      <annotation></annotation>
      <name>Resolved : success</name>
      <bounds>
        <x>202.0</x>
        <y>331.0</y>
      </bounds>
      <layer>-1</layer>
      <hideInbound>false</hideInbound>
      <addResultToRunContext>false</addResultToRunContext>
      <isCriticalStep>false</isCriticalStep>
      <isNonBlocking>false</isNonBlocking>
      <isParallelStep>false</isParallelStep>
      <isSingleResponse>false</isSingleResponse>
      <recordInHistory>false</recordInHistory>
      <recordRawOutput>true</recordRawOutput>
      <recordPrimaryOutput>true</recordPrimaryOutput>
      <checkPointStep>true</checkPointStep>
      <historyCheckPointStep>true</historyCheckPointStep>
      <scriptResultStep>false</scriptResultStep>
      <userPrompt></userPrompt>
      <bindings/>
      <transitions>
        <transition id="9705c704-fa52-4d8c-bca0-5cdccd78290a">
          <annotation></annotation>
          <name>return</name>
          <command>NEXT</command>
          <linkMode>false</linkMode>
          <responseSymbol>success</responseSymbol>
          <shouldHandoff>false</shouldHandoff>
          <transitionValue>0.0</transitionValue>
          <destination>
            <refId>58f6fcd4-eb2c-4711-837f-1ee4f5a81318</refId>
          </destination>
          <source>
            <refId>58f6fcd4-eb2c-4711-837f-1ee4f5a81318</refId>
          </source>
          <positions/>
        </transition>
      </transitions>
      <properties/>
      <returnStepType>RESOLVED</returnStepType>
      <assignments/>
    </returnStep>
    <step id="a037bf28-15f4-4814-a919-b5ef1e3aa2c2">
      <annotation>2f85f2b7-19a5-4f57-826e-45eb00fda64b.a037bf28-15f4-4814-a919-b5ef1e3aa2c2.description</annotation>
      <name>IOExec</name>
      <bounds>
        <x>698.0</x>
        <y>16.0</y>
      </bounds>
      <layer>-1</layer>
      <hideInbound>false</hideInbound>
      <iconSpec id="703afc49-c253-4bd2-ac3e-2f4fd96f39b4">
        <baseIcon>workstation_network.png</baseIcon>
        <basePath>/Others/</basePath>
        <readOnly>false</readOnly>
        <layers/>
      </iconSpec>
      <addResultToRunContext>false</addResultToRunContext>
      <isCriticalStep>false</isCriticalStep>
      <isNonBlocking>false</isNonBlocking>
      <isParallelStep>false</isParallelStep>
      <isSingleResponse>false</isSingleResponse>
      <recordInHistory>false</recordInHistory>
      <recordRawOutput>true</recordRawOutput>
      <recordPrimaryOutput>true</recordPrimaryOutput>
      <checkPointStep>true</checkPointStep>
      <historyCheckPointStep>true</historyCheckPointStep>
      <scriptResultStep>false</scriptResultStep>
      <userPrompt></userPrompt>
      <bindings>
        <staticBinding id="3ec2083c-72bf-4546-b3a3-bc62ab949d1d">
          <annotation></annotation>
          <toContextKey></toContextKey>
          <fromContextKey></fromContextKey>
          <assignFromContext>false</assignFromContext>
          <assignToContext>false</assignToContext>
          <inputType>STRING</inputType>
          <isList>false</isList>
          <required>true</required>
          <isPersisted>true</isPersisted>
          <inputSymbol>host</inputSymbol>
          <listDelimiter>,</listDelimiter>
          <value>localhost</value>
          <record>false</record>
        </staticBinding>
        <staticBinding id="8b42ff8e-9ffc-43d1-9214-b76f6ddbdc41">
          <annotation></annotation>
          <toContextKey></toContextKey>
          <fromContextKey></fromContextKey>
          <assignFromContext>false</assignFromContext>
          <assignToContext>false</assignToContext>
          <inputType>STRING</inputType>
          <isList>false</isList>
          <required>true</required>
          <isPersisted>true</isPersisted>
          <inputSymbol>protocol</inputSymbol>
          <listDelimiter>,</listDelimiter>
          <value>local</value>
          <record>false</record>
        </staticBinding>
        <staticBinding id="97260f8a-3184-461d-833a-af81fd7dc5e8">
          <annotation></annotation>
          <toContextKey></toContextKey>
          <fromContextKey></fromContextKey>
          <assignFromContext>false</assignFromContext>
          <assignToContext>false</assignToContext>
          <inputType>STRING</inputType>
          <isList>false</isList>
          <required>true</required>
          <isPersisted>true</isPersisted>
          <inputSymbol>command</inputSymbol>
          <listDelimiter>,</listDelimiter>
          <value>ioexec import template -h ${pc.moe.host} --user ${pc.moe.user} --password ${pc.moe.password} -f ${currentDirectory}/${date}_${platform}_${os}_${num}.xml</value>
          <record>false</record>
        </staticBinding>
        <staticBinding id="cdb37a20-6070-4e8b-88d1-f5b8055f3d14">
          <annotation></annotation>
          <toContextKey></toContextKey>
          <fromContextKey></fromContextKey>
          <assignFromContext>false</assignFromContext>
          <assignToContext>false</assignToContext>
          <inputType>STRING</inputType>
          <isList>false</isList>
          <required>false</required>
          <isPersisted>true</isPersisted>
          <inputSymbol>startDir</inputSymbol>
          <listDelimiter>,</listDelimiter>
          <value>${Script_Path}/ioexec/</value>
          <record>false</record>
        </staticBinding>
      </bindings>
      <transitions>
        <transition id="84d22306-f156-4f23-8ac2-50f73c94fabe">
          <annotation></annotation>
          <name>failure</name>
          <command>NEXT</command>
          <linkMode>false</linkMode>
          <responseSymbol>failure</responseSymbol>
          <shouldHandoff>false</shouldHandoff>
          <transitionValue>0.0</transitionValue>
          <destination>
            <refId>4968a652-0606-4cde-af58-0abe3f17e5ad</refId>
          </destination>
          <source>
            <refId>a037bf28-15f4-4814-a919-b5ef1e3aa2c2</refId>
          </source>
          <positions>
            <point>
              <x>735.0</x>
              <y>76.0</y>
            </point>
            <point>
              <x>531.0</x>
              <y>224.0</y>
            </point>
          </positions>
          <labelPosition>
            <x>333.0</x>
            <y>0.0</y>
          </labelPosition>
        </transition>
        <transition id="a55c0951-67a6-4fb1-afac-95f48c28c156">
          <annotation></annotation>
          <name>success</name>
          <command>NEXT</command>
          <linkMode>false</linkMode>
          <responseSymbol>success</responseSymbol>
          <shouldHandoff>false</shouldHandoff>
          <transitionValue>0.0</transitionValue>
          <destination>
            <refId>6637e3cf-385c-485e-b206-1d4f2d13452b</refId>
          </destination>
          <source>
            <refId>a037bf28-15f4-4814-a919-b5ef1e3aa2c2</refId>
          </source>
          <positions>
            <point>
              <x>748.0</x>
              <y>50.0</y>
            </point>
            <point>
              <x>605.0</x>
              <y>364.0</y>
            </point>
          </positions>
          <labelPosition>
            <x>333.0</x>
            <y>0.0</y>
          </labelPosition>
        </transition>
      </transitions>
      <properties/>
      <opRef>
        <refId>3c0f1258-b910-4665-b809-753ed5586c08</refId>
      </opRef>
      <assignments/>
      <throttleSize>0</throttleSize>
    </step>
  </steps>
  <startSteps>855375bf-6526-4bb2-98fc-d351b0f0dd7e</startSteps>
</flow>