<?xml version="1.0" encoding="UTF-8"?>
<flow id="f428ce18-13e9-4dad-8c82-6965b97e6b86">
  <annotation></annotation>
  <name>IPAM_GetMaskGateway</name>
  <categories/>
  <inputs>
    <userInputBinding id="e71adbca-6297-4450-a47c-906b983c6405">
      <annotation></annotation>
      <assignFromContext>true</assignFromContext>
      <assignToContext>true</assignToContext>
      <inputType>STRING</inputType>
      <isList>false</isList>
      <required>false</required>
      <isPersisted>true</isPersisted>
      <inputSymbol>server.vlan1gid</inputSymbol>
      <listDelimiter>,</listDelimiter>
      <record>false</record>
      <prompt></prompt>
      <isMultiSelect>false</isMultiSelect>
      <sourceDelimiter>|</sourceDelimiter>
    </userInputBinding>
    <userInputBinding id="e52a5551-f5a4-4dd6-9af2-0444606c86c1">
      <annotation></annotation>
      <assignFromContext>true</assignFromContext>
      <assignToContext>true</assignToContext>
      <inputType>STRING</inputType>
      <isList>false</isList>
      <required>false</required>
      <isPersisted>true</isPersisted>
      <inputSymbol>server.vlan2gid</inputSymbol>
      <listDelimiter>,</listDelimiter>
      <record>false</record>
      <prompt></prompt>
      <isMultiSelect>false</isMultiSelect>
      <sourceDelimiter>|</sourceDelimiter>
    </userInputBinding>
  </inputs>
  <scriptlet id="f184fc80-d269-4801-b5da-5b8d7debf7f5">
    <annotation></annotation>
    <name>Operation IPAM_GetMaskGateway (f428ce18-13e9-4dad-8c82-6965b97e6b86)</name>
    <type>RHINO</type>
  </scriptlet>
  <possibleResponses>
    <opResponse id="18edebed-ffdd-4d98-89e1-295089b79bbb">
      <annotation></annotation>
      <name>failure</name>
      <isDefault>false</isDefault>
      <onFailure>true</onFailure>
      <type>ERROR</type>
      <matchRules/>
    </opResponse>
    <opResponse id="81da5fd3-b6b6-4e25-a20f-eaee6b648686">
      <annotation></annotation>
      <name>success</name>
      <isDefault>true</isDefault>
      <onFailure>false</onFailure>
      <type>RESOLVED</type>
      <matchRules/>
    </opResponse>
  </possibleResponses>
  <availableResultExpressions/>
  <resultExpression id="53fad703-7b16-4082-b82e-d8b09f9045d8">
    <annotation></annotation>
    <name>FailureMessage</name>
    <fieldName>FailureMessage</fieldName>
    <sourceType>RAWRESULT</sourceType>
    <filters/>
  </resultExpression>
  <iconSpec id="5b344c3d-1072-41db-92a1-c760a87d135c">
    <baseIcon>flow.png</baseIcon>
    <basePath>System</basePath>
    <readOnly>false</readOnly>
    <layers/>
  </iconSpec>
  <callouts/>
  <checkPointFlow>true</checkPointFlow>
  <compatibleRuntimeContext>false</compatibleRuntimeContext>
  <historyCheckPointFlow>true</historyCheckPointFlow>
  <steps>
    <step id="2091b8b2-fdca-4aaf-8ec0-1b9587be5ec3">
      <annotation></annotation>
      <name>DB_GetVLAN1InfoForSpec</name>
      <bounds>
        <x>381.0</x>
        <y>123.0</y>
      </bounds>
      <layer>-1</layer>
      <hideInbound>false</hideInbound>
      <addResultToRunContext>false</addResultToRunContext>
      <isCriticalStep>false</isCriticalStep>
      <isNonBlocking>false</isNonBlocking>
      <isParallelStep>false</isParallelStep>
      <isSingleResponse>false</isSingleResponse>
      <recordInHistory>false</recordInHistory>
      <recordRawOutput>true</recordRawOutput>
      <recordPrimaryOutput>true</recordPrimaryOutput>
      <checkPointStep>true</checkPointStep>
      <historyCheckPointStep>true</historyCheckPointStep>
      <scriptResultStep>false</scriptResultStep>
      <userPrompt></userPrompt>
      <bindings>
        <staticBinding id="10446cfa-61fa-4fbc-a2de-1eab9923d258">
          <annotation></annotation>
          <toContextKey>db.getdetails.bakip</toContextKey>
          <assignFromContext>false</assignFromContext>
          <assignToContext>true</assignToContext>
          <inputType>STRING</inputType>
          <isList>false</isList>
          <required>false</required>
          <isPersisted>true</isPersisted>
          <inputSymbol>vlan.gid</inputSymbol>
          <listDelimiter>,</listDelimiter>
          <value>${server.vlan1gid}</value>
          <record>false</record>
        </staticBinding>
      </bindings>
      <transitions>
        <transition id="ba531af6-dc23-477c-8a57-257077eddae3">
          <annotation></annotation>
          <name>failure</name>
          <command>NEXT</command>
          <linkMode>false</linkMode>
          <responseSymbol>failure</responseSymbol>
          <shouldHandoff>false</shouldHandoff>
          <transitionValue>0.0</transitionValue>
          <destination>
            <refId>8d108347-8207-4104-a259-f0be1c2eb737</refId>
          </destination>
          <source>
            <refId>2091b8b2-fdca-4aaf-8ec0-1b9587be5ec3</refId>
          </source>
          <positions>
            <point>
              <x>431.0</x>
              <y>157.0</y>
            </point>
            <point>
              <x>449.0</x>
              <y>365.0</y>
            </point>
          </positions>
          <labelPosition>
            <x>333.0</x>
            <y>0.0</y>
          </labelPosition>
        </transition>
        <transition id="58fcce20-ae4d-49a2-b067-8926341cf9bd">
          <annotation></annotation>
          <name>success</name>
          <command>NEXT</command>
          <linkMode>false</linkMode>
          <responseSymbol>success</responseSymbol>
          <shouldHandoff>false</shouldHandoff>
          <transitionValue>0.0</transitionValue>
          <destination>
            <refId>df1487e1-05dd-485f-884d-a9e4125f53cd</refId>
          </destination>
          <source>
            <refId>2091b8b2-fdca-4aaf-8ec0-1b9587be5ec3</refId>
          </source>
          <positions>
            <point>
              <x>431.0</x>
              <y>157.0</y>
            </point>
            <point>
              <x>653.0</x>
              <y>153.0</y>
            </point>
          </positions>
          <labelPosition>
            <x>333.0</x>
            <y>0.0</y>
          </labelPosition>
        </transition>
      </transitions>
      <properties/>
      <opRef>
        <refId>64423f23-6afb-45ec-b962-e12df50401c2</refId>
      </opRef>
      <assignments>
        <flowVariableAssignment id="dce62be4-2a43-430a-8528-3aa96da49d1f">
          <annotation></annotation>
          <name>assignment</name>
          <action>OVERWRITE</action>
          <assignmentTargetType>FLOW_OUTPUT_FIELD</assignmentTargetType>
          <contextKey>gateway1_1</contextKey>
          <expression id="0914ae63-9aa5-4127-83f2-b892523a34e3">
            <annotation></annotation>
            <name>Result Field: db.getdetails.defaultgateway</name>
            <fieldName>db.getdetails.defaultgateway</fieldName>
            <sourceType>RAWRESULT</sourceType>
            <filters/>
          </expression>
        </flowVariableAssignment>
        <flowVariableAssignment id="dda1e96b-d9cd-4330-bae3-eef09f372f83">
          <annotation></annotation>
          <name>assignment</name>
          <action>OVERWRITE</action>
          <assignmentTargetType>FLOW_OUTPUT_FIELD</assignmentTargetType>
          <contextKey>subnetmask1</contextKey>
          <expression id="171ce905-3257-4a32-a1ef-08e1be5a4174">
            <annotation></annotation>
            <name>Result Field: db.getdetails.subnetmask</name>
            <fieldName>db.getdetails.subnetmask</fieldName>
            <sourceType>RAWRESULT</sourceType>
            <filters/>
          </expression>
        </flowVariableAssignment>
      </assignments>
      <throttleSize>0</throttleSize>
    </step>
    <step id="df1487e1-05dd-485f-884d-a9e4125f53cd">
      <annotation>f428ce18-13e9-4dad-8c82-6965b97e6b86.df1487e1-05dd-485f-884d-a9e4125f53cd.description</annotation>
      <name>Is VLAN2 Null</name>
      <bounds>
        <x>603.0</x>
        <y>119.0</y>
      </bounds>
      <layer>-1</layer>
      <hideInbound>false</hideInbound>
      <addResultToRunContext>false</addResultToRunContext>
      <isCriticalStep>false</isCriticalStep>
      <isNonBlocking>false</isNonBlocking>
      <isParallelStep>false</isParallelStep>
      <isSingleResponse>false</isSingleResponse>
      <recordInHistory>false</recordInHistory>
      <recordRawOutput>true</recordRawOutput>
      <recordPrimaryOutput>true</recordPrimaryOutput>
      <checkPointStep>true</checkPointStep>
      <historyCheckPointStep>true</historyCheckPointStep>
      <scriptResultStep>false</scriptResultStep>
      <userPrompt></userPrompt>
      <bindings>
        <staticBinding id="31385406-e64b-49ab-940d-9c5b766822b3">
          <annotation></annotation>
          <assignFromContext>false</assignFromContext>
          <assignToContext>false</assignToContext>
          <inputType>STRING</inputType>
          <isList>false</isList>
          <required>false</required>
          <isPersisted>true</isPersisted>
          <inputSymbol>string1</inputSymbol>
          <listDelimiter>,</listDelimiter>
          <value>null</value>
          <record>false</record>
        </staticBinding>
        <staticBinding id="341ee2f6-4fc2-4ace-969e-bbc0d28c1954">
          <annotation></annotation>
          <fromContextKey>db.getdetails.vlan2gid</fromContextKey>
          <assignFromContext>true</assignFromContext>
          <assignToContext>false</assignToContext>
          <inputType>STRING</inputType>
          <isList>false</isList>
          <required>false</required>
          <isPersisted>true</isPersisted>
          <inputSymbol>string2</inputSymbol>
          <listDelimiter>,</listDelimiter>
          <value>${db.getdetails.vlan2gid}</value>
          <record>false</record>
        </staticBinding>
        <staticBinding id="b6106f4a-e3f4-432d-ada4-bcbc277507fa">
          <annotation></annotation>
          <assignFromContext>false</assignFromContext>
          <assignToContext>false</assignToContext>
          <inputType>STRING</inputType>
          <isList>false</isList>
          <required>false</required>
          <isPersisted>true</isPersisted>
          <inputSymbol>ignoreCase</inputSymbol>
          <listDelimiter>,</listDelimiter>
          <value>true</value>
          <record>false</record>
        </staticBinding>
        <staticBinding id="2eba5bd8-8060-4dd2-8fec-f99faaaf00d2">
          <annotation></annotation>
          <toContextKey></toContextKey>
          <fromContextKey></fromContextKey>
          <assignFromContext>false</assignFromContext>
          <assignToContext>false</assignToContext>
          <inputType>STRING</inputType>
          <recordKey></recordKey>
          <isList>false</isList>
          <required>false</required>
          <isPersisted>true</isPersisted>
          <inputSymbol>Field_3</inputSymbol>
          <listDelimiter></listDelimiter>
          <value>${in3}</value>
          <record>false</record>
        </staticBinding>
        <staticBinding id="ecd6c279-d524-439f-bc62-7b8f6bef0265">
          <annotation></annotation>
          <toContextKey></toContextKey>
          <fromContextKey></fromContextKey>
          <assignFromContext>false</assignFromContext>
          <assignToContext>false</assignToContext>
          <inputType>STRING</inputType>
          <recordKey></recordKey>
          <isList>false</isList>
          <required>false</required>
          <isPersisted>true</isPersisted>
          <inputSymbol>Field_4</inputSymbol>
          <listDelimiter></listDelimiter>
          <value>${in4}</value>
          <record>false</record>
        </staticBinding>
        <staticBinding id="9342d23e-f358-482b-902f-56c14939fbea">
          <annotation></annotation>
          <toContextKey></toContextKey>
          <fromContextKey></fromContextKey>
          <assignFromContext>false</assignFromContext>
          <assignToContext>false</assignToContext>
          <inputType>STRING</inputType>
          <recordKey></recordKey>
          <isList>false</isList>
          <required>false</required>
          <isPersisted>true</isPersisted>
          <inputSymbol>Field_2</inputSymbol>
          <listDelimiter></listDelimiter>
          <value>${in2}</value>
          <record>false</record>
        </staticBinding>
        <staticBinding id="96a8ba63-c40a-4a86-b8ff-f0f020283b43">
          <annotation></annotation>
          <toContextKey></toContextKey>
          <fromContextKey></fromContextKey>
          <assignFromContext>false</assignFromContext>
          <assignToContext>false</assignToContext>
          <inputType>STRING</inputType>
          <recordKey></recordKey>
          <isList>false</isList>
          <required>false</required>
          <isPersisted>true</isPersisted>
          <inputSymbol>Field_1</inputSymbol>
          <listDelimiter></listDelimiter>
          <value>${in1}</value>
          <record>false</record>
        </staticBinding>
      </bindings>
      <transitions>
        <transition id="83a3972f-3ad2-4a53-918e-57b04993fab1">
          <annotation></annotation>
          <name>false</name>
          <command>NEXT</command>
          <linkMode>false</linkMode>
          <responseSymbol>false</responseSymbol>
          <shouldHandoff>false</shouldHandoff>
          <transitionValue>0.0</transitionValue>
          <destination>
            <refId>5f28115f-de3b-469e-a498-9d2ca340123d</refId>
          </destination>
          <source>
            <refId>df1487e1-05dd-485f-884d-a9e4125f53cd</refId>
          </source>
          <positions>
            <point>
              <x>653.0</x>
              <y>153.0</y>
            </point>
            <point>
              <x>648.0</x>
              <y>351.0</y>
            </point>
          </positions>
          <labelPosition>
            <x>333.0</x>
            <y>0.0</y>
          </labelPosition>
        </transition>
        <transition id="e83b6815-c353-4deb-b3dd-ac4b2d482ac3">
          <annotation></annotation>
          <name>true</name>
          <command>NEXT</command>
          <linkMode>false</linkMode>
          <responseSymbol>true</responseSymbol>
          <shouldHandoff>false</shouldHandoff>
          <transitionValue>0.0</transitionValue>
          <destination>
            <refId>c2a0462f-0ee8-4b50-9e11-c3fa07533b05</refId>
          </destination>
          <source>
            <refId>df1487e1-05dd-485f-884d-a9e4125f53cd</refId>
          </source>
          <positions>
            <point>
              <x>653.0</x>
              <y>153.0</y>
            </point>
            <point>
              <x>914.0</x>
              <y>256.0</y>
            </point>
          </positions>
          <labelPosition>
            <x>333.0</x>
            <y>0.0</y>
          </labelPosition>
        </transition>
      </transitions>
      <properties/>
      <opRef>
        <refId>7c2f47aa-a4b3-4a7d-b3d4-007f285f7d29</refId>
      </opRef>
      <assignments/>
      <throttleSize>0</throttleSize>
    </step>
    <returnStep id="c2a0462f-0ee8-4b50-9e11-c3fa07533b05">
      <annotation></annotation>
      <name>Resolved : success</name>
      <bounds>
        <x>864.0</x>
        <y>222.0</y>
      </bounds>
      <layer>-1</layer>
      <hideInbound>false</hideInbound>
      <addResultToRunContext>false</addResultToRunContext>
      <isCriticalStep>false</isCriticalStep>
      <isNonBlocking>false</isNonBlocking>
      <isParallelStep>false</isParallelStep>
      <isSingleResponse>false</isSingleResponse>
      <recordInHistory>false</recordInHistory>
      <recordRawOutput>true</recordRawOutput>
      <recordPrimaryOutput>true</recordPrimaryOutput>
      <checkPointStep>true</checkPointStep>
      <historyCheckPointStep>true</historyCheckPointStep>
      <scriptResultStep>false</scriptResultStep>
      <userPrompt></userPrompt>
      <bindings/>
      <transitions>
        <transition id="a2a2e3cf-44b5-49bf-afcf-c518f534ac0d">
          <annotation></annotation>
          <name>return</name>
          <command>NEXT</command>
          <linkMode>false</linkMode>
          <responseSymbol>success</responseSymbol>
          <shouldHandoff>false</shouldHandoff>
          <transitionValue>0.0</transitionValue>
          <destination>
            <refId>c2a0462f-0ee8-4b50-9e11-c3fa07533b05</refId>
          </destination>
          <source>
            <refId>c2a0462f-0ee8-4b50-9e11-c3fa07533b05</refId>
          </source>
          <positions/>
        </transition>
      </transitions>
      <properties/>
      <returnStepType>RESOLVED</returnStepType>
      <assignments/>
    </returnStep>
    <step id="5f28115f-de3b-469e-a498-9d2ca340123d">
      <annotation></annotation>
      <name>DB_GetVLAN2InfoForSpec</name>
      <bounds>
        <x>606.0</x>
        <y>313.0</y>
      </bounds>
      <layer>-1</layer>
      <hideInbound>false</hideInbound>
      <addResultToRunContext>false</addResultToRunContext>
      <isCriticalStep>false</isCriticalStep>
      <isNonBlocking>false</isNonBlocking>
      <isParallelStep>false</isParallelStep>
      <isSingleResponse>false</isSingleResponse>
      <recordInHistory>false</recordInHistory>
      <recordRawOutput>true</recordRawOutput>
      <recordPrimaryOutput>true</recordPrimaryOutput>
      <checkPointStep>true</checkPointStep>
      <historyCheckPointStep>true</historyCheckPointStep>
      <scriptResultStep>false</scriptResultStep>
      <userPrompt></userPrompt>
      <bindings>
        <staticBinding id="01eaedd8-5e69-486f-b927-29e6d383fc2e">
          <annotation></annotation>
          <assignFromContext>false</assignFromContext>
          <assignToContext>false</assignToContext>
          <inputType>STRING</inputType>
          <isList>false</isList>
          <required>true</required>
          <isPersisted>true</isPersisted>
          <inputSymbol>vlan.gid</inputSymbol>
          <listDelimiter>,</listDelimiter>
          <value>${server.vlan2gid}</value>
          <record>false</record>
        </staticBinding>
      </bindings>
      <transitions>
        <transition id="99a0f695-aaff-4090-bd46-d9652e0c2200">
          <annotation></annotation>
          <name>failure</name>
          <command>NEXT</command>
          <linkMode>false</linkMode>
          <responseSymbol>failure</responseSymbol>
          <shouldHandoff>false</shouldHandoff>
          <transitionValue>0.0</transitionValue>
          <destination>
            <refId>8d108347-8207-4104-a259-f0be1c2eb737</refId>
          </destination>
          <source>
            <refId>5f28115f-de3b-469e-a498-9d2ca340123d</refId>
          </source>
          <positions>
            <point>
              <x>648.0</x>
              <y>351.0</y>
            </point>
            <point>
              <x>449.0</x>
              <y>365.0</y>
            </point>
          </positions>
          <labelPosition>
            <x>333.0</x>
            <y>0.0</y>
          </labelPosition>
        </transition>
        <transition id="0a5c95a2-14ba-432f-8508-fff906d0935e">
          <annotation></annotation>
          <name>success</name>
          <command>NEXT</command>
          <linkMode>false</linkMode>
          <responseSymbol>success</responseSymbol>
          <shouldHandoff>false</shouldHandoff>
          <transitionValue>0.0</transitionValue>
          <destination>
            <refId>c2a0462f-0ee8-4b50-9e11-c3fa07533b05</refId>
          </destination>
          <source>
            <refId>5f28115f-de3b-469e-a498-9d2ca340123d</refId>
          </source>
          <positions>
            <point>
              <x>648.0</x>
              <y>351.0</y>
            </point>
            <point>
              <x>914.0</x>
              <y>256.0</y>
            </point>
          </positions>
          <labelPosition>
            <x>333.0</x>
            <y>0.0</y>
          </labelPosition>
        </transition>
      </transitions>
      <properties/>
      <opRef>
        <refId>64423f23-6afb-45ec-b962-e12df50401c2</refId>
      </opRef>
      <assignments>
        <flowVariableAssignment id="7c30aad7-dfc1-4646-9949-a66736d47dca">
          <annotation></annotation>
          <name>assignment</name>
          <action>OVERWRITE</action>
          <assignmentTargetType>FLOW_OUTPUT_FIELD</assignmentTargetType>
          <contextKey>gateway2_1</contextKey>
          <expression id="184fae7f-e900-4dd7-9fc4-300ea9fadd6b">
            <annotation></annotation>
            <name>Result Field: db.getdetails.defaultgateway</name>
            <fieldName>db.getdetails.defaultgateway</fieldName>
            <sourceType>RAWRESULT</sourceType>
            <filters/>
          </expression>
        </flowVariableAssignment>
        <flowVariableAssignment id="22a9864f-5337-4b4a-b9e4-5dc0cd7e2042">
          <annotation></annotation>
          <name>assignment</name>
          <action>OVERWRITE</action>
          <assignmentTargetType>FLOW_OUTPUT_FIELD</assignmentTargetType>
          <contextKey>subnetmask2</contextKey>
          <expression id="cd1d7484-1a83-4b2d-a230-e17d03397a03">
            <annotation></annotation>
            <name>Result Field: db.getdetails.subnetmask</name>
            <fieldName>db.getdetails.subnetmask</fieldName>
            <sourceType>RAWRESULT</sourceType>
            <filters/>
          </expression>
        </flowVariableAssignment>
      </assignments>
      <throttleSize>0</throttleSize>
    </step>
    <returnStep id="8d108347-8207-4104-a259-f0be1c2eb737">
      <annotation></annotation>
      <name>Error : failure</name>
      <bounds>
        <x>379.0</x>
        <y>313.0</y>
      </bounds>
      <layer>-1</layer>
      <hideInbound>false</hideInbound>
      <addResultToRunContext>false</addResultToRunContext>
      <isCriticalStep>false</isCriticalStep>
      <isNonBlocking>false</isNonBlocking>
      <isParallelStep>false</isParallelStep>
      <isSingleResponse>false</isSingleResponse>
      <recordInHistory>false</recordInHistory>
      <recordRawOutput>true</recordRawOutput>
      <recordPrimaryOutput>true</recordPrimaryOutput>
      <checkPointStep>true</checkPointStep>
      <historyCheckPointStep>true</historyCheckPointStep>
      <scriptResultStep>false</scriptResultStep>
      <userPrompt></userPrompt>
      <bindings/>
      <transitions>
        <transition id="808f96e9-fd01-4146-bb4d-fa8edd65c113">
          <annotation></annotation>
          <name>return</name>
          <command>NEXT</command>
          <linkMode>false</linkMode>
          <responseSymbol>failure</responseSymbol>
          <shouldHandoff>false</shouldHandoff>
          <transitionValue>0.0</transitionValue>
          <destination>
            <refId>8d108347-8207-4104-a259-f0be1c2eb737</refId>
          </destination>
          <source>
            <refId>8d108347-8207-4104-a259-f0be1c2eb737</refId>
          </source>
          <positions/>
        </transition>
      </transitions>
      <properties/>
      <returnStepType>ERROR</returnStepType>
      <assignments/>
    </returnStep>
  </steps>
  <startSteps>2091b8b2-fdca-4aaf-8ec0-1b9587be5ec3</startSteps>
</flow>