<?xml version="1.0" encoding="UTF-8"?>
<flow id="42b964e3-4264-43b9-8b88-f3fa68eace9b">
  <annotation>42b964e3-4264-43b9-8b88-f3fa68eace9b.description</annotation>
  <name>VM_serverPowerOn</name>
  <categories/>
  <inputs>
    <userInputBinding id="56896ed3-c63b-4f67-8a27-6d85e1acdcf9">
      <annotation></annotation>
      <assignFromContext>true</assignFromContext>
      <assignToContext>false</assignToContext>
      <inputType>STRING</inputType>
      <isList>false</isList>
      <required>false</required>
      <isPersisted>true</isPersisted>
      <inputSymbol>vmmp.host</inputSymbol>
      <listDelimiter>,</listDelimiter>
      <record>false</record>
      <prompt></prompt>
      <isMultiSelect>false</isMultiSelect>
      <sourceDelimiter>|</sourceDelimiter>
    </userInputBinding>
    <userInputBinding id="ce016371-23b2-4164-b3dd-a872f02858be">
      <annotation></annotation>
      <assignFromContext>true</assignFromContext>
      <assignToContext>false</assignToContext>
      <inputType>STRING</inputType>
      <isList>false</isList>
      <required>true</required>
      <isPersisted>true</isPersisted>
      <inputSymbol>server.resourcepool</inputSymbol>
      <listDelimiter>,</listDelimiter>
      <record>false</record>
      <prompt></prompt>
      <isMultiSelect>false</isMultiSelect>
      <sourceDelimiter>|</sourceDelimiter>
    </userInputBinding>
    <userInputBinding id="5d5fc655-35df-4222-a38b-4489fa34995d">
      <annotation></annotation>
      <assignFromContext>true</assignFromContext>
      <assignToContext>true</assignToContext>
      <inputType>STRING</inputType>
      <isList>false</isList>
      <required>true</required>
      <isPersisted>true</isPersisted>
      <inputSymbol>vmName</inputSymbol>
      <listDelimiter>,</listDelimiter>
      <record>false</record>
      <prompt></prompt>
      <isMultiSelect>false</isMultiSelect>
      <sourceDelimiter>|</sourceDelimiter>
    </userInputBinding>
    <userInputBinding id="12bcc8f9-0739-47c9-803e-25f8a8267ef7">
      <annotation></annotation>
      <assignFromContext>true</assignFromContext>
      <assignToContext>true</assignToContext>
      <inputType>STRING</inputType>
      <isList>false</isList>
      <required>false</required>
      <isPersisted>true</isPersisted>
      <inputSymbol>server.hostname</inputSymbol>
      <listDelimiter>,</listDelimiter>
      <record>false</record>
      <prompt></prompt>
      <isMultiSelect>false</isMultiSelect>
      <sourceDelimiter>|</sourceDelimiter>
    </userInputBinding>
  </inputs>
  <scriptlet id="1574fb90-56db-454a-b04d-f3ff58d1f36e">
    <annotation></annotation>
    <name>Operation VM_serverPowerOn (42b964e3-4264-43b9-8b88-f3fa68eace9b)</name>
    <type>RHINO</type>
  </scriptlet>
  <possibleResponses>
    <opResponse id="c7fba216-c9d5-4006-a2de-7f5bad72e679">
      <annotation></annotation>
      <name>failure</name>
      <isDefault>false</isDefault>
      <onFailure>true</onFailure>
      <type>ERROR</type>
      <matchRules/>
    </opResponse>
    <opResponse id="f55388fc-5d53-42a7-8400-47826ca9b34a">
      <annotation></annotation>
      <name>success</name>
      <isDefault>true</isDefault>
      <onFailure>false</onFailure>
      <type>RESOLVED</type>
      <matchRules/>
    </opResponse>
  </possibleResponses>
  <availableResultExpressions/>
  <resultExpression id="bb919b98-e5c8-476c-bc60-75a63fcdca30">
    <annotation></annotation>
    <name>FailureMessage</name>
    <fieldName>FailureMessage</fieldName>
    <sourceType>RAWRESULT</sourceType>
    <filters/>
  </resultExpression>
  <iconSpec id="9b891950-98bd-4c16-8f31-b08a8a9c7fb0">
    <baseIcon>flow.png</baseIcon>
    <basePath>System</basePath>
    <readOnly>false</readOnly>
    <layers/>
  </iconSpec>
  <callouts/>
  <checkPointFlow>true</checkPointFlow>
  <compatibleRuntimeContext>false</compatibleRuntimeContext>
  <historyCheckPointFlow>true</historyCheckPointFlow>
  <steps>
    <step id="f56a0e2a-d233-4f2d-b574-b8cb4385ba46">
      <annotation></annotation>
      <name>DB_GetVMMPByResourcePool</name>
      <bounds>
        <x>149.0</x>
        <y>188.0</y>
      </bounds>
      <layer>-1</layer>
      <hideInbound>false</hideInbound>
      <iconSpec id="30cb5ccd-566e-4609-a7fa-135aed51eb4d">
        <baseIcon>flow.png</baseIcon>
        <basePath>System</basePath>
        <readOnly>false</readOnly>
        <layers/>
      </iconSpec>
      <addResultToRunContext>false</addResultToRunContext>
      <isCriticalStep>false</isCriticalStep>
      <isNonBlocking>false</isNonBlocking>
      <isParallelStep>false</isParallelStep>
      <isSingleResponse>false</isSingleResponse>
      <recordInHistory>false</recordInHistory>
      <recordRawOutput>true</recordRawOutput>
      <recordPrimaryOutput>true</recordPrimaryOutput>
      <checkPointStep>true</checkPointStep>
      <historyCheckPointStep>true</historyCheckPointStep>
      <scriptResultStep>false</scriptResultStep>
      <userPrompt></userPrompt>
      <bindings>
        <userInputBinding id="a1c3d4fc-acbb-4c3a-84cd-70e69c1505de">
          <annotation></annotation>
          <fromContextKey>server.resourcepool</fromContextKey>
          <assignFromContext>true</assignFromContext>
          <assignToContext>false</assignToContext>
          <inputType>STRING</inputType>
          <isList>false</isList>
          <required>true</required>
          <isPersisted>true</isPersisted>
          <inputSymbol>db.vmmp.resourcepool</inputSymbol>
          <listDelimiter>,</listDelimiter>
          <record>false</record>
          <prompt></prompt>
          <isMultiSelect>false</isMultiSelect>
          <sourceDelimiter>|</sourceDelimiter>
        </userInputBinding>
      </bindings>
      <transitions>
        <transition id="825d2dec-a1a9-4b34-bf05-4a501b194ba3">
          <annotation></annotation>
          <name>success</name>
          <command>NEXT</command>
          <linkMode>false</linkMode>
          <responseSymbol>success</responseSymbol>
          <shouldHandoff>false</shouldHandoff>
          <transitionValue>0.0</transitionValue>
          <destination>
            <refId>804ba578-0cfd-497c-94a6-223f07036e0b</refId>
          </destination>
          <source>
            <refId>f56a0e2a-d233-4f2d-b574-b8cb4385ba46</refId>
          </source>
          <positions>
            <point>
              <x>193.0</x>
              <y>231.0</y>
            </point>
            <point>
              <x>435.0</x>
              <y>226.0</y>
            </point>
          </positions>
          <labelPosition>
            <x>333.0</x>
            <y>0.0</y>
          </labelPosition>
        </transition>
        <transition id="e251007d-09fb-4e05-b037-5178e69f94b1">
          <annotation></annotation>
          <name>failure</name>
          <command>NEXT</command>
          <linkMode>false</linkMode>
          <responseSymbol>failure</responseSymbol>
          <shouldHandoff>false</shouldHandoff>
          <transitionValue>0.0</transitionValue>
          <destination>
            <refId>835a95f0-e63f-41f6-86b2-aa57d17dcbed</refId>
          </destination>
          <source>
            <refId>f56a0e2a-d233-4f2d-b574-b8cb4385ba46</refId>
          </source>
          <positions>
            <point>
              <x>193.0</x>
              <y>231.0</y>
            </point>
            <point>
              <x>282.0</x>
              <y>442.0</y>
            </point>
          </positions>
          <labelPosition>
            <x>333.0</x>
            <y>0.0</y>
          </labelPosition>
        </transition>
      </transitions>
      <properties/>
      <opRef>
        <refId>2d28b788-0a50-41e3-bdbc-f2378110a213</refId>
      </opRef>
      <assignments>
        <flowVariableAssignment id="27ccd168-5631-43f8-8213-699918717943">
          <annotation></annotation>
          <name>assignment</name>
          <action>OVERWRITE</action>
          <assignmentTargetType>FLOW_VARIABLE</assignmentTargetType>
          <contextKey>vmmp.type</contextKey>
          <expression id="fd7f236c-8c86-4917-9090-27b032826dec">
            <annotation></annotation>
            <name>Result: vmmp.type</name>
            <fieldName>vmmp.type</fieldName>
            <sourceType>AVAILABLE_RESULT</sourceType>
            <filters/>
          </expression>
        </flowVariableAssignment>
      </assignments>
      <throttleSize>0</throttleSize>
    </step>
    <returnStep id="4f4e74b3-a774-4550-b090-61551fc14587">
      <annotation></annotation>
      <name>Error : failure</name>
      <bounds>
        <x>908.0</x>
        <y>272.0</y>
      </bounds>
      <layer>-1</layer>
      <hideInbound>false</hideInbound>
      <addResultToRunContext>false</addResultToRunContext>
      <isCriticalStep>false</isCriticalStep>
      <isNonBlocking>false</isNonBlocking>
      <isParallelStep>false</isParallelStep>
      <isSingleResponse>false</isSingleResponse>
      <recordInHistory>false</recordInHistory>
      <recordRawOutput>true</recordRawOutput>
      <recordPrimaryOutput>true</recordPrimaryOutput>
      <checkPointStep>true</checkPointStep>
      <historyCheckPointStep>true</historyCheckPointStep>
      <scriptResultStep>false</scriptResultStep>
      <userPrompt></userPrompt>
      <bindings/>
      <transitions>
        <transition id="b8a7043a-4fa5-4356-b180-54eed95a4360">
          <annotation></annotation>
          <name>return</name>
          <command>NEXT</command>
          <linkMode>false</linkMode>
          <responseSymbol>failure</responseSymbol>
          <shouldHandoff>false</shouldHandoff>
          <transitionValue>0.0</transitionValue>
          <destination>
            <refId>4f4e74b3-a774-4550-b090-61551fc14587</refId>
          </destination>
          <source>
            <refId>4f4e74b3-a774-4550-b090-61551fc14587</refId>
          </source>
          <positions/>
        </transition>
      </transitions>
      <properties/>
      <returnStepType>ERROR</returnStepType>
      <assignments/>
    </returnStep>
    <step id="a7b9c0ed-4fc9-459c-84d5-46e088aef268">
      <annotation>42b964e3-4264-43b9-8b88-f3fa68eace9b.a7b9c0ed-4fc9-459c-84d5-46e088aef268.description</annotation>
      <name>Set Power State</name>
      <bounds>
        <x>699.0</x>
        <y>157.0</y>
      </bounds>
      <layer>-1</layer>
      <hideInbound>false</hideInbound>
      <addResultToRunContext>false</addResultToRunContext>
      <isCriticalStep>false</isCriticalStep>
      <isNonBlocking>false</isNonBlocking>
      <isParallelStep>false</isParallelStep>
      <isSingleResponse>false</isSingleResponse>
      <recordInHistory>false</recordInHistory>
      <recordRawOutput>true</recordRawOutput>
      <recordPrimaryOutput>true</recordPrimaryOutput>
      <checkPointStep>true</checkPointStep>
      <historyCheckPointStep>true</historyCheckPointStep>
      <scriptResultStep>false</scriptResultStep>
      <userPrompt></userPrompt>
      <bindings>
        <staticBinding id="77a69ea3-a0dd-4542-b15f-ebf7bd2a3c0c">
          <annotation></annotation>
          <toContextKey></toContextKey>
          <fromContextKey>vmmp.host</fromContextKey>
          <assignFromContext>true</assignFromContext>
          <assignToContext>false</assignToContext>
          <inputType>STRING</inputType>
          <isList>false</isList>
          <required>true</required>
          <isPersisted>true</isPersisted>
          <inputSymbol>host</inputSymbol>
          <listDelimiter>,</listDelimiter>
          <value></value>
          <record>false</record>
        </staticBinding>
        <identityBinding id="caabe247-20ee-4ed4-8dc8-e12448332c9f">
          <annotation></annotation>
          <toContextKey></toContextKey>
          <fromContextKey></fromContextKey>
          <assignFromContext>false</assignFromContext>
          <assignToContext>false</assignToContext>
          <inputType>ENCRYPTED</inputType>
          <isList>false</isList>
          <required>false</required>
          <isPersisted>true</isPersisted>
          <inputSymbol>user</inputSymbol>
          <listDelimiter>,</listDelimiter>
          <record>false</record>
          <link>
            <refId>175fb5fb-15e2-4aa9-a31b-3907e8c9cdcf</refId>
            <refName>pc.vcenter</refName>
          </link>
          <identityAttribute>USERNAME</identityAttribute>
        </identityBinding>
        <identityBinding id="6fc19c87-ba40-4615-8ba3-d7c63a464d39">
          <annotation></annotation>
          <toContextKey></toContextKey>
          <fromContextKey></fromContextKey>
          <assignFromContext>false</assignFromContext>
          <assignToContext>false</assignToContext>
          <inputType>ENCRYPTED</inputType>
          <recordKey></recordKey>
          <isList>false</isList>
          <required>true</required>
          <isPersisted>false</isPersisted>
          <inputSymbol>password</inputSymbol>
          <listDelimiter>,</listDelimiter>
          <record>false</record>
          <link>
            <refId>175fb5fb-15e2-4aa9-a31b-3907e8c9cdcf</refId>
            <refName>pc.vcenter</refName>
          </link>
          <identityAttribute>PASSWORD</identityAttribute>
        </identityBinding>
        <staticBinding id="5a1e312a-4dff-451e-a707-3d7cf58c009d">
          <annotation></annotation>
          <toContextKey></toContextKey>
          <fromContextKey>pc.vcenter.port</fromContextKey>
          <assignFromContext>true</assignFromContext>
          <assignToContext>true</assignToContext>
          <inputType>STRING</inputType>
          <isList>false</isList>
          <required>true</required>
          <isPersisted>true</isPersisted>
          <inputSymbol>port</inputSymbol>
          <listDelimiter>,</listDelimiter>
          <value>443</value>
          <record>false</record>
        </staticBinding>
        <staticBinding id="1b2b2314-e9fb-4f3c-aa3f-22518160be2d">
          <annotation></annotation>
          <toContextKey></toContextKey>
          <fromContextKey>pc.vcenter.protocol</fromContextKey>
          <assignFromContext>true</assignFromContext>
          <assignToContext>true</assignToContext>
          <inputType>STRING</inputType>
          <isList>false</isList>
          <required>true</required>
          <isPersisted>true</isPersisted>
          <inputSymbol>protocol</inputSymbol>
          <listDelimiter>,</listDelimiter>
          <value>https</value>
          <record>false</record>
        </staticBinding>
        <staticBinding id="c7613f93-49b4-4cd1-9971-31f0c109a878">
          <annotation></annotation>
          <fromContextKey>pc.vcenter.closeSession</fromContextKey>
          <assignFromContext>true</assignFromContext>
          <assignToContext>true</assignToContext>
          <inputType>STRING</inputType>
          <isList>false</isList>
          <required>true</required>
          <isPersisted>true</isPersisted>
          <inputSymbol>closeSession</inputSymbol>
          <listDelimiter>,</listDelimiter>
          <value>true</value>
          <record>false</record>
        </staticBinding>
        <staticBinding id="1d495ea9-018f-4c59-a37d-09adafba3336">
          <annotation></annotation>
          <toContextKey></toContextKey>
          <fromContextKey>pc.vcenter.async</fromContextKey>
          <assignFromContext>true</assignFromContext>
          <assignToContext>true</assignToContext>
          <inputType>STRING</inputType>
          <isList>false</isList>
          <required>true</required>
          <isPersisted>true</isPersisted>
          <inputSymbol>async</inputSymbol>
          <listDelimiter>,</listDelimiter>
          <value>false</value>
          <record>false</record>
        </staticBinding>
        <staticBinding id="559be903-d789-4a99-afa9-4fd9eb295356">
          <annotation></annotation>
          <toContextKey></toContextKey>
          <fromContextKey>pc.vcenter.taskTimeOut</fromContextKey>
          <assignFromContext>true</assignFromContext>
          <assignToContext>true</assignToContext>
          <inputType>STRING</inputType>
          <isList>false</isList>
          <required>false</required>
          <isPersisted>true</isPersisted>
          <inputSymbol>taskTimeOut</inputSymbol>
          <listDelimiter>,</listDelimiter>
          <value>48000</value>
          <record>false</record>
        </staticBinding>
        <staticBinding id="2a3845e6-c98a-4daa-a4cd-238d422ead61">
          <annotation></annotation>
          <toContextKey></toContextKey>
          <fromContextKey>pc.vcenter.vmIdentifierType</fromContextKey>
          <assignFromContext>true</assignFromContext>
          <assignToContext>true</assignToContext>
          <inputType>STRING</inputType>
          <isList>false</isList>
          <required>true</required>
          <isPersisted>true</isPersisted>
          <inputSymbol>vmIdentifierType</inputSymbol>
          <listDelimiter>,</listDelimiter>
          <value>NAME</value>
          <record>false</record>
        </staticBinding>
        <staticBinding id="12baa034-7c30-4dcb-8c42-1d0d1a4cb995">
          <annotation></annotation>
          <toContextKey></toContextKey>
          <fromContextKey>vmName</fromContextKey>
          <assignFromContext>true</assignFromContext>
          <assignToContext>false</assignToContext>
          <inputType>STRING</inputType>
          <isList>false</isList>
          <required>true</required>
          <isPersisted>true</isPersisted>
          <inputSymbol>virtualMachine</inputSymbol>
          <listDelimiter>,</listDelimiter>
          <value>${vmName}</value>
          <record>false</record>
        </staticBinding>
        <userInputBinding id="f1092b2d-b779-4367-9763-abd23a5f4b96">
          <annotation></annotation>
          <toContextKey></toContextKey>
          <fromContextKey>pc.vcenter.vmPowerState.on</fromContextKey>
          <assignFromContext>true</assignFromContext>
          <assignToContext>true</assignToContext>
          <inputType>STRING</inputType>
          <isList>false</isList>
          <required>true</required>
          <isPersisted>true</isPersisted>
          <inputSymbol>vmPowerState</inputSymbol>
          <listDelimiter>,</listDelimiter>
          <record>false</record>
          <prompt></prompt>
          <isMultiSelect>false</isMultiSelect>
          <sourceDelimiter>|</sourceDelimiter>
        </userInputBinding>
      </bindings>
      <transitions>
        <transition id="4107cf89-fc86-48f9-9791-a4d22d2be984">
          <annotation></annotation>
          <name>success</name>
          <command>NEXT</command>
          <linkMode>false</linkMode>
          <responseSymbol>success</responseSymbol>
          <shouldHandoff>false</shouldHandoff>
          <transitionValue>0.0</transitionValue>
          <destination>
            <refId>283e28ef-7b5c-4e64-a91b-8a9053bb4fd2</refId>
          </destination>
          <source>
            <refId>a7b9c0ed-4fc9-459c-84d5-46e088aef268</refId>
          </source>
          <positions>
            <point>
              <x>749.0</x>
              <y>191.0</y>
            </point>
            <point>
              <x>1132.0</x>
              <y>302.0</y>
            </point>
          </positions>
          <labelPosition>
            <x>333.0</x>
            <y>0.0</y>
          </labelPosition>
        </transition>
        <transition id="41a03b50-154a-4c30-b6ed-440af9c40eda">
          <annotation></annotation>
          <name>failure</name>
          <command>NEXT</command>
          <linkMode>false</linkMode>
          <responseSymbol>failure</responseSymbol>
          <shouldHandoff>false</shouldHandoff>
          <transitionValue>0.0</transitionValue>
          <destination>
            <refId>4f4e74b3-a774-4550-b090-61551fc14587</refId>
          </destination>
          <source>
            <refId>a7b9c0ed-4fc9-459c-84d5-46e088aef268</refId>
          </source>
          <positions>
            <point>
              <x>749.0</x>
              <y>191.0</y>
            </point>
            <point>
              <x>958.0</x>
              <y>306.0</y>
            </point>
          </positions>
          <labelPosition>
            <x>333.0</x>
            <y>0.0</y>
          </labelPosition>
        </transition>
        <transition id="edf9f6e0-7d6d-400a-a65d-db3ab571626b">
          <annotation></annotation>
          <name>no action</name>
          <command>NEXT</command>
          <linkMode>false</linkMode>
          <responseSymbol>no action</responseSymbol>
          <shouldHandoff>false</shouldHandoff>
          <transitionValue>0.0</transitionValue>
          <destination>
            <refId>283e28ef-7b5c-4e64-a91b-8a9053bb4fd2</refId>
          </destination>
          <source>
            <refId>a7b9c0ed-4fc9-459c-84d5-46e088aef268</refId>
          </source>
          <positions>
            <point>
              <x>749.0</x>
              <y>191.0</y>
            </point>
            <point>
              <x>813.5876280276112</x>
              <y>183.6898491283057</y>
            </point>
            <point>
              <x>1081.3304979888221</x>
              <y>261.2863466888656</y>
            </point>
            <point>
              <x>1132.0</x>
              <y>302.0</y>
            </point>
          </positions>
          <labelPosition>
            <x>333.0</x>
            <y>0.0</y>
          </labelPosition>
        </transition>
      </transitions>
      <properties/>
      <opRef>
        <refId>4168aefd-81bd-4703-a759-5c22ef67e5da</refId>
      </opRef>
      <assignments/>
      <throttleSize>0</throttleSize>
    </step>
    <returnStep id="283e28ef-7b5c-4e64-a91b-8a9053bb4fd2">
      <annotation></annotation>
      <name>Resolved : success</name>
      <bounds>
        <x>1082.0</x>
        <y>268.0</y>
      </bounds>
      <layer>-1</layer>
      <hideInbound>false</hideInbound>
      <addResultToRunContext>false</addResultToRunContext>
      <isCriticalStep>false</isCriticalStep>
      <isNonBlocking>false</isNonBlocking>
      <isParallelStep>false</isParallelStep>
      <isSingleResponse>false</isSingleResponse>
      <recordInHistory>false</recordInHistory>
      <recordRawOutput>true</recordRawOutput>
      <recordPrimaryOutput>true</recordPrimaryOutput>
      <checkPointStep>true</checkPointStep>
      <historyCheckPointStep>true</historyCheckPointStep>
      <scriptResultStep>false</scriptResultStep>
      <userPrompt></userPrompt>
      <bindings/>
      <transitions>
        <transition id="62e7b03f-030c-4d89-906f-226ba3648a41">
          <annotation></annotation>
          <name>return</name>
          <command>NEXT</command>
          <linkMode>false</linkMode>
          <responseSymbol>success</responseSymbol>
          <shouldHandoff>false</shouldHandoff>
          <transitionValue>0.0</transitionValue>
          <destination>
            <refId>283e28ef-7b5c-4e64-a91b-8a9053bb4fd2</refId>
          </destination>
          <source>
            <refId>283e28ef-7b5c-4e64-a91b-8a9053bb4fd2</refId>
          </source>
          <positions/>
        </transition>
      </transitions>
      <properties/>
      <returnStepType>RESOLVED</returnStepType>
      <assignments/>
    </returnStep>
    <returnStep id="835a95f0-e63f-41f6-86b2-aa57d17dcbed">
      <annotation></annotation>
      <name>Error : failure</name>
      <bounds>
        <x>273.0</x>
        <y>407.0</y>
      </bounds>
      <layer>-1</layer>
      <hideInbound>false</hideInbound>
      <addResultToRunContext>false</addResultToRunContext>
      <isCriticalStep>false</isCriticalStep>
      <isNonBlocking>false</isNonBlocking>
      <isParallelStep>false</isParallelStep>
      <isSingleResponse>false</isSingleResponse>
      <recordInHistory>false</recordInHistory>
      <recordRawOutput>true</recordRawOutput>
      <recordPrimaryOutput>true</recordPrimaryOutput>
      <checkPointStep>true</checkPointStep>
      <historyCheckPointStep>true</historyCheckPointStep>
      <scriptResultStep>false</scriptResultStep>
      <userPrompt></userPrompt>
      <bindings/>
      <transitions>
        <transition id="2458122a-2e7f-4ce0-9ef3-e497b10b7cb9">
          <annotation></annotation>
          <name>return</name>
          <command>NEXT</command>
          <linkMode>false</linkMode>
          <responseSymbol>failure</responseSymbol>
          <shouldHandoff>false</shouldHandoff>
          <transitionValue>0.0</transitionValue>
          <destination>
            <refId>835a95f0-e63f-41f6-86b2-aa57d17dcbed</refId>
          </destination>
          <source>
            <refId>835a95f0-e63f-41f6-86b2-aa57d17dcbed</refId>
          </source>
          <positions/>
        </transition>
      </transitions>
      <properties/>
      <returnStepType>ERROR</returnStepType>
      <assignments/>
    </returnStep>
    <step id="804ba578-0cfd-497c-94a6-223f07036e0b">
      <annotation></annotation>
      <name>VM Platform Check</name>
      <bounds>
        <x>385.0</x>
        <y>188.0</y>
      </bounds>
      <layer>-1</layer>
      <hideInbound>false</hideInbound>
      <iconSpec id="28843955-e6b6-4dab-8c26-b74bc33086a3">
        <baseIcon>webservice.png</baseIcon>
        <basePath>System</basePath>
        <readOnly>false</readOnly>
        <layers/>
      </iconSpec>
      <addResultToRunContext>false</addResultToRunContext>
      <isCriticalStep>false</isCriticalStep>
      <isNonBlocking>false</isNonBlocking>
      <isParallelStep>false</isParallelStep>
      <isSingleResponse>false</isSingleResponse>
      <recordInHistory>false</recordInHistory>
      <recordRawOutput>true</recordRawOutput>
      <recordPrimaryOutput>true</recordPrimaryOutput>
      <checkPointStep>true</checkPointStep>
      <historyCheckPointStep>true</historyCheckPointStep>
      <scriptResultStep>false</scriptResultStep>
      <userPrompt></userPrompt>
      <bindings>
        <userInputBinding id="f94bfc47-9590-4295-8211-c4014295b175">
          <annotation></annotation>
          <toContextKey>vmmp.type</toContextKey>
          <fromContextKey>vmmp.type</fromContextKey>
          <assignFromContext>true</assignFromContext>
          <assignToContext>true</assignToContext>
          <inputType>STRING</inputType>
          <isList>false</isList>
          <required>false</required>
          <isPersisted>true</isPersisted>
          <inputSymbol>Field_1</inputSymbol>
          <listDelimiter>,</listDelimiter>
          <record>false</record>
          <prompt>42b964e3-4264-43b9-8b88-f3fa68eace9b.f94bfc47-9590-4295-8211-c4014295b175.prompt</prompt>
          <isMultiSelect>false</isMultiSelect>
          <link>
            <refId>7e9736e6-5b21-410e-b799-7dfb88f15624</refId>
            <refName>VM Platforms</refName>
          </link>
          <sourceDelimiter>|</sourceDelimiter>
        </userInputBinding>
      </bindings>
      <transitions>
        <transition id="cfa87aca-5c93-411c-a2e0-0eb643bb38b6">
          <annotation></annotation>
          <name>failure</name>
          <command>NEXT</command>
          <linkMode>false</linkMode>
          <responseSymbol>failure</responseSymbol>
          <shouldHandoff>false</shouldHandoff>
          <transitionValue>0.0</transitionValue>
          <destination>
            <refId>835a95f0-e63f-41f6-86b2-aa57d17dcbed</refId>
          </destination>
          <source>
            <refId>804ba578-0cfd-497c-94a6-223f07036e0b</refId>
          </source>
          <positions>
            <point>
              <x>435.0</x>
              <y>226.0</y>
            </point>
            <point>
              <x>282.0</x>
              <y>442.0</y>
            </point>
          </positions>
          <labelPosition>
            <x>333.0</x>
            <y>0.0</y>
          </labelPosition>
        </transition>
        <transition id="61267d38-3ff7-428a-a20b-211da2be921b">
          <annotation></annotation>
          <name>vCenter</name>
          <command>NEXT</command>
          <linkMode>false</linkMode>
          <responseSymbol>vCenter</responseSymbol>
          <shouldHandoff>false</shouldHandoff>
          <transitionValue>0.0</transitionValue>
          <destination>
            <refId>a7b9c0ed-4fc9-459c-84d5-46e088aef268</refId>
          </destination>
          <source>
            <refId>804ba578-0cfd-497c-94a6-223f07036e0b</refId>
          </source>
          <positions>
            <point>
              <x>435.0</x>
              <y>226.0</y>
            </point>
            <point>
              <x>749.0</x>
              <y>191.0</y>
            </point>
          </positions>
          <labelPosition>
            <x>333.0</x>
            <y>0.0</y>
          </labelPosition>
        </transition>
        <transition id="23dbeae0-24a7-474e-a8e6-daf62cc0b48c">
          <annotation></annotation>
          <name>SCVMM</name>
          <command>NEXT</command>
          <linkMode>false</linkMode>
          <responseSymbol>SCVMM</responseSymbol>
          <shouldHandoff>false</shouldHandoff>
          <transitionValue>0.0</transitionValue>
          <destination>
            <refId>93516368-d8a5-443d-a213-506fbcdfe304</refId>
          </destination>
          <source>
            <refId>804ba578-0cfd-497c-94a6-223f07036e0b</refId>
          </source>
          <positions>
            <point>
              <x>435.0</x>
              <y>226.0</y>
            </point>
            <point>
              <x>639.0</x>
              <y>609.0</y>
            </point>
          </positions>
          <labelPosition>
            <x>333.0</x>
            <y>0.0</y>
          </labelPosition>
        </transition>
      </transitions>
      <properties/>
      <opRef>
        <refId>a929fb84-1648-4552-bd7e-b664ebc353de</refId>
      </opRef>
      <assignments/>
      <throttleSize>0</throttleSize>
    </step>
    <step id="93516368-d8a5-443d-a213-506fbcdfe304">
      <annotation></annotation>
      <name>SCVMM_poweronVM</name>
      <bounds>
        <x>678.0</x>
        <y>426.0</y>
      </bounds>
      <layer>-1</layer>
      <hideInbound>false</hideInbound>
      <addResultToRunContext>false</addResultToRunContext>
      <isCriticalStep>false</isCriticalStep>
      <isNonBlocking>false</isNonBlocking>
      <isParallelStep>false</isParallelStep>
      <isSingleResponse>false</isSingleResponse>
      <recordInHistory>false</recordInHistory>
      <recordRawOutput>true</recordRawOutput>
      <recordPrimaryOutput>true</recordPrimaryOutput>
      <checkPointStep>true</checkPointStep>
      <historyCheckPointStep>true</historyCheckPointStep>
      <scriptResultStep>false</scriptResultStep>
      <userPrompt></userPrompt>
      <bindings>
        <staticBinding id="1f66a9cc-5d65-4bbb-b7cc-4bbbb9222a45">
          <annotation></annotation>
          <assignFromContext>true</assignFromContext>
          <assignToContext>false</assignToContext>
          <inputType>STRING</inputType>
          <isList>false</isList>
          <required>false</required>
          <isPersisted>true</isPersisted>
          <inputSymbol>vmName</inputSymbol>
          <listDelimiter>,</listDelimiter>
          <value>test_gangx3</value>
          <record>false</record>
        </staticBinding>
        <staticBinding id="0dc724b7-14eb-4643-b4ef-8ef6c3ff4c9d">
          <annotation></annotation>
          <fromContextKey>vmmp.host</fromContextKey>
          <assignFromContext>true</assignFromContext>
          <assignToContext>false</assignToContext>
          <inputType>STRING</inputType>
          <isList>false</isList>
          <required>true</required>
          <isPersisted>true</isPersisted>
          <inputSymbol>host</inputSymbol>
          <listDelimiter>,</listDelimiter>
          <value></value>
          <record>false</record>
        </staticBinding>
      </bindings>
      <transitions>
        <transition id="59b1fb6f-c15e-482c-8a1d-dbc9ee1ab018">
          <annotation></annotation>
          <name>success</name>
          <command>NEXT</command>
          <linkMode>false</linkMode>
          <responseSymbol>success</responseSymbol>
          <shouldHandoff>false</shouldHandoff>
          <transitionValue>0.0</transitionValue>
          <destination>
            <refId>283e28ef-7b5c-4e64-a91b-8a9053bb4fd2</refId>
          </destination>
          <source>
            <refId>93516368-d8a5-443d-a213-506fbcdfe304</refId>
          </source>
          <positions>
            <point>
              <x>728.0</x>
              <y>460.0</y>
            </point>
            <point>
              <x>1132.0</x>
              <y>302.0</y>
            </point>
          </positions>
          <labelPosition>
            <x>333.0</x>
            <y>0.0</y>
          </labelPosition>
        </transition>
        <transition id="73b75cdf-6fd3-41ef-8baa-2befd89af157">
          <annotation></annotation>
          <name>failure</name>
          <command>NEXT</command>
          <linkMode>false</linkMode>
          <responseSymbol>failure</responseSymbol>
          <shouldHandoff>false</shouldHandoff>
          <transitionValue>0.0</transitionValue>
          <destination>
            <refId>4f4e74b3-a774-4550-b090-61551fc14587</refId>
          </destination>
          <source>
            <refId>93516368-d8a5-443d-a213-506fbcdfe304</refId>
          </source>
          <positions>
            <point>
              <x>728.0</x>
              <y>460.0</y>
            </point>
            <point>
              <x>958.0</x>
              <y>306.0</y>
            </point>
          </positions>
          <labelPosition>
            <x>333.0</x>
            <y>0.0</y>
          </labelPosition>
        </transition>
      </transitions>
      <properties/>
      <opRef>
        <refId>7b8b5107-00e0-4474-84f8-93e13b3c45f1</refId>
      </opRef>
      <assignments/>
      <throttleSize>0</throttleSize>
    </step>
  </steps>
  <startSteps>f56a0e2a-d233-4f2d-b574-b8cb4385ba46</startSteps>
</flow>