<?xml version="1.0" encoding="UTF-8"?>
<flow id="47a11205-2550-4896-bad6-b6d31a9df27c">
  <annotation></annotation>
  <name>LINUX_SetupDefaultAdmin</name>
  <categories/>
  <inputs>
    <staticBinding id="8fcb2a02-be47-4226-87ee-b234d093f0ac">
      <annotation></annotation>
      <assignFromContext>true</assignFromContext>
      <assignToContext>true</assignToContext>
      <inputType>STRING</inputType>
      <isList>false</isList>
      <required>false</required>
      <isPersisted>true</isPersisted>
      <inputSymbol>server.ip.primary</inputSymbol>
      <listDelimiter>,</listDelimiter>
      <value>10.191.10.139</value>
      <record>false</record>
    </staticBinding>
    <staticBinding id="54a3104c-72d6-45d6-b05f-8d753c5b6c20">
      <annotation></annotation>
      <assignFromContext>true</assignFromContext>
      <assignToContext>true</assignToContext>
      <inputType>STRING</inputType>
      <isList>false</isList>
      <required>false</required>
      <isPersisted>true</isPersisted>
      <inputSymbol>server.ip.backup</inputSymbol>
      <listDelimiter>,</listDelimiter>
      <value>10.121.3.84</value>
      <record>false</record>
    </staticBinding>
    <staticBinding id="9b9844d6-0472-45cd-a1e6-9ab05b78a66c">
      <annotation></annotation>
      <assignFromContext>true</assignFromContext>
      <assignToContext>true</assignToContext>
      <inputType>STRING</inputType>
      <isList>false</isList>
      <required>false</required>
      <isPersisted>true</isPersisted>
      <inputSymbol>server.ip.nat</inputSymbol>
      <listDelimiter>,</listDelimiter>
      <value>${vm.ip.nat}</value>
      <record>false</record>
    </staticBinding>
    <staticBinding id="34593bff-9b25-4f81-82e8-dc5c79056dc2">
      <annotation></annotation>
      <assignFromContext>true</assignFromContext>
      <assignToContext>true</assignToContext>
      <inputType>STRING</inputType>
      <isList>false</isList>
      <required>false</required>
      <isPersisted>true</isPersisted>
      <inputSymbol>server.os.class</inputSymbol>
      <listDelimiter>,</listDelimiter>
      <value>Linux</value>
      <record>false</record>
    </staticBinding>
    <staticBinding id="4361557f-234e-4798-b0b5-9b78464e8783">
      <annotation></annotation>
      <assignFromContext>true</assignFromContext>
      <assignToContext>true</assignToContext>
      <inputType>STRING</inputType>
      <isList>false</isList>
      <required>false</required>
      <isPersisted>true</isPersisted>
      <inputSymbol>server.ishpmanaged</inputSymbol>
      <listDelimiter>,</listDelimiter>
      <value>Y</value>
      <record>false</record>
    </staticBinding>
    <staticBinding id="c0f1a219-ca8e-4f7a-bb9d-67215618fd66">
      <annotation></annotation>
      <assignFromContext>true</assignFromContext>
      <assignToContext>true</assignToContext>
      <inputType>STRING</inputType>
      <isList>false</isList>
      <required>false</required>
      <isPersisted>true</isPersisted>
      <inputSymbol>server.oo.ras</inputSymbol>
      <listDelimiter>,</listDelimiter>
      <value>15.91.54.153</value>
      <record>false</record>
    </staticBinding>
    <staticBinding id="f556c03b-84d5-474b-a9e1-3230a17bce66">
      <annotation></annotation>
      <assignFromContext>true</assignFromContext>
      <assignToContext>true</assignToContext>
      <inputType>STRING</inputType>
      <isList>false</isList>
      <required>false</required>
      <isPersisted>true</isPersisted>
      <inputSymbol>server.hostname</inputSymbol>
      <listDelimiter>,</listDelimiter>
      <value>defracm0174</value>
      <record>false</record>
    </staticBinding>
    <staticBinding id="047f8419-886f-4b48-b168-ced5034b9e5e">
      <annotation></annotation>
      <assignFromContext>true</assignFromContext>
      <assignToContext>true</assignToContext>
      <inputType>STRING</inputType>
      <isList>false</isList>
      <required>false</required>
      <isPersisted>true</isPersisted>
      <inputSymbol>server.contactemail</inputSymbol>
      <listDelimiter>,</listDelimiter>
      <value>martin.engelmann@hp.com</value>
      <record>false</record>
    </staticBinding>
    <userInputBinding id="b2d2afed-36be-4363-9d22-bd4092f23a8d">
      <annotation></annotation>
      <assignFromContext>true</assignFromContext>
      <assignToContext>true</assignToContext>
      <inputType>STRING</inputType>
      <isList>false</isList>
      <required>false</required>
      <isPersisted>true</isPersisted>
      <inputSymbol>server.csasvcuuid</inputSymbol>
      <listDelimiter>,</listDelimiter>
      <record>false</record>
      <prompt></prompt>
      <isMultiSelect>false</isMultiSelect>
      <sourceDelimiter>|</sourceDelimiter>
    </userInputBinding>
  </inputs>
  <scriptlet id="4eb06994-9f99-4dac-b930-4311f282e27f">
    <annotation></annotation>
    <name>Operation LINUX_SetupDefaultAdmin (47a11205-2550-4896-bad6-b6d31a9df27c)</name>
    <type>RHINO</type>
  </scriptlet>
  <possibleResponses>
    <opResponse id="757b90ab-94ed-481a-9608-e06a309c4665">
      <annotation></annotation>
      <name>failure</name>
      <isDefault>false</isDefault>
      <onFailure>true</onFailure>
      <type>ERROR</type>
      <matchRules/>
    </opResponse>
    <opResponse id="03398635-6a76-4564-8b64-6e9c13e8f23f">
      <annotation></annotation>
      <name>success</name>
      <isDefault>true</isDefault>
      <onFailure>false</onFailure>
      <type>RESOLVED</type>
      <matchRules/>
    </opResponse>
  </possibleResponses>
  <availableResultExpressions>
    <expression id="fbfc4b46-b0a4-4441-876c-a9679e0546b3">
      <annotation></annotation>
      <name>server.admin.password</name>
      <fieldName>server.admin.password</fieldName>
      <sourceType>RAWRESULT</sourceType>
      <filters/>
    </expression>
    <expression id="178511d5-3a2a-4037-9d4f-488a4913bcf6">
      <annotation></annotation>
      <name>server.admin.username</name>
      <fieldName>server.admin.username</fieldName>
      <sourceType>RAWRESULT</sourceType>
      <filters/>
    </expression>
  </availableResultExpressions>
  <resultExpression id="5fe07bee-d12d-4c97-814b-53b3bd0c11f1">
    <annotation></annotation>
    <name>FailureMessage</name>
    <fieldName>FailureMessage</fieldName>
    <sourceType>RAWRESULT</sourceType>
    <filters/>
  </resultExpression>
  <iconSpec id="1ed70211-0bea-4f06-8803-b0da6167032b">
    <baseIcon>flow.png</baseIcon>
    <basePath>System</basePath>
    <readOnly>false</readOnly>
    <layers/>
  </iconSpec>
  <callouts/>
  <checkPointFlow>true</checkPointFlow>
  <compatibleRuntimeContext>false</compatibleRuntimeContext>
  <historyCheckPointFlow>true</historyCheckPointFlow>
  <steps>
    <step id="ad67d54c-1e3b-4957-965b-f5bb0656ead8">
      <annotation>47a11205-2550-4896-bad6-b6d31a9df27c.ad67d54c-1e3b-4957-965b-f5bb0656ead8.description</annotation>
      <name>Generate Password</name>
      <bounds>
        <x>0.0</x>
        <y>5.0</y>
      </bounds>
      <layer>-1</layer>
      <hideInbound>false</hideInbound>
      <addResultToRunContext>false</addResultToRunContext>
      <isCriticalStep>false</isCriticalStep>
      <isNonBlocking>false</isNonBlocking>
      <isParallelStep>false</isParallelStep>
      <isSingleResponse>false</isSingleResponse>
      <recordInHistory>false</recordInHistory>
      <recordRawOutput>true</recordRawOutput>
      <recordPrimaryOutput>true</recordPrimaryOutput>
      <checkPointStep>true</checkPointStep>
      <historyCheckPointStep>true</historyCheckPointStep>
      <scriptResultStep>false</scriptResultStep>
      <userPrompt></userPrompt>
      <bindings>
        <staticBinding id="a80783a8-6b04-40e7-b3d5-408c478324ce">
          <annotation></annotation>
          <assignFromContext>true</assignFromContext>
          <assignToContext>true</assignToContext>
          <inputType>STRING</inputType>
          <isList>false</isList>
          <required>true</required>
          <isPersisted>true</isPersisted>
          <inputSymbol>passwordLength</inputSymbol>
          <listDelimiter>,</listDelimiter>
          <value>8</value>
          <record>false</record>
        </staticBinding>
      </bindings>
      <transitions>
        <transition id="9a6a0300-acfd-43f5-a74a-deeb7effbf39">
          <annotation></annotation>
          <name>success</name>
          <command>NEXT</command>
          <linkMode>false</linkMode>
          <responseSymbol>success</responseSymbol>
          <shouldHandoff>false</shouldHandoff>
          <transitionValue>0.0</transitionValue>
          <destination>
            <refId>47594ca1-1b49-4a01-85e3-e8222ba58944</refId>
          </destination>
          <source>
            <refId>ad67d54c-1e3b-4957-965b-f5bb0656ead8</refId>
          </source>
          <positions>
            <point>
              <x>69.0</x>
              <y>304.0</y>
            </point>
            <point>
              <x>218.0</x>
              <y>218.0</y>
            </point>
          </positions>
          <labelPosition>
            <x>333.0</x>
            <y>0.0</y>
          </labelPosition>
        </transition>
      </transitions>
      <properties/>
      <opRef>
        <refId>2f9f61df-d55b-4b19-a1d3-f719b0a07215</refId>
      </opRef>
      <assignments/>
      <throttleSize>0</throttleSize>
    </step>
    <step id="ce3f079f-1f79-432f-ad49-fb8c05a0d039">
      <annotation></annotation>
      <name>CSA_UpdateArtefactProperty</name>
      <bounds>
        <x>503.0</x>
        <y>448.0</y>
      </bounds>
      <layer>-1</layer>
      <hideInbound>false</hideInbound>
      <addResultToRunContext>false</addResultToRunContext>
      <isCriticalStep>false</isCriticalStep>
      <isNonBlocking>false</isNonBlocking>
      <isParallelStep>false</isParallelStep>
      <isSingleResponse>false</isSingleResponse>
      <recordInHistory>false</recordInHistory>
      <recordRawOutput>true</recordRawOutput>
      <recordPrimaryOutput>true</recordPrimaryOutput>
      <checkPointStep>true</checkPointStep>
      <historyCheckPointStep>true</historyCheckPointStep>
      <scriptResultStep>false</scriptResultStep>
      <userPrompt></userPrompt>
      <bindings>
        <staticBinding id="c5e1ce4d-ff6d-4487-bf1d-4a5404526688">
          <annotation></annotation>
          <assignFromContext>false</assignFromContext>
          <assignToContext>false</assignToContext>
          <inputType>STRING</inputType>
          <isList>false</isList>
          <required>true</required>
          <isPersisted>true</isPersisted>
          <inputSymbol>propName</inputSymbol>
          <listDelimiter>,</listDelimiter>
          <value>Inital Password</value>
          <record>false</record>
        </staticBinding>
        <staticBinding id="62204f1d-041c-49d1-9ab6-d3fe3f56cf72">
          <annotation></annotation>
          <assignFromContext>true</assignFromContext>
          <assignToContext>true</assignToContext>
          <inputType>STRING</inputType>
          <isList>false</isList>
          <required>false</required>
          <isPersisted>true</isPersisted>
          <inputSymbol>propType</inputSymbol>
          <listDelimiter>,</listDelimiter>
          <value>STRING</value>
          <record>false</record>
        </staticBinding>
        <staticBinding id="4f8c733c-06fa-4731-916f-47c538c714fe">
          <annotation></annotation>
          <assignFromContext>false</assignFromContext>
          <assignToContext>false</assignToContext>
          <inputType>STRING</inputType>
          <isList>false</isList>
          <required>true</required>
          <isPersisted>true</isPersisted>
          <inputSymbol>propValue</inputSymbol>
          <listDelimiter>,</listDelimiter>
          <value>${server.admin.password} (will not expire)</value>
          <record>false</record>
        </staticBinding>
        <staticBinding id="5bea4832-1b9e-4a8f-8703-fe9277168e8d">
          <annotation></annotation>
          <assignFromContext>true</assignFromContext>
          <assignToContext>true</assignToContext>
          <inputType>STRING</inputType>
          <isList>false</isList>
          <required>false</required>
          <isPersisted>true</isPersisted>
          <inputSymbol>customerVisible</inputSymbol>
          <listDelimiter>,</listDelimiter>
          <value>true</value>
          <record>false</record>
        </staticBinding>
        <staticBinding id="d69f352e-8e8e-4a7a-822c-d8e1d842fee3">
          <annotation></annotation>
          <fromContextKey>server.csasvcuuid</fromContextKey>
          <assignFromContext>true</assignFromContext>
          <assignToContext>true</assignToContext>
          <inputType>STRING</inputType>
          <isList>false</isList>
          <required>true</required>
          <isPersisted>true</isPersisted>
          <inputSymbol>csasvcuuid</inputSymbol>
          <listDelimiter>,</listDelimiter>
          <value>${server.csasvcuuid}</value>
          <record>false</record>
        </staticBinding>
        <staticBinding id="9befcad5-9865-409a-877c-021d8324bcbb">
          <annotation></annotation>
          <assignFromContext>false</assignFromContext>
          <assignToContext>false</assignToContext>
          <inputType>STRING</inputType>
          <isList>false</isList>
          <required>true</required>
          <isPersisted>true</isPersisted>
          <inputSymbol>displayname</inputSymbol>
          <listDelimiter>,</listDelimiter>
          <value>Inital Password</value>
          <record>false</record>
        </staticBinding>
      </bindings>
      <transitions>
        <transition id="5dc6d4cc-d5b6-4154-b736-b6d8586d51d5">
          <annotation></annotation>
          <name>failure</name>
          <command>NEXT</command>
          <linkMode>false</linkMode>
          <responseSymbol>failure</responseSymbol>
          <shouldHandoff>false</shouldHandoff>
          <transitionValue>0.0</transitionValue>
          <destination>
            <refId>06a99afd-ace5-4401-a130-03baed60e522</refId>
          </destination>
          <source>
            <refId>ce3f079f-1f79-432f-ad49-fb8c05a0d039</refId>
          </source>
          <positions>
            <point>
              <x>531.0</x>
              <y>626.0</y>
            </point>
            <point>
              <x>468.0</x>
              <y>344.0</y>
            </point>
          </positions>
          <labelPosition>
            <x>333.0</x>
            <y>0.0</y>
          </labelPosition>
        </transition>
        <transition id="5cb6f156-f0ea-4240-8c62-222447e33338">
          <annotation></annotation>
          <name>success</name>
          <command>NEXT</command>
          <linkMode>false</linkMode>
          <responseSymbol>success</responseSymbol>
          <shouldHandoff>false</shouldHandoff>
          <transitionValue>0.0</transitionValue>
          <destination>
            <refId>2d076adb-ad3a-47dc-afbe-e4d6183bb3aa</refId>
          </destination>
          <source>
            <refId>ce3f079f-1f79-432f-ad49-fb8c05a0d039</refId>
          </source>
          <positions>
            <point>
              <x>468.0</x>
              <y>481.0</y>
            </point>
            <point>
              <x>308.0</x>
              <y>481.0</y>
            </point>
          </positions>
          <labelPosition>
            <x>333.0</x>
            <y>0.0</y>
          </labelPosition>
        </transition>
      </transitions>
      <properties/>
      <opRef>
        <refId>7f62af65-07d6-41ad-b715-9fd434b36a72</refId>
      </opRef>
      <assignments/>
      <throttleSize>0</throttleSize>
    </step>
    <returnStep id="2d076adb-ad3a-47dc-afbe-e4d6183bb3aa">
      <annotation></annotation>
      <name>Resolved : success</name>
      <bounds>
        <x>343.0</x>
        <y>448.0</y>
      </bounds>
      <layer>-1</layer>
      <hideInbound>false</hideInbound>
      <addResultToRunContext>false</addResultToRunContext>
      <isCriticalStep>false</isCriticalStep>
      <isNonBlocking>false</isNonBlocking>
      <isParallelStep>false</isParallelStep>
      <isSingleResponse>false</isSingleResponse>
      <recordInHistory>false</recordInHistory>
      <recordRawOutput>true</recordRawOutput>
      <recordPrimaryOutput>true</recordPrimaryOutput>
      <checkPointStep>true</checkPointStep>
      <historyCheckPointStep>true</historyCheckPointStep>
      <scriptResultStep>false</scriptResultStep>
      <userPrompt></userPrompt>
      <bindings/>
      <transitions>
        <transition id="9797aef3-a983-434b-b49c-a239dadbe587">
          <annotation></annotation>
          <name>return</name>
          <command>NEXT</command>
          <linkMode>false</linkMode>
          <responseSymbol>success</responseSymbol>
          <shouldHandoff>false</shouldHandoff>
          <transitionValue>0.0</transitionValue>
          <destination>
            <refId>2d076adb-ad3a-47dc-afbe-e4d6183bb3aa</refId>
          </destination>
          <source>
            <refId>2d076adb-ad3a-47dc-afbe-e4d6183bb3aa</refId>
          </source>
          <positions/>
        </transition>
      </transitions>
      <properties/>
      <returnStepType>RESOLVED</returnStepType>
      <assignments/>
    </returnStep>
    <step id="994e9865-3c7f-49ed-9637-1bc32521a216">
      <annotation>47a11205-2550-4896-bad6-b6d31a9df27c.994e9865-3c7f-49ed-9637-1bc32521a216.description</annotation>
      <name>Loop</name>
      <bounds>
        <x>503.0</x>
        <y>139.0</y>
      </bounds>
      <layer>-1</layer>
      <hideInbound>false</hideInbound>
      <addResultToRunContext>false</addResultToRunContext>
      <isCriticalStep>false</isCriticalStep>
      <isNonBlocking>false</isNonBlocking>
      <isParallelStep>false</isParallelStep>
      <isSingleResponse>false</isSingleResponse>
      <recordInHistory>false</recordInHistory>
      <recordRawOutput>true</recordRawOutput>
      <recordPrimaryOutput>true</recordPrimaryOutput>
      <checkPointStep>true</checkPointStep>
      <historyCheckPointStep>true</historyCheckPointStep>
      <scriptResultStep>false</scriptResultStep>
      <userPrompt></userPrompt>
      <bindings>
        <staticBinding id="9693c141-c1c2-4547-9470-4160aaa80e31">
          <annotation></annotation>
          <assignFromContext>true</assignFromContext>
          <assignToContext>true</assignToContext>
          <inputType>STRING</inputType>
          <isList>false</isList>
          <required>true</required>
          <isPersisted>true</isPersisted>
          <inputSymbol>count</inputSymbol>
          <listDelimiter>,</listDelimiter>
          <value>30</value>
          <record>false</record>
        </staticBinding>
        <staticBinding id="0555c1d9-8c32-4f0c-a0f6-4cb908c32628">
          <annotation></annotation>
          <toContextKey></toContextKey>
          <fromContextKey></fromContextKey>
          <assignFromContext>false</assignFromContext>
          <assignToContext>false</assignToContext>
          <inputType>STRING</inputType>
          <recordKey></recordKey>
          <isList>false</isList>
          <required>false</required>
          <isPersisted>true</isPersisted>
          <inputSymbol>incrementBy</inputSymbol>
          <listDelimiter></listDelimiter>
          <value>1</value>
          <record>false</record>
        </staticBinding>
        <staticBinding id="4dbf198a-27e5-47e7-81e2-04519ead2cce">
          <annotation></annotation>
          <toContextKey></toContextKey>
          <fromContextKey></fromContextKey>
          <assignFromContext>false</assignFromContext>
          <assignToContext>false</assignToContext>
          <inputType>STRING</inputType>
          <recordKey></recordKey>
          <isList>false</isList>
          <required>false</required>
          <isPersisted>true</isPersisted>
          <inputSymbol>from</inputSymbol>
          <listDelimiter></listDelimiter>
          <value>1</value>
          <record>false</record>
        </staticBinding>
        <staticBinding id="1b89a6c9-b343-4ea8-8009-7cce66c29bde">
          <annotation></annotation>
          <toContextKey></toContextKey>
          <fromContextKey></fromContextKey>
          <assignFromContext>false</assignFromContext>
          <assignToContext>false</assignToContext>
          <inputType>STRING</inputType>
          <recordKey></recordKey>
          <isList>false</isList>
          <required>false</required>
          <isPersisted>true</isPersisted>
          <inputSymbol>reset</inputSymbol>
          <listDelimiter></listDelimiter>
          <value>false</value>
          <record>false</record>
        </staticBinding>
        <staticBinding id="9bc8102d-51f4-4eca-a3b5-c559e67ddf57">
          <annotation></annotation>
          <toContextKey></toContextKey>
          <fromContextKey></fromContextKey>
          <assignFromContext>false</assignFromContext>
          <assignToContext>false</assignToContext>
          <inputType>STRING</inputType>
          <recordKey></recordKey>
          <isList>false</isList>
          <required>false</required>
          <isPersisted>true</isPersisted>
          <inputSymbol>to</inputSymbol>
          <listDelimiter></listDelimiter>
          <value>${count}</value>
          <record>false</record>
        </staticBinding>
      </bindings>
      <transitions>
        <transition id="56ec1f17-ce75-4b54-9172-e66b64a7d972">
          <annotation></annotation>
          <name>has more</name>
          <command>NEXT</command>
          <linkMode>false</linkMode>
          <responseSymbol>has more</responseSymbol>
          <shouldHandoff>false</shouldHandoff>
          <transitionValue>0.0</transitionValue>
          <destination>
            <refId>973e95e7-a9b3-4476-873e-b50af9b9c060</refId>
          </destination>
          <source>
            <refId>994e9865-3c7f-49ed-9637-1bc32521a216</refId>
          </source>
          <positions>
            <point>
              <x>271.0</x>
              <y>400.0</y>
            </point>
            <point>
              <x>395.0</x>
              <y>496.0</y>
            </point>
          </positions>
          <labelPosition>
            <x>333.0</x>
            <y>0.0</y>
          </labelPosition>
        </transition>
        <transition id="5d2d8f3c-9244-4317-a7b9-667fe929540a">
          <annotation></annotation>
          <name>failure</name>
          <command>NEXT</command>
          <linkMode>false</linkMode>
          <responseSymbol>failure</responseSymbol>
          <shouldHandoff>false</shouldHandoff>
          <transitionValue>0.0</transitionValue>
          <destination>
            <refId>06a99afd-ace5-4401-a130-03baed60e522</refId>
          </destination>
          <source>
            <refId>994e9865-3c7f-49ed-9637-1bc32521a216</refId>
          </source>
          <positions>
            <point>
              <x>271.0</x>
              <y>400.0</y>
            </point>
            <point>
              <x>451.0</x>
              <y>657.0</y>
            </point>
          </positions>
          <labelPosition>
            <x>333.0</x>
            <y>0.0</y>
          </labelPosition>
        </transition>
        <transition id="a9a368ba-03f5-49e0-896a-1ffc2d5ba0d3">
          <annotation></annotation>
          <name>no more</name>
          <command>NEXT</command>
          <linkMode>false</linkMode>
          <responseSymbol>no more</responseSymbol>
          <shouldHandoff>false</shouldHandoff>
          <transitionValue>0.0</transitionValue>
          <destination>
            <refId>06a99afd-ace5-4401-a130-03baed60e522</refId>
          </destination>
          <source>
            <refId>994e9865-3c7f-49ed-9637-1bc32521a216</refId>
          </source>
          <positions>
            <point>
              <x>757.0</x>
              <y>493.0</y>
            </point>
            <point>
              <x>761.0</x>
              <y>680.0</y>
            </point>
          </positions>
          <labelPosition>
            <x>333.0</x>
            <y>0.0</y>
          </labelPosition>
        </transition>
      </transitions>
      <properties/>
      <opRef>
        <refId>1f0d93cd-2692-4339-81d7-9b3c6de46029</refId>
      </opRef>
      <assignments/>
      <throttleSize>0</throttleSize>
    </step>
    <returnStep id="ff931308-fd58-458e-abc1-88ece1f4eeae">
      <annotation></annotation>
      <name>Error : failure</name>
      <bounds>
        <x>823.0</x>
        <y>138.0</y>
      </bounds>
      <layer>-1</layer>
      <hideInbound>false</hideInbound>
      <addResultToRunContext>false</addResultToRunContext>
      <isCriticalStep>false</isCriticalStep>
      <isNonBlocking>false</isNonBlocking>
      <isParallelStep>false</isParallelStep>
      <isSingleResponse>false</isSingleResponse>
      <recordInHistory>false</recordInHistory>
      <recordRawOutput>true</recordRawOutput>
      <recordPrimaryOutput>true</recordPrimaryOutput>
      <checkPointStep>true</checkPointStep>
      <historyCheckPointStep>true</historyCheckPointStep>
      <scriptResultStep>false</scriptResultStep>
      <userPrompt></userPrompt>
      <bindings/>
      <transitions>
        <transition id="23cc1e87-ebc5-490f-b989-6baf0204188b">
          <annotation></annotation>
          <name>return</name>
          <command>NEXT</command>
          <linkMode>false</linkMode>
          <responseSymbol>failure</responseSymbol>
          <shouldHandoff>false</shouldHandoff>
          <transitionValue>0.0</transitionValue>
          <destination>
            <refId>ff931308-fd58-458e-abc1-88ece1f4eeae</refId>
          </destination>
          <source>
            <refId>ff931308-fd58-458e-abc1-88ece1f4eeae</refId>
          </source>
          <positions/>
        </transition>
      </transitions>
      <properties/>
      <returnStepType>ERROR</returnStepType>
      <assignments/>
    </returnStep>
    <step id="0971cd47-8d9e-44ed-bb2b-c5a3fa66c2e7">
      <annotation></annotation>
      <name>DB_UpdateServerWith1stAccount</name>
      <bounds>
        <x>688.0</x>
        <y>139.0</y>
      </bounds>
      <layer>-1</layer>
      <hideInbound>false</hideInbound>
      <addResultToRunContext>false</addResultToRunContext>
      <isCriticalStep>false</isCriticalStep>
      <isNonBlocking>false</isNonBlocking>
      <isParallelStep>false</isParallelStep>
      <isSingleResponse>false</isSingleResponse>
      <recordInHistory>false</recordInHistory>
      <recordRawOutput>true</recordRawOutput>
      <recordPrimaryOutput>true</recordPrimaryOutput>
      <checkPointStep>true</checkPointStep>
      <historyCheckPointStep>true</historyCheckPointStep>
      <scriptResultStep>false</scriptResultStep>
      <userPrompt></userPrompt>
      <bindings>
        <staticBinding id="7b3287eb-e7b5-45c1-ad60-1f46b6434d89">
          <annotation></annotation>
          <assignFromContext>true</assignFromContext>
          <assignToContext>true</assignToContext>
          <inputType>STRING</inputType>
          <isList>false</isList>
          <required>false</required>
          <isPersisted>true</isPersisted>
          <inputSymbol>db.updateserver.hostname</inputSymbol>
          <listDelimiter>,</listDelimiter>
          <value>${server.hostname}</value>
          <record>false</record>
        </staticBinding>
        <staticBinding id="2065bb64-dbd3-4c1d-8dd3-6f1d48814e5a">
          <annotation></annotation>
          <assignFromContext>true</assignFromContext>
          <assignToContext>true</assignToContext>
          <inputType>STRING</inputType>
          <isList>false</isList>
          <required>false</required>
          <isPersisted>true</isPersisted>
          <inputSymbol>db.updateserver.adminuser</inputSymbol>
          <listDelimiter>,</listDelimiter>
          <value>${server.admin.user}</value>
          <record>false</record>
        </staticBinding>
        <staticBinding id="6fdb860e-14dc-43ae-bf84-3ff13fe50f8e">
          <annotation></annotation>
          <assignFromContext>true</assignFromContext>
          <assignToContext>true</assignToContext>
          <inputType>STRING</inputType>
          <isList>false</isList>
          <required>false</required>
          <isPersisted>true</isPersisted>
          <inputSymbol>db.updateserver.adminpw</inputSymbol>
          <listDelimiter>,</listDelimiter>
          <value>${server.admin.password}</value>
          <record>false</record>
        </staticBinding>
      </bindings>
      <transitions>
        <transition id="b4058764-7af0-4a1d-a289-782deca27944">
          <annotation></annotation>
          <name>failure</name>
          <command>NEXT</command>
          <linkMode>false</linkMode>
          <responseSymbol>failure</responseSymbol>
          <shouldHandoff>false</shouldHandoff>
          <transitionValue>0.0</transitionValue>
          <destination>
            <refId>ff931308-fd58-458e-abc1-88ece1f4eeae</refId>
          </destination>
          <source>
            <refId>0971cd47-8d9e-44ed-bb2b-c5a3fa66c2e7</refId>
          </source>
          <positions>
            <point>
              <x>776.0</x>
              <y>201.0</y>
            </point>
            <point>
              <x>992.0</x>
              <y>195.0</y>
            </point>
          </positions>
          <labelPosition>
            <x>333.0</x>
            <y>0.0</y>
          </labelPosition>
        </transition>
        <transition id="f49ee82a-29d9-419e-b949-690073c0a7f1">
          <annotation></annotation>
          <name>success</name>
          <command>NEXT</command>
          <linkMode>false</linkMode>
          <responseSymbol>success</responseSymbol>
          <shouldHandoff>false</shouldHandoff>
          <transitionValue>0.0</transitionValue>
          <destination>
            <refId>c1fc7be6-e990-487e-a867-2b4fcfde4840</refId>
          </destination>
          <source>
            <refId>0971cd47-8d9e-44ed-bb2b-c5a3fa66c2e7</refId>
          </source>
          <positions>
            <point>
              <x>657.0</x>
              <y>172.0</y>
            </point>
            <point>
              <x>665.0</x>
              <y>319.0</y>
            </point>
          </positions>
          <labelPosition>
            <x>333.0</x>
            <y>0.0</y>
          </labelPosition>
        </transition>
      </transitions>
      <properties/>
      <opRef>
        <refId>c7943245-e62f-459c-b0fb-6bf62a207b49</refId>
      </opRef>
      <assignments/>
      <throttleSize>0</throttleSize>
    </step>
    <returnStep id="94985a7d-61c9-4b3c-a891-0e1d89ea3502">
      <annotation></annotation>
      <name>Resolved : success</name>
      <bounds>
        <x>828.0</x>
        <y>322.0</y>
      </bounds>
      <layer>-1</layer>
      <hideInbound>false</hideInbound>
      <addResultToRunContext>false</addResultToRunContext>
      <isCriticalStep>false</isCriticalStep>
      <isNonBlocking>false</isNonBlocking>
      <isParallelStep>false</isParallelStep>
      <isSingleResponse>false</isSingleResponse>
      <recordInHistory>false</recordInHistory>
      <recordRawOutput>true</recordRawOutput>
      <recordPrimaryOutput>true</recordPrimaryOutput>
      <checkPointStep>true</checkPointStep>
      <historyCheckPointStep>true</historyCheckPointStep>
      <scriptResultStep>false</scriptResultStep>
      <userPrompt></userPrompt>
      <bindings/>
      <transitions>
        <transition id="c44dd057-4239-4d54-803a-a4097ee463d7">
          <annotation></annotation>
          <name>return</name>
          <command>NEXT</command>
          <linkMode>false</linkMode>
          <responseSymbol>success</responseSymbol>
          <shouldHandoff>false</shouldHandoff>
          <transitionValue>0.0</transitionValue>
          <destination>
            <refId>94985a7d-61c9-4b3c-a891-0e1d89ea3502</refId>
          </destination>
          <source>
            <refId>94985a7d-61c9-4b3c-a891-0e1d89ea3502</refId>
          </source>
          <positions/>
        </transition>
      </transitions>
      <properties/>
      <returnStepType>RESOLVED</returnStepType>
      <assignments/>
    </returnStep>
    <step id="973e95e7-a9b3-4476-873e-b50af9b9c060">
      <annotation>47a11205-2550-4896-bad6-b6d31a9df27c.973e95e7-a9b3-4476-873e-b50af9b9c060.description</annotation>
      <name>Sleep for SSH Port Check</name>
      <bounds>
        <x>318.0</x>
        <y>139.0</y>
      </bounds>
      <layer>-1</layer>
      <hideInbound>false</hideInbound>
      <addResultToRunContext>false</addResultToRunContext>
      <isCriticalStep>false</isCriticalStep>
      <isNonBlocking>false</isNonBlocking>
      <isParallelStep>false</isParallelStep>
      <isSingleResponse>false</isSingleResponse>
      <recordInHistory>false</recordInHistory>
      <recordRawOutput>true</recordRawOutput>
      <recordPrimaryOutput>true</recordPrimaryOutput>
      <checkPointStep>true</checkPointStep>
      <historyCheckPointStep>true</historyCheckPointStep>
      <scriptResultStep>false</scriptResultStep>
      <userPrompt></userPrompt>
      <bindings>
        <staticBinding id="f9813274-4fd6-4649-adcd-669de2eacb63">
          <annotation></annotation>
          <assignFromContext>false</assignFromContext>
          <assignToContext>false</assignToContext>
          <inputType>STRING</inputType>
          <isList>false</isList>
          <required>true</required>
          <isPersisted>true</isPersisted>
          <inputSymbol>seconds</inputSymbol>
          <listDelimiter>,</listDelimiter>
          <value>10</value>
          <record>false</record>
        </staticBinding>
      </bindings>
      <transitions>
        <transition id="2df929c1-f52d-4814-bac2-f6feab2fc77e">
          <annotation></annotation>
          <name>success</name>
          <command>NEXT</command>
          <linkMode>false</linkMode>
          <responseSymbol>success</responseSymbol>
          <shouldHandoff>false</shouldHandoff>
          <transitionValue>0.0</transitionValue>
          <destination>
            <refId>50987410-fcc5-4675-8629-0950fbc3bba9</refId>
          </destination>
          <source>
            <refId>973e95e7-a9b3-4476-873e-b50af9b9c060</refId>
          </source>
          <positions>
            <point>
              <x>395.0</x>
              <y>496.0</y>
            </point>
            <point>
              <x>526.0</x>
              <y>500.0</y>
            </point>
          </positions>
          <labelPosition>
            <x>333.0</x>
            <y>0.0</y>
          </labelPosition>
        </transition>
        <transition id="432b81fc-357f-4964-8e06-628967e26028">
          <annotation></annotation>
          <name>failure</name>
          <command>NEXT</command>
          <linkMode>false</linkMode>
          <responseSymbol>failure</responseSymbol>
          <shouldHandoff>false</shouldHandoff>
          <transitionValue>0.0</transitionValue>
          <destination>
            <refId>06a99afd-ace5-4401-a130-03baed60e522</refId>
          </destination>
          <source>
            <refId>973e95e7-a9b3-4476-873e-b50af9b9c060</refId>
          </source>
          <positions>
            <point>
              <x>395.0</x>
              <y>496.0</y>
            </point>
            <point>
              <x>451.0</x>
              <y>657.0</y>
            </point>
          </positions>
          <labelPosition>
            <x>333.0</x>
            <y>0.0</y>
          </labelPosition>
        </transition>
      </transitions>
      <properties/>
      <opRef>
        <refId>d1bbf441-824a-450e-afae-2ddec0e0f35e</refId>
      </opRef>
      <assignments/>
      <throttleSize>0</throttleSize>
    </step>
    <step id="50987410-fcc5-4675-8629-0950fbc3bba9">
      <annotation>47a11205-2550-4896-bad6-b6d31a9df27c.50987410-fcc5-4675-8629-0950fbc3bba9.description</annotation>
      <name>SSH Port Check</name>
      <bounds>
        <x>318.0</x>
        <y>5.0</y>
      </bounds>
      <layer>-1</layer>
      <hideInbound>false</hideInbound>
      <addResultToRunContext>false</addResultToRunContext>
      <isCriticalStep>false</isCriticalStep>
      <isNonBlocking>false</isNonBlocking>
      <isParallelStep>false</isParallelStep>
      <isSingleResponse>false</isSingleResponse>
      <recordInHistory>false</recordInHistory>
      <recordRawOutput>true</recordRawOutput>
      <recordPrimaryOutput>true</recordPrimaryOutput>
      <checkPointStep>true</checkPointStep>
      <historyCheckPointStep>true</historyCheckPointStep>
      <scriptResultStep>false</scriptResultStep>
      <userPrompt></userPrompt>
      <bindings>
        <staticBinding id="434f187b-363a-4bd9-9c39-dde7eb6098fc">
          <annotation></annotation>
          <assignFromContext>true</assignFromContext>
          <assignToContext>true</assignToContext>
          <inputType>STRING</inputType>
          <isList>false</isList>
          <required>true</required>
          <isPersisted>true</isPersisted>
          <inputSymbol>host</inputSymbol>
          <listDelimiter>,</listDelimiter>
          <value>${server.ip.backup}</value>
          <record>false</record>
        </staticBinding>
        <staticBinding id="773e758f-afe8-493c-b9c1-2161308c7a3e">
          <annotation></annotation>
          <assignFromContext>true</assignFromContext>
          <assignToContext>true</assignToContext>
          <inputType>STRING</inputType>
          <isList>false</isList>
          <required>true</required>
          <isPersisted>true</isPersisted>
          <inputSymbol>lowestPort</inputSymbol>
          <listDelimiter>,</listDelimiter>
          <value>22</value>
          <record>false</record>
        </staticBinding>
        <staticBinding id="89101a1e-2f44-4a0b-99e4-849f424c3fbd">
          <annotation></annotation>
          <assignFromContext>true</assignFromContext>
          <assignToContext>true</assignToContext>
          <inputType>STRING</inputType>
          <isList>false</isList>
          <required>true</required>
          <isPersisted>true</isPersisted>
          <inputSymbol>highestPort</inputSymbol>
          <listDelimiter>,</listDelimiter>
          <value>22</value>
          <record>false</record>
        </staticBinding>
        <staticBinding id="54bf1c2d-f880-4a88-8fae-a81ceaaf7081">
          <annotation></annotation>
          <assignFromContext>true</assignFromContext>
          <assignToContext>true</assignToContext>
          <inputType>STRING</inputType>
          <isList>false</isList>
          <required>false</required>
          <isPersisted>true</isPersisted>
          <inputSymbol>portType</inputSymbol>
          <listDelimiter>,</listDelimiter>
          <value>TCP</value>
          <record>false</record>
        </staticBinding>
        <staticBinding id="8908a0b0-91ac-4826-a4cb-91f4d48ad5d2">
          <annotation></annotation>
          <assignFromContext>true</assignFromContext>
          <assignToContext>true</assignToContext>
          <inputType>STRING</inputType>
          <isList>false</isList>
          <required>false</required>
          <isPersisted>true</isPersisted>
          <inputSymbol>overrideNRAS</inputSymbol>
          <listDelimiter>,</listDelimiter>
          <value>${server.oo.ras}</value>
          <record>false</record>
        </staticBinding>
        <staticBinding id="2a94b033-4612-43a0-9547-dd3b10ae47ef">
          <annotation></annotation>
          <assignFromContext>true</assignFromContext>
          <assignToContext>true</assignToContext>
          <inputType>STRING</inputType>
          <isList>false</isList>
          <required>false</required>
          <isPersisted>true</isPersisted>
          <inputSymbol>overrideJRAS</inputSymbol>
          <listDelimiter>,</listDelimiter>
          <value>${server.oo.ras}</value>
          <record>false</record>
        </staticBinding>
      </bindings>
      <transitions>
        <transition id="106b3008-a6af-402d-9330-f54991b0e853">
          <annotation></annotation>
          <name>success</name>
          <command>NEXT</command>
          <linkMode>false</linkMode>
          <responseSymbol>success</responseSymbol>
          <shouldHandoff>false</shouldHandoff>
          <transitionValue>0.0</transitionValue>
          <destination>
            <refId>d74ff8fa-eb9d-4ccc-bf62-f0bb260a0617</refId>
          </destination>
          <source>
            <refId>50987410-fcc5-4675-8629-0950fbc3bba9</refId>
          </source>
          <positions>
            <point>
              <x>526.0</x>
              <y>500.0</y>
            </point>
            <point>
              <x>584.0</x>
              <y>398.0</y>
            </point>
          </positions>
          <labelPosition>
            <x>333.0</x>
            <y>0.0</y>
          </labelPosition>
        </transition>
        <transition id="67bd4a53-03b9-43c8-82fb-4dcab147f76f">
          <annotation></annotation>
          <name>failure</name>
          <command>NEXT</command>
          <linkMode>false</linkMode>
          <responseSymbol>failure</responseSymbol>
          <shouldHandoff>false</shouldHandoff>
          <transitionValue>0.0</transitionValue>
          <destination>
            <refId>994e9865-3c7f-49ed-9637-1bc32521a216</refId>
          </destination>
          <source>
            <refId>50987410-fcc5-4675-8629-0950fbc3bba9</refId>
          </source>
          <positions>
            <point>
              <x>477.0</x>
              <y>321.0</y>
            </point>
            <point>
              <x>473.0</x>
              <y>499.0</y>
            </point>
          </positions>
          <labelPosition>
            <x>333.0</x>
            <y>0.0</y>
          </labelPosition>
        </transition>
      </transitions>
      <properties/>
      <opRef>
        <refId>05099c46-a561-45cb-9b32-cad229b2489d</refId>
      </opRef>
      <assignments>
        <flowVariableAssignment id="6636f15e-4389-4500-a0d9-761610d8d190">
          <annotation></annotation>
          <name>assignment</name>
          <action>OVERWRITE</action>
          <assignmentTargetType>FLOW_VARIABLE</assignmentTargetType>
          <contextKey>vm.isaccessible</contextKey>
          <expression id="d5c2c2dc-e3b6-4762-9177-dbabd2f10d35">
            <annotation></annotation>
            <name>Result Field: opened</name>
            <fieldName>opened</fieldName>
            <sourceType>RAWRESULT</sourceType>
            <filters>
              <scriptletFilter id="2b4ec36e-9c66-4f98-99a8-b9591e03440f">
                <annotation></annotation>
                <name>Scriptlet</name>
                <scriptlet id="5398a92b-76cf-4a6a-89c4-1559d95bb53c">
                  <annotation></annotation>
                  <name>default</name>
                  <script>if (scriptletInput == &apos;1&apos;) 
    scriptletResult = &apos;true&apos;
else 
    scriptletResult = &apos;false&apos;
</script>
                  <type>RHINO</type>
                </scriptlet>
              </scriptletFilter>
            </filters>
          </expression>
        </flowVariableAssignment>
      </assignments>
      <throttleSize>0</throttleSize>
    </step>
    <step id="d74ff8fa-eb9d-4ccc-bf62-f0bb260a0617">
      <annotation>47a11205-2550-4896-bad6-b6d31a9df27c.d74ff8fa-eb9d-4ccc-bf62-f0bb260a0617.description</annotation>
      <name>Is Accessible?</name>
      <bounds>
        <x>503.0</x>
        <y>5.0</y>
      </bounds>
      <layer>-1</layer>
      <hideInbound>false</hideInbound>
      <addResultToRunContext>false</addResultToRunContext>
      <isCriticalStep>false</isCriticalStep>
      <isNonBlocking>false</isNonBlocking>
      <isParallelStep>false</isParallelStep>
      <isSingleResponse>false</isSingleResponse>
      <recordInHistory>false</recordInHistory>
      <recordRawOutput>true</recordRawOutput>
      <recordPrimaryOutput>true</recordPrimaryOutput>
      <checkPointStep>true</checkPointStep>
      <historyCheckPointStep>true</historyCheckPointStep>
      <scriptResultStep>false</scriptResultStep>
      <userPrompt></userPrompt>
      <bindings>
        <staticBinding id="0082bf3e-6c5c-4f2f-adac-0bf65ff171c5">
          <annotation></annotation>
          <toContextKey>vm.isaccessible</toContextKey>
          <fromContextKey>vm.isaccessible</fromContextKey>
          <assignFromContext>true</assignFromContext>
          <assignToContext>true</assignToContext>
          <inputType>STRING</inputType>
          <isList>false</isList>
          <required>false</required>
          <isPersisted>true</isPersisted>
          <inputSymbol>string1</inputSymbol>
          <listDelimiter>,</listDelimiter>
          <value>${vm.isaccessible}</value>
          <record>false</record>
        </staticBinding>
        <staticBinding id="65925961-5895-45d6-a375-185bbc1c4b54">
          <annotation></annotation>
          <assignFromContext>false</assignFromContext>
          <assignToContext>false</assignToContext>
          <inputType>STRING</inputType>
          <isList>false</isList>
          <required>false</required>
          <isPersisted>true</isPersisted>
          <inputSymbol>string2</inputSymbol>
          <listDelimiter>,</listDelimiter>
          <value>true</value>
          <record>false</record>
        </staticBinding>
        <staticBinding id="98b55fe1-83a4-4fcb-8eee-72b478f7fd68">
          <annotation></annotation>
          <assignFromContext>false</assignFromContext>
          <assignToContext>false</assignToContext>
          <inputType>STRING</inputType>
          <isList>false</isList>
          <required>false</required>
          <isPersisted>true</isPersisted>
          <inputSymbol>ignoreCase</inputSymbol>
          <listDelimiter>,</listDelimiter>
          <value>true</value>
          <record>false</record>
        </staticBinding>
        <staticBinding id="39645df5-f809-4173-b8c5-e34c3bcf696f">
          <annotation></annotation>
          <toContextKey></toContextKey>
          <fromContextKey></fromContextKey>
          <assignFromContext>false</assignFromContext>
          <assignToContext>false</assignToContext>
          <inputType>STRING</inputType>
          <recordKey></recordKey>
          <isList>false</isList>
          <required>false</required>
          <isPersisted>true</isPersisted>
          <inputSymbol>Field_3</inputSymbol>
          <listDelimiter></listDelimiter>
          <value>${in3}</value>
          <record>false</record>
        </staticBinding>
        <staticBinding id="85a24046-5685-49ba-87cf-99923d3fe2fb">
          <annotation></annotation>
          <toContextKey></toContextKey>
          <fromContextKey></fromContextKey>
          <assignFromContext>false</assignFromContext>
          <assignToContext>false</assignToContext>
          <inputType>STRING</inputType>
          <recordKey></recordKey>
          <isList>false</isList>
          <required>false</required>
          <isPersisted>true</isPersisted>
          <inputSymbol>Field_4</inputSymbol>
          <listDelimiter></listDelimiter>
          <value>${in4}</value>
          <record>false</record>
        </staticBinding>
        <staticBinding id="a838268d-8b67-41d0-b4a5-70f93c1ba5e8">
          <annotation></annotation>
          <toContextKey></toContextKey>
          <fromContextKey></fromContextKey>
          <assignFromContext>false</assignFromContext>
          <assignToContext>false</assignToContext>
          <inputType>STRING</inputType>
          <recordKey></recordKey>
          <isList>false</isList>
          <required>false</required>
          <isPersisted>true</isPersisted>
          <inputSymbol>Field_2</inputSymbol>
          <listDelimiter></listDelimiter>
          <value>${in2}</value>
          <record>false</record>
        </staticBinding>
        <staticBinding id="1a446f70-f714-4456-9831-fff3e99b6654">
          <annotation></annotation>
          <toContextKey></toContextKey>
          <fromContextKey></fromContextKey>
          <assignFromContext>false</assignFromContext>
          <assignToContext>false</assignToContext>
          <inputType>STRING</inputType>
          <recordKey></recordKey>
          <isList>false</isList>
          <required>false</required>
          <isPersisted>true</isPersisted>
          <inputSymbol>Field_1</inputSymbol>
          <listDelimiter></listDelimiter>
          <value>${in1}</value>
          <record>false</record>
        </staticBinding>
      </bindings>
      <transitions>
        <transition id="1f8146f0-a593-4a2e-a8f3-dd480a910fef">
          <annotation></annotation>
          <name>false</name>
          <command>NEXT</command>
          <linkMode>false</linkMode>
          <responseSymbol>false</responseSymbol>
          <shouldHandoff>false</shouldHandoff>
          <transitionValue>0.0</transitionValue>
          <destination>
            <refId>994e9865-3c7f-49ed-9637-1bc32521a216</refId>
          </destination>
          <source>
            <refId>d74ff8fa-eb9d-4ccc-bf62-f0bb260a0617</refId>
          </source>
          <positions>
            <point>
              <x>584.0</x>
              <y>398.0</y>
            </point>
            <point>
              <x>271.0</x>
              <y>400.0</y>
            </point>
          </positions>
          <labelPosition>
            <x>333.0</x>
            <y>0.0</y>
          </labelPosition>
        </transition>
        <transition id="cc59f78f-e6fc-44d8-9ea1-ee2a25749b72">
          <annotation></annotation>
          <name>true</name>
          <command>NEXT</command>
          <linkMode>false</linkMode>
          <responseSymbol>true</responseSymbol>
          <shouldHandoff>false</shouldHandoff>
          <transitionValue>0.0</transitionValue>
          <destination>
            <refId>93c4c04e-e321-4c3c-9f35-1e070fdfac4b</refId>
          </destination>
          <source>
            <refId>d74ff8fa-eb9d-4ccc-bf62-f0bb260a0617</refId>
          </source>
          <positions>
            <point>
              <x>587.0</x>
              <y>62.0</y>
            </point>
            <point>
              <x>771.0</x>
              <y>62.0</y>
            </point>
          </positions>
          <labelPosition>
            <x>333.0</x>
            <y>0.0</y>
          </labelPosition>
        </transition>
      </transitions>
      <properties/>
      <opRef>
        <refId>7c2f47aa-a4b3-4a7d-b3d4-007f285f7d29</refId>
      </opRef>
      <assignments/>
      <throttleSize>0</throttleSize>
    </step>
    <step id="6a1b5376-4681-47c9-a5bd-a152c5934c5b">
      <annotation>47a11205-2550-4896-bad6-b6d31a9df27c.6a1b5376-4681-47c9-a5bd-a152c5934c5b.description</annotation>
      <name>AssignAsOutput</name>
      <bounds>
        <x>221.0</x>
        <y>5.0</y>
      </bounds>
      <layer>-1</layer>
      <hideInbound>false</hideInbound>
      <addResultToRunContext>false</addResultToRunContext>
      <isCriticalStep>false</isCriticalStep>
      <isNonBlocking>false</isNonBlocking>
      <isParallelStep>false</isParallelStep>
      <isSingleResponse>false</isSingleResponse>
      <recordInHistory>false</recordInHistory>
      <recordRawOutput>true</recordRawOutput>
      <recordPrimaryOutput>true</recordPrimaryOutput>
      <checkPointStep>true</checkPointStep>
      <historyCheckPointStep>true</historyCheckPointStep>
      <scriptResultStep>false</scriptResultStep>
      <userPrompt></userPrompt>
      <bindings>
        <staticBinding id="59c0bbb9-035f-47ef-b16d-6a6fad0e75c1">
          <annotation></annotation>
          <assignFromContext>false</assignFromContext>
          <assignToContext>false</assignToContext>
          <inputType>STRING</inputType>
          <isList>false</isList>
          <required>false</required>
          <isPersisted>true</isPersisted>
          <inputSymbol>field1</inputSymbol>
          <listDelimiter>,</listDelimiter>
          <value>${server.admin.username}</value>
          <record>false</record>
        </staticBinding>
        <staticBinding id="4b502101-0a74-453e-aefa-1ca41da173aa">
          <annotation></annotation>
          <assignFromContext>false</assignFromContext>
          <assignToContext>false</assignToContext>
          <inputType>STRING</inputType>
          <isList>false</isList>
          <required>false</required>
          <isPersisted>true</isPersisted>
          <inputSymbol>field2</inputSymbol>
          <listDelimiter>,</listDelimiter>
          <value>${server.admin.password}</value>
          <record>false</record>
        </staticBinding>
        <staticBinding id="ee943490-f385-4fb3-b98f-f6bc725fb8f4">
          <annotation></annotation>
          <toContextKey></toContextKey>
          <fromContextKey></fromContextKey>
          <assignFromContext>false</assignFromContext>
          <assignToContext>false</assignToContext>
          <inputType>STRING</inputType>
          <recordKey></recordKey>
          <isList>false</isList>
          <required>false</required>
          <isPersisted>true</isPersisted>
          <inputSymbol>Field_2</inputSymbol>
          <listDelimiter></listDelimiter>
          <value>${field2}</value>
          <record>false</record>
        </staticBinding>
        <staticBinding id="d8842e77-e9e4-4389-90a3-6cc4215e997e">
          <annotation></annotation>
          <toContextKey></toContextKey>
          <fromContextKey></fromContextKey>
          <assignFromContext>false</assignFromContext>
          <assignToContext>false</assignToContext>
          <inputType>STRING</inputType>
          <recordKey></recordKey>
          <isList>false</isList>
          <required>false</required>
          <isPersisted>true</isPersisted>
          <inputSymbol>Field_4</inputSymbol>
          <listDelimiter></listDelimiter>
          <value>${field4}</value>
          <record>false</record>
        </staticBinding>
        <staticBinding id="e94344a9-e0f2-4656-85a0-08bfb8e74a67">
          <annotation></annotation>
          <toContextKey></toContextKey>
          <fromContextKey></fromContextKey>
          <assignFromContext>false</assignFromContext>
          <assignToContext>false</assignToContext>
          <inputType>STRING</inputType>
          <recordKey></recordKey>
          <isList>false</isList>
          <required>false</required>
          <isPersisted>true</isPersisted>
          <inputSymbol>Field_3</inputSymbol>
          <listDelimiter></listDelimiter>
          <value>${field3}</value>
          <record>false</record>
        </staticBinding>
        <staticBinding id="e0b1bf81-52b1-4f62-bc57-c1bb3526809b">
          <annotation></annotation>
          <toContextKey></toContextKey>
          <fromContextKey></fromContextKey>
          <assignFromContext>false</assignFromContext>
          <assignToContext>false</assignToContext>
          <inputType>STRING</inputType>
          <recordKey></recordKey>
          <isList>false</isList>
          <required>false</required>
          <isPersisted>true</isPersisted>
          <inputSymbol>Field_1</inputSymbol>
          <listDelimiter></listDelimiter>
          <value>${field1}</value>
          <record>false</record>
        </staticBinding>
      </bindings>
      <transitions>
        <transition id="73e1e8d6-868f-447e-b275-44b3524f6552">
          <annotation></annotation>
          <name>success</name>
          <command>NEXT</command>
          <linkMode>false</linkMode>
          <responseSymbol>success</responseSymbol>
          <shouldHandoff>false</shouldHandoff>
          <transitionValue>0.0</transitionValue>
          <destination>
            <refId>50987410-fcc5-4675-8629-0950fbc3bba9</refId>
          </destination>
          <source>
            <refId>6a1b5376-4681-47c9-a5bd-a152c5934c5b</refId>
          </source>
          <positions>
            <point>
              <x>271.0</x>
              <y>38.0</y>
            </point>
            <point>
              <x>368.0</x>
              <y>40.0</y>
            </point>
          </positions>
          <labelPosition>
            <x>333.0</x>
            <y>0.0</y>
          </labelPosition>
        </transition>
      </transitions>
      <properties/>
      <opRef>
        <refId>ddd79f22-8b1e-4605-88d5-d912bb2da2b9</refId>
      </opRef>
      <assignments>
        <flowVariableAssignment id="c7d29475-e9c5-4648-b665-78242c6e9bc4">
          <annotation></annotation>
          <name>assignment</name>
          <action>OVERWRITE</action>
          <assignmentTargetType>FLOW_OUTPUT_FIELD</assignmentTargetType>
          <contextKey>server.admin.username</contextKey>
          <expression id="602374d4-c2e3-4d93-be9f-88cf35f52504">
            <annotation></annotation>
            <name>Input: field1</name>
            <fieldName>field1</fieldName>
            <sourceType>INPUT</sourceType>
            <filters>
              <scriptletFilter id="44d1e3b3-f536-47b6-9e1f-0627a41922e6">
                <annotation></annotation>
                <name>Scriptlet</name>
                <scriptlet id="d46ea72f-3685-4b2f-b53a-6ec7fa72beb9">
                  <annotation></annotation>
                  <name>default</name>
                  <script>if (scriptletInput == &apos;Windows&apos;) 
    scriptletResult = &apos;Administrator&apos;
else 
    scriptletResult = &apos;root&apos;
</script>
                  <type>RHINO</type>
                </scriptlet>
              </scriptletFilter>
            </filters>
          </expression>
        </flowVariableAssignment>
        <flowVariableAssignment id="1adf3def-b7ac-4b8f-84ec-db6737261707">
          <annotation></annotation>
          <name>assignment</name>
          <action>OVERWRITE</action>
          <assignmentTargetType>FLOW_OUTPUT_FIELD</assignmentTargetType>
          <contextKey>server.admin.password</contextKey>
          <expression id="a266f677-cdad-4aa6-8c98-11849c5aeaa7">
            <annotation></annotation>
            <name>Input: field2</name>
            <fieldName>field2</fieldName>
            <sourceType>INPUT</sourceType>
            <filters/>
          </expression>
        </flowVariableAssignment>
      </assignments>
      <throttleSize>0</throttleSize>
    </step>
    <step id="47594ca1-1b49-4a01-85e3-e8222ba58944">
      <annotation>47a11205-2550-4896-bad6-b6d31a9df27c.47594ca1-1b49-4a01-85e3-e8222ba58944.description</annotation>
      <name>Save In Variables</name>
      <bounds>
        <x>112.0</x>
        <y>5.0</y>
      </bounds>
      <layer>-1</layer>
      <hideInbound>false</hideInbound>
      <addResultToRunContext>false</addResultToRunContext>
      <isCriticalStep>false</isCriticalStep>
      <isNonBlocking>false</isNonBlocking>
      <isParallelStep>false</isParallelStep>
      <isSingleResponse>false</isSingleResponse>
      <recordInHistory>false</recordInHistory>
      <recordRawOutput>true</recordRawOutput>
      <recordPrimaryOutput>true</recordPrimaryOutput>
      <checkPointStep>true</checkPointStep>
      <historyCheckPointStep>true</historyCheckPointStep>
      <scriptResultStep>false</scriptResultStep>
      <userPrompt></userPrompt>
      <bindings>
        <staticBinding id="d646bbfe-7c59-47bd-b230-311c20c51445">
          <annotation></annotation>
          <assignFromContext>true</assignFromContext>
          <assignToContext>true</assignToContext>
          <inputType>STRING</inputType>
          <isList>false</isList>
          <required>false</required>
          <isPersisted>true</isPersisted>
          <inputSymbol>field1</inputSymbol>
          <listDelimiter>,</listDelimiter>
          <value>Linux</value>
          <record>false</record>
        </staticBinding>
        <staticBinding id="ceaa3773-811f-4a61-afa1-36a8aee34a9c">
          <annotation></annotation>
          <assignFromContext>true</assignFromContext>
          <assignToContext>true</assignToContext>
          <inputType>STRING</inputType>
          <isList>false</isList>
          <required>false</required>
          <isPersisted>true</isPersisted>
          <inputSymbol>field2</inputSymbol>
          <listDelimiter>,</listDelimiter>
          <value>${server.ishpmanaged}|${server.contactemail}|${pc.email.portal}</value>
          <record>false</record>
        </staticBinding>
        <staticBinding id="24f6c20e-4600-4191-a58f-1418d6e2373a">
          <annotation></annotation>
          <assignFromContext>true</assignFromContext>
          <assignToContext>true</assignToContext>
          <inputType>STRING</inputType>
          <isList>false</isList>
          <required>false</required>
          <isPersisted>true</isPersisted>
          <inputSymbol>field3</inputSymbol>
          <listDelimiter>,</listDelimiter>
          <value></value>
          <record>false</record>
        </staticBinding>
        <staticBinding id="b985a9e5-c3f0-4737-8ccf-19cb33e3d0a9">
          <annotation></annotation>
          <assignFromContext>true</assignFromContext>
          <assignToContext>true</assignToContext>
          <inputType>STRING</inputType>
          <isList>false</isList>
          <required>false</required>
          <isPersisted>true</isPersisted>
          <inputSymbol>field4</inputSymbol>
          <listDelimiter>,</listDelimiter>
          <value></value>
          <record>false</record>
        </staticBinding>
        <staticBinding id="c1562454-b3a1-461d-903e-660ec5b060c2">
          <annotation></annotation>
          <assignFromContext>true</assignFromContext>
          <assignToContext>true</assignToContext>
          <inputType>STRING</inputType>
          <isList>false</isList>
          <required>false</required>
          <isPersisted>true</isPersisted>
          <inputSymbol>generatedPassword</inputSymbol>
          <listDelimiter>,</listDelimiter>
          <value>${generatedPassword}</value>
          <record>false</record>
        </staticBinding>
        <staticBinding id="af880c80-d8ba-4dee-a994-822e5b4f309d">
          <annotation></annotation>
          <toContextKey></toContextKey>
          <fromContextKey></fromContextKey>
          <assignFromContext>false</assignFromContext>
          <assignToContext>false</assignToContext>
          <inputType>STRING</inputType>
          <recordKey></recordKey>
          <isList>false</isList>
          <required>false</required>
          <isPersisted>true</isPersisted>
          <inputSymbol>Field_2</inputSymbol>
          <listDelimiter></listDelimiter>
          <value>${field2}</value>
          <record>false</record>
        </staticBinding>
        <staticBinding id="d1e5765b-b00b-4f6e-8128-b3546a9d98b8">
          <annotation></annotation>
          <toContextKey></toContextKey>
          <fromContextKey></fromContextKey>
          <assignFromContext>false</assignFromContext>
          <assignToContext>false</assignToContext>
          <inputType>STRING</inputType>
          <recordKey></recordKey>
          <isList>false</isList>
          <required>false</required>
          <isPersisted>true</isPersisted>
          <inputSymbol>Field_4</inputSymbol>
          <listDelimiter></listDelimiter>
          <value>${field4}</value>
          <record>false</record>
        </staticBinding>
        <staticBinding id="4eb381f5-082c-4f61-ac9e-6a2fd0a076f8">
          <annotation></annotation>
          <toContextKey></toContextKey>
          <fromContextKey></fromContextKey>
          <assignFromContext>false</assignFromContext>
          <assignToContext>false</assignToContext>
          <inputType>STRING</inputType>
          <recordKey></recordKey>
          <isList>false</isList>
          <required>false</required>
          <isPersisted>true</isPersisted>
          <inputSymbol>Field_3</inputSymbol>
          <listDelimiter></listDelimiter>
          <value>${field3}</value>
          <record>false</record>
        </staticBinding>
        <staticBinding id="a862b0a6-43c1-453e-a25e-041ace1d8a1c">
          <annotation></annotation>
          <toContextKey></toContextKey>
          <fromContextKey></fromContextKey>
          <assignFromContext>false</assignFromContext>
          <assignToContext>false</assignToContext>
          <inputType>STRING</inputType>
          <recordKey></recordKey>
          <isList>false</isList>
          <required>false</required>
          <isPersisted>true</isPersisted>
          <inputSymbol>Field_1</inputSymbol>
          <listDelimiter></listDelimiter>
          <value>${field1}</value>
          <record>false</record>
        </staticBinding>
      </bindings>
      <transitions>
        <transition id="062aac24-b99f-4877-924d-905156ec29fe">
          <annotation></annotation>
          <name>success</name>
          <command>NEXT</command>
          <linkMode>false</linkMode>
          <responseSymbol>success</responseSymbol>
          <shouldHandoff>false</shouldHandoff>
          <transitionValue>0.0</transitionValue>
          <destination>
            <refId>6a1b5376-4681-47c9-a5bd-a152c5934c5b</refId>
          </destination>
          <source>
            <refId>47594ca1-1b49-4a01-85e3-e8222ba58944</refId>
          </source>
          <positions>
            <point>
              <x>162.0</x>
              <y>39.0</y>
            </point>
            <point>
              <x>286.0</x>
              <y>262.0</y>
            </point>
          </positions>
          <labelPosition>
            <x>333.0</x>
            <y>0.0</y>
          </labelPosition>
        </transition>
      </transitions>
      <properties/>
      <opRef>
        <refId>ddd79f22-8b1e-4605-88d5-d912bb2da2b9</refId>
      </opRef>
      <assignments>
        <flowVariableAssignment id="9926eff1-75a9-46d1-85cc-66cc3a21eed0">
          <annotation></annotation>
          <name>assignment</name>
          <action>OVERWRITE</action>
          <assignmentTargetType>FLOW_VARIABLE</assignmentTargetType>
          <contextKey>server.recipient</contextKey>
          <expression id="05ee69ad-e03f-41bc-a476-6da451527dc1">
            <annotation></annotation>
            <name>Input: field2</name>
            <fieldName>field2</fieldName>
            <sourceType>INPUT</sourceType>
            <filters>
              <scriptletFilter id="1a8fcc76-90de-4601-a3f4-7bdaaa3a352a">
                <annotation></annotation>
                <name>Scriptlet</name>
                <scriptlet id="e45da51d-3dce-44c4-b8b9-bbb290500628">
                  <annotation></annotation>
                  <name>default</name>
                  <script>var inputs = scriptletInput.split(&apos;|&apos;);

if (inputs[0].toUpperCase().indexOf(&apos;Y&apos;) == -1) {
//if unmanaged
	scriptletResult = inputs[1];
}else{
//if managed
	scriptletResult = inputs[2];
}</script>
                  <type>RHINO</type>
                </scriptlet>
              </scriptletFilter>
            </filters>
          </expression>
        </flowVariableAssignment>
        <flowVariableAssignment id="db92e15a-4888-4b9d-9f77-a75a4ffffd37">
          <annotation></annotation>
          <name>assignment</name>
          <action>OVERWRITE</action>
          <assignmentTargetType>FLOW_VARIABLE</assignmentTargetType>
          <contextKey>server.admin.username</contextKey>
          <expression id="c652f948-f314-46c6-be39-e2a73ef00b35">
            <annotation></annotation>
            <name>Input: field1</name>
            <fieldName>field1</fieldName>
            <sourceType>INPUT</sourceType>
            <filters>
              <scriptletFilter id="b4bebfaa-7099-42d1-9ca6-94ca5c571257">
                <annotation></annotation>
                <name>Scriptlet</name>
                <scriptlet id="40190fe3-ec84-4ee3-af95-9eb55b0de229">
                  <annotation></annotation>
                  <name>default</name>
                  <script>if (scriptletInput == &apos;Windows&apos;) 
    scriptletResult = &apos;Administrator&apos;
else 
    scriptletResult = &apos;root&apos;
</script>
                  <type>RHINO</type>
                </scriptlet>
              </scriptletFilter>
            </filters>
          </expression>
        </flowVariableAssignment>
        <flowVariableAssignment id="332708ef-8550-4ed9-a7e9-39bc7319f094">
          <annotation></annotation>
          <name>assignment</name>
          <action>OVERWRITE</action>
          <assignmentTargetType>FLOW_VARIABLE</assignmentTargetType>
          <contextKey>server.admin.password</contextKey>
          <expression id="ef6e275b-e44d-409f-a0b0-12bb66f0d44c">
            <annotation></annotation>
            <name>Input: generatedPassword</name>
            <fieldName>generatedPassword</fieldName>
            <sourceType>INPUT</sourceType>
            <filters/>
          </expression>
        </flowVariableAssignment>
      </assignments>
      <throttleSize>0</throttleSize>
    </step>
    <returnStep id="06a99afd-ace5-4401-a130-03baed60e522">
      <annotation></annotation>
      <name>Error : failure</name>
      <bounds>
        <x>503.0</x>
        <y>311.0</y>
      </bounds>
      <layer>-1</layer>
      <hideInbound>false</hideInbound>
      <addResultToRunContext>false</addResultToRunContext>
      <isCriticalStep>false</isCriticalStep>
      <isNonBlocking>false</isNonBlocking>
      <isParallelStep>false</isParallelStep>
      <isSingleResponse>false</isSingleResponse>
      <recordInHistory>false</recordInHistory>
      <recordRawOutput>true</recordRawOutput>
      <recordPrimaryOutput>true</recordPrimaryOutput>
      <checkPointStep>true</checkPointStep>
      <historyCheckPointStep>true</historyCheckPointStep>
      <scriptResultStep>false</scriptResultStep>
      <userPrompt></userPrompt>
      <bindings/>
      <transitions>
        <transition id="e5822d9d-cb8d-4fd2-98b5-7df8e16d0447">
          <annotation></annotation>
          <name>return</name>
          <command>NEXT</command>
          <linkMode>false</linkMode>
          <responseSymbol>failure</responseSymbol>
          <shouldHandoff>false</shouldHandoff>
          <transitionValue>0.0</transitionValue>
          <destination>
            <refId>06a99afd-ace5-4401-a130-03baed60e522</refId>
          </destination>
          <source>
            <refId>06a99afd-ace5-4401-a130-03baed60e522</refId>
          </source>
          <positions/>
        </transition>
      </transitions>
      <properties/>
      <returnStepType>ERROR</returnStepType>
      <assignments/>
    </returnStep>
    <step id="c1fc7be6-e990-487e-a867-2b4fcfde4840">
      <annotation>47a11205-2550-4896-bad6-b6d31a9df27c.c1fc7be6-e990-487e-a867-2b4fcfde4840.description</annotation>
      <name>Is Managed?</name>
      <bounds>
        <x>688.0</x>
        <y>323.0</y>
      </bounds>
      <layer>-1</layer>
      <hideInbound>false</hideInbound>
      <addResultToRunContext>false</addResultToRunContext>
      <isCriticalStep>false</isCriticalStep>
      <isNonBlocking>false</isNonBlocking>
      <isParallelStep>false</isParallelStep>
      <isSingleResponse>false</isSingleResponse>
      <recordInHistory>false</recordInHistory>
      <recordRawOutput>true</recordRawOutput>
      <recordPrimaryOutput>true</recordPrimaryOutput>
      <checkPointStep>true</checkPointStep>
      <historyCheckPointStep>true</historyCheckPointStep>
      <scriptResultStep>false</scriptResultStep>
      <userPrompt></userPrompt>
      <bindings>
        <staticBinding id="a7129dc6-cf9a-4168-8b58-57bdb067c072">
          <annotation></annotation>
          <toContextKey>vm.managed</toContextKey>
          <fromContextKey>vm.managed</fromContextKey>
          <assignFromContext>true</assignFromContext>
          <assignToContext>true</assignToContext>
          <inputType>STRING</inputType>
          <isList>false</isList>
          <required>false</required>
          <isPersisted>true</isPersisted>
          <inputSymbol>string1</inputSymbol>
          <listDelimiter>,</listDelimiter>
          <value>${server.ishpmanaged}</value>
          <record>false</record>
        </staticBinding>
        <staticBinding id="db25e0b5-5cb7-4793-acf3-be50a83645cd">
          <annotation></annotation>
          <assignFromContext>false</assignFromContext>
          <assignToContext>false</assignToContext>
          <inputType>STRING</inputType>
          <isList>false</isList>
          <required>false</required>
          <isPersisted>true</isPersisted>
          <inputSymbol>string2</inputSymbol>
          <listDelimiter>,</listDelimiter>
          <value>Y</value>
          <record>false</record>
        </staticBinding>
        <staticBinding id="d91c1544-a2e6-4b55-8148-ffa3bfd99fe9">
          <annotation></annotation>
          <assignFromContext>false</assignFromContext>
          <assignToContext>false</assignToContext>
          <inputType>STRING</inputType>
          <isList>false</isList>
          <required>false</required>
          <isPersisted>true</isPersisted>
          <inputSymbol>ignoreCase</inputSymbol>
          <listDelimiter>,</listDelimiter>
          <value>true</value>
          <record>false</record>
        </staticBinding>
        <staticBinding id="7c75e1d8-3af8-4a54-93f1-ab90e407d3ce">
          <annotation></annotation>
          <toContextKey></toContextKey>
          <fromContextKey></fromContextKey>
          <assignFromContext>false</assignFromContext>
          <assignToContext>false</assignToContext>
          <inputType>STRING</inputType>
          <recordKey></recordKey>
          <isList>false</isList>
          <required>false</required>
          <isPersisted>true</isPersisted>
          <inputSymbol>Field_3</inputSymbol>
          <listDelimiter></listDelimiter>
          <value>${in3}</value>
          <record>false</record>
        </staticBinding>
        <staticBinding id="d7fc0e19-4cca-4c18-8b1c-402f79979486">
          <annotation></annotation>
          <toContextKey></toContextKey>
          <fromContextKey></fromContextKey>
          <assignFromContext>false</assignFromContext>
          <assignToContext>false</assignToContext>
          <inputType>STRING</inputType>
          <recordKey></recordKey>
          <isList>false</isList>
          <required>false</required>
          <isPersisted>true</isPersisted>
          <inputSymbol>Field_4</inputSymbol>
          <listDelimiter></listDelimiter>
          <value>${in4}</value>
          <record>false</record>
        </staticBinding>
        <staticBinding id="a513c06e-a8ac-41ef-ba73-5a967c44a768">
          <annotation></annotation>
          <toContextKey></toContextKey>
          <fromContextKey></fromContextKey>
          <assignFromContext>false</assignFromContext>
          <assignToContext>false</assignToContext>
          <inputType>STRING</inputType>
          <recordKey></recordKey>
          <isList>false</isList>
          <required>false</required>
          <isPersisted>true</isPersisted>
          <inputSymbol>Field_2</inputSymbol>
          <listDelimiter></listDelimiter>
          <value>${in2}</value>
          <record>false</record>
        </staticBinding>
        <staticBinding id="c3625fdc-3279-47f7-9bd8-7f6730f572ab">
          <annotation></annotation>
          <toContextKey></toContextKey>
          <fromContextKey></fromContextKey>
          <assignFromContext>false</assignFromContext>
          <assignToContext>false</assignToContext>
          <inputType>STRING</inputType>
          <recordKey></recordKey>
          <isList>false</isList>
          <required>false</required>
          <isPersisted>true</isPersisted>
          <inputSymbol>Field_1</inputSymbol>
          <listDelimiter></listDelimiter>
          <value>${in1}</value>
          <record>false</record>
        </staticBinding>
      </bindings>
      <transitions>
        <transition id="d33b6c3f-8c0c-40bf-a9af-e49fc2a6ebfb">
          <annotation></annotation>
          <name>false</name>
          <command>NEXT</command>
          <linkMode>false</linkMode>
          <responseSymbol>false</responseSymbol>
          <shouldHandoff>false</shouldHandoff>
          <transitionValue>0.0</transitionValue>
          <destination>
            <refId>95700a75-c153-4b1f-b438-4a9f3d59d6f5</refId>
          </destination>
          <source>
            <refId>c1fc7be6-e990-487e-a867-2b4fcfde4840</refId>
          </source>
          <positions>
            <point>
              <x>665.0</x>
              <y>356.0</y>
            </point>
            <point>
              <x>668.0</x>
              <y>481.0</y>
            </point>
          </positions>
          <labelPosition>
            <x>333.0</x>
            <y>0.0</y>
          </labelPosition>
        </transition>
        <transition id="2a12be0c-0511-4243-9315-18b9d0e026e7">
          <annotation></annotation>
          <name>true</name>
          <command>NEXT</command>
          <linkMode>false</linkMode>
          <responseSymbol>true</responseSymbol>
          <shouldHandoff>false</shouldHandoff>
          <transitionValue>0.0</transitionValue>
          <destination>
            <refId>94985a7d-61c9-4b3c-a891-0e1d89ea3502</refId>
          </destination>
          <source>
            <refId>c1fc7be6-e990-487e-a867-2b4fcfde4840</refId>
          </source>
          <positions>
            <point>
              <x>653.0</x>
              <y>356.0</y>
            </point>
            <point>
              <x>975.0</x>
              <y>356.0</y>
            </point>
          </positions>
          <labelPosition>
            <x>333.0</x>
            <y>0.0</y>
          </labelPosition>
        </transition>
      </transitions>
      <properties/>
      <opRef>
        <refId>7c2f47aa-a4b3-4a7d-b3d4-007f285f7d29</refId>
      </opRef>
      <assignments/>
      <throttleSize>0</throttleSize>
    </step>
    <step id="95700a75-c153-4b1f-b438-4a9f3d59d6f5">
      <annotation></annotation>
      <name>CSA_UpdateArtefactProperty</name>
      <bounds>
        <x>688.0</x>
        <y>448.0</y>
      </bounds>
      <layer>-1</layer>
      <hideInbound>false</hideInbound>
      <addResultToRunContext>false</addResultToRunContext>
      <isCriticalStep>false</isCriticalStep>
      <isNonBlocking>false</isNonBlocking>
      <isParallelStep>false</isParallelStep>
      <isSingleResponse>false</isSingleResponse>
      <recordInHistory>false</recordInHistory>
      <recordRawOutput>true</recordRawOutput>
      <recordPrimaryOutput>true</recordPrimaryOutput>
      <checkPointStep>true</checkPointStep>
      <historyCheckPointStep>true</historyCheckPointStep>
      <scriptResultStep>false</scriptResultStep>
      <userPrompt></userPrompt>
      <bindings>
        <staticBinding id="3f05b7cf-cf19-4191-bd2d-cfea54fd1566">
          <annotation></annotation>
          <assignFromContext>false</assignFromContext>
          <assignToContext>false</assignToContext>
          <inputType>STRING</inputType>
          <isList>false</isList>
          <required>true</required>
          <isPersisted>true</isPersisted>
          <inputSymbol>propName</inputSymbol>
          <listDelimiter>,</listDelimiter>
          <value>Inital Username</value>
          <record>false</record>
        </staticBinding>
        <staticBinding id="60850cab-729d-4205-b352-9bf70545402d">
          <annotation></annotation>
          <assignFromContext>true</assignFromContext>
          <assignToContext>true</assignToContext>
          <inputType>STRING</inputType>
          <isList>false</isList>
          <required>false</required>
          <isPersisted>true</isPersisted>
          <inputSymbol>propType</inputSymbol>
          <listDelimiter>,</listDelimiter>
          <value>STRING</value>
          <record>false</record>
        </staticBinding>
        <staticBinding id="6d6b9020-da39-4123-a4d7-28f5b048e062">
          <annotation></annotation>
          <assignFromContext>false</assignFromContext>
          <assignToContext>false</assignToContext>
          <inputType>STRING</inputType>
          <isList>false</isList>
          <required>true</required>
          <isPersisted>true</isPersisted>
          <inputSymbol>propValue</inputSymbol>
          <listDelimiter>,</listDelimiter>
          <value>${server.admin.username}</value>
          <record>false</record>
        </staticBinding>
        <staticBinding id="02059305-ada5-4254-83b5-db19ef74ec5c">
          <annotation></annotation>
          <assignFromContext>true</assignFromContext>
          <assignToContext>true</assignToContext>
          <inputType>STRING</inputType>
          <isList>false</isList>
          <required>false</required>
          <isPersisted>true</isPersisted>
          <inputSymbol>customerVisible</inputSymbol>
          <listDelimiter>,</listDelimiter>
          <value>true</value>
          <record>false</record>
        </staticBinding>
        <staticBinding id="418a3888-c709-4ae1-a53c-ac13ab15e51b">
          <annotation></annotation>
          <fromContextKey>server.csasvcuuid</fromContextKey>
          <assignFromContext>true</assignFromContext>
          <assignToContext>true</assignToContext>
          <inputType>STRING</inputType>
          <isList>false</isList>
          <required>true</required>
          <isPersisted>true</isPersisted>
          <inputSymbol>csasvcuuid</inputSymbol>
          <listDelimiter>,</listDelimiter>
          <value>${server.csasvcuuid}</value>
          <record>false</record>
        </staticBinding>
        <staticBinding id="8a63a73f-b6fa-446d-b15e-b2df349ef90d">
          <annotation></annotation>
          <assignFromContext>false</assignFromContext>
          <assignToContext>false</assignToContext>
          <inputType>STRING</inputType>
          <isList>false</isList>
          <required>true</required>
          <isPersisted>true</isPersisted>
          <inputSymbol>displayname</inputSymbol>
          <listDelimiter>,</listDelimiter>
          <value>Inital Username</value>
          <record>false</record>
        </staticBinding>
      </bindings>
      <transitions>
        <transition id="f732b872-83ca-4227-b630-69b2ae4686df">
          <annotation></annotation>
          <name>failure</name>
          <command>NEXT</command>
          <linkMode>false</linkMode>
          <responseSymbol>failure</responseSymbol>
          <shouldHandoff>false</shouldHandoff>
          <transitionValue>0.0</transitionValue>
          <destination>
            <refId>06a99afd-ace5-4401-a130-03baed60e522</refId>
          </destination>
          <source>
            <refId>95700a75-c153-4b1f-b438-4a9f3d59d6f5</refId>
          </source>
          <positions>
            <point>
              <x>653.0</x>
              <y>481.0</y>
            </point>
            <point>
              <x>468.0</x>
              <y>344.0</y>
            </point>
          </positions>
          <labelPosition>
            <x>333.0</x>
            <y>0.0</y>
          </labelPosition>
        </transition>
        <transition id="e4c04ff2-94d1-4fdd-b15c-6ff3650f10a7">
          <annotation></annotation>
          <name>success</name>
          <command>NEXT</command>
          <linkMode>false</linkMode>
          <responseSymbol>success</responseSymbol>
          <shouldHandoff>false</shouldHandoff>
          <transitionValue>0.0</transitionValue>
          <destination>
            <refId>ce3f079f-1f79-432f-ad49-fb8c05a0d039</refId>
          </destination>
          <source>
            <refId>95700a75-c153-4b1f-b438-4a9f3d59d6f5</refId>
          </source>
          <positions>
            <point>
              <x>653.0</x>
              <y>481.0</y>
            </point>
            <point>
              <x>468.0</x>
              <y>481.0</y>
            </point>
          </positions>
          <labelPosition>
            <x>333.0</x>
            <y>0.0</y>
          </labelPosition>
        </transition>
      </transitions>
      <properties/>
      <opRef>
        <refId>7f62af65-07d6-41ad-b715-9fd434b36a72</refId>
      </opRef>
      <assignments/>
      <throttleSize>0</throttleSize>
    </step>
    <step id="93c4c04e-e321-4c3c-9f35-1e070fdfac4b">
      <annotation>47a11205-2550-4896-bad6-b6d31a9df27c.93c4c04e-e321-4c3c-9f35-1e070fdfac4b.description</annotation>
      <name>Change Linux Password</name>
      <bounds>
        <x>688.0</x>
        <y>5.0</y>
      </bounds>
      <layer>-1</layer>
      <hideInbound>false</hideInbound>
      <addResultToRunContext>false</addResultToRunContext>
      <isCriticalStep>false</isCriticalStep>
      <isNonBlocking>false</isNonBlocking>
      <isParallelStep>false</isParallelStep>
      <isSingleResponse>false</isSingleResponse>
      <recordInHistory>false</recordInHistory>
      <recordRawOutput>true</recordRawOutput>
      <recordPrimaryOutput>true</recordPrimaryOutput>
      <checkPointStep>true</checkPointStep>
      <historyCheckPointStep>true</historyCheckPointStep>
      <scriptResultStep>false</scriptResultStep>
      <userPrompt></userPrompt>
      <bindings>
        <staticBinding id="f2175503-f319-40db-bf69-f89d419a9077">
          <annotation></annotation>
          <toContextKey>vm.ip.backup</toContextKey>
          <fromContextKey>vm.ip.backup</fromContextKey>
          <assignFromContext>false</assignFromContext>
          <assignToContext>false</assignToContext>
          <inputType>STRING</inputType>
          <isList>false</isList>
          <required>true</required>
          <isPersisted>true</isPersisted>
          <inputSymbol>host</inputSymbol>
          <listDelimiter>,</listDelimiter>
          <value>${server.ip.backup}</value>
          <record>false</record>
        </staticBinding>
        <staticBinding id="cd0b4e62-2c21-4131-a30d-91c34a9246cf">
          <annotation></annotation>
          <toContextKey></toContextKey>
          <fromContextKey></fromContextKey>
          <assignFromContext>true</assignFromContext>
          <assignToContext>true</assignToContext>
          <inputType>STRING</inputType>
          <isList>false</isList>
          <required>true</required>
          <isPersisted>true</isPersisted>
          <inputSymbol>port</inputSymbol>
          <listDelimiter>,</listDelimiter>
          <value>22</value>
          <record>false</record>
        </staticBinding>
        <identityBinding id="d05a7c0d-ec6b-4795-872e-d6b733520749">
          <annotation></annotation>
          <toContextKey></toContextKey>
          <fromContextKey></fromContextKey>
          <assignFromContext>true</assignFromContext>
          <assignToContext>true</assignToContext>
          <inputType>ENCRYPTED</inputType>
          <isList>false</isList>
          <required>true</required>
          <isPersisted>true</isPersisted>
          <inputSymbol>username</inputSymbol>
          <listDelimiter>,</listDelimiter>
          <record>false</record>
          <link>
            <refId>11187211-d71b-496e-86a3-ef9fdb2ed504</refId>
            <refName>pc.vm.linux</refName>
          </link>
          <identityAttribute>USERNAME</identityAttribute>
        </identityBinding>
        <identityBinding id="053e3466-5299-4f64-afd2-f3fcec7ca7c3">
          <annotation></annotation>
          <toContextKey></toContextKey>
          <fromContextKey></fromContextKey>
          <assignFromContext>true</assignFromContext>
          <assignToContext>true</assignToContext>
          <inputType>ENCRYPTED</inputType>
          <isList>false</isList>
          <required>true</required>
          <isPersisted>true</isPersisted>
          <inputSymbol>password</inputSymbol>
          <listDelimiter>,</listDelimiter>
          <record>false</record>
          <link>
            <refId>11187211-d71b-496e-86a3-ef9fdb2ed504</refId>
            <refName>pc.vm.linux</refName>
          </link>
          <identityAttribute>PASSWORD</identityAttribute>
        </identityBinding>
        <staticBinding id="69f20f61-b19e-4ac1-ba90-c64309f99c1d">
          <annotation></annotation>
          <toContextKey></toContextKey>
          <fromContextKey></fromContextKey>
          <assignFromContext>true</assignFromContext>
          <assignToContext>true</assignToContext>
          <inputType>STRING</inputType>
          <isList>false</isList>
          <required>true</required>
          <isPersisted>true</isPersisted>
          <inputSymbol>protocol</inputSymbol>
          <listDelimiter>,</listDelimiter>
          <value>ssh</value>
          <record>false</record>
        </staticBinding>
        <staticBinding id="dbbc268b-1c5e-4edc-90bf-757da7938145">
          <annotation></annotation>
          <fromContextKey></fromContextKey>
          <assignFromContext>false</assignFromContext>
          <assignToContext>false</assignToContext>
          <inputType>STRING</inputType>
          <isList>false</isList>
          <required>true</required>
          <isPersisted>true</isPersisted>
          <inputSymbol>command</inputSymbol>
          <listDelimiter>,</listDelimiter>
          <value>echo ${server.admin.password} | passwd --stdin ${server.admin.username}</value>
          <record>false</record>
        </staticBinding>
        <staticBinding id="cfef45de-6721-4cb1-aec9-0cc571e85a1c">
          <annotation></annotation>
          <toContextKey></toContextKey>
          <fromContextKey></fromContextKey>
          <assignFromContext>true</assignFromContext>
          <assignToContext>true</assignToContext>
          <inputType>STRING</inputType>
          <isList>false</isList>
          <required>false</required>
          <isPersisted>true</isPersisted>
          <inputSymbol>timeout</inputSymbol>
          <listDelimiter>,</listDelimiter>
          <value>600000</value>
          <record>false</record>
        </staticBinding>
      </bindings>
      <transitions>
        <transition id="0704ac9e-60ab-43b7-bc2d-085b0aa1acac">
          <annotation></annotation>
          <name>failure</name>
          <command>NEXT</command>
          <linkMode>false</linkMode>
          <responseSymbol>failure</responseSymbol>
          <shouldHandoff>false</shouldHandoff>
          <transitionValue>0.0</transitionValue>
          <destination>
            <refId>ff931308-fd58-458e-abc1-88ece1f4eeae</refId>
          </destination>
          <source>
            <refId>93c4c04e-e321-4c3c-9f35-1e070fdfac4b</refId>
          </source>
          <positions>
            <point>
              <x>779.0</x>
              <y>217.0</y>
            </point>
            <point>
              <x>998.0</x>
              <y>223.0</y>
            </point>
          </positions>
          <labelPosition>
            <x>333.0</x>
            <y>0.0</y>
          </labelPosition>
        </transition>
        <transition id="b58519f3-5b9d-4d22-b407-b1b2bb0d9d88">
          <annotation></annotation>
          <name>success</name>
          <command>NEXT</command>
          <linkMode>false</linkMode>
          <responseSymbol>success</responseSymbol>
          <shouldHandoff>false</shouldHandoff>
          <transitionValue>0.0</transitionValue>
          <destination>
            <refId>0971cd47-8d9e-44ed-bb2b-c5a3fa66c2e7</refId>
          </destination>
          <source>
            <refId>93c4c04e-e321-4c3c-9f35-1e070fdfac4b</refId>
          </source>
          <positions>
            <point>
              <x>772.0</x>
              <y>63.0</y>
            </point>
            <point>
              <x>776.0</x>
              <y>218.0</y>
            </point>
          </positions>
          <labelPosition>
            <x>333.0</x>
            <y>0.0</y>
          </labelPosition>
        </transition>
      </transitions>
      <properties/>
      <opRef>
        <refId>3c0f1258-b910-4665-b809-753ed5586c08</refId>
      </opRef>
      <assignments>
        <flowVariableAssignment id="3c5049af-5e7b-45d9-a12d-50079353248b">
          <annotation></annotation>
          <name>assignment</name>
          <action>OVERWRITE</action>
          <assignmentTargetType>FLOW_OUTPUT_FIELD</assignmentTargetType>
          <contextKey>vm.admin.user</contextKey>
          <expression id="56565074-2c0d-4f37-bcc6-f962e2983fd8">
            <annotation></annotation>
            <name>Input: username</name>
            <fieldName>username</fieldName>
            <sourceType>INPUT</sourceType>
            <filters/>
          </expression>
        </flowVariableAssignment>
      </assignments>
      <throttleSize>0</throttleSize>
    </step>
  </steps>
  <startSteps>ad67d54c-1e3b-4957-965b-f5bb0656ead8</startSteps>
</flow>