<?xml version="1.0" encoding="UTF-8"?>
<flow id="2e60839b-77a4-4e53-8b69-eb99a0ff946b">
  <annotation></annotation>
  <name>Clean_IPAM</name>
  <categories/>
  <inputs>
    <staticBinding id="8282c717-78a9-40b2-9078-b5026f0e16a4">
      <annotation></annotation>
      <assignFromContext>true</assignFromContext>
      <assignToContext>true</assignToContext>
      <inputType>STRING</inputType>
      <isList>false</isList>
      <required>false</required>
      <isPersisted>true</isPersisted>
      <inputSymbol>ip_start</inputSymbol>
      <listDelimiter>,</listDelimiter>
      <value>10.191.10.</value>
      <record>false</record>
    </staticBinding>
    <staticBinding id="6dd2754d-a65e-4624-92c6-d95dabeaa7ae">
      <annotation></annotation>
      <assignFromContext>true</assignFromContext>
      <assignToContext>true</assignToContext>
      <inputType>STRING</inputType>
      <isList>false</isList>
      <required>false</required>
      <isPersisted>true</isPersisted>
      <inputSymbol>ip_end</inputSymbol>
      <listDelimiter>,</listDelimiter>
      <value>132</value>
      <record>false</record>
    </staticBinding>
    <staticBinding id="e5498c8a-c795-4cbe-b435-925e4f778b67">
      <annotation></annotation>
      <assignFromContext>true</assignFromContext>
      <assignToContext>true</assignToContext>
      <inputType>STRING</inputType>
      <isList>false</isList>
      <required>false</required>
      <isPersisted>true</isPersisted>
      <inputSymbol>vlan_id</inputSymbol>
      <listDelimiter>,</listDelimiter>
      <value>TI11-cust-001</value>
      <record>false</record>
    </staticBinding>
  </inputs>
  <scriptlet id="8ffdf1f7-ec99-448f-a021-1cd97475689c">
    <annotation></annotation>
    <name>Operation Clean_IPAM (2e60839b-77a4-4e53-8b69-eb99a0ff946b)</name>
    <type>RHINO</type>
  </scriptlet>
  <possibleResponses>
    <opResponse id="ea218bee-0c4a-4b8f-a7e7-5abb4d72b758">
      <annotation></annotation>
      <name>failure</name>
      <isDefault>false</isDefault>
      <onFailure>true</onFailure>
      <type>ERROR</type>
      <matchRules/>
    </opResponse>
    <opResponse id="f45ebefa-edac-42ad-9c4c-4aca3fa49010">
      <annotation></annotation>
      <name>success</name>
      <isDefault>true</isDefault>
      <onFailure>false</onFailure>
      <type>RESOLVED</type>
      <matchRules/>
    </opResponse>
  </possibleResponses>
  <availableResultExpressions/>
  <resultExpression id="9e161863-e132-4077-af83-bb577e68ae9a">
    <annotation></annotation>
    <name>FailureMessage</name>
    <fieldName>FailureMessage</fieldName>
    <sourceType>RAWRESULT</sourceType>
    <filters/>
  </resultExpression>
  <iconSpec id="7928eb1d-3302-4a78-bd90-ce795c7f4e3b">
    <baseIcon>flow.png</baseIcon>
    <basePath>System</basePath>
    <readOnly>false</readOnly>
    <layers/>
  </iconSpec>
  <callouts/>
  <checkPointFlow>true</checkPointFlow>
  <compatibleRuntimeContext>false</compatibleRuntimeContext>
  <historyCheckPointFlow>true</historyCheckPointFlow>
  <steps>
    <step id="36afc313-ac57-456d-9cd8-80fd08b3e5b9">
      <annotation>2e60839b-77a4-4e53-8b69-eb99a0ff946b.36afc313-ac57-456d-9cd8-80fd08b3e5b9.description</annotation>
      <name>IP Start to End Loop</name>
      <bounds>
        <x>214.0</x>
        <y>247.0</y>
      </bounds>
      <layer>-1</layer>
      <hideInbound>false</hideInbound>
      <addResultToRunContext>false</addResultToRunContext>
      <isCriticalStep>false</isCriticalStep>
      <isNonBlocking>false</isNonBlocking>
      <isParallelStep>false</isParallelStep>
      <isSingleResponse>false</isSingleResponse>
      <recordInHistory>false</recordInHistory>
      <recordRawOutput>true</recordRawOutput>
      <recordPrimaryOutput>true</recordPrimaryOutput>
      <checkPointStep>true</checkPointStep>
      <historyCheckPointStep>true</historyCheckPointStep>
      <scriptResultStep>false</scriptResultStep>
      <userPrompt></userPrompt>
      <bindings>
        <staticBinding id="00ac357f-d9c2-438c-9cc2-14ba7c76a885">
          <annotation></annotation>
          <toContextKey>server.hostname</toContextKey>
          <assignFromContext>false</assignFromContext>
          <assignToContext>false</assignToContext>
          <inputType>STRING</inputType>
          <isList>false</isList>
          <required>true</required>
          <isPersisted>true</isPersisted>
          <inputSymbol>count</inputSymbol>
          <listDelimiter>,</listDelimiter>
          <value>${ip_end}</value>
          <record>false</record>
        </staticBinding>
        <staticBinding id="ae15519e-8a73-42ed-b3d8-ef542cbca197">
          <annotation></annotation>
          <assignFromContext>false</assignFromContext>
          <assignToContext>false</assignToContext>
          <inputType>STRING</inputType>
          <isList>false</isList>
          <required>false</required>
          <isPersisted>true</isPersisted>
          <inputSymbol>reset</inputSymbol>
          <listDelimiter>,</listDelimiter>
          <value>false</value>
          <record>false</record>
        </staticBinding>
        <staticBinding id="65bdbd7a-e382-4c05-8022-ea872d9049e0">
          <annotation></annotation>
          <toContextKey></toContextKey>
          <fromContextKey></fromContextKey>
          <assignFromContext>false</assignFromContext>
          <assignToContext>false</assignToContext>
          <inputType>STRING</inputType>
          <recordKey></recordKey>
          <isList>false</isList>
          <required>false</required>
          <isPersisted>true</isPersisted>
          <inputSymbol>incrementBy</inputSymbol>
          <listDelimiter></listDelimiter>
          <value>1</value>
          <record>false</record>
        </staticBinding>
        <staticBinding id="e1684984-ad26-4dff-8b71-b59a9055c61d">
          <annotation></annotation>
          <toContextKey></toContextKey>
          <fromContextKey></fromContextKey>
          <assignFromContext>false</assignFromContext>
          <assignToContext>false</assignToContext>
          <inputType>STRING</inputType>
          <recordKey></recordKey>
          <isList>false</isList>
          <required>false</required>
          <isPersisted>true</isPersisted>
          <inputSymbol>from</inputSymbol>
          <listDelimiter></listDelimiter>
          <value>1</value>
          <record>false</record>
        </staticBinding>
        <staticBinding id="9b1a00ee-a057-4aa9-a4c6-9f1cd2075a80">
          <annotation></annotation>
          <toContextKey></toContextKey>
          <fromContextKey></fromContextKey>
          <assignFromContext>false</assignFromContext>
          <assignToContext>false</assignToContext>
          <inputType>STRING</inputType>
          <recordKey></recordKey>
          <isList>false</isList>
          <required>false</required>
          <isPersisted>true</isPersisted>
          <inputSymbol>to</inputSymbol>
          <listDelimiter></listDelimiter>
          <value>${count}</value>
          <record>false</record>
        </staticBinding>
      </bindings>
      <transitions>
        <transition id="d95de565-de6f-43d4-bf37-449113b04e8e">
          <annotation></annotation>
          <name>has more</name>
          <command>NEXT</command>
          <linkMode>false</linkMode>
          <responseSymbol>has more</responseSymbol>
          <shouldHandoff>false</shouldHandoff>
          <transitionValue>0.0</transitionValue>
          <destination>
            <refId>afdfc8fd-f93a-467c-831e-f4094f742411</refId>
          </destination>
          <source>
            <refId>36afc313-ac57-456d-9cd8-80fd08b3e5b9</refId>
          </source>
          <positions>
            <point>
              <x>195.0</x>
              <y>209.0</y>
            </point>
            <point>
              <x>358.0</x>
              <y>114.0</y>
            </point>
          </positions>
          <labelPosition>
            <x>333.0</x>
            <y>0.0</y>
          </labelPosition>
        </transition>
        <transition id="538a7333-ec01-4661-a5b3-248c9b4a1bad">
          <annotation></annotation>
          <name>no more</name>
          <command>NEXT</command>
          <linkMode>false</linkMode>
          <responseSymbol>no more</responseSymbol>
          <shouldHandoff>false</shouldHandoff>
          <transitionValue>0.0</transitionValue>
          <destination>
            <refId>3b230e94-1da9-44ea-981a-2938fda4ed8e</refId>
          </destination>
          <source>
            <refId>36afc313-ac57-456d-9cd8-80fd08b3e5b9</refId>
          </source>
          <positions>
            <point>
              <x>195.0</x>
              <y>209.0</y>
            </point>
            <point>
              <x>168.0</x>
              <y>111.0</y>
            </point>
          </positions>
          <labelPosition>
            <x>333.0</x>
            <y>0.0</y>
          </labelPosition>
        </transition>
        <transition id="f22bf3c2-c38c-42b8-9847-52e0f27e57da">
          <annotation></annotation>
          <name>failure</name>
          <command>NEXT</command>
          <linkMode>false</linkMode>
          <responseSymbol>failure</responseSymbol>
          <shouldHandoff>false</shouldHandoff>
          <transitionValue>0.0</transitionValue>
          <destination>
            <refId>dd2bcc3a-a725-4833-84e5-f056f8febe12</refId>
          </destination>
          <source>
            <refId>36afc313-ac57-456d-9cd8-80fd08b3e5b9</refId>
          </source>
          <positions>
            <point>
              <x>195.0</x>
              <y>209.0</y>
            </point>
            <point>
              <x>599.0</x>
              <y>310.0</y>
            </point>
          </positions>
          <labelPosition>
            <x>333.0</x>
            <y>0.0</y>
          </labelPosition>
        </transition>
      </transitions>
      <properties/>
      <opRef>
        <refId>1f0d93cd-2692-4339-81d7-9b3c6de46029</refId>
      </opRef>
      <assignments>
        <flowVariableAssignment id="b5c37252-c411-457c-80ea-4c17e802bc19">
          <annotation></annotation>
          <name>assignment</name>
          <action>OVERWRITE</action>
          <assignmentTargetType>FLOW_VARIABLE</assignmentTargetType>
          <contextKey>iterator</contextKey>
          <expression id="c9a46e9c-5c2e-4c7d-a29c-7db34ac5a923">
            <annotation></annotation>
            <name>Result Field: resultString</name>
            <fieldName>resultString</fieldName>
            <sourceType>RAWRESULT</sourceType>
            <filters>
              <scriptletFilter id="23726d40-62d0-4ce1-938a-b76fc94485ba">
                <annotation></annotation>
                <name>Scriptlet</name>
                <scriptlet id="b8c296b8-f36e-474c-8caf-13225df43ac0">
                  <annotation></annotation>
                  <name>default</name>
                  <script>scriptletResult = parseInt(scriptletInput) + 10</script>
                  <type>RHINO</type>
                </scriptlet>
              </scriptletFilter>
            </filters>
          </expression>
        </flowVariableAssignment>
      </assignments>
      <throttleSize>0</throttleSize>
    </step>
    <returnStep id="3b230e94-1da9-44ea-981a-2938fda4ed8e">
      <annotation></annotation>
      <name>Resolved : success</name>
      <bounds>
        <x>118.0</x>
        <y>77.0</y>
      </bounds>
      <layer>-1</layer>
      <hideInbound>false</hideInbound>
      <addResultToRunContext>false</addResultToRunContext>
      <isCriticalStep>false</isCriticalStep>
      <isNonBlocking>false</isNonBlocking>
      <isParallelStep>false</isParallelStep>
      <isSingleResponse>false</isSingleResponse>
      <recordInHistory>false</recordInHistory>
      <recordRawOutput>true</recordRawOutput>
      <recordPrimaryOutput>true</recordPrimaryOutput>
      <checkPointStep>true</checkPointStep>
      <historyCheckPointStep>true</historyCheckPointStep>
      <scriptResultStep>false</scriptResultStep>
      <userPrompt></userPrompt>
      <bindings/>
      <transitions>
        <transition id="e947a0bc-7236-4d52-b030-26f21193cffc">
          <annotation></annotation>
          <name>return</name>
          <command>NEXT</command>
          <linkMode>false</linkMode>
          <responseSymbol>success</responseSymbol>
          <shouldHandoff>false</shouldHandoff>
          <transitionValue>0.0</transitionValue>
          <destination>
            <refId>3b230e94-1da9-44ea-981a-2938fda4ed8e</refId>
          </destination>
          <source>
            <refId>3b230e94-1da9-44ea-981a-2938fda4ed8e</refId>
          </source>
          <positions/>
        </transition>
      </transitions>
      <properties/>
      <returnStepType>RESOLVED</returnStepType>
      <assignments/>
    </returnStep>
    <returnStep id="dd2bcc3a-a725-4833-84e5-f056f8febe12">
      <annotation></annotation>
      <name>Error : failure</name>
      <bounds>
        <x>549.0</x>
        <y>276.0</y>
      </bounds>
      <layer>-1</layer>
      <hideInbound>false</hideInbound>
      <addResultToRunContext>false</addResultToRunContext>
      <isCriticalStep>false</isCriticalStep>
      <isNonBlocking>false</isNonBlocking>
      <isParallelStep>false</isParallelStep>
      <isSingleResponse>false</isSingleResponse>
      <recordInHistory>false</recordInHistory>
      <recordRawOutput>true</recordRawOutput>
      <recordPrimaryOutput>true</recordPrimaryOutput>
      <checkPointStep>true</checkPointStep>
      <historyCheckPointStep>true</historyCheckPointStep>
      <scriptResultStep>false</scriptResultStep>
      <userPrompt></userPrompt>
      <bindings/>
      <transitions>
        <transition id="7d2e07da-4425-48d7-99d4-4a8d5e04d1cc">
          <annotation></annotation>
          <name>return</name>
          <command>NEXT</command>
          <linkMode>false</linkMode>
          <responseSymbol>failure</responseSymbol>
          <shouldHandoff>false</shouldHandoff>
          <transitionValue>0.0</transitionValue>
          <destination>
            <refId>dd2bcc3a-a725-4833-84e5-f056f8febe12</refId>
          </destination>
          <source>
            <refId>dd2bcc3a-a725-4833-84e5-f056f8febe12</refId>
          </source>
          <positions/>
        </transition>
      </transitions>
      <properties/>
      <returnStepType>ERROR</returnStepType>
      <assignments/>
    </returnStep>
    <step id="afdfc8fd-f93a-467c-831e-f4094f742411">
      <annotation></annotation>
      <name>Release_PrimaryIP</name>
      <bounds>
        <x>308.0</x>
        <y>80.0</y>
      </bounds>
      <layer>-1</layer>
      <hideInbound>false</hideInbound>
      <addResultToRunContext>false</addResultToRunContext>
      <isCriticalStep>false</isCriticalStep>
      <isNonBlocking>false</isNonBlocking>
      <isParallelStep>false</isParallelStep>
      <isSingleResponse>false</isSingleResponse>
      <recordInHistory>false</recordInHistory>
      <recordRawOutput>true</recordRawOutput>
      <recordPrimaryOutput>true</recordPrimaryOutput>
      <checkPointStep>true</checkPointStep>
      <historyCheckPointStep>true</historyCheckPointStep>
      <scriptResultStep>false</scriptResultStep>
      <userPrompt></userPrompt>
      <bindings>
        <staticBinding id="7a6edef4-88fd-4771-939c-370caf797b5f">
          <annotation></annotation>
          <assignFromContext>true</assignFromContext>
          <assignToContext>true</assignToContext>
          <inputType>STRING</inputType>
          <isList>false</isList>
          <required>false</required>
          <isPersisted>true</isPersisted>
          <inputSymbol>port</inputSymbol>
          <listDelimiter>,</listDelimiter>
          <value>443</value>
          <record>false</record>
        </staticBinding>
        <staticBinding id="69b513c4-deb0-4166-b6d4-5a7c2fd44618">
          <annotation></annotation>
          <assignFromContext>false</assignFromContext>
          <assignToContext>true</assignToContext>
          <inputType>STRING</inputType>
          <isList>false</isList>
          <required>false</required>
          <isPersisted>true</isPersisted>
          <inputSymbol>ip_address</inputSymbol>
          <listDelimiter>,</listDelimiter>
          <value>${ip_start}${iterator}</value>
          <record>false</record>
        </staticBinding>
        <staticBinding id="db7b85f5-7a7f-4158-b8d6-d796c7008356">
          <annotation></annotation>
          <assignFromContext>true</assignFromContext>
          <assignToContext>true</assignToContext>
          <inputType>STRING</inputType>
          <isList>false</isList>
          <required>false</required>
          <isPersisted>true</isPersisted>
          <inputSymbol>vlanglobalid</inputSymbol>
          <listDelimiter>,</listDelimiter>
          <value>${vlan_id}</value>
          <record>false</record>
        </staticBinding>
      </bindings>
      <transitions>
        <transition id="ddda91ed-b45e-43a8-ba6b-add2400209c7">
          <annotation></annotation>
          <name>failure</name>
          <command>NEXT</command>
          <linkMode>false</linkMode>
          <responseSymbol>failure</responseSymbol>
          <shouldHandoff>false</shouldHandoff>
          <transitionValue>0.0</transitionValue>
          <destination>
            <refId>36afc313-ac57-456d-9cd8-80fd08b3e5b9</refId>
          </destination>
          <source>
            <refId>afdfc8fd-f93a-467c-831e-f4094f742411</refId>
          </source>
          <positions>
            <point>
              <x>358.0</x>
              <y>114.0</y>
            </point>
            <point>
              <x>264.0</x>
              <y>281.0</y>
            </point>
          </positions>
          <labelPosition>
            <x>333.0</x>
            <y>0.0</y>
          </labelPosition>
        </transition>
        <transition id="00d4aed3-16dc-4712-84e4-3d9cb450c6dd">
          <annotation></annotation>
          <name>success</name>
          <command>NEXT</command>
          <linkMode>false</linkMode>
          <responseSymbol>success</responseSymbol>
          <shouldHandoff>false</shouldHandoff>
          <transitionValue>0.0</transitionValue>
          <destination>
            <refId>36afc313-ac57-456d-9cd8-80fd08b3e5b9</refId>
          </destination>
          <source>
            <refId>afdfc8fd-f93a-467c-831e-f4094f742411</refId>
          </source>
          <positions>
            <point>
              <x>358.0</x>
              <y>114.0</y>
            </point>
            <point>
              <x>350.3553655633167</x>
              <y>178.54889282032246</y>
            </point>
            <point>
              <x>315.2164416355266</x>
              <y>240.97655554309836</y>
            </point>
            <point>
              <x>264.0</x>
              <y>281.0</y>
            </point>
          </positions>
          <labelPosition>
            <x>333.0</x>
            <y>0.0</y>
          </labelPosition>
        </transition>
      </transitions>
      <properties/>
      <opRef>
        <refId>da42cd2b-3b26-4e79-a3f6-6bdb01ddf9f1</refId>
      </opRef>
      <assignments/>
      <throttleSize>0</throttleSize>
    </step>
  </steps>
  <startSteps>36afc313-ac57-456d-9cd8-80fd08b3e5b9</startSteps>
</flow>