<?xml version="1.0" encoding="UTF-8"?>
<flow id="63c55fd4-2ce3-4251-b586-42a2b5fcde4c">
  <annotation></annotation>
  <name>pc_lc_service_power_on</name>
  <categories/>
  <inputs>
    <staticBinding id="e1d3fbc6-5e7d-4874-9fe3-f1218a537d45">
      <annotation></annotation>
      <assignFromContext>true</assignFromContext>
      <assignToContext>true</assignToContext>
      <inputType>STRING</inputType>
      <isList>false</isList>
      <required>false</required>
      <isPersisted>true</isPersisted>
      <inputSymbol>CSA_CONTEXT_ID</inputSymbol>
      <listDelimiter>,</listDelimiter>
      <value>8af981b74072d79b014087b993e42d70</value>
      <record>false</record>
    </staticBinding>
    <staticBinding id="b7f226ed-ad6a-4e6f-9185-1a1c902dbc9b">
      <annotation></annotation>
      <assignFromContext>true</assignFromContext>
      <assignToContext>true</assignToContext>
      <inputType>STRING</inputType>
      <isList>false</isList>
      <required>false</required>
      <isPersisted>true</isPersisted>
      <inputSymbol>CSA_PROCESS_ID</inputSymbol>
      <listDelimiter>,</listDelimiter>
      <value>8af981b74072d79b0140868665aa2802</value>
      <record>false</record>
    </staticBinding>
  </inputs>
  <scriptlet id="f6836e90-3801-46df-9cf7-eaf5b3bfbe9c">
    <annotation></annotation>
    <name>Operation pc_lc_service_power_on (63c55fd4-2ce3-4251-b586-42a2b5fcde4c)</name>
    <type>RHINO</type>
  </scriptlet>
  <possibleResponses>
    <opResponse id="f25dd393-e24f-4304-844a-9c7f9df8e387">
      <annotation></annotation>
      <name>success</name>
      <isDefault>true</isDefault>
      <onFailure>false</onFailure>
      <type>RESOLVED</type>
      <matchRules/>
    </opResponse>
    <opResponse id="90ebb0eb-b3f9-4d9b-bd3b-3f22d4fe4290">
      <annotation></annotation>
      <name>failure</name>
      <isDefault>false</isDefault>
      <onFailure>true</onFailure>
      <type>ERROR</type>
      <matchRules/>
    </opResponse>
  </possibleResponses>
  <availableResultExpressions/>
  <resultExpression id="c6e05ab3-6235-42a4-84c8-c9aa37a8f693">
    <annotation></annotation>
    <name>FailureMessage</name>
    <fieldName>FailureMessage</fieldName>
    <sourceType>RAWRESULT</sourceType>
    <filters/>
  </resultExpression>
  <iconSpec id="b7dbcca4-e5de-40f4-9a39-b6969a67c06e">
    <baseIcon>flow.png</baseIcon>
    <basePath>System</basePath>
    <readOnly>false</readOnly>
    <layers/>
  </iconSpec>
  <callouts/>
  <checkPointFlow>true</checkPointFlow>
  <compatibleRuntimeContext>false</compatibleRuntimeContext>
  <historyCheckPointFlow>true</historyCheckPointFlow>
  <steps>
    <step id="8348760d-0b13-4a9b-8ecd-fae064f91a9b">
      <annotation></annotation>
      <name>Get User Identifier</name>
      <bounds>
        <x>63.0</x>
        <y>27.0</y>
      </bounds>
      <layer>-1</layer>
      <hideInbound>false</hideInbound>
      <addResultToRunContext>false</addResultToRunContext>
      <isCriticalStep>false</isCriticalStep>
      <isNonBlocking>false</isNonBlocking>
      <isParallelStep>false</isParallelStep>
      <isSingleResponse>false</isSingleResponse>
      <recordInHistory>false</recordInHistory>
      <recordRawOutput>false</recordRawOutput>
      <recordPrimaryOutput>false</recordPrimaryOutput>
      <checkPointStep>true</checkPointStep>
      <historyCheckPointStep>true</historyCheckPointStep>
      <scriptResultStep>false</scriptResultStep>
      <userPrompt></userPrompt>
      <bindings>
        <staticBinding id="9bba820f-5201-4004-ad1d-920cf51e010e">
          <annotation></annotation>
          <fromContextKey>CSA_OO_USER</fromContextKey>
          <assignFromContext>false</assignFromContext>
          <assignToContext>false</assignToContext>
          <inputType>STRING</inputType>
          <isList>false</isList>
          <required>true</required>
          <isPersisted>true</isPersisted>
          <inputSymbol>csaUser</inputSymbol>
          <listDelimiter>,</listDelimiter>
          <value>${CSA_OO_USER}</value>
          <record>false</record>
        </staticBinding>
      </bindings>
      <transitions>
        <transition id="c56d970a-10fa-4d7f-9d93-75a27ae7e62b">
          <annotation></annotation>
          <name>success</name>
          <command>NEXT</command>
          <linkMode>false</linkMode>
          <responseSymbol>success</responseSymbol>
          <shouldHandoff>false</shouldHandoff>
          <transitionValue>0.0</transitionValue>
          <destination>
            <refId>8ba8e47b-b8c3-42f0-8b92-688d913a04fd</refId>
          </destination>
          <source>
            <refId>8348760d-0b13-4a9b-8ecd-fae064f91a9b</refId>
          </source>
          <positions>
            <point>
              <x>115.0</x>
              <y>61.0</y>
            </point>
            <point>
              <x>123.0</x>
              <y>185.0</y>
            </point>
          </positions>
          <labelPosition>
            <x>333.0</x>
            <y>0.0</y>
          </labelPosition>
        </transition>
        <transition id="d7b1e11f-dc57-4141-8d68-79a735213bb0">
          <annotation></annotation>
          <name>failure</name>
          <command>NEXT</command>
          <linkMode>false</linkMode>
          <responseSymbol>failure</responseSymbol>
          <shouldHandoff>false</shouldHandoff>
          <transitionValue>0.0</transitionValue>
          <destination>
            <refId>104b7de7-89ef-4a45-a8c1-9be69fed0c9f</refId>
          </destination>
          <source>
            <refId>8348760d-0b13-4a9b-8ecd-fae064f91a9b</refId>
          </source>
          <positions>
            <point>
              <x>113.0</x>
              <y>61.0</y>
            </point>
            <point>
              <x>451.0</x>
              <y>543.0</y>
            </point>
          </positions>
          <labelPosition>
            <x>333.0</x>
            <y>0.0</y>
          </labelPosition>
        </transition>
      </transitions>
      <properties/>
      <opRef>
        <refId>f1c8b14a-694f-4a03-a84a-c7504fe0a29b</refId>
      </opRef>
      <assignments>
        <flowVariableAssignment id="c4aa814b-a5c2-4484-824c-693128295696">
          <annotation></annotation>
          <name>assignment</name>
          <action>OVERWRITE</action>
          <assignmentTargetType>FLOW_VARIABLE</assignmentTargetType>
          <contextKey>userIdentifier</contextKey>
          <expression id="7c992780-0b52-40cf-bf6e-a77762755d7f">
            <annotation></annotation>
            <name>Result Field: userIdentifier</name>
            <fieldName>userIdentifier</fieldName>
            <sourceType>RAWRESULT</sourceType>
            <filters/>
          </expression>
        </flowVariableAssignment>
      </assignments>
      <throttleSize>0</throttleSize>
    </step>
    <returnStep id="6ded4d16-c591-4436-bd31-8cf4995229d5">
      <annotation></annotation>
      <name>Error : failure</name>
      <bounds>
        <x>551.0</x>
        <y>27.0</y>
      </bounds>
      <layer>-1</layer>
      <hideInbound>false</hideInbound>
      <addResultToRunContext>false</addResultToRunContext>
      <isCriticalStep>false</isCriticalStep>
      <isNonBlocking>false</isNonBlocking>
      <isParallelStep>false</isParallelStep>
      <isSingleResponse>false</isSingleResponse>
      <recordInHistory>false</recordInHistory>
      <recordRawOutput>true</recordRawOutput>
      <recordPrimaryOutput>true</recordPrimaryOutput>
      <checkPointStep>true</checkPointStep>
      <historyCheckPointStep>true</historyCheckPointStep>
      <scriptResultStep>false</scriptResultStep>
      <userPrompt></userPrompt>
      <bindings/>
      <transitions>
        <transition id="b41bf479-48e4-46e3-9493-152041760770">
          <annotation></annotation>
          <name>return</name>
          <command>NEXT</command>
          <linkMode>false</linkMode>
          <responseSymbol>failure</responseSymbol>
          <shouldHandoff>false</shouldHandoff>
          <transitionValue>0.0</transitionValue>
          <destination>
            <refId>6ded4d16-c591-4436-bd31-8cf4995229d5</refId>
          </destination>
          <source>
            <refId>6ded4d16-c591-4436-bd31-8cf4995229d5</refId>
          </source>
          <positions/>
        </transition>
      </transitions>
      <properties/>
      <returnStepType>ERROR</returnStepType>
      <assignments/>
    </returnStep>
    <step id="8ba8e47b-b8c3-42f0-8b92-688d913a04fd">
      <annotation></annotation>
      <name>DB_GetDetailsBySubscriptionID</name>
      <bounds>
        <x>62.0</x>
        <y>139.0</y>
      </bounds>
      <layer>-1</layer>
      <hideInbound>false</hideInbound>
      <addResultToRunContext>false</addResultToRunContext>
      <isCriticalStep>false</isCriticalStep>
      <isNonBlocking>false</isNonBlocking>
      <isParallelStep>false</isParallelStep>
      <isSingleResponse>false</isSingleResponse>
      <recordInHistory>false</recordInHistory>
      <recordRawOutput>true</recordRawOutput>
      <recordPrimaryOutput>true</recordPrimaryOutput>
      <checkPointStep>true</checkPointStep>
      <historyCheckPointStep>true</historyCheckPointStep>
      <scriptResultStep>false</scriptResultStep>
      <userPrompt></userPrompt>
      <bindings>
        <staticBinding id="46121a35-d3f3-4949-a3a9-46e42b98c856">
          <annotation></annotation>
          <assignFromContext>true</assignFromContext>
          <assignToContext>true</assignToContext>
          <inputType>STRING</inputType>
          <isList>false</isList>
          <required>true</required>
          <isPersisted>true</isPersisted>
          <inputSymbol>db.getdetails.csasvcuuid</inputSymbol>
          <listDelimiter>,</listDelimiter>
          <value>${CSA_CONTEXT_ID}</value>
          <record>false</record>
        </staticBinding>
      </bindings>
      <transitions>
        <transition id="e06e2a57-64bc-47c2-8006-3606da9e63ca">
          <annotation></annotation>
          <name>success</name>
          <command>NEXT</command>
          <linkMode>false</linkMode>
          <responseSymbol>success</responseSymbol>
          <shouldHandoff>false</shouldHandoff>
          <transitionValue>0.0</transitionValue>
          <destination>
            <refId>389ab014-4a33-4e44-911a-27fca0dd1c5c</refId>
          </destination>
          <source>
            <refId>8ba8e47b-b8c3-42f0-8b92-688d913a04fd</refId>
          </source>
          <positions>
            <point>
              <x>112.0</x>
              <y>173.0</y>
            </point>
            <point>
              <x>115.0</x>
              <y>328.0</y>
            </point>
          </positions>
          <labelPosition>
            <x>333.0</x>
            <y>0.0</y>
          </labelPosition>
        </transition>
        <transition id="172f9b45-7a8d-4c9a-b8a9-5c135605b4ba">
          <annotation></annotation>
          <name>failure</name>
          <command>NEXT</command>
          <linkMode>false</linkMode>
          <responseSymbol>failure</responseSymbol>
          <shouldHandoff>false</shouldHandoff>
          <transitionValue>0.0</transitionValue>
          <destination>
            <refId>104b7de7-89ef-4a45-a8c1-9be69fed0c9f</refId>
          </destination>
          <source>
            <refId>8ba8e47b-b8c3-42f0-8b92-688d913a04fd</refId>
          </source>
          <positions>
            <point>
              <x>112.0</x>
              <y>173.0</y>
            </point>
            <point>
              <x>451.0</x>
              <y>543.0</y>
            </point>
          </positions>
          <labelPosition>
            <x>333.0</x>
            <y>0.0</y>
          </labelPosition>
        </transition>
      </transitions>
      <properties/>
      <opRef>
        <refId>26e16199-ac42-40d7-8725-27b18ed3509d</refId>
      </opRef>
      <assignments>
        <flowVariableAssignment id="dd9c413c-794d-48aa-8500-192fbabbff8a">
          <annotation></annotation>
          <name>assignment</name>
          <action>OVERWRITE</action>
          <assignmentTargetType>FLOW_VARIABLE</assignmentTargetType>
          <contextKey>db.getdetails.contactemail</contextKey>
          <expression id="ed0f1e52-6e70-4771-a12f-f1bbd0e4d7be">
            <annotation></annotation>
            <name>Result Field: db.getdetails.contactemail</name>
            <fieldName>db.getdetails.contactemail</fieldName>
            <sourceType>RAWRESULT</sourceType>
            <filters/>
          </expression>
        </flowVariableAssignment>
        <flowVariableAssignment id="bf0606c9-f6db-4982-bebb-4eaf0b54c1c0">
          <annotation></annotation>
          <name>assignment</name>
          <action>OVERWRITE</action>
          <assignmentTargetType>FLOW_VARIABLE</assignmentTargetType>
          <contextKey>db.getdetails.subscriptionId</contextKey>
          <expression id="ca354123-7ed3-4dff-bc73-aee445894a33">
            <annotation></annotation>
            <name>Result Field: db.getdetails.csasubscriptionid</name>
            <fieldName>db.getdetails.csasubscriptionid</fieldName>
            <sourceType>RAWRESULT</sourceType>
            <filters/>
          </expression>
        </flowVariableAssignment>
        <flowVariableAssignment id="94376fd7-bba6-4285-b837-6ad476e72b8c">
          <annotation></annotation>
          <name>assignment</name>
          <action>OVERWRITE</action>
          <assignmentTargetType>FLOW_VARIABLE</assignmentTargetType>
          <contextKey>db.getdetails.iohost</contextKey>
          <expression id="796f9a26-9e1c-4cc7-b258-9f7acb736fd2">
            <annotation></annotation>
            <name>Result Field: db.getdetails.iohost</name>
            <fieldName>db.getdetails.iohost</fieldName>
            <sourceType>RAWRESULT</sourceType>
            <filters/>
          </expression>
        </flowVariableAssignment>
        <flowVariableAssignment id="90e05e55-f189-4e21-bac7-6da2a49df436">
          <annotation></annotation>
          <name>assignment</name>
          <action>OVERWRITE</action>
          <assignmentTargetType>FLOW_VARIABLE</assignmentTargetType>
          <contextKey>db.getdetails.hostname</contextKey>
          <expression id="3f97cea1-5249-4f7e-a967-44e4615d8992">
            <annotation></annotation>
            <name>Result Field: db.getdetails.hostname</name>
            <fieldName>db.getdetails.hostname</fieldName>
            <sourceType>RAWRESULT</sourceType>
            <filters/>
          </expression>
        </flowVariableAssignment>
        <flowVariableAssignment id="51841be9-d347-488d-a763-755d9747aec3">
          <annotation></annotation>
          <name>assignment</name>
          <action>OVERWRITE</action>
          <assignmentTargetType>FLOW_VARIABLE</assignmentTargetType>
          <contextKey>db.getdetails.iotemplate</contextKey>
          <expression id="034bd327-ca08-4c42-ba53-b8ed909f4b7a">
            <annotation></annotation>
            <name>Result Field: db.getdetails.iotemplate</name>
            <fieldName>db.getdetails.iotemplate</fieldName>
            <sourceType>RAWRESULT</sourceType>
            <filters/>
          </expression>
        </flowVariableAssignment>
        <flowVariableAssignment id="719998f3-9439-48f4-8023-b18daeb3e1a8">
          <annotation></annotation>
          <name>assignment</name>
          <action>OVERWRITE</action>
          <assignmentTargetType>FLOW_VARIABLE</assignmentTargetType>
          <contextKey>server.type</contextKey>
          <expression id="7e916292-8993-4cd6-ab02-bf2a19f81cae">
            <annotation></annotation>
            <name>Result Field: db.getdetails.type</name>
            <fieldName>db.getdetails.type</fieldName>
            <sourceType>RAWRESULT</sourceType>
            <filters/>
          </expression>
        </flowVariableAssignment>
        <flowVariableAssignment id="5e91475a-b2b5-448d-841c-6122e65a69ad">
          <annotation></annotation>
          <name>assignment</name>
          <action>OVERWRITE</action>
          <assignmentTargetType>FLOW_VARIABLE</assignmentTargetType>
          <contextKey>server.vmmp.host</contextKey>
          <expression id="1509d0a8-af4d-4258-9688-a55e0f299e1d">
            <annotation></annotation>
            <name>Result Field: db.getdetails.vcenterfqdn</name>
            <fieldName>db.getdetails.vcenterfqdn</fieldName>
            <sourceType>RAWRESULT</sourceType>
            <filters/>
          </expression>
        </flowVariableAssignment>
        <flowVariableAssignment id="d54eff66-e928-45de-b0b1-14a5827583aa">
          <annotation></annotation>
          <name>assignment</name>
          <action>OVERWRITE</action>
          <assignmentTargetType>FLOW_VARIABLE</assignmentTargetType>
          <contextKey>server.resourcepool</contextKey>
          <expression id="b5dcc87e-6840-418e-84ba-4d4e6ef9015e">
            <annotation></annotation>
            <name>Result Field: db.getdetails.resourcepool</name>
            <fieldName>db.getdetails.resourcepool</fieldName>
            <sourceType>RAWRESULT</sourceType>
            <filters/>
          </expression>
        </flowVariableAssignment>
      </assignments>
      <throttleSize>0</throttleSize>
    </step>
    <step id="c9e597a3-d329-4676-b287-16f703bb41ff">
      <annotation>63c55fd4-2ce3-4251-b586-42a2b5fcde4c.c9e597a3-d329-4676-b287-16f703bb41ff.description</annotation>
      <name>MOE_PowerOnIOService</name>
      <bounds>
        <x>436.0</x>
        <y>304.0</y>
      </bounds>
      <layer>-1</layer>
      <hideInbound>false</hideInbound>
      <addResultToRunContext>false</addResultToRunContext>
      <isCriticalStep>false</isCriticalStep>
      <isNonBlocking>false</isNonBlocking>
      <isParallelStep>false</isParallelStep>
      <isSingleResponse>false</isSingleResponse>
      <recordInHistory>false</recordInHistory>
      <recordRawOutput>true</recordRawOutput>
      <recordPrimaryOutput>true</recordPrimaryOutput>
      <checkPointStep>true</checkPointStep>
      <historyCheckPointStep>true</historyCheckPointStep>
      <scriptResultStep>false</scriptResultStep>
      <userPrompt></userPrompt>
      <bindings>
        <staticBinding id="a78898ed-6432-4513-8c5b-b849651cc3d1">
          <annotation></annotation>
          <fromContextKey>serviceAccessPoint</fromContextKey>
          <assignFromContext>false</assignFromContext>
          <assignToContext>true</assignToContext>
          <inputType>STRING</inputType>
          <isList>false</isList>
          <required>true</required>
          <isPersisted>true</isPersisted>
          <inputSymbol>url</inputSymbol>
          <listDelimiter>,</listDelimiter>
          <value>https://${db.getdetails.iohost}:51443/hpio/controller/soap/v1</value>
          <record>false</record>
        </staticBinding>
        <identityBinding id="e17b9756-f3de-4e9a-a69b-24f8932fddd6">
          <annotation></annotation>
          <assignFromContext>true</assignFromContext>
          <assignToContext>true</assignToContext>
          <inputType>ENCRYPTED</inputType>
          <isList>false</isList>
          <required>true</required>
          <isPersisted>true</isPersisted>
          <inputSymbol>username</inputSymbol>
          <listDelimiter>,</listDelimiter>
          <record>false</record>
          <link>
            <refId>783a5859-a61d-4376-8770-fd3e31273df9</refId>
            <refName>pc.moe</refName>
          </link>
          <identityAttribute>USERNAME</identityAttribute>
        </identityBinding>
        <identityBinding id="087b2a15-fcfc-492c-9fa4-3a7462f9cd92">
          <annotation></annotation>
          <assignFromContext>true</assignFromContext>
          <assignToContext>true</assignToContext>
          <inputType>ENCRYPTED</inputType>
          <isList>false</isList>
          <required>true</required>
          <isPersisted>true</isPersisted>
          <inputSymbol>password</inputSymbol>
          <listDelimiter>,</listDelimiter>
          <record>false</record>
          <link>
            <refId>783a5859-a61d-4376-8770-fd3e31273df9</refId>
            <refName>pc.moe</refName>
          </link>
          <identityAttribute>PASSWORD</identityAttribute>
        </identityBinding>
        <staticBinding id="8dbe50e3-1b73-4ac4-b075-66fed4900f68">
          <annotation></annotation>
          <fromContextKey>ioServiceName</fromContextKey>
          <assignFromContext>false</assignFromContext>
          <assignToContext>true</assignToContext>
          <inputType>STRING</inputType>
          <isList>false</isList>
          <required>true</required>
          <isPersisted>true</isPersisted>
          <inputSymbol>serviceName</inputSymbol>
          <listDelimiter>,</listDelimiter>
          <value>${db.getdetails.hostname}</value>
          <record>false</record>
        </staticBinding>
        <staticBinding id="3a886ce2-8bd3-4ba5-8896-bd348d2d17e2">
          <annotation></annotation>
          <assignFromContext>true</assignFromContext>
          <assignToContext>true</assignToContext>
          <inputType>STRING</inputType>
          <isList>false</isList>
          <required>false</required>
          <isPersisted>true</isPersisted>
          <inputSymbol>lobUser</inputSymbol>
          <listDelimiter>,</listDelimiter>
          <value>${pc.moe.user}</value>
          <record>false</record>
        </staticBinding>
      </bindings>
      <transitions>
        <transition id="ce010637-1c68-447c-9624-32c1351768f6">
          <annotation></annotation>
          <name>failure</name>
          <command>NEXT</command>
          <linkMode>false</linkMode>
          <responseSymbol>failure</responseSymbol>
          <shouldHandoff>false</shouldHandoff>
          <transitionValue>0.0</transitionValue>
          <destination>
            <refId>104b7de7-89ef-4a45-a8c1-9be69fed0c9f</refId>
          </destination>
          <source>
            <refId>c9e597a3-d329-4676-b287-16f703bb41ff</refId>
          </source>
          <positions>
            <point>
              <x>512.0</x>
              <y>473.0</y>
            </point>
            <point>
              <x>353.0</x>
              <y>63.0</y>
            </point>
          </positions>
          <labelPosition>
            <x>333.0</x>
            <y>0.0</y>
          </labelPosition>
        </transition>
        <transition id="60c01568-726f-4a64-9aed-7fad2293655b">
          <annotation></annotation>
          <name>success</name>
          <command>NEXT</command>
          <linkMode>false</linkMode>
          <responseSymbol>success</responseSymbol>
          <shouldHandoff>false</shouldHandoff>
          <transitionValue>0.0</transitionValue>
          <destination>
            <refId>8c10629e-ea8f-4b3a-b743-12aee0ffab41</refId>
          </destination>
          <source>
            <refId>c9e597a3-d329-4676-b287-16f703bb41ff</refId>
          </source>
          <positions>
            <point>
              <x>512.0</x>
              <y>473.0</y>
            </point>
            <point>
              <x>644.0</x>
              <y>228.0</y>
            </point>
          </positions>
          <labelPosition>
            <x>333.0</x>
            <y>0.0</y>
          </labelPosition>
        </transition>
      </transitions>
      <properties/>
      <opRef>
        <refId>4ba2d9ac-e566-464f-9ae8-d387009ad298</refId>
      </opRef>
      <assignments>
        <flowVariableAssignment id="1d277fb1-b85a-4b91-931d-5efd1073d62e">
          <annotation></annotation>
          <name>assignment</name>
          <action>OVERWRITE</action>
          <assignmentTargetType>FLOW_VARIABLE</assignmentTargetType>
          <contextKey>failureMessage</contextKey>
          <expression id="fa5fe05f-ab6c-493c-930c-50cb74eaf3fe">
            <annotation></annotation>
            <name>Result Field: FailureMessage</name>
            <fieldName>FailureMessage</fieldName>
            <sourceType>RAWRESULT</sourceType>
            <filters>
              <scriptletFilter id="c0c0e318-2c43-4157-b2e8-51dd2140ecb0">
                <annotation></annotation>
                <name>Scriptlet</name>
                <scriptlet id="983379b7-cd43-450b-b8d7-b9a865e0a5da">
                  <annotation></annotation>
                  <name>default</name>
                  <script>scriptletResult = &quot;Failed to power on service&quot;+serviceName</script>
                  <type>RHINO</type>
                </scriptlet>
              </scriptletFilter>
            </filters>
          </expression>
        </flowVariableAssignment>
      </assignments>
      <throttleSize>0</throttleSize>
    </step>
    <step id="93cda484-3918-4510-b0e8-cc7448362f5e">
      <annotation>63c55fd4-2ce3-4251-b586-42a2b5fcde4c.93cda484-3918-4510-b0e8-cc7448362f5e.description</annotation>
      <name>Notify Flow Completion</name>
      <bounds>
        <x>797.0</x>
        <y>188.0</y>
      </bounds>
      <layer>-1</layer>
      <hideInbound>false</hideInbound>
      <addResultToRunContext>false</addResultToRunContext>
      <isCriticalStep>false</isCriticalStep>
      <isNonBlocking>false</isNonBlocking>
      <isParallelStep>false</isParallelStep>
      <isSingleResponse>true</isSingleResponse>
      <recordInHistory>false</recordInHistory>
      <recordRawOutput>false</recordRawOutput>
      <recordPrimaryOutput>false</recordPrimaryOutput>
      <checkPointStep>true</checkPointStep>
      <historyCheckPointStep>true</historyCheckPointStep>
      <scriptResultStep>false</scriptResultStep>
      <userPrompt></userPrompt>
      <bindings>
        <staticBinding id="39de82f4-e590-4dd0-a8a8-113669b910b4">
          <annotation></annotation>
          <fromContextKey>CSA_PROCESS_ID</fromContextKey>
          <assignFromContext>false</assignFromContext>
          <assignToContext>false</assignToContext>
          <inputType>STRING</inputType>
          <isList>false</isList>
          <required>true</required>
          <isPersisted>true</isPersisted>
          <inputSymbol>processInstanceId</inputSymbol>
          <listDelimiter>,</listDelimiter>
          <value>${CSA_PROCESS_ID}</value>
          <record>false</record>
        </staticBinding>
        <staticBinding id="87f2c540-0260-4291-8a0a-14805f13c80d">
          <annotation></annotation>
          <assignFromContext>false</assignFromContext>
          <assignToContext>false</assignToContext>
          <inputType>STRING</inputType>
          <isList>false</isList>
          <required>true</required>
          <isPersisted>true</isPersisted>
          <inputSymbol>userIdentifier</inputSymbol>
          <listDelimiter>,</listDelimiter>
          <value>${userIdentifier}</value>
          <record>false</record>
        </staticBinding>
        <staticBinding id="6fc73f89-32af-4e92-9bd1-6e136c8f25c8">
          <annotation></annotation>
          <assignFromContext>false</assignFromContext>
          <assignToContext>false</assignToContext>
          <inputType>STRING</inputType>
          <isList>false</isList>
          <required>true</required>
          <isPersisted>true</isPersisted>
          <inputSymbol>processInstanceState</inputSymbol>
          <listDelimiter>,</listDelimiter>
          <value>COMPLETED</value>
          <record>false</record>
        </staticBinding>
        <staticBinding id="bcc234ea-43ee-4a10-80a1-757efa25f970">
          <annotation></annotation>
          <assignFromContext>false</assignFromContext>
          <assignToContext>false</assignToContext>
          <inputType>STRING</inputType>
          <isList>false</isList>
          <required>false</required>
          <isPersisted>true</isPersisted>
          <inputSymbol>processReturnCode</inputSymbol>
          <listDelimiter>,</listDelimiter>
          <value>SUCCESS</value>
          <record>false</record>
        </staticBinding>
        <staticBinding id="5a2dc5c3-5b9b-4154-a7b1-0b39e4f7d95d">
          <annotation></annotation>
          <assignFromContext>true</assignFromContext>
          <assignToContext>true</assignToContext>
          <inputType>STRING</inputType>
          <isList>false</isList>
          <required>false</required>
          <isPersisted>true</isPersisted>
          <inputSymbol>processStatus</inputSymbol>
          <listDelimiter>,</listDelimiter>
          <value>Flow completed successfully</value>
          <record>false</record>
        </staticBinding>
      </bindings>
      <transitions>
        <transition id="5f1eaffc-e006-4e2e-80c9-a80d566c6535">
          <annotation></annotation>
          <name>done</name>
          <command>NEXT</command>
          <linkMode>false</linkMode>
          <responseSymbol>done</responseSymbol>
          <shouldHandoff>false</shouldHandoff>
          <transitionValue>0.0</transitionValue>
          <destination>
            <refId>0eec6540-9563-4bce-8891-35e6bb55d524</refId>
          </destination>
          <source>
            <refId>93cda484-3918-4510-b0e8-cc7448362f5e</refId>
          </source>
          <positions>
            <point>
              <x>692.0</x>
              <y>342.0</y>
            </point>
            <point>
              <x>366.0</x>
              <y>339.0</y>
            </point>
          </positions>
          <labelPosition>
            <x>333.0</x>
            <y>0.0</y>
          </labelPosition>
        </transition>
      </transitions>
      <properties/>
      <opRef>
        <refId>7bda02d2-425f-42aa-9ad3-5192b0fe6446</refId>
      </opRef>
      <assignments/>
      <throttleSize>0</throttleSize>
    </step>
    <step id="6e7bede6-e42b-41cc-b13b-ad93bd268f96">
      <annotation>63c55fd4-2ce3-4251-b586-42a2b5fcde4c.6e7bede6-e42b-41cc-b13b-ad93bd268f96.description</annotation>
      <name>VM_serverPowerOn</name>
      <bounds>
        <x>299.0</x>
        <y>198.0</y>
      </bounds>
      <layer>-1</layer>
      <hideInbound>false</hideInbound>
      <addResultToRunContext>false</addResultToRunContext>
      <isCriticalStep>false</isCriticalStep>
      <isNonBlocking>false</isNonBlocking>
      <isParallelStep>false</isParallelStep>
      <isSingleResponse>false</isSingleResponse>
      <recordInHistory>false</recordInHistory>
      <recordRawOutput>true</recordRawOutput>
      <recordPrimaryOutput>true</recordPrimaryOutput>
      <checkPointStep>true</checkPointStep>
      <historyCheckPointStep>true</historyCheckPointStep>
      <scriptResultStep>false</scriptResultStep>
      <userPrompt></userPrompt>
      <bindings>
        <userInputBinding id="33c24dcb-5b30-48a7-afe3-b1501dd0e1fe">
          <annotation></annotation>
          <assignFromContext>true</assignFromContext>
          <assignToContext>false</assignToContext>
          <inputType>STRING</inputType>
          <isList>false</isList>
          <required>true</required>
          <isPersisted>true</isPersisted>
          <inputSymbol>server.resourcepool</inputSymbol>
          <listDelimiter>,</listDelimiter>
          <record>false</record>
          <prompt></prompt>
          <isMultiSelect>false</isMultiSelect>
          <sourceDelimiter>|</sourceDelimiter>
        </userInputBinding>
        <staticBinding id="3bb7a362-ddc0-4d97-8e8c-4f42b6b45ba5">
          <annotation></annotation>
          <fromContextKey>db.getdetails.hostname</fromContextKey>
          <assignFromContext>true</assignFromContext>
          <assignToContext>true</assignToContext>
          <inputType>STRING</inputType>
          <isList>false</isList>
          <required>false</required>
          <isPersisted>true</isPersisted>
          <inputSymbol>server.hostname</inputSymbol>
          <listDelimiter>,</listDelimiter>
          <record>false</record>
        </staticBinding>
        <staticBinding id="62f06bcf-c646-4bd8-ba72-a2b32c69576c">
          <annotation></annotation>
          <assignFromContext>false</assignFromContext>
          <assignToContext>false</assignToContext>
          <inputType>STRING</inputType>
          <isList>false</isList>
          <required>true</required>
          <isPersisted>true</isPersisted>
          <inputSymbol>vmName</inputSymbol>
          <listDelimiter>,</listDelimiter>
          <value>${server.hostname}_${server.hostname}</value>
          <record>false</record>
        </staticBinding>
        <staticBinding id="2d859df5-91a4-4716-a754-b7597cefa6fc">
          <annotation></annotation>
          <fromContextKey>server.vmmp.host</fromContextKey>
          <assignFromContext>true</assignFromContext>
          <assignToContext>false</assignToContext>
          <inputType>STRING</inputType>
          <isList>false</isList>
          <required>false</required>
          <isPersisted>true</isPersisted>
          <inputSymbol>vmmp.host</inputSymbol>
          <listDelimiter>,</listDelimiter>
          <value></value>
          <record>false</record>
        </staticBinding>
      </bindings>
      <transitions>
        <transition id="688fc483-52f3-4ef8-b1a0-f69082c80fea">
          <annotation></annotation>
          <name>success</name>
          <command>NEXT</command>
          <linkMode>false</linkMode>
          <responseSymbol>success</responseSymbol>
          <shouldHandoff>false</shouldHandoff>
          <transitionValue>0.0</transitionValue>
          <destination>
            <refId>8c10629e-ea8f-4b3a-b743-12aee0ffab41</refId>
          </destination>
          <source>
            <refId>6e7bede6-e42b-41cc-b13b-ad93bd268f96</refId>
          </source>
          <positions>
            <point>
              <x>411.0</x>
              <y>464.0</y>
            </point>
            <point>
              <x>644.0</x>
              <y>228.0</y>
            </point>
          </positions>
          <labelPosition>
            <x>333.0</x>
            <y>0.0</y>
          </labelPosition>
        </transition>
        <transition id="310f9ec0-5344-43b6-b7dc-cf3621d71da3">
          <annotation></annotation>
          <name>failure</name>
          <command>NEXT</command>
          <linkMode>false</linkMode>
          <responseSymbol>failure</responseSymbol>
          <shouldHandoff>false</shouldHandoff>
          <transitionValue>0.0</transitionValue>
          <destination>
            <refId>104b7de7-89ef-4a45-a8c1-9be69fed0c9f</refId>
          </destination>
          <source>
            <refId>6e7bede6-e42b-41cc-b13b-ad93bd268f96</refId>
          </source>
          <positions>
            <point>
              <x>411.0</x>
              <y>464.0</y>
            </point>
            <point>
              <x>353.0</x>
              <y>63.0</y>
            </point>
          </positions>
          <labelPosition>
            <x>333.0</x>
            <y>0.0</y>
          </labelPosition>
        </transition>
      </transitions>
      <properties/>
      <opRef>
        <refId>42b964e3-4264-43b9-8b88-f3fa68eace9b</refId>
      </opRef>
      <assignments/>
      <throttleSize>0</throttleSize>
    </step>
    <step id="104b7de7-89ef-4a45-a8c1-9be69fed0c9f">
      <annotation>63c55fd4-2ce3-4251-b586-42a2b5fcde4c.104b7de7-89ef-4a45-a8c1-9be69fed0c9f.description</annotation>
      <name>SendFailure</name>
      <bounds>
        <x>303.0</x>
        <y>29.0</y>
      </bounds>
      <layer>-1</layer>
      <hideInbound>false</hideInbound>
      <addResultToRunContext>false</addResultToRunContext>
      <isCriticalStep>false</isCriticalStep>
      <isNonBlocking>false</isNonBlocking>
      <isParallelStep>false</isParallelStep>
      <isSingleResponse>false</isSingleResponse>
      <recordInHistory>false</recordInHistory>
      <recordRawOutput>true</recordRawOutput>
      <recordPrimaryOutput>true</recordPrimaryOutput>
      <checkPointStep>true</checkPointStep>
      <historyCheckPointStep>true</historyCheckPointStep>
      <scriptResultStep>false</scriptResultStep>
      <userPrompt></userPrompt>
      <bindings>
        <staticBinding id="db247ca7-665b-43e9-8fb3-0aa83ec883bf">
          <annotation></annotation>
          <assignFromContext>true</assignFromContext>
          <assignToContext>true</assignToContext>
          <inputType>STRING</inputType>
          <isList>false</isList>
          <required>false</required>
          <isPersisted>true</isPersisted>
          <inputSymbol>template.name</inputSymbol>
          <listDelimiter>,</listDelimiter>
          <value>email_template_lca_failure</value>
          <record>false</record>
        </staticBinding>
        <staticBinding id="2c9d34d2-9f29-45cf-8194-a32d3e5b849d">
          <annotation></annotation>
          <assignFromContext>true</assignFromContext>
          <assignToContext>true</assignToContext>
          <inputType>STRING</inputType>
          <isList>false</isList>
          <required>true</required>
          <isPersisted>true</isPersisted>
          <inputSymbol>parameter</inputSymbol>
          <listDelimiter>,</listDelimiter>
          <value>[{&quot;server.csaname&quot;:&quot;${server.csaname}&quot;},{&quot;flow.action&quot;:&quot;Power On Server&quot;},{&quot;flow.error&quot;:&quot;Unknown Error&quot;},{&quot;servicedesk.email&quot;:&quot;${pc.email.servicedesk}&quot;}]</value>
          <record>false</record>
        </staticBinding>
        <staticBinding id="4dcdf4fe-e631-4b29-a656-a5e04f25aee3">
          <annotation></annotation>
          <assignFromContext>true</assignFromContext>
          <assignToContext>true</assignToContext>
          <inputType>STRING</inputType>
          <isList>false</isList>
          <required>true</required>
          <isPersisted>true</isPersisted>
          <inputSymbol>recipient</inputSymbol>
          <listDelimiter>,</listDelimiter>
          <value>${db.getdetails.contactemail}</value>
          <record>false</record>
        </staticBinding>
      </bindings>
      <transitions>
        <transition id="30e9de07-8081-43e9-b7c6-cafcd7451582">
          <annotation></annotation>
          <name>success</name>
          <command>NEXT</command>
          <linkMode>false</linkMode>
          <responseSymbol>success</responseSymbol>
          <shouldHandoff>false</shouldHandoff>
          <transitionValue>0.0</transitionValue>
          <destination>
            <refId>9d30f31a-14e4-4a26-8f3a-81120a46eb73</refId>
          </destination>
          <source>
            <refId>104b7de7-89ef-4a45-a8c1-9be69fed0c9f</refId>
          </source>
          <positions>
            <point>
              <x>353.0</x>
              <y>63.0</y>
            </point>
            <point>
              <x>492.0</x>
              <y>64.0</y>
            </point>
          </positions>
          <labelPosition>
            <x>333.0</x>
            <y>0.0</y>
          </labelPosition>
        </transition>
        <transition id="0e44a3cc-a38d-46df-8f2e-d21b4f07e292">
          <annotation></annotation>
          <name>failure</name>
          <command>NEXT</command>
          <linkMode>false</linkMode>
          <responseSymbol>failure</responseSymbol>
          <shouldHandoff>false</shouldHandoff>
          <transitionValue>0.0</transitionValue>
          <destination>
            <refId>9d30f31a-14e4-4a26-8f3a-81120a46eb73</refId>
          </destination>
          <source>
            <refId>104b7de7-89ef-4a45-a8c1-9be69fed0c9f</refId>
          </source>
          <positions>
            <point>
              <x>353.0</x>
              <y>63.0</y>
            </point>
            <point>
              <x>413.1782988064758</x>
              <y>38.43229044541365</y>
            </point>
            <point>
              <x>432.1814041152604</x>
              <y>38.56900343324663</y>
            </point>
            <point>
              <x>492.0</x>
              <y>64.0</y>
            </point>
          </positions>
          <labelPosition>
            <x>333.0</x>
            <y>0.0</y>
          </labelPosition>
        </transition>
      </transitions>
      <properties/>
      <opRef>
        <refId>93d11783-54db-4d1e-b6f2-9e2acf3098a4</refId>
      </opRef>
      <assignments/>
      <throttleSize>0</throttleSize>
    </step>
    <step id="50562e97-8a91-4fc4-841d-089926bdabc1">
      <annotation>63c55fd4-2ce3-4251-b586-42a2b5fcde4c.50562e97-8a91-4fc4-841d-089926bdabc1.description</annotation>
      <name>SendSuccess</name>
      <bounds>
        <x>689.0</x>
        <y>293.0</y>
      </bounds>
      <layer>-1</layer>
      <hideInbound>false</hideInbound>
      <addResultToRunContext>false</addResultToRunContext>
      <isCriticalStep>false</isCriticalStep>
      <isNonBlocking>false</isNonBlocking>
      <isParallelStep>false</isParallelStep>
      <isSingleResponse>false</isSingleResponse>
      <recordInHistory>false</recordInHistory>
      <recordRawOutput>true</recordRawOutput>
      <recordPrimaryOutput>true</recordPrimaryOutput>
      <checkPointStep>true</checkPointStep>
      <historyCheckPointStep>true</historyCheckPointStep>
      <scriptResultStep>false</scriptResultStep>
      <userPrompt></userPrompt>
      <bindings>
        <staticBinding id="ccddfa04-0b22-4110-bec0-8f817cf7e15d">
          <annotation></annotation>
          <assignFromContext>true</assignFromContext>
          <assignToContext>true</assignToContext>
          <inputType>STRING</inputType>
          <isList>false</isList>
          <required>false</required>
          <isPersisted>true</isPersisted>
          <inputSymbol>template.name</inputSymbol>
          <listDelimiter>,</listDelimiter>
          <value>email_template_lca_success</value>
          <record>false</record>
        </staticBinding>
        <staticBinding id="4fb76dfa-cd86-4ceb-8b60-8ba949c8ccbc">
          <annotation></annotation>
          <assignFromContext>true</assignFromContext>
          <assignToContext>true</assignToContext>
          <inputType>STRING</inputType>
          <isList>false</isList>
          <required>true</required>
          <isPersisted>true</isPersisted>
          <inputSymbol>parameter</inputSymbol>
          <listDelimiter>,</listDelimiter>
          <value>[{&quot;server.csaname&quot;:&quot;${server.csaname}&quot;},{&quot;flow.action&quot;:&quot;Power On Server&quot;},{&quot;servicedesk.email&quot;:&quot;${pc.email.servicedesk}&quot;}]</value>
          <record>false</record>
        </staticBinding>
        <staticBinding id="35999ea9-6b01-45c3-8cb3-8a9dea13cfc3">
          <annotation></annotation>
          <assignFromContext>true</assignFromContext>
          <assignToContext>true</assignToContext>
          <inputType>STRING</inputType>
          <isList>false</isList>
          <required>true</required>
          <isPersisted>true</isPersisted>
          <inputSymbol>recipient</inputSymbol>
          <listDelimiter>,</listDelimiter>
          <value>${db.getdetails.contactemail}</value>
          <record>false</record>
        </staticBinding>
      </bindings>
      <transitions>
        <transition id="1da81213-8ed3-4914-b2e1-03fdf449d72f">
          <annotation></annotation>
          <name>success</name>
          <command>NEXT</command>
          <linkMode>false</linkMode>
          <responseSymbol>success</responseSymbol>
          <shouldHandoff>false</shouldHandoff>
          <transitionValue>0.0</transitionValue>
          <destination>
            <refId>93cda484-3918-4510-b0e8-cc7448362f5e</refId>
          </destination>
          <source>
            <refId>50562e97-8a91-4fc4-841d-089926bdabc1</refId>
          </source>
          <positions>
            <point>
              <x>739.0</x>
              <y>327.0</y>
            </point>
            <point>
              <x>847.0</x>
              <y>222.0</y>
            </point>
          </positions>
          <labelPosition>
            <x>333.0</x>
            <y>0.0</y>
          </labelPosition>
        </transition>
        <transition id="25d346db-0e11-4ef2-944a-781755193bc0">
          <annotation></annotation>
          <name>failure</name>
          <command>NEXT</command>
          <linkMode>false</linkMode>
          <responseSymbol>failure</responseSymbol>
          <shouldHandoff>false</shouldHandoff>
          <transitionValue>0.0</transitionValue>
          <destination>
            <refId>93cda484-3918-4510-b0e8-cc7448362f5e</refId>
          </destination>
          <source>
            <refId>50562e97-8a91-4fc4-841d-089926bdabc1</refId>
          </source>
          <positions>
            <point>
              <x>739.0</x>
              <y>327.0</y>
            </point>
            <point>
              <x>799.446654961161</x>
              <y>303.1001693728523</y>
            </point>
            <point>
              <x>821.4072647034294</x>
              <y>281.7495765678692</y>
            </point>
            <point>
              <x>847.0</x>
              <y>222.0</y>
            </point>
          </positions>
          <labelPosition>
            <x>333.0</x>
            <y>0.0</y>
          </labelPosition>
        </transition>
      </transitions>
      <properties/>
      <opRef>
        <refId>93d11783-54db-4d1e-b6f2-9e2acf3098a4</refId>
      </opRef>
      <assignments/>
      <throttleSize>0</throttleSize>
    </step>
    <step id="8d203151-e8ad-4ad7-9825-3830d7a79e9c">
      <annotation></annotation>
      <name>isVirtual</name>
      <bounds>
        <x>192.0</x>
        <y>302.0</y>
      </bounds>
      <layer>-1</layer>
      <hideInbound>false</hideInbound>
      <addResultToRunContext>false</addResultToRunContext>
      <isCriticalStep>false</isCriticalStep>
      <isNonBlocking>false</isNonBlocking>
      <isParallelStep>false</isParallelStep>
      <isSingleResponse>false</isSingleResponse>
      <recordInHistory>false</recordInHistory>
      <recordRawOutput>true</recordRawOutput>
      <recordPrimaryOutput>true</recordPrimaryOutput>
      <checkPointStep>true</checkPointStep>
      <historyCheckPointStep>true</historyCheckPointStep>
      <scriptResultStep>false</scriptResultStep>
      <userPrompt></userPrompt>
      <bindings>
        <staticBinding id="51bcbedf-9f43-4b50-ae5c-218bbe0f46f4">
          <annotation></annotation>
          <assignFromContext>false</assignFromContext>
          <assignToContext>false</assignToContext>
          <inputType>STRING</inputType>
          <isList>false</isList>
          <required>false</required>
          <isPersisted>true</isPersisted>
          <inputSymbol>field1</inputSymbol>
          <listDelimiter>,</listDelimiter>
          <value>${server.type}</value>
          <record>false</record>
        </staticBinding>
        <staticBinding id="fc14e52d-dd12-4c44-be18-e8ee1e38db64">
          <annotation></annotation>
          <toContextKey></toContextKey>
          <fromContextKey></fromContextKey>
          <assignFromContext>false</assignFromContext>
          <assignToContext>false</assignToContext>
          <inputType>STRING</inputType>
          <recordKey></recordKey>
          <isList>false</isList>
          <required>false</required>
          <isPersisted>true</isPersisted>
          <inputSymbol>Field_1</inputSymbol>
          <listDelimiter></listDelimiter>
          <value>${field1}</value>
          <record>false</record>
        </staticBinding>
      </bindings>
      <transitions>
        <transition id="f8c7b71e-a54e-495d-ab04-7c593dab6fd2">
          <annotation></annotation>
          <name>Yes</name>
          <command>NEXT</command>
          <linkMode>false</linkMode>
          <responseSymbol>Yes</responseSymbol>
          <shouldHandoff>false</shouldHandoff>
          <transitionValue>0.0</transitionValue>
          <destination>
            <refId>6e7bede6-e42b-41cc-b13b-ad93bd268f96</refId>
          </destination>
          <source>
            <refId>8d203151-e8ad-4ad7-9825-3830d7a79e9c</refId>
          </source>
          <positions>
            <point>
              <x>242.0</x>
              <y>336.0</y>
            </point>
            <point>
              <x>411.0</x>
              <y>464.0</y>
            </point>
          </positions>
          <labelPosition>
            <x>333.0</x>
            <y>0.0</y>
          </labelPosition>
        </transition>
        <transition id="aa3ff08c-a040-4db6-8ac9-d99de21623bd">
          <annotation></annotation>
          <name>No</name>
          <command>NEXT</command>
          <linkMode>false</linkMode>
          <responseSymbol>No</responseSymbol>
          <shouldHandoff>false</shouldHandoff>
          <transitionValue>0.0</transitionValue>
          <destination>
            <refId>c9e597a3-d329-4676-b287-16f703bb41ff</refId>
          </destination>
          <source>
            <refId>8d203151-e8ad-4ad7-9825-3830d7a79e9c</refId>
          </source>
          <positions>
            <point>
              <x>242.0</x>
              <y>336.0</y>
            </point>
            <point>
              <x>512.0</x>
              <y>473.0</y>
            </point>
          </positions>
          <labelPosition>
            <x>333.0</x>
            <y>0.0</y>
          </labelPosition>
        </transition>
      </transitions>
      <properties/>
      <opRef>
        <refId>e70802de-037f-4b6a-bdda-981658a60401</refId>
      </opRef>
      <assignments/>
      <throttleSize>0</throttleSize>
    </step>
    <returnStep id="0eec6540-9563-4bce-8891-35e6bb55d524">
      <annotation></annotation>
      <name>Resolved : success</name>
      <bounds>
        <x>797.0</x>
        <y>21.0</y>
      </bounds>
      <layer>-1</layer>
      <hideInbound>false</hideInbound>
      <addResultToRunContext>false</addResultToRunContext>
      <isCriticalStep>false</isCriticalStep>
      <isNonBlocking>false</isNonBlocking>
      <isParallelStep>false</isParallelStep>
      <isSingleResponse>false</isSingleResponse>
      <recordInHistory>false</recordInHistory>
      <recordRawOutput>true</recordRawOutput>
      <recordPrimaryOutput>true</recordPrimaryOutput>
      <checkPointStep>true</checkPointStep>
      <historyCheckPointStep>true</historyCheckPointStep>
      <scriptResultStep>false</scriptResultStep>
      <userPrompt></userPrompt>
      <bindings/>
      <transitions>
        <transition id="8a9664bc-6fbd-4907-9c4f-0febabf06c6c">
          <annotation></annotation>
          <name>return</name>
          <command>NEXT</command>
          <linkMode>false</linkMode>
          <responseSymbol>success</responseSymbol>
          <shouldHandoff>false</shouldHandoff>
          <transitionValue>0.0</transitionValue>
          <destination>
            <refId>0eec6540-9563-4bce-8891-35e6bb55d524</refId>
          </destination>
          <source>
            <refId>0eec6540-9563-4bce-8891-35e6bb55d524</refId>
          </source>
          <positions/>
        </transition>
      </transitions>
      <properties/>
      <returnStepType>RESOLVED</returnStepType>
      <assignments/>
    </returnStep>
    <step id="8c10629e-ea8f-4b3a-b743-12aee0ffab41">
      <annotation></annotation>
      <name>CSA_SetRunstate</name>
      <bounds>
        <x>594.0</x>
        <y>194.0</y>
      </bounds>
      <layer>-1</layer>
      <hideInbound>false</hideInbound>
      <addResultToRunContext>false</addResultToRunContext>
      <isCriticalStep>false</isCriticalStep>
      <isNonBlocking>false</isNonBlocking>
      <isParallelStep>false</isParallelStep>
      <isSingleResponse>false</isSingleResponse>
      <recordInHistory>false</recordInHistory>
      <recordRawOutput>true</recordRawOutput>
      <recordPrimaryOutput>true</recordPrimaryOutput>
      <checkPointStep>true</checkPointStep>
      <historyCheckPointStep>true</historyCheckPointStep>
      <scriptResultStep>false</scriptResultStep>
      <userPrompt></userPrompt>
      <bindings>
        <staticBinding id="62bd0df9-7e20-4338-b4e8-b1bc44991f0a">
          <annotation></annotation>
          <assignFromContext>true</assignFromContext>
          <assignToContext>true</assignToContext>
          <inputType>STRING</inputType>
          <isList>false</isList>
          <required>true</required>
          <isPersisted>true</isPersisted>
          <inputSymbol>propName</inputSymbol>
          <listDelimiter>,</listDelimiter>
          <value>SERVER.1.RUNSTATE</value>
          <record>false</record>
        </staticBinding>
        <staticBinding id="0bd46ba3-0eb9-4db2-9600-bc23bdec18b8">
          <annotation></annotation>
          <assignFromContext>true</assignFromContext>
          <assignToContext>true</assignToContext>
          <inputType>STRING</inputType>
          <isList>false</isList>
          <required>false</required>
          <isPersisted>true</isPersisted>
          <inputSymbol>propType</inputSymbol>
          <listDelimiter>,</listDelimiter>
          <value>STRING</value>
          <record>false</record>
        </staticBinding>
        <staticBinding id="a824b5da-7143-48e4-99d1-30d5608a530d">
          <annotation></annotation>
          <assignFromContext>true</assignFromContext>
          <assignToContext>true</assignToContext>
          <inputType>STRING</inputType>
          <isList>false</isList>
          <required>true</required>
          <isPersisted>true</isPersisted>
          <inputSymbol>propValue</inputSymbol>
          <listDelimiter>,</listDelimiter>
          <value>PowerOn</value>
          <record>false</record>
        </staticBinding>
        <staticBinding id="42a62151-6fd4-4880-aaf6-d6beb9ce69cd">
          <annotation></annotation>
          <assignFromContext>true</assignFromContext>
          <assignToContext>true</assignToContext>
          <inputType>STRING</inputType>
          <isList>false</isList>
          <required>false</required>
          <isPersisted>true</isPersisted>
          <inputSymbol>customerVisible</inputSymbol>
          <listDelimiter>,</listDelimiter>
          <value>true</value>
          <record>false</record>
        </staticBinding>
        <staticBinding id="a33d3de3-45d5-4fcd-9935-ab6be341ffe8">
          <annotation></annotation>
          <assignFromContext>true</assignFromContext>
          <assignToContext>true</assignToContext>
          <inputType>STRING</inputType>
          <isList>false</isList>
          <required>true</required>
          <isPersisted>true</isPersisted>
          <inputSymbol>csasvcuuid</inputSymbol>
          <listDelimiter>,</listDelimiter>
          <value>${CSA_CONTEXT_ID}</value>
          <record>false</record>
        </staticBinding>
        <staticBinding id="db31661c-249e-4a18-9a4a-4bfc12f65a09">
          <annotation></annotation>
          <assignFromContext>true</assignFromContext>
          <assignToContext>true</assignToContext>
          <inputType>STRING</inputType>
          <isList>false</isList>
          <required>true</required>
          <isPersisted>true</isPersisted>
          <inputSymbol>displayname</inputSymbol>
          <listDelimiter>,</listDelimiter>
          <value>Server Runstate</value>
          <record>false</record>
        </staticBinding>
      </bindings>
      <transitions>
        <transition id="bd6d5016-68bf-411b-b34b-9c1e0610adc7">
          <annotation></annotation>
          <name>failure</name>
          <command>NEXT</command>
          <linkMode>false</linkMode>
          <responseSymbol>failure</responseSymbol>
          <shouldHandoff>false</shouldHandoff>
          <transitionValue>0.0</transitionValue>
          <destination>
            <refId>104b7de7-89ef-4a45-a8c1-9be69fed0c9f</refId>
          </destination>
          <source>
            <refId>8c10629e-ea8f-4b3a-b743-12aee0ffab41</refId>
          </source>
          <positions>
            <point>
              <x>644.0</x>
              <y>228.0</y>
            </point>
            <point>
              <x>298.0</x>
              <y>64.0</y>
            </point>
          </positions>
          <labelPosition>
            <x>333.0</x>
            <y>0.0</y>
          </labelPosition>
        </transition>
        <transition id="f2c1201e-2b43-4fa1-87b8-c1886622de36">
          <annotation></annotation>
          <name>success</name>
          <command>NEXT</command>
          <linkMode>false</linkMode>
          <responseSymbol>success</responseSymbol>
          <shouldHandoff>false</shouldHandoff>
          <transitionValue>0.0</transitionValue>
          <destination>
            <refId>50562e97-8a91-4fc4-841d-089926bdabc1</refId>
          </destination>
          <source>
            <refId>8c10629e-ea8f-4b3a-b743-12aee0ffab41</refId>
          </source>
          <positions>
            <point>
              <x>644.0</x>
              <y>228.0</y>
            </point>
            <point>
              <x>795.0</x>
              <y>516.0</y>
            </point>
          </positions>
          <labelPosition>
            <x>333.0</x>
            <y>0.0</y>
          </labelPosition>
        </transition>
      </transitions>
      <properties/>
      <opRef>
        <refId>7f62af65-07d6-41ad-b715-9fd434b36a72</refId>
      </opRef>
      <assignments/>
      <throttleSize>0</throttleSize>
    </step>
    <step id="9d30f31a-14e4-4a26-8f3a-81120a46eb73">
      <annotation>63c55fd4-2ce3-4251-b586-42a2b5fcde4c.9d30f31a-14e4-4a26-8f3a-81120a46eb73.description</annotation>
      <name>Notify Flow Completion</name>
      <bounds>
        <x>442.0</x>
        <y>30.0</y>
      </bounds>
      <layer>-1</layer>
      <hideInbound>false</hideInbound>
      <addResultToRunContext>false</addResultToRunContext>
      <isCriticalStep>false</isCriticalStep>
      <isNonBlocking>false</isNonBlocking>
      <isParallelStep>false</isParallelStep>
      <isSingleResponse>true</isSingleResponse>
      <recordInHistory>false</recordInHistory>
      <recordRawOutput>false</recordRawOutput>
      <recordPrimaryOutput>false</recordPrimaryOutput>
      <checkPointStep>true</checkPointStep>
      <historyCheckPointStep>true</historyCheckPointStep>
      <scriptResultStep>false</scriptResultStep>
      <userPrompt></userPrompt>
      <bindings>
        <staticBinding id="c8059f0f-9cc6-4592-81a2-46daa95da51e">
          <annotation></annotation>
          <fromContextKey>CSA_PROCESS_ID</fromContextKey>
          <assignFromContext>false</assignFromContext>
          <assignToContext>false</assignToContext>
          <inputType>STRING</inputType>
          <isList>false</isList>
          <required>true</required>
          <isPersisted>true</isPersisted>
          <inputSymbol>processInstanceId</inputSymbol>
          <listDelimiter>,</listDelimiter>
          <value>${CSA_PROCESS_ID}</value>
          <record>false</record>
        </staticBinding>
        <staticBinding id="f8e42c8d-89ed-4116-a0fc-5fcbc7a4ec08">
          <annotation></annotation>
          <assignFromContext>false</assignFromContext>
          <assignToContext>false</assignToContext>
          <inputType>STRING</inputType>
          <isList>false</isList>
          <required>true</required>
          <isPersisted>true</isPersisted>
          <inputSymbol>userIdentifier</inputSymbol>
          <listDelimiter>,</listDelimiter>
          <value>${userIdentifier}</value>
          <record>false</record>
        </staticBinding>
        <staticBinding id="39eb6fc8-2e0b-41e0-9b5e-5fde7132a170">
          <annotation></annotation>
          <assignFromContext>false</assignFromContext>
          <assignToContext>false</assignToContext>
          <inputType>STRING</inputType>
          <isList>false</isList>
          <required>true</required>
          <isPersisted>true</isPersisted>
          <inputSymbol>processInstanceState</inputSymbol>
          <listDelimiter>,</listDelimiter>
          <value>COMPLETED</value>
          <record>false</record>
        </staticBinding>
        <staticBinding id="e3d1fa8a-3f9d-4b5d-bf4a-9ca72d8f833a">
          <annotation></annotation>
          <assignFromContext>false</assignFromContext>
          <assignToContext>false</assignToContext>
          <inputType>STRING</inputType>
          <isList>false</isList>
          <required>false</required>
          <isPersisted>true</isPersisted>
          <inputSymbol>processReturnCode</inputSymbol>
          <listDelimiter>,</listDelimiter>
          <value>FAILURE</value>
          <record>false</record>
        </staticBinding>
        <staticBinding id="54789716-21e9-4c3b-bf01-0943513495f3">
          <annotation></annotation>
          <assignFromContext>true</assignFromContext>
          <assignToContext>true</assignToContext>
          <inputType>STRING</inputType>
          <isList>false</isList>
          <required>false</required>
          <isPersisted>true</isPersisted>
          <inputSymbol>processStatus</inputSymbol>
          <listDelimiter>,</listDelimiter>
          <value>Flow failed</value>
          <record>false</record>
        </staticBinding>
      </bindings>
      <transitions>
        <transition id="6c205c67-70be-4864-b052-45f38a526ea9">
          <annotation></annotation>
          <name>done</name>
          <command>NEXT</command>
          <linkMode>false</linkMode>
          <responseSymbol>done</responseSymbol>
          <shouldHandoff>false</shouldHandoff>
          <transitionValue>0.0</transitionValue>
          <destination>
            <refId>6ded4d16-c591-4436-bd31-8cf4995229d5</refId>
          </destination>
          <source>
            <refId>9d30f31a-14e4-4a26-8f3a-81120a46eb73</refId>
          </source>
          <positions>
            <point>
              <x>402.0</x>
              <y>66.0</y>
            </point>
            <point>
              <x>601.0</x>
              <y>62.0</y>
            </point>
          </positions>
          <labelPosition>
            <x>333.0</x>
            <y>0.0</y>
          </labelPosition>
        </transition>
      </transitions>
      <properties/>
      <opRef>
        <refId>7bda02d2-425f-42aa-9ad3-5192b0fe6446</refId>
      </opRef>
      <assignments/>
      <throttleSize>0</throttleSize>
    </step>
    <step id="389ab014-4a33-4e44-911a-27fca0dd1c5c">
      <annotation></annotation>
      <name>CSA_GetSubscriptionNameByID</name>
      <bounds>
        <x>65.0</x>
        <y>294.0</y>
      </bounds>
      <layer>-1</layer>
      <hideInbound>false</hideInbound>
      <addResultToRunContext>false</addResultToRunContext>
      <isCriticalStep>false</isCriticalStep>
      <isNonBlocking>false</isNonBlocking>
      <isParallelStep>false</isParallelStep>
      <isSingleResponse>false</isSingleResponse>
      <recordInHistory>false</recordInHistory>
      <recordRawOutput>true</recordRawOutput>
      <recordPrimaryOutput>true</recordPrimaryOutput>
      <checkPointStep>true</checkPointStep>
      <historyCheckPointStep>true</historyCheckPointStep>
      <scriptResultStep>false</scriptResultStep>
      <userPrompt></userPrompt>
      <bindings>
        <staticBinding id="f9994897-cf58-42f2-a5a3-ee15ece12ec8">
          <annotation></annotation>
          <assignFromContext>true</assignFromContext>
          <assignToContext>true</assignToContext>
          <inputType>STRING</inputType>
          <isList>false</isList>
          <required>true</required>
          <isPersisted>true</isPersisted>
          <inputSymbol>SubscriptionID</inputSymbol>
          <listDelimiter>,</listDelimiter>
          <value>${db.getdetails.subscriptionId}</value>
          <record>false</record>
        </staticBinding>
      </bindings>
      <transitions>
        <transition id="8906cd37-252e-4973-96c4-ba57a3a067b8">
          <annotation></annotation>
          <name>success</name>
          <command>NEXT</command>
          <linkMode>false</linkMode>
          <responseSymbol>success</responseSymbol>
          <shouldHandoff>false</shouldHandoff>
          <transitionValue>0.0</transitionValue>
          <destination>
            <refId>8d203151-e8ad-4ad7-9825-3830d7a79e9c</refId>
          </destination>
          <source>
            <refId>389ab014-4a33-4e44-911a-27fca0dd1c5c</refId>
          </source>
          <positions>
            <point>
              <x>115.0</x>
              <y>328.0</y>
            </point>
            <point>
              <x>242.0</x>
              <y>336.0</y>
            </point>
          </positions>
          <labelPosition>
            <x>333.0</x>
            <y>0.0</y>
          </labelPosition>
        </transition>
        <transition id="8b3866a0-22e1-49a5-88b9-662714ae31de">
          <annotation></annotation>
          <name>failure</name>
          <command>NEXT</command>
          <linkMode>false</linkMode>
          <responseSymbol>failure</responseSymbol>
          <shouldHandoff>false</shouldHandoff>
          <transitionValue>0.0</transitionValue>
          <destination>
            <refId>104b7de7-89ef-4a45-a8c1-9be69fed0c9f</refId>
          </destination>
          <source>
            <refId>389ab014-4a33-4e44-911a-27fca0dd1c5c</refId>
          </source>
          <positions>
            <point>
              <x>115.0</x>
              <y>328.0</y>
            </point>
            <point>
              <x>451.0</x>
              <y>543.0</y>
            </point>
          </positions>
          <labelPosition>
            <x>333.0</x>
            <y>0.0</y>
          </labelPosition>
        </transition>
      </transitions>
      <properties/>
      <opRef>
        <refId>4822bb20-7984-4c16-bf7e-fc84c6f991cd</refId>
      </opRef>
      <assignments>
        <flowVariableAssignment id="b14f3abf-03a9-4f54-85bb-e5d4f0cf21a7">
          <annotation></annotation>
          <name>assignment</name>
          <action>OVERWRITE</action>
          <assignmentTargetType>FLOW_VARIABLE</assignmentTargetType>
          <contextKey>server.csaname</contextKey>
          <expression id="91e896a0-dd19-407a-99c7-869a1db3683d">
            <annotation></annotation>
            <name>Result: Name</name>
            <fieldName>Name</fieldName>
            <sourceType>AVAILABLE_RESULT</sourceType>
            <filters/>
          </expression>
        </flowVariableAssignment>
      </assignments>
      <throttleSize>0</throttleSize>
    </step>
  </steps>
  <startSteps>8348760d-0b13-4a9b-8ecd-fae064f91a9b</startSteps>
</flow>