<?xml version="1.0" encoding="UTF-8"?>
<flow id="e7c7d49c-5898-4c82-b709-073e89941f43">
  <annotation></annotation>
  <name>vCenter_configDisks</name>
  <categories/>
  <inputs>
    <userInputBinding id="b7aad754-1367-4c13-b14e-d3b54aa46cda">
      <annotation></annotation>
      <assignFromContext>true</assignFromContext>
      <assignToContext>true</assignToContext>
      <inputType>STRING</inputType>
      <isList>false</isList>
      <required>true</required>
      <isPersisted>true</isPersisted>
      <inputSymbol>host</inputSymbol>
      <listDelimiter>,</listDelimiter>
      <record>false</record>
      <prompt>e7c7d49c-5898-4c82-b709-073e89941f43.b7aad754-1367-4c13-b14e-d3b54aa46cda.prompt</prompt>
      <isMultiSelect>false</isMultiSelect>
      <sourceDelimiter>|</sourceDelimiter>
    </userInputBinding>
    <userInputBinding id="f2db385f-de38-488d-90e7-585f92b4ad9d">
      <annotation></annotation>
      <assignFromContext>true</assignFromContext>
      <assignToContext>true</assignToContext>
      <inputType>STRING</inputType>
      <isList>false</isList>
      <required>true</required>
      <isPersisted>true</isPersisted>
      <inputSymbol>user</inputSymbol>
      <listDelimiter>,</listDelimiter>
      <record>false</record>
      <prompt>e7c7d49c-5898-4c82-b709-073e89941f43.f2db385f-de38-488d-90e7-585f92b4ad9d.prompt</prompt>
      <isMultiSelect>false</isMultiSelect>
      <sourceDelimiter>|</sourceDelimiter>
    </userInputBinding>
    <userInputBinding id="ab2494c5-97e6-479b-ac68-ac8d532687a4">
      <annotation></annotation>
      <assignFromContext>true</assignFromContext>
      <assignToContext>true</assignToContext>
      <inputType>STRING</inputType>
      <isList>false</isList>
      <required>true</required>
      <isPersisted>true</isPersisted>
      <inputSymbol>password</inputSymbol>
      <listDelimiter>,</listDelimiter>
      <record>false</record>
      <prompt>e7c7d49c-5898-4c82-b709-073e89941f43.ab2494c5-97e6-479b-ac68-ac8d532687a4.prompt</prompt>
      <isMultiSelect>false</isMultiSelect>
      <sourceDelimiter>|</sourceDelimiter>
    </userInputBinding>
    <userInputBinding id="245ae0f0-2366-4836-8f35-329d41d32d27">
      <annotation></annotation>
      <assignFromContext>true</assignFromContext>
      <assignToContext>true</assignToContext>
      <inputType>STRING</inputType>
      <isList>false</isList>
      <required>true</required>
      <isPersisted>true</isPersisted>
      <inputSymbol>port</inputSymbol>
      <listDelimiter>,</listDelimiter>
      <record>false</record>
      <prompt>e7c7d49c-5898-4c82-b709-073e89941f43.245ae0f0-2366-4836-8f35-329d41d32d27.prompt</prompt>
      <isMultiSelect>false</isMultiSelect>
      <sourceDelimiter>|</sourceDelimiter>
    </userInputBinding>
    <userInputBinding id="36dcc484-e09b-418e-845d-a256d853621d">
      <annotation></annotation>
      <assignFromContext>true</assignFromContext>
      <assignToContext>true</assignToContext>
      <inputType>STRING</inputType>
      <isList>false</isList>
      <required>true</required>
      <isPersisted>true</isPersisted>
      <inputSymbol>protocol</inputSymbol>
      <listDelimiter>,</listDelimiter>
      <record>false</record>
      <prompt>e7c7d49c-5898-4c82-b709-073e89941f43.36dcc484-e09b-418e-845d-a256d853621d.prompt</prompt>
      <isMultiSelect>false</isMultiSelect>
      <sourceDelimiter>|</sourceDelimiter>
    </userInputBinding>
    <userInputBinding id="987348f6-f46b-4102-97bc-360a61735f47">
      <annotation></annotation>
      <assignFromContext>true</assignFromContext>
      <assignToContext>true</assignToContext>
      <inputType>STRING</inputType>
      <isList>false</isList>
      <required>true</required>
      <isPersisted>true</isPersisted>
      <inputSymbol>closeSession</inputSymbol>
      <listDelimiter>,</listDelimiter>
      <record>false</record>
      <prompt>e7c7d49c-5898-4c82-b709-073e89941f43.987348f6-f46b-4102-97bc-360a61735f47.prompt</prompt>
      <isMultiSelect>false</isMultiSelect>
      <sourceDelimiter>|</sourceDelimiter>
    </userInputBinding>
    <userInputBinding id="8a9556a2-6fdf-4d02-97ea-a215b3708589">
      <annotation></annotation>
      <assignFromContext>true</assignFromContext>
      <assignToContext>true</assignToContext>
      <inputType>STRING</inputType>
      <isList>false</isList>
      <required>true</required>
      <isPersisted>true</isPersisted>
      <inputSymbol>async</inputSymbol>
      <listDelimiter>,</listDelimiter>
      <record>false</record>
      <prompt>e7c7d49c-5898-4c82-b709-073e89941f43.8a9556a2-6fdf-4d02-97ea-a215b3708589.prompt</prompt>
      <isMultiSelect>false</isMultiSelect>
      <sourceDelimiter>|</sourceDelimiter>
    </userInputBinding>
    <userInputBinding id="2fd34087-71b7-45e1-94d7-12ccdad2a87d">
      <annotation></annotation>
      <assignFromContext>true</assignFromContext>
      <assignToContext>true</assignToContext>
      <inputType>STRING</inputType>
      <isList>false</isList>
      <required>true</required>
      <isPersisted>true</isPersisted>
      <inputSymbol>taskTimeOut</inputSymbol>
      <listDelimiter>,</listDelimiter>
      <record>false</record>
      <prompt>e7c7d49c-5898-4c82-b709-073e89941f43.2fd34087-71b7-45e1-94d7-12ccdad2a87d.prompt</prompt>
      <isMultiSelect>false</isMultiSelect>
      <sourceDelimiter>|</sourceDelimiter>
    </userInputBinding>
    <userInputBinding id="c075551f-5963-4a60-a2ce-51aa1ed5ca41">
      <annotation></annotation>
      <assignFromContext>true</assignFromContext>
      <assignToContext>true</assignToContext>
      <inputType>STRING</inputType>
      <isList>false</isList>
      <required>true</required>
      <isPersisted>true</isPersisted>
      <inputSymbol>vmIdentifierType</inputSymbol>
      <listDelimiter>,</listDelimiter>
      <record>false</record>
      <prompt>e7c7d49c-5898-4c82-b709-073e89941f43.c075551f-5963-4a60-a2ce-51aa1ed5ca41.prompt</prompt>
      <isMultiSelect>false</isMultiSelect>
      <sourceDelimiter>|</sourceDelimiter>
    </userInputBinding>
    <userInputBinding id="e2d13519-0bd6-4360-9367-a7ca23c3802e">
      <annotation></annotation>
      <assignFromContext>true</assignFromContext>
      <assignToContext>true</assignToContext>
      <inputType>STRING</inputType>
      <isList>false</isList>
      <required>true</required>
      <isPersisted>true</isPersisted>
      <inputSymbol>vmID</inputSymbol>
      <listDelimiter>,</listDelimiter>
      <record>false</record>
      <prompt>e7c7d49c-5898-4c82-b709-073e89941f43.e2d13519-0bd6-4360-9367-a7ca23c3802e.prompt</prompt>
      <isMultiSelect>false</isMultiSelect>
      <sourceDelimiter>|</sourceDelimiter>
    </userInputBinding>
    <userInputBinding id="7a84abad-1dfd-4373-94c9-b59fcd347572">
      <annotation></annotation>
      <assignFromContext>true</assignFromContext>
      <assignToContext>true</assignToContext>
      <inputType>STRING</inputType>
      <isList>false</isList>
      <required>true</required>
      <isPersisted>true</isPersisted>
      <inputSymbol>vmDatacenter</inputSymbol>
      <listDelimiter>,</listDelimiter>
      <record>false</record>
      <prompt>e7c7d49c-5898-4c82-b709-073e89941f43.7a84abad-1dfd-4373-94c9-b59fcd347572.prompt</prompt>
      <isMultiSelect>false</isMultiSelect>
      <sourceDelimiter>|</sourceDelimiter>
    </userInputBinding>
    <userInputBinding id="bb49fd2f-4250-4229-86d4-3507cf57b2b5">
      <annotation></annotation>
      <assignFromContext>true</assignFromContext>
      <assignToContext>true</assignToContext>
      <inputType>STRING</inputType>
      <isList>false</isList>
      <required>true</required>
      <isPersisted>true</isPersisted>
      <inputSymbol>extendDiskSize</inputSymbol>
      <listDelimiter>,</listDelimiter>
      <record>false</record>
      <prompt>e7c7d49c-5898-4c82-b709-073e89941f43.bb49fd2f-4250-4229-86d4-3507cf57b2b5.prompt</prompt>
      <isMultiSelect>false</isMultiSelect>
      <sourceDelimiter>|</sourceDelimiter>
    </userInputBinding>
    <staticBinding id="f6c6121a-76ca-424e-866f-3d306b5ae49f">
      <annotation></annotation>
      <assignFromContext>false</assignFromContext>
      <assignToContext>true</assignToContext>
      <inputType>STRING</inputType>
      <isList>false</isList>
      <required>true</required>
      <isPersisted>true</isPersisted>
      <inputSymbol>deviceNumber</inputSymbol>
      <listDelimiter>,</listDelimiter>
      <value>1</value>
      <record>false</record>
    </staticBinding>
    <userInputBinding id="d1d856fd-25fe-452f-bad9-ed62af2bda27">
      <annotation></annotation>
      <assignFromContext>true</assignFromContext>
      <assignToContext>true</assignToContext>
      <inputType>STRING</inputType>
      <isList>false</isList>
      <required>true</required>
      <isPersisted>true</isPersisted>
      <inputSymbol>dataStore</inputSymbol>
      <listDelimiter>,</listDelimiter>
      <record>false</record>
      <prompt>e7c7d49c-5898-4c82-b709-073e89941f43.d1d856fd-25fe-452f-bad9-ed62af2bda27.prompt</prompt>
      <isMultiSelect>false</isMultiSelect>
      <sourceDelimiter>|</sourceDelimiter>
    </userInputBinding>
    <userInputBinding id="b9b5a088-b792-4fc4-809a-9ab6f893694d">
      <annotation></annotation>
      <assignFromContext>true</assignFromContext>
      <assignToContext>true</assignToContext>
      <inputType>STRING</inputType>
      <isList>false</isList>
      <required>true</required>
      <isPersisted>true</isPersisted>
      <inputSymbol>addDiskSize</inputSymbol>
      <listDelimiter>,</listDelimiter>
      <record>false</record>
      <prompt>e7c7d49c-5898-4c82-b709-073e89941f43.b9b5a088-b792-4fc4-809a-9ab6f893694d.prompt</prompt>
      <isMultiSelect>false</isMultiSelect>
      <sourceDelimiter>|</sourceDelimiter>
    </userInputBinding>
    <userInputBinding id="36547489-0ef7-4904-9616-08546f1dffad">
      <annotation></annotation>
      <assignFromContext>true</assignFromContext>
      <assignToContext>true</assignToContext>
      <inputType>STRING</inputType>
      <isList>false</isList>
      <required>true</required>
      <isPersisted>true</isPersisted>
      <inputSymbol>addDiskMode</inputSymbol>
      <listDelimiter>,</listDelimiter>
      <record>false</record>
      <prompt>e7c7d49c-5898-4c82-b709-073e89941f43.36547489-0ef7-4904-9616-08546f1dffad.prompt</prompt>
      <isMultiSelect>false</isMultiSelect>
      <sourceDelimiter>|</sourceDelimiter>
    </userInputBinding>
    <userInputBinding id="0940f706-8e87-4482-a040-36e2efda8b32">
      <annotation></annotation>
      <assignFromContext>true</assignFromContext>
      <assignToContext>true</assignToContext>
      <inputType>STRING</inputType>
      <isList>false</isList>
      <required>true</required>
      <isPersisted>true</isPersisted>
      <inputSymbol>addThinProvision</inputSymbol>
      <listDelimiter>,</listDelimiter>
      <record>false</record>
      <prompt>e7c7d49c-5898-4c82-b709-073e89941f43.0940f706-8e87-4482-a040-36e2efda8b32.prompt</prompt>
      <isMultiSelect>false</isMultiSelect>
      <sourceDelimiter>|</sourceDelimiter>
    </userInputBinding>
  </inputs>
  <scriptlet id="03dad264-3dfc-44ba-9ec9-dd25f54608f4">
    <annotation></annotation>
    <name>Operation vCenter_configDisks (e7c7d49c-5898-4c82-b709-073e89941f43)</name>
    <type>RHINO</type>
  </scriptlet>
  <possibleResponses>
    <opResponse id="a98c8854-eea2-4a61-b7f1-c79385b32de0">
      <annotation></annotation>
      <name>failure</name>
      <isDefault>false</isDefault>
      <onFailure>true</onFailure>
      <type>ERROR</type>
      <matchRules/>
    </opResponse>
    <opResponse id="3ebb4334-d377-4d11-8332-71cfaa4f1a86">
      <annotation></annotation>
      <name>success</name>
      <isDefault>true</isDefault>
      <onFailure>false</onFailure>
      <type>RESOLVED</type>
      <matchRules/>
    </opResponse>
  </possibleResponses>
  <availableResultExpressions/>
  <resultExpression id="55d2659d-801b-4ed5-a544-d033ad1da694">
    <annotation></annotation>
    <name>FailureMessage</name>
    <fieldName>FailureMessage</fieldName>
    <sourceType>RAWRESULT</sourceType>
    <filters/>
  </resultExpression>
  <iconSpec id="4b4d191d-cba3-46bf-8da7-f035a82139ee">
    <baseIcon>flow.png</baseIcon>
    <basePath>System</basePath>
    <readOnly>false</readOnly>
    <layers/>
  </iconSpec>
  <callouts/>
  <checkPointFlow>true</checkPointFlow>
  <compatibleRuntimeContext>false</compatibleRuntimeContext>
  <historyCheckPointFlow>true</historyCheckPointFlow>
  <steps>
    <step id="d61bccb0-7783-4291-aa3d-eea3c7ad6bad">
      <annotation>e7c7d49c-5898-4c82-b709-073e89941f43.d61bccb0-7783-4291-aa3d-eea3c7ad6bad.description</annotation>
      <name>Extend Disk</name>
      <bounds>
        <x>57.0</x>
        <y>71.0</y>
      </bounds>
      <layer>-1</layer>
      <hideInbound>false</hideInbound>
      <addResultToRunContext>false</addResultToRunContext>
      <isCriticalStep>false</isCriticalStep>
      <isNonBlocking>false</isNonBlocking>
      <isParallelStep>false</isParallelStep>
      <isSingleResponse>false</isSingleResponse>
      <recordInHistory>false</recordInHistory>
      <recordRawOutput>true</recordRawOutput>
      <recordPrimaryOutput>true</recordPrimaryOutput>
      <checkPointStep>true</checkPointStep>
      <historyCheckPointStep>true</historyCheckPointStep>
      <scriptResultStep>false</scriptResultStep>
      <userPrompt></userPrompt>
      <bindings>
        <userInputBinding id="6c751a9e-0007-4044-bc19-9e726712fb1b">
          <annotation></annotation>
          <toContextKey></toContextKey>
          <fromContextKey></fromContextKey>
          <assignFromContext>true</assignFromContext>
          <assignToContext>true</assignToContext>
          <inputType>STRING</inputType>
          <isList>false</isList>
          <required>true</required>
          <isPersisted>true</isPersisted>
          <inputSymbol>host</inputSymbol>
          <listDelimiter>,</listDelimiter>
          <record>false</record>
          <prompt>e7c7d49c-5898-4c82-b709-073e89941f43.6c751a9e-0007-4044-bc19-9e726712fb1b.prompt</prompt>
          <isMultiSelect>false</isMultiSelect>
          <sourceDelimiter>|</sourceDelimiter>
        </userInputBinding>
        <userInputBinding id="584d8e81-a6f2-46d3-b859-ecce91315800">
          <annotation></annotation>
          <toContextKey></toContextKey>
          <fromContextKey></fromContextKey>
          <assignFromContext>true</assignFromContext>
          <assignToContext>true</assignToContext>
          <inputType>STRING</inputType>
          <isList>false</isList>
          <required>true</required>
          <isPersisted>true</isPersisted>
          <inputSymbol>user</inputSymbol>
          <listDelimiter>,</listDelimiter>
          <record>false</record>
          <prompt>e7c7d49c-5898-4c82-b709-073e89941f43.584d8e81-a6f2-46d3-b859-ecce91315800.prompt</prompt>
          <isMultiSelect>false</isMultiSelect>
          <sourceDelimiter>|</sourceDelimiter>
        </userInputBinding>
        <userInputBinding id="b2ec3ce5-38e0-4b91-ae0b-fce57b2fbf77">
          <annotation></annotation>
          <toContextKey></toContextKey>
          <fromContextKey></fromContextKey>
          <assignFromContext>true</assignFromContext>
          <assignToContext>true</assignToContext>
          <inputType>ENCRYPTED</inputType>
          <isList>false</isList>
          <required>true</required>
          <isPersisted>true</isPersisted>
          <inputSymbol>password</inputSymbol>
          <listDelimiter>,</listDelimiter>
          <record>false</record>
          <prompt>e7c7d49c-5898-4c82-b709-073e89941f43.b2ec3ce5-38e0-4b91-ae0b-fce57b2fbf77.prompt</prompt>
          <isMultiSelect>false</isMultiSelect>
          <sourceDelimiter>|</sourceDelimiter>
        </userInputBinding>
        <userInputBinding id="79f4becb-00e9-4bb6-bbda-ca3b618a72a9">
          <annotation></annotation>
          <toContextKey></toContextKey>
          <fromContextKey></fromContextKey>
          <assignFromContext>true</assignFromContext>
          <assignToContext>true</assignToContext>
          <inputType>STRING</inputType>
          <isList>false</isList>
          <required>true</required>
          <isPersisted>true</isPersisted>
          <inputSymbol>port</inputSymbol>
          <listDelimiter>,</listDelimiter>
          <record>false</record>
          <prompt>e7c7d49c-5898-4c82-b709-073e89941f43.79f4becb-00e9-4bb6-bbda-ca3b618a72a9.prompt</prompt>
          <isMultiSelect>false</isMultiSelect>
          <sourceDelimiter>|</sourceDelimiter>
        </userInputBinding>
        <userInputBinding id="bd7f6b8a-6ab7-4b71-b7b8-1ba36873473f">
          <annotation></annotation>
          <toContextKey></toContextKey>
          <fromContextKey></fromContextKey>
          <assignFromContext>true</assignFromContext>
          <assignToContext>true</assignToContext>
          <inputType>STRING</inputType>
          <isList>false</isList>
          <required>true</required>
          <isPersisted>true</isPersisted>
          <inputSymbol>protocol</inputSymbol>
          <listDelimiter>,</listDelimiter>
          <record>false</record>
          <prompt>e7c7d49c-5898-4c82-b709-073e89941f43.bd7f6b8a-6ab7-4b71-b7b8-1ba36873473f.prompt</prompt>
          <isMultiSelect>false</isMultiSelect>
          <sourceDelimiter>|</sourceDelimiter>
        </userInputBinding>
        <userInputBinding id="ec0b019f-2cb3-4c86-a57d-3694f83b9950">
          <annotation></annotation>
          <toContextKey></toContextKey>
          <fromContextKey></fromContextKey>
          <assignFromContext>true</assignFromContext>
          <assignToContext>true</assignToContext>
          <inputType>STRING</inputType>
          <isList>false</isList>
          <required>true</required>
          <isPersisted>true</isPersisted>
          <inputSymbol>closeSession</inputSymbol>
          <listDelimiter>,</listDelimiter>
          <record>false</record>
          <prompt>e7c7d49c-5898-4c82-b709-073e89941f43.ec0b019f-2cb3-4c86-a57d-3694f83b9950.prompt</prompt>
          <isMultiSelect>false</isMultiSelect>
          <sourceDelimiter>|</sourceDelimiter>
        </userInputBinding>
        <userInputBinding id="a5c664ab-32a6-4e58-b320-6f1cc9fe40cb">
          <annotation></annotation>
          <toContextKey></toContextKey>
          <fromContextKey></fromContextKey>
          <assignFromContext>true</assignFromContext>
          <assignToContext>true</assignToContext>
          <inputType>STRING</inputType>
          <isList>false</isList>
          <required>true</required>
          <isPersisted>true</isPersisted>
          <inputSymbol>async</inputSymbol>
          <listDelimiter>,</listDelimiter>
          <record>false</record>
          <prompt>e7c7d49c-5898-4c82-b709-073e89941f43.a5c664ab-32a6-4e58-b320-6f1cc9fe40cb.prompt</prompt>
          <isMultiSelect>false</isMultiSelect>
          <sourceDelimiter>|</sourceDelimiter>
        </userInputBinding>
        <userInputBinding id="6ca57cf1-7f4e-4d19-907f-ba36c5ba9779">
          <annotation></annotation>
          <toContextKey></toContextKey>
          <fromContextKey></fromContextKey>
          <assignFromContext>true</assignFromContext>
          <assignToContext>true</assignToContext>
          <inputType>STRING</inputType>
          <isList>false</isList>
          <required>false</required>
          <isPersisted>true</isPersisted>
          <inputSymbol>taskTimeOut</inputSymbol>
          <listDelimiter>,</listDelimiter>
          <record>false</record>
          <prompt>e7c7d49c-5898-4c82-b709-073e89941f43.6ca57cf1-7f4e-4d19-907f-ba36c5ba9779.prompt</prompt>
          <isMultiSelect>false</isMultiSelect>
          <sourceDelimiter>|</sourceDelimiter>
        </userInputBinding>
        <userInputBinding id="2afe624f-a74c-4b22-b2e7-cc708a25b348">
          <annotation></annotation>
          <assignFromContext>true</assignFromContext>
          <assignToContext>true</assignToContext>
          <inputType>STRING</inputType>
          <isList>false</isList>
          <required>true</required>
          <isPersisted>true</isPersisted>
          <inputSymbol>vmIdentifierType</inputSymbol>
          <listDelimiter>,</listDelimiter>
          <record>false</record>
          <prompt>e7c7d49c-5898-4c82-b709-073e89941f43.2afe624f-a74c-4b22-b2e7-cc708a25b348.prompt</prompt>
          <isMultiSelect>false</isMultiSelect>
          <sourceDelimiter>|</sourceDelimiter>
        </userInputBinding>
        <userInputBinding id="3103408c-e04a-4155-9684-8fdddddb2344">
          <annotation></annotation>
          <toContextKey>vmID</toContextKey>
          <fromContextKey>vmID</fromContextKey>
          <assignFromContext>true</assignFromContext>
          <assignToContext>true</assignToContext>
          <inputType>STRING</inputType>
          <isList>false</isList>
          <required>true</required>
          <isPersisted>true</isPersisted>
          <inputSymbol>virtualMachine</inputSymbol>
          <listDelimiter>,</listDelimiter>
          <record>false</record>
          <prompt>e7c7d49c-5898-4c82-b709-073e89941f43.3103408c-e04a-4155-9684-8fdddddb2344.prompt</prompt>
          <isMultiSelect>false</isMultiSelect>
          <sourceDelimiter>|</sourceDelimiter>
        </userInputBinding>
        <userInputBinding id="db55652f-1a9f-4622-94df-daf54f868623">
          <annotation></annotation>
          <toContextKey></toContextKey>
          <fromContextKey></fromContextKey>
          <assignFromContext>true</assignFromContext>
          <assignToContext>true</assignToContext>
          <inputType>STRING</inputType>
          <isList>false</isList>
          <required>false</required>
          <isPersisted>true</isPersisted>
          <inputSymbol>vmDatacenter</inputSymbol>
          <listDelimiter>,</listDelimiter>
          <record>false</record>
          <prompt>e7c7d49c-5898-4c82-b709-073e89941f43.db55652f-1a9f-4622-94df-daf54f868623.prompt</prompt>
          <isMultiSelect>false</isMultiSelect>
          <sourceDelimiter>|</sourceDelimiter>
        </userInputBinding>
        <userInputBinding id="075ef78a-ffce-4c55-b726-1bebf0d0fb70">
          <annotation></annotation>
          <toContextKey>extendDiskSize</toContextKey>
          <fromContextKey>extendDiskSize</fromContextKey>
          <assignFromContext>true</assignFromContext>
          <assignToContext>true</assignToContext>
          <inputType>STRING</inputType>
          <isList>false</isList>
          <required>true</required>
          <isPersisted>true</isPersisted>
          <inputSymbol>diskSize</inputSymbol>
          <listDelimiter>,</listDelimiter>
          <record>false</record>
          <prompt>e7c7d49c-5898-4c82-b709-073e89941f43.075ef78a-ffce-4c55-b726-1bebf0d0fb70.prompt</prompt>
          <isMultiSelect>false</isMultiSelect>
          <sourceDelimiter>|</sourceDelimiter>
        </userInputBinding>
        <userInputBinding id="faa63143-f0f0-4b1c-a04a-521d3822bdbe">
          <annotation></annotation>
          <assignFromContext>true</assignFromContext>
          <assignToContext>true</assignToContext>
          <inputType>STRING</inputType>
          <isList>false</isList>
          <required>true</required>
          <isPersisted>true</isPersisted>
          <inputSymbol>deviceNumber</inputSymbol>
          <listDelimiter>,</listDelimiter>
          <record>false</record>
          <prompt>e7c7d49c-5898-4c82-b709-073e89941f43.faa63143-f0f0-4b1c-a04a-521d3822bdbe.prompt</prompt>
          <isMultiSelect>false</isMultiSelect>
          <sourceDelimiter>|</sourceDelimiter>
        </userInputBinding>
      </bindings>
      <transitions>
        <transition id="becd4ef4-ceee-4435-8c2f-de37c8f08a29">
          <annotation></annotation>
          <name>failure</name>
          <command>NEXT</command>
          <linkMode>false</linkMode>
          <responseSymbol>failure</responseSymbol>
          <shouldHandoff>false</shouldHandoff>
          <transitionValue>0.0</transitionValue>
          <destination>
            <refId>d2174661-1e2a-4404-aa1d-ab142eaf48ef</refId>
          </destination>
          <source>
            <refId>d61bccb0-7783-4291-aa3d-eea3c7ad6bad</refId>
          </source>
          <positions>
            <point>
              <x>349.0</x>
              <y>570.0</y>
            </point>
            <point>
              <x>509.0</x>
              <y>733.0</y>
            </point>
          </positions>
          <labelPosition>
            <x>333.0</x>
            <y>0.0</y>
          </labelPosition>
        </transition>
        <transition id="04186939-c4b5-4ae0-876a-b590ba93ade1">
          <annotation></annotation>
          <name>success</name>
          <command>NEXT</command>
          <linkMode>false</linkMode>
          <responseSymbol>success</responseSymbol>
          <shouldHandoff>false</shouldHandoff>
          <transitionValue>0.0</transitionValue>
          <destination>
            <refId>a18c171c-4a13-46c8-a08d-481f3308540f</refId>
          </destination>
          <source>
            <refId>d61bccb0-7783-4291-aa3d-eea3c7ad6bad</refId>
          </source>
          <positions>
            <point>
              <x>107.0</x>
              <y>105.0</y>
            </point>
            <point>
              <x>351.0</x>
              <y>105.0</y>
            </point>
          </positions>
          <labelPosition>
            <x>333.0</x>
            <y>0.0</y>
          </labelPosition>
        </transition>
      </transitions>
      <properties/>
      <opRef>
        <refId>962a921f-fc52-4ed0-8f97-a7632ef305a0</refId>
      </opRef>
      <assignments/>
      <throttleSize>0</throttleSize>
    </step>
    <step id="a18c171c-4a13-46c8-a08d-481f3308540f">
      <annotation>e7c7d49c-5898-4c82-b709-073e89941f43.a18c171c-4a13-46c8-a08d-481f3308540f.description</annotation>
      <name>Multiply</name>
      <bounds>
        <x>301.0</x>
        <y>71.0</y>
      </bounds>
      <layer>-1</layer>
      <hideInbound>false</hideInbound>
      <addResultToRunContext>false</addResultToRunContext>
      <isCriticalStep>false</isCriticalStep>
      <isNonBlocking>false</isNonBlocking>
      <isParallelStep>false</isParallelStep>
      <isSingleResponse>false</isSingleResponse>
      <recordInHistory>false</recordInHistory>
      <recordRawOutput>true</recordRawOutput>
      <recordPrimaryOutput>true</recordPrimaryOutput>
      <checkPointStep>true</checkPointStep>
      <historyCheckPointStep>true</historyCheckPointStep>
      <scriptResultStep>false</scriptResultStep>
      <userPrompt></userPrompt>
      <bindings>
        <staticBinding id="cfc75f4d-80a4-4c4e-8b2c-8a008ecc481a">
          <annotation></annotation>
          <assignFromContext>true</assignFromContext>
          <assignToContext>true</assignToContext>
          <inputType>STRING</inputType>
          <isList>false</isList>
          <required>true</required>
          <isPersisted>true</isPersisted>
          <inputSymbol>value1</inputSymbol>
          <listDelimiter>,</listDelimiter>
          <value>${addDiskSize}</value>
          <record>false</record>
          <validationFormat>
            <refId>69c5e11d-2f62-488c-b02b-9c507dcb9088</refId>
            <refName>numeric</refName>
          </validationFormat>
        </staticBinding>
        <staticBinding id="2fe7d7a2-8fa3-42c6-bb10-64eb6dd1f855">
          <annotation></annotation>
          <assignFromContext>true</assignFromContext>
          <assignToContext>true</assignToContext>
          <inputType>STRING</inputType>
          <isList>false</isList>
          <required>true</required>
          <isPersisted>true</isPersisted>
          <inputSymbol>value2</inputSymbol>
          <listDelimiter>,</listDelimiter>
          <value>1024</value>
          <record>false</record>
          <validationFormat>
            <refId>69c5e11d-2f62-488c-b02b-9c507dcb9088</refId>
            <refName>numeric</refName>
          </validationFormat>
        </staticBinding>
        <staticBinding id="0e6f1cec-e715-4a65-bdd9-3fc35341ef27">
          <annotation></annotation>
          <toContextKey></toContextKey>
          <fromContextKey></fromContextKey>
          <assignFromContext>false</assignFromContext>
          <assignToContext>false</assignToContext>
          <inputType>STRING</inputType>
          <recordKey></recordKey>
          <isList>false</isList>
          <required>false</required>
          <isPersisted>true</isPersisted>
          <inputSymbol>operation</inputSymbol>
          <listDelimiter></listDelimiter>
          <value>*</value>
          <record>false</record>
        </staticBinding>
      </bindings>
      <transitions>
        <transition id="c96fe576-96ad-4d1b-9337-2bca976baf68">
          <annotation></annotation>
          <name>success</name>
          <command>NEXT</command>
          <linkMode>false</linkMode>
          <responseSymbol>success</responseSymbol>
          <shouldHandoff>false</shouldHandoff>
          <transitionValue>0.0</transitionValue>
          <destination>
            <refId>274f9da6-be61-4a72-9c2b-9dfb58cee2c0</refId>
          </destination>
          <source>
            <refId>a18c171c-4a13-46c8-a08d-481f3308540f</refId>
          </source>
          <positions>
            <point>
              <x>351.0</x>
              <y>105.0</y>
            </point>
            <point>
              <x>556.0</x>
              <y>115.0</y>
            </point>
          </positions>
          <labelPosition>
            <x>333.0</x>
            <y>0.0</y>
          </labelPosition>
        </transition>
        <transition id="d1d8e1b4-be4b-428b-a994-7557c06d20ba">
          <annotation></annotation>
          <name>failure</name>
          <command>NEXT</command>
          <linkMode>false</linkMode>
          <responseSymbol>failure</responseSymbol>
          <shouldHandoff>false</shouldHandoff>
          <transitionValue>0.0</transitionValue>
          <destination>
            <refId>d2174661-1e2a-4404-aa1d-ab142eaf48ef</refId>
          </destination>
          <source>
            <refId>a18c171c-4a13-46c8-a08d-481f3308540f</refId>
          </source>
          <positions>
            <point>
              <x>351.0</x>
              <y>105.0</y>
            </point>
            <point>
              <x>397.0</x>
              <y>382.0</y>
            </point>
          </positions>
          <labelPosition>
            <x>333.0</x>
            <y>0.0</y>
          </labelPosition>
        </transition>
      </transitions>
      <properties/>
      <opRef>
        <refId>37239bfc-97fe-44e8-8b46-7f6efa7fa6a5</refId>
      </opRef>
      <assignments>
        <flowVariableAssignment id="e7d53e40-a5af-4970-8282-05834763392a">
          <annotation></annotation>
          <name>assignment</name>
          <action>OVERWRITE</action>
          <assignmentTargetType>FLOW_VARIABLE</assignmentTargetType>
          <contextKey>addDiskSize</contextKey>
          <expression id="9c7822b7-de72-47dd-9735-5e92e6f9ad1b">
            <annotation></annotation>
            <name>Result Field: result</name>
            <fieldName>result</fieldName>
            <sourceType>RAWRESULT</sourceType>
            <filters/>
          </expression>
        </flowVariableAssignment>
      </assignments>
      <throttleSize>0</throttleSize>
    </step>
    <returnStep id="d2174661-1e2a-4404-aa1d-ab142eaf48ef">
      <annotation></annotation>
      <name>Error : failure</name>
      <bounds>
        <x>347.0</x>
        <y>348.0</y>
      </bounds>
      <layer>-1</layer>
      <hideInbound>false</hideInbound>
      <addResultToRunContext>false</addResultToRunContext>
      <isCriticalStep>false</isCriticalStep>
      <isNonBlocking>false</isNonBlocking>
      <isParallelStep>false</isParallelStep>
      <isSingleResponse>false</isSingleResponse>
      <recordInHistory>false</recordInHistory>
      <recordRawOutput>true</recordRawOutput>
      <recordPrimaryOutput>true</recordPrimaryOutput>
      <checkPointStep>true</checkPointStep>
      <historyCheckPointStep>true</historyCheckPointStep>
      <scriptResultStep>false</scriptResultStep>
      <userPrompt></userPrompt>
      <bindings>
        <staticBinding id="fb92dbef-c5d2-4fbf-822d-25410ebd3f2d">
          <annotation></annotation>
          <assignFromContext>true</assignFromContext>
          <assignToContext>true</assignToContext>
          <inputType>STRING</inputType>
          <isList>false</isList>
          <required>false</required>
          <isPersisted>true</isPersisted>
          <inputSymbol>processStatus</inputSymbol>
          <listDelimiter>,</listDelimiter>
          <value>Failed to create server with the given configuration</value>
          <record>false</record>
        </staticBinding>
      </bindings>
      <transitions>
        <transition id="007b9799-ceb6-401a-a30e-e2548169f14b">
          <annotation></annotation>
          <name>return</name>
          <command>NEXT</command>
          <linkMode>false</linkMode>
          <responseSymbol>failure</responseSymbol>
          <shouldHandoff>false</shouldHandoff>
          <transitionValue>0.0</transitionValue>
          <destination>
            <refId>d2174661-1e2a-4404-aa1d-ab142eaf48ef</refId>
          </destination>
          <source>
            <refId>d2174661-1e2a-4404-aa1d-ab142eaf48ef</refId>
          </source>
          <positions/>
        </transition>
      </transitions>
      <properties/>
      <returnStepType>ERROR</returnStepType>
      <assignments>
        <flowVariableAssignment id="a58dc4df-28a6-4e76-9281-c5255069e02c">
          <annotation></annotation>
          <name>assignment</name>
          <action>OVERWRITE</action>
          <assignmentTargetType>FLOW_OUTPUT_FIELD</assignmentTargetType>
          <contextKey>processStatus</contextKey>
          <expression id="3f6a09af-bfe9-41db-892c-1bcbe489f44a">
            <annotation></annotation>
            <name>Input: processStatus</name>
            <fieldName>processStatus</fieldName>
            <sourceType>INPUT</sourceType>
            <filters/>
          </expression>
        </flowVariableAssignment>
      </assignments>
    </returnStep>
    <returnStep id="db9fa179-853e-49c4-9e43-a122e3b05fba">
      <annotation></annotation>
      <name>Resolved : success</name>
      <bounds>
        <x>890.0</x>
        <y>130.0</y>
      </bounds>
      <layer>-1</layer>
      <hideInbound>false</hideInbound>
      <addResultToRunContext>false</addResultToRunContext>
      <isCriticalStep>false</isCriticalStep>
      <isNonBlocking>false</isNonBlocking>
      <isParallelStep>false</isParallelStep>
      <isSingleResponse>false</isSingleResponse>
      <recordInHistory>false</recordInHistory>
      <recordRawOutput>true</recordRawOutput>
      <recordPrimaryOutput>true</recordPrimaryOutput>
      <checkPointStep>true</checkPointStep>
      <historyCheckPointStep>true</historyCheckPointStep>
      <scriptResultStep>false</scriptResultStep>
      <userPrompt></userPrompt>
      <bindings/>
      <transitions>
        <transition id="c3294b20-5abd-4e61-9ddb-9bf073448498">
          <annotation></annotation>
          <name>return</name>
          <command>NEXT</command>
          <linkMode>false</linkMode>
          <responseSymbol>success</responseSymbol>
          <shouldHandoff>false</shouldHandoff>
          <transitionValue>0.0</transitionValue>
          <destination>
            <refId>db9fa179-853e-49c4-9e43-a122e3b05fba</refId>
          </destination>
          <source>
            <refId>db9fa179-853e-49c4-9e43-a122e3b05fba</refId>
          </source>
          <positions/>
        </transition>
      </transitions>
      <properties/>
      <returnStepType>RESOLVED</returnStepType>
      <assignments/>
    </returnStep>
    <step id="274f9da6-be61-4a72-9c2b-9dfb58cee2c0">
      <annotation>e7c7d49c-5898-4c82-b709-073e89941f43.274f9da6-be61-4a72-9c2b-9dfb58cee2c0.description</annotation>
      <name>Add Data Disk</name>
      <bounds>
        <x>506.0</x>
        <y>81.0</y>
      </bounds>
      <layer>-1</layer>
      <hideInbound>false</hideInbound>
      <addResultToRunContext>false</addResultToRunContext>
      <isCriticalStep>false</isCriticalStep>
      <isNonBlocking>false</isNonBlocking>
      <isParallelStep>false</isParallelStep>
      <isSingleResponse>false</isSingleResponse>
      <recordInHistory>false</recordInHistory>
      <recordRawOutput>true</recordRawOutput>
      <recordPrimaryOutput>true</recordPrimaryOutput>
      <checkPointStep>true</checkPointStep>
      <historyCheckPointStep>true</historyCheckPointStep>
      <scriptResultStep>false</scriptResultStep>
      <userPrompt></userPrompt>
      <bindings>
        <userInputBinding id="ad66b31d-ccd1-4515-81b4-29f2d93ca25b">
          <annotation></annotation>
          <toContextKey></toContextKey>
          <fromContextKey></fromContextKey>
          <assignFromContext>true</assignFromContext>
          <assignToContext>true</assignToContext>
          <inputType>STRING</inputType>
          <isList>false</isList>
          <required>true</required>
          <isPersisted>true</isPersisted>
          <inputSymbol>host</inputSymbol>
          <listDelimiter>,</listDelimiter>
          <record>false</record>
          <prompt>e7c7d49c-5898-4c82-b709-073e89941f43.ad66b31d-ccd1-4515-81b4-29f2d93ca25b.prompt</prompt>
          <isMultiSelect>false</isMultiSelect>
          <sourceDelimiter>|</sourceDelimiter>
        </userInputBinding>
        <userInputBinding id="2c5eb332-129c-44e0-9d0f-c836269c8a83">
          <annotation></annotation>
          <toContextKey></toContextKey>
          <fromContextKey></fromContextKey>
          <assignFromContext>true</assignFromContext>
          <assignToContext>true</assignToContext>
          <inputType>STRING</inputType>
          <isList>false</isList>
          <required>true</required>
          <isPersisted>true</isPersisted>
          <inputSymbol>user</inputSymbol>
          <listDelimiter>,</listDelimiter>
          <record>false</record>
          <prompt>e7c7d49c-5898-4c82-b709-073e89941f43.2c5eb332-129c-44e0-9d0f-c836269c8a83.prompt</prompt>
          <isMultiSelect>false</isMultiSelect>
          <sourceDelimiter>|</sourceDelimiter>
        </userInputBinding>
        <userInputBinding id="887ad917-8af2-4791-bb88-557d2543d847">
          <annotation></annotation>
          <toContextKey></toContextKey>
          <fromContextKey></fromContextKey>
          <assignFromContext>true</assignFromContext>
          <assignToContext>true</assignToContext>
          <inputType>ENCRYPTED</inputType>
          <isList>false</isList>
          <required>true</required>
          <isPersisted>true</isPersisted>
          <inputSymbol>password</inputSymbol>
          <listDelimiter>,</listDelimiter>
          <record>false</record>
          <prompt>e7c7d49c-5898-4c82-b709-073e89941f43.887ad917-8af2-4791-bb88-557d2543d847.prompt</prompt>
          <isMultiSelect>false</isMultiSelect>
          <sourceDelimiter>|</sourceDelimiter>
        </userInputBinding>
        <userInputBinding id="a0e126f7-3a39-466e-8aa3-d81a481cfb7b">
          <annotation></annotation>
          <toContextKey></toContextKey>
          <fromContextKey></fromContextKey>
          <assignFromContext>true</assignFromContext>
          <assignToContext>true</assignToContext>
          <inputType>STRING</inputType>
          <isList>false</isList>
          <required>true</required>
          <isPersisted>true</isPersisted>
          <inputSymbol>port</inputSymbol>
          <listDelimiter>,</listDelimiter>
          <record>false</record>
          <prompt>e7c7d49c-5898-4c82-b709-073e89941f43.a0e126f7-3a39-466e-8aa3-d81a481cfb7b.prompt</prompt>
          <isMultiSelect>false</isMultiSelect>
          <sourceDelimiter>|</sourceDelimiter>
        </userInputBinding>
        <userInputBinding id="539f0c9d-88bf-4735-bbec-0e303a01de2c">
          <annotation></annotation>
          <toContextKey></toContextKey>
          <fromContextKey></fromContextKey>
          <assignFromContext>true</assignFromContext>
          <assignToContext>true</assignToContext>
          <inputType>STRING</inputType>
          <isList>false</isList>
          <required>true</required>
          <isPersisted>true</isPersisted>
          <inputSymbol>protocol</inputSymbol>
          <listDelimiter>,</listDelimiter>
          <record>false</record>
          <prompt>e7c7d49c-5898-4c82-b709-073e89941f43.539f0c9d-88bf-4735-bbec-0e303a01de2c.prompt</prompt>
          <isMultiSelect>false</isMultiSelect>
          <sourceDelimiter>|</sourceDelimiter>
        </userInputBinding>
        <userInputBinding id="339f3d3f-b676-4090-9a82-66b18c935ef5">
          <annotation></annotation>
          <toContextKey></toContextKey>
          <fromContextKey></fromContextKey>
          <assignFromContext>true</assignFromContext>
          <assignToContext>true</assignToContext>
          <inputType>STRING</inputType>
          <isList>false</isList>
          <required>true</required>
          <isPersisted>true</isPersisted>
          <inputSymbol>closeSession</inputSymbol>
          <listDelimiter>,</listDelimiter>
          <record>false</record>
          <prompt>e7c7d49c-5898-4c82-b709-073e89941f43.339f3d3f-b676-4090-9a82-66b18c935ef5.prompt</prompt>
          <isMultiSelect>false</isMultiSelect>
          <sourceDelimiter>|</sourceDelimiter>
        </userInputBinding>
        <userInputBinding id="fa95da0f-c30a-42db-becb-a419585be0c9">
          <annotation></annotation>
          <toContextKey></toContextKey>
          <fromContextKey></fromContextKey>
          <assignFromContext>true</assignFromContext>
          <assignToContext>true</assignToContext>
          <inputType>STRING</inputType>
          <isList>false</isList>
          <required>true</required>
          <isPersisted>true</isPersisted>
          <inputSymbol>async</inputSymbol>
          <listDelimiter>,</listDelimiter>
          <record>false</record>
          <prompt>e7c7d49c-5898-4c82-b709-073e89941f43.fa95da0f-c30a-42db-becb-a419585be0c9.prompt</prompt>
          <isMultiSelect>false</isMultiSelect>
          <sourceDelimiter>|</sourceDelimiter>
        </userInputBinding>
        <userInputBinding id="8809218e-048c-4934-815b-0c622b4faef3">
          <annotation></annotation>
          <toContextKey></toContextKey>
          <fromContextKey></fromContextKey>
          <assignFromContext>true</assignFromContext>
          <assignToContext>true</assignToContext>
          <inputType>STRING</inputType>
          <isList>false</isList>
          <required>false</required>
          <isPersisted>true</isPersisted>
          <inputSymbol>taskTimeOut</inputSymbol>
          <listDelimiter>,</listDelimiter>
          <record>false</record>
          <prompt>e7c7d49c-5898-4c82-b709-073e89941f43.8809218e-048c-4934-815b-0c622b4faef3.prompt</prompt>
          <isMultiSelect>false</isMultiSelect>
          <sourceDelimiter>|</sourceDelimiter>
        </userInputBinding>
        <userInputBinding id="5dd11ea6-a025-40ae-84ac-013684ae466e">
          <annotation></annotation>
          <toContextKey></toContextKey>
          <fromContextKey></fromContextKey>
          <assignFromContext>true</assignFromContext>
          <assignToContext>true</assignToContext>
          <inputType>STRING</inputType>
          <isList>false</isList>
          <required>true</required>
          <isPersisted>true</isPersisted>
          <inputSymbol>vmIdentifierType</inputSymbol>
          <listDelimiter>,</listDelimiter>
          <record>false</record>
          <prompt>e7c7d49c-5898-4c82-b709-073e89941f43.5dd11ea6-a025-40ae-84ac-013684ae466e.prompt</prompt>
          <isMultiSelect>false</isMultiSelect>
          <sourceDelimiter>|</sourceDelimiter>
        </userInputBinding>
        <userInputBinding id="484414dd-6b5e-489f-9f20-bc1b6a7fa5d0">
          <annotation></annotation>
          <toContextKey>vmID</toContextKey>
          <fromContextKey>vmID</fromContextKey>
          <assignFromContext>true</assignFromContext>
          <assignToContext>true</assignToContext>
          <inputType>STRING</inputType>
          <isList>false</isList>
          <required>true</required>
          <isPersisted>true</isPersisted>
          <inputSymbol>virtualMachine</inputSymbol>
          <listDelimiter>,</listDelimiter>
          <record>false</record>
          <prompt>e7c7d49c-5898-4c82-b709-073e89941f43.484414dd-6b5e-489f-9f20-bc1b6a7fa5d0.prompt</prompt>
          <isMultiSelect>false</isMultiSelect>
          <sourceDelimiter>|</sourceDelimiter>
        </userInputBinding>
        <userInputBinding id="168e00ce-3b1b-4cc8-acb4-d35956977b88">
          <annotation></annotation>
          <toContextKey></toContextKey>
          <fromContextKey></fromContextKey>
          <assignFromContext>true</assignFromContext>
          <assignToContext>true</assignToContext>
          <inputType>STRING</inputType>
          <isList>false</isList>
          <required>true</required>
          <isPersisted>true</isPersisted>
          <inputSymbol>vmDatacenter</inputSymbol>
          <listDelimiter>,</listDelimiter>
          <record>false</record>
          <prompt>e7c7d49c-5898-4c82-b709-073e89941f43.168e00ce-3b1b-4cc8-acb4-d35956977b88.prompt</prompt>
          <isMultiSelect>false</isMultiSelect>
          <sourceDelimiter>|</sourceDelimiter>
        </userInputBinding>
        <userInputBinding id="407dc612-1cd1-4583-9f11-ab3357659948">
          <annotation></annotation>
          <toContextKey></toContextKey>
          <fromContextKey></fromContextKey>
          <assignFromContext>true</assignFromContext>
          <assignToContext>true</assignToContext>
          <inputType>STRING</inputType>
          <isList>false</isList>
          <required>true</required>
          <isPersisted>true</isPersisted>
          <inputSymbol>dataStore</inputSymbol>
          <listDelimiter>,</listDelimiter>
          <record>false</record>
          <prompt>e7c7d49c-5898-4c82-b709-073e89941f43.407dc612-1cd1-4583-9f11-ab3357659948.prompt</prompt>
          <isMultiSelect>false</isMultiSelect>
          <sourceDelimiter>|</sourceDelimiter>
        </userInputBinding>
        <userInputBinding id="21272556-1324-4c62-a9e1-e17d5aac571f">
          <annotation></annotation>
          <toContextKey></toContextKey>
          <fromContextKey></fromContextKey>
          <assignFromContext>true</assignFromContext>
          <assignToContext>true</assignToContext>
          <inputType>STRING</inputType>
          <isList>false</isList>
          <required>false</required>
          <isPersisted>true</isPersisted>
          <inputSymbol>diskPath</inputSymbol>
          <listDelimiter>,</listDelimiter>
          <record>false</record>
          <prompt>e7c7d49c-5898-4c82-b709-073e89941f43.21272556-1324-4c62-a9e1-e17d5aac571f.prompt</prompt>
          <isMultiSelect>false</isMultiSelect>
          <sourceDelimiter>|</sourceDelimiter>
        </userInputBinding>
        <staticBinding id="d5eba53d-31ce-4b50-b945-37e0c0447f1e">
          <annotation></annotation>
          <toContextKey>addDiskSize</toContextKey>
          <fromContextKey>addDiskSize</fromContextKey>
          <assignFromContext>false</assignFromContext>
          <assignToContext>false</assignToContext>
          <inputType>STRING</inputType>
          <isList>false</isList>
          <required>true</required>
          <isPersisted>true</isPersisted>
          <inputSymbol>vmDiskSize</inputSymbol>
          <listDelimiter>,</listDelimiter>
          <value>${addDiskSize}</value>
          <record>false</record>
        </staticBinding>
        <staticBinding id="943785f5-817c-4b4e-9876-3093d11cfa32">
          <annotation></annotation>
          <toContextKey>addDiskMode</toContextKey>
          <fromContextKey>addDiskMode</fromContextKey>
          <assignFromContext>true</assignFromContext>
          <assignToContext>true</assignToContext>
          <inputType>STRING</inputType>
          <isList>false</isList>
          <required>true</required>
          <isPersisted>true</isPersisted>
          <inputSymbol>diskMode</inputSymbol>
          <listDelimiter>,</listDelimiter>
          <value>persistent</value>
          <record>false</record>
        </staticBinding>
        <staticBinding id="610dc5e9-39c5-4ff4-b526-7b1d6d018d3f">
          <annotation></annotation>
          <toContextKey>addThinProvision</toContextKey>
          <fromContextKey>addThinProvision</fromContextKey>
          <assignFromContext>true</assignFromContext>
          <assignToContext>true</assignToContext>
          <inputType>STRING</inputType>
          <isList>false</isList>
          <required>true</required>
          <isPersisted>true</isPersisted>
          <inputSymbol>thinProvision</inputSymbol>
          <listDelimiter>,</listDelimiter>
          <value></value>
          <record>false</record>
        </staticBinding>
      </bindings>
      <transitions>
        <transition id="dbd6b727-1dab-4e59-8939-f9089b5f5499">
          <annotation></annotation>
          <name>success</name>
          <command>NEXT</command>
          <linkMode>false</linkMode>
          <responseSymbol>success</responseSymbol>
          <shouldHandoff>false</shouldHandoff>
          <transitionValue>0.0</transitionValue>
          <destination>
            <refId>db9fa179-853e-49c4-9e43-a122e3b05fba</refId>
          </destination>
          <source>
            <refId>274f9da6-be61-4a72-9c2b-9dfb58cee2c0</refId>
          </source>
          <positions>
            <point>
              <x>689.0</x>
              <y>566.0</y>
            </point>
            <point>
              <x>1052.0</x>
              <y>515.0</y>
            </point>
          </positions>
          <labelPosition>
            <x>333.0</x>
            <y>0.0</y>
          </labelPosition>
        </transition>
        <transition id="cb14e341-70df-4e2b-8bf1-2d28cd090416">
          <annotation></annotation>
          <name>failure</name>
          <command>NEXT</command>
          <linkMode>false</linkMode>
          <responseSymbol>failure</responseSymbol>
          <shouldHandoff>false</shouldHandoff>
          <transitionValue>0.0</transitionValue>
          <destination>
            <refId>d2174661-1e2a-4404-aa1d-ab142eaf48ef</refId>
          </destination>
          <source>
            <refId>274f9da6-be61-4a72-9c2b-9dfb58cee2c0</refId>
          </source>
          <positions>
            <point>
              <x>689.0</x>
              <y>566.0</y>
            </point>
            <point>
              <x>509.0</x>
              <y>733.0</y>
            </point>
          </positions>
          <labelPosition>
            <x>333.0</x>
            <y>0.0</y>
          </labelPosition>
        </transition>
      </transitions>
      <properties/>
      <opRef>
        <refId>adb88c60-bd2f-49ce-871b-d6c7166c05c4</refId>
      </opRef>
      <assignments/>
      <throttleSize>0</throttleSize>
    </step>
  </steps>
  <startSteps>d61bccb0-7783-4291-aa3d-eea3c7ad6bad</startSteps>
</flow>