<?xml version="1.0" encoding="UTF-8"?>
<flow id="e6185428-0052-4349-a4cd-d723366d08cd">
  <annotation></annotation>
  <name>VM_deleteSnapshots</name>
  <categories/>
  <inputs>
    <userInputBinding id="0b19cd41-416a-4228-b56c-2c6551ca042e">
      <annotation></annotation>
      <assignFromContext>true</assignFromContext>
      <assignToContext>false</assignToContext>
      <inputType>STRING</inputType>
      <isList>false</isList>
      <required>false</required>
      <isPersisted>true</isPersisted>
      <inputSymbol>server.resourcepool</inputSymbol>
      <listDelimiter>,</listDelimiter>
      <record>false</record>
      <prompt></prompt>
      <isMultiSelect>false</isMultiSelect>
      <sourceDelimiter>|</sourceDelimiter>
    </userInputBinding>
    <staticBinding id="a83654b7-f694-4940-9fb2-5f21bb5861e9">
      <annotation></annotation>
      <assignFromContext>true</assignFromContext>
      <assignToContext>false</assignToContext>
      <inputType>STRING</inputType>
      <isList>false</isList>
      <required>false</required>
      <isPersisted>true</isPersisted>
      <inputSymbol>vmmp.host</inputSymbol>
      <listDelimiter>,</listDelimiter>
      <value>${vmmp.host}</value>
      <record>false</record>
    </staticBinding>
    <userInputBinding id="31ca9946-1058-4c71-9c9d-a00c662cea8f">
      <annotation></annotation>
      <assignFromContext>true</assignFromContext>
      <assignToContext>true</assignToContext>
      <inputType>STRING</inputType>
      <isList>false</isList>
      <required>false</required>
      <isPersisted>true</isPersisted>
      <inputSymbol>server.hostname</inputSymbol>
      <listDelimiter>,</listDelimiter>
      <record>false</record>
      <prompt></prompt>
      <isMultiSelect>false</isMultiSelect>
      <sourceDelimiter>|</sourceDelimiter>
    </userInputBinding>
    <userInputBinding id="f5c29f3f-986d-467e-b278-e85a3d92350e">
      <annotation></annotation>
      <assignFromContext>true</assignFromContext>
      <assignToContext>true</assignToContext>
      <inputType>STRING</inputType>
      <isList>false</isList>
      <required>false</required>
      <isPersisted>true</isPersisted>
      <inputSymbol>dataStore</inputSymbol>
      <listDelimiter>,</listDelimiter>
      <record>false</record>
      <prompt></prompt>
      <isMultiSelect>false</isMultiSelect>
      <sourceDelimiter>|</sourceDelimiter>
    </userInputBinding>
    <userInputBinding id="7be01df0-5519-414e-a22a-679408b1cd48">
      <annotation></annotation>
      <assignFromContext>true</assignFromContext>
      <assignToContext>true</assignToContext>
      <inputType>STRING</inputType>
      <isList>false</isList>
      <required>false</required>
      <isPersisted>true</isPersisted>
      <inputSymbol>vmDatacenter</inputSymbol>
      <listDelimiter>,</listDelimiter>
      <record>false</record>
      <prompt></prompt>
      <isMultiSelect>false</isMultiSelect>
      <sourceDelimiter>|</sourceDelimiter>
    </userInputBinding>
  </inputs>
  <scriptlet id="5db74b8f-f521-4d89-a27f-e60b1ada740b">
    <annotation></annotation>
    <name>Operation VM_deleteSnapshots (e6185428-0052-4349-a4cd-d723366d08cd)</name>
    <type>RHINO</type>
  </scriptlet>
  <possibleResponses>
    <opResponse id="0df19f40-4094-426e-80cc-24e7cbb8d951">
      <annotation></annotation>
      <name>failure</name>
      <isDefault>false</isDefault>
      <onFailure>true</onFailure>
      <type>ERROR</type>
      <matchRules/>
    </opResponse>
    <opResponse id="8bb59ade-7544-40f0-a09c-fec721a98548">
      <annotation></annotation>
      <name>success</name>
      <isDefault>true</isDefault>
      <onFailure>false</onFailure>
      <type>RESOLVED</type>
      <matchRules/>
    </opResponse>
  </possibleResponses>
  <availableResultExpressions/>
  <resultExpression id="941cbcc1-d640-461e-8fce-35443a381c62">
    <annotation></annotation>
    <name>FailureMessage</name>
    <fieldName>FailureMessage</fieldName>
    <sourceType>RAWRESULT</sourceType>
    <filters/>
  </resultExpression>
  <iconSpec id="47d92953-0a6b-4d71-8bf6-28cb5aa0cd9f">
    <baseIcon>flow.png</baseIcon>
    <basePath>System</basePath>
    <readOnly>false</readOnly>
    <layers/>
  </iconSpec>
  <callouts/>
  <checkPointFlow>true</checkPointFlow>
  <compatibleRuntimeContext>false</compatibleRuntimeContext>
  <historyCheckPointFlow>true</historyCheckPointFlow>
  <steps>
    <step id="fded3e65-3eaf-4f9e-8970-6929eb7eaa1c">
      <annotation></annotation>
      <name>DB_GetVMMPByResourcePool</name>
      <bounds>
        <x>241.0</x>
        <y>329.0</y>
      </bounds>
      <layer>-1</layer>
      <hideInbound>false</hideInbound>
      <addResultToRunContext>false</addResultToRunContext>
      <isCriticalStep>false</isCriticalStep>
      <isNonBlocking>false</isNonBlocking>
      <isParallelStep>false</isParallelStep>
      <isSingleResponse>false</isSingleResponse>
      <recordInHistory>false</recordInHistory>
      <recordRawOutput>true</recordRawOutput>
      <recordPrimaryOutput>true</recordPrimaryOutput>
      <checkPointStep>true</checkPointStep>
      <historyCheckPointStep>true</historyCheckPointStep>
      <scriptResultStep>false</scriptResultStep>
      <userPrompt></userPrompt>
      <bindings>
        <userInputBinding id="3c15b7f1-76e8-4065-9f07-4b1aa95c0585">
          <annotation></annotation>
          <fromContextKey>server.resourcepool</fromContextKey>
          <assignFromContext>true</assignFromContext>
          <assignToContext>false</assignToContext>
          <inputType>STRING</inputType>
          <isList>false</isList>
          <required>true</required>
          <isPersisted>true</isPersisted>
          <inputSymbol>db.vmmp.resourcepool</inputSymbol>
          <listDelimiter>,</listDelimiter>
          <record>false</record>
          <prompt></prompt>
          <isMultiSelect>false</isMultiSelect>
          <sourceDelimiter>|</sourceDelimiter>
        </userInputBinding>
      </bindings>
      <transitions>
        <transition id="9029ee10-c29f-421f-924f-45c255d0a41f">
          <annotation></annotation>
          <name>failure</name>
          <command>NEXT</command>
          <linkMode>false</linkMode>
          <responseSymbol>failure</responseSymbol>
          <shouldHandoff>false</shouldHandoff>
          <transitionValue>0.0</transitionValue>
          <destination>
            <refId>e0a47e18-17d0-41bf-93fe-69f1fca37a01</refId>
          </destination>
          <source>
            <refId>fded3e65-3eaf-4f9e-8970-6929eb7eaa1c</refId>
          </source>
          <positions>
            <point>
              <x>291.0</x>
              <y>363.0</y>
            </point>
            <point>
              <x>453.0</x>
              <y>556.0</y>
            </point>
          </positions>
          <labelPosition>
            <x>333.0</x>
            <y>0.0</y>
          </labelPosition>
        </transition>
        <transition id="04dd737a-5b6f-4ac4-837e-b2d1548f309e">
          <annotation></annotation>
          <name>success</name>
          <command>NEXT</command>
          <linkMode>false</linkMode>
          <responseSymbol>success</responseSymbol>
          <shouldHandoff>false</shouldHandoff>
          <transitionValue>0.0</transitionValue>
          <destination>
            <refId>e7bdeac2-f74e-4260-9154-8c9026a1d863</refId>
          </destination>
          <source>
            <refId>fded3e65-3eaf-4f9e-8970-6929eb7eaa1c</refId>
          </source>
          <positions>
            <point>
              <x>291.0</x>
              <y>363.0</y>
            </point>
            <point>
              <x>541.0</x>
              <y>361.0</y>
            </point>
          </positions>
          <labelPosition>
            <x>333.0</x>
            <y>0.0</y>
          </labelPosition>
        </transition>
      </transitions>
      <properties/>
      <opRef>
        <refId>2d28b788-0a50-41e3-bdbc-f2378110a213</refId>
      </opRef>
      <assignments>
        <flowVariableAssignment id="597d82ce-a4f3-44de-a790-75c551cf6726">
          <annotation></annotation>
          <name>assignment</name>
          <action>OVERWRITE</action>
          <assignmentTargetType>FLOW_VARIABLE</assignmentTargetType>
          <contextKey>vmmp.type</contextKey>
          <expression id="7f34774e-8a56-4300-bd18-d6088957f2f3">
            <annotation></annotation>
            <name>Result: vmmp.type</name>
            <fieldName>vmmp.type</fieldName>
            <sourceType>AVAILABLE_RESULT</sourceType>
            <filters/>
          </expression>
        </flowVariableAssignment>
      </assignments>
      <throttleSize>0</throttleSize>
    </step>
    <returnStep id="5f41aed3-b724-428b-ba48-22da159bc352">
      <annotation></annotation>
      <name>Error : failure</name>
      <bounds>
        <x>858.0</x>
        <y>310.0</y>
      </bounds>
      <layer>-1</layer>
      <hideInbound>false</hideInbound>
      <addResultToRunContext>false</addResultToRunContext>
      <isCriticalStep>false</isCriticalStep>
      <isNonBlocking>false</isNonBlocking>
      <isParallelStep>false</isParallelStep>
      <isSingleResponse>false</isSingleResponse>
      <recordInHistory>false</recordInHistory>
      <recordRawOutput>true</recordRawOutput>
      <recordPrimaryOutput>true</recordPrimaryOutput>
      <checkPointStep>true</checkPointStep>
      <historyCheckPointStep>true</historyCheckPointStep>
      <scriptResultStep>false</scriptResultStep>
      <userPrompt></userPrompt>
      <bindings/>
      <transitions>
        <transition id="caaf5937-35c8-4e0c-827f-6483faeb3fef">
          <annotation></annotation>
          <name>return</name>
          <command>NEXT</command>
          <linkMode>false</linkMode>
          <responseSymbol>failure</responseSymbol>
          <shouldHandoff>false</shouldHandoff>
          <transitionValue>0.0</transitionValue>
          <destination>
            <refId>5f41aed3-b724-428b-ba48-22da159bc352</refId>
          </destination>
          <source>
            <refId>5f41aed3-b724-428b-ba48-22da159bc352</refId>
          </source>
          <positions/>
        </transition>
      </transitions>
      <properties/>
      <returnStepType>ERROR</returnStepType>
      <assignments/>
    </returnStep>
    <step id="da6a55a1-a9f6-4ffc-99d7-f2796d312d8f">
      <annotation>e6185428-0052-4349-a4cd-d723366d08cd.da6a55a1-a9f6-4ffc-99d7-f2796d312d8f.description</annotation>
      <name>Delete Snapshots</name>
      <bounds>
        <x>755.0</x>
        <y>107.0</y>
      </bounds>
      <layer>-1</layer>
      <hideInbound>false</hideInbound>
      <addResultToRunContext>false</addResultToRunContext>
      <isCriticalStep>false</isCriticalStep>
      <isNonBlocking>false</isNonBlocking>
      <isParallelStep>false</isParallelStep>
      <isSingleResponse>false</isSingleResponse>
      <recordInHistory>false</recordInHistory>
      <recordRawOutput>true</recordRawOutput>
      <recordPrimaryOutput>true</recordPrimaryOutput>
      <checkPointStep>true</checkPointStep>
      <historyCheckPointStep>true</historyCheckPointStep>
      <scriptResultStep>false</scriptResultStep>
      <userPrompt></userPrompt>
      <bindings>
        <staticBinding id="339c3a0e-3511-4974-b3a1-d2eed3ac75ee">
          <annotation></annotation>
          <toContextKey></toContextKey>
          <fromContextKey></fromContextKey>
          <assignFromContext>false</assignFromContext>
          <assignToContext>true</assignToContext>
          <inputType>STRING</inputType>
          <isList>false</isList>
          <required>true</required>
          <isPersisted>true</isPersisted>
          <inputSymbol>host</inputSymbol>
          <listDelimiter>,</listDelimiter>
          <value>${vmmp.host}</value>
          <record>false</record>
        </staticBinding>
        <identityBinding id="c334c477-56e0-4775-9434-a02f3387b632">
          <annotation></annotation>
          <toContextKey></toContextKey>
          <fromContextKey></fromContextKey>
          <assignFromContext>true</assignFromContext>
          <assignToContext>true</assignToContext>
          <inputType>ENCRYPTED</inputType>
          <isList>false</isList>
          <required>false</required>
          <isPersisted>true</isPersisted>
          <inputSymbol>user</inputSymbol>
          <listDelimiter>,</listDelimiter>
          <record>false</record>
          <link>
            <refId>175fb5fb-15e2-4aa9-a31b-3907e8c9cdcf</refId>
            <refName>pc.vcenter</refName>
          </link>
          <identityAttribute>USERNAME</identityAttribute>
        </identityBinding>
        <identityBinding id="199a6b08-6e7f-4cfa-b037-6f5dd6651992">
          <annotation></annotation>
          <toContextKey></toContextKey>
          <fromContextKey></fromContextKey>
          <assignFromContext>true</assignFromContext>
          <assignToContext>true</assignToContext>
          <inputType>ENCRYPTED</inputType>
          <recordKey></recordKey>
          <isList>false</isList>
          <required>true</required>
          <isPersisted>false</isPersisted>
          <inputSymbol>password</inputSymbol>
          <listDelimiter>,</listDelimiter>
          <record>false</record>
          <link>
            <refId>175fb5fb-15e2-4aa9-a31b-3907e8c9cdcf</refId>
            <refName>pc.vcenter</refName>
          </link>
          <identityAttribute>PASSWORD</identityAttribute>
        </identityBinding>
        <staticBinding id="0530f6a5-e419-4354-9bbe-a43cf3ccc174">
          <annotation></annotation>
          <toContextKey></toContextKey>
          <fromContextKey></fromContextKey>
          <assignFromContext>true</assignFromContext>
          <assignToContext>true</assignToContext>
          <inputType>STRING</inputType>
          <isList>false</isList>
          <required>true</required>
          <isPersisted>true</isPersisted>
          <inputSymbol>port</inputSymbol>
          <listDelimiter>,</listDelimiter>
          <value>443</value>
          <record>false</record>
        </staticBinding>
        <staticBinding id="3f01a897-7cd7-4edd-8432-1abdadbfb221">
          <annotation></annotation>
          <toContextKey></toContextKey>
          <fromContextKey></fromContextKey>
          <assignFromContext>true</assignFromContext>
          <assignToContext>true</assignToContext>
          <inputType>STRING</inputType>
          <isList>false</isList>
          <required>true</required>
          <isPersisted>true</isPersisted>
          <inputSymbol>protocol</inputSymbol>
          <listDelimiter>,</listDelimiter>
          <value>https</value>
          <record>false</record>
        </staticBinding>
        <staticBinding id="6f8cd512-7c38-4990-b54f-d62850b6f8f1">
          <annotation></annotation>
          <assignFromContext>true</assignFromContext>
          <assignToContext>true</assignToContext>
          <inputType>STRING</inputType>
          <isList>false</isList>
          <required>true</required>
          <isPersisted>true</isPersisted>
          <inputSymbol>closeSession</inputSymbol>
          <listDelimiter>,</listDelimiter>
          <value>true</value>
          <record>false</record>
        </staticBinding>
        <staticBinding id="87fe541b-ed8e-4ad2-8fd0-879ce63c0498">
          <annotation></annotation>
          <toContextKey></toContextKey>
          <fromContextKey></fromContextKey>
          <assignFromContext>true</assignFromContext>
          <assignToContext>true</assignToContext>
          <inputType>STRING</inputType>
          <isList>false</isList>
          <required>true</required>
          <isPersisted>true</isPersisted>
          <inputSymbol>async</inputSymbol>
          <listDelimiter>,</listDelimiter>
          <value>false</value>
          <record>false</record>
        </staticBinding>
        <staticBinding id="42b15bcc-6053-42b3-a908-c2879690a2d9">
          <annotation></annotation>
          <toContextKey></toContextKey>
          <fromContextKey></fromContextKey>
          <assignFromContext>true</assignFromContext>
          <assignToContext>true</assignToContext>
          <inputType>STRING</inputType>
          <isList>false</isList>
          <required>false</required>
          <isPersisted>true</isPersisted>
          <inputSymbol>taskTimeOut</inputSymbol>
          <listDelimiter>,</listDelimiter>
          <value>800</value>
          <record>false</record>
        </staticBinding>
        <staticBinding id="e541b5a2-71ab-43e7-9f3c-407b5f5f727b">
          <annotation></annotation>
          <toContextKey></toContextKey>
          <fromContextKey></fromContextKey>
          <assignFromContext>true</assignFromContext>
          <assignToContext>true</assignToContext>
          <inputType>STRING</inputType>
          <isList>false</isList>
          <required>true</required>
          <isPersisted>true</isPersisted>
          <inputSymbol>vmIdentifierType</inputSymbol>
          <listDelimiter>,</listDelimiter>
          <value>NAME</value>
          <record>false</record>
        </staticBinding>
        <staticBinding id="4f82b717-3c9f-48d7-91c8-ce1b60388386">
          <annotation></annotation>
          <toContextKey></toContextKey>
          <fromContextKey></fromContextKey>
          <assignFromContext>true</assignFromContext>
          <assignToContext>true</assignToContext>
          <inputType>STRING</inputType>
          <isList>false</isList>
          <required>true</required>
          <isPersisted>true</isPersisted>
          <inputSymbol>virtualMachine</inputSymbol>
          <listDelimiter>,</listDelimiter>
          <value>${server.hostname}_${server.hostname}</value>
          <record>false</record>
        </staticBinding>
        <staticBinding id="19927460-5681-44c9-9e6d-8abb359de71e">
          <annotation></annotation>
          <toContextKey></toContextKey>
          <fromContextKey></fromContextKey>
          <assignFromContext>true</assignFromContext>
          <assignToContext>true</assignToContext>
          <inputType>STRING</inputType>
          <isList>false</isList>
          <required>false</required>
          <isPersisted>true</isPersisted>
          <inputSymbol>snapshotName</inputSymbol>
          <listDelimiter>,</listDelimiter>
          <value></value>
          <record>false</record>
        </staticBinding>
        <staticBinding id="5267370f-f0a0-4bf6-9edb-260c93efa759">
          <annotation></annotation>
          <toContextKey></toContextKey>
          <fromContextKey></fromContextKey>
          <assignFromContext>true</assignFromContext>
          <assignToContext>true</assignToContext>
          <inputType>STRING</inputType>
          <isList>false</isList>
          <required>false</required>
          <isPersisted>true</isPersisted>
          <inputSymbol>removeChildren</inputSymbol>
          <listDelimiter>,</listDelimiter>
          <value>true</value>
          <record>false</record>
        </staticBinding>
        <staticBinding id="445d1241-0210-47d7-8010-f60ce87849ce">
          <annotation></annotation>
          <toContextKey></toContextKey>
          <fromContextKey></fromContextKey>
          <assignFromContext>true</assignFromContext>
          <assignToContext>true</assignToContext>
          <inputType>STRING</inputType>
          <isList>false</isList>
          <required>false</required>
          <isPersisted>true</isPersisted>
          <inputSymbol>removeAllSnapshots</inputSymbol>
          <listDelimiter>,</listDelimiter>
          <value>true</value>
          <record>false</record>
        </staticBinding>
      </bindings>
      <transitions>
        <transition id="934b38a5-7f41-42b7-a31b-cf3f1d27f35a">
          <annotation></annotation>
          <name>success</name>
          <command>NEXT</command>
          <linkMode>false</linkMode>
          <responseSymbol>success</responseSymbol>
          <shouldHandoff>false</shouldHandoff>
          <transitionValue>0.0</transitionValue>
          <destination>
            <refId>3168174d-31be-4b7b-97ff-3c01372fa45c</refId>
          </destination>
          <source>
            <refId>da6a55a1-a9f6-4ffc-99d7-f2796d312d8f</refId>
          </source>
          <positions>
            <point>
              <x>805.0</x>
              <y>141.0</y>
            </point>
            <point>
              <x>1161.0</x>
              <y>301.0</y>
            </point>
          </positions>
          <labelPosition>
            <x>333.0</x>
            <y>0.0</y>
          </labelPosition>
        </transition>
        <transition id="23509fe1-69a4-4e69-a35c-e7d2567bee71">
          <annotation></annotation>
          <name>failure</name>
          <command>NEXT</command>
          <linkMode>false</linkMode>
          <responseSymbol>failure</responseSymbol>
          <shouldHandoff>false</shouldHandoff>
          <transitionValue>0.0</transitionValue>
          <destination>
            <refId>5f41aed3-b724-428b-ba48-22da159bc352</refId>
          </destination>
          <source>
            <refId>da6a55a1-a9f6-4ffc-99d7-f2796d312d8f</refId>
          </source>
          <positions>
            <point>
              <x>805.0</x>
              <y>141.0</y>
            </point>
            <point>
              <x>908.0</x>
              <y>344.0</y>
            </point>
          </positions>
          <labelPosition>
            <x>333.0</x>
            <y>0.0</y>
          </labelPosition>
        </transition>
      </transitions>
      <properties/>
      <opRef>
        <refId>613dfa22-3401-49f7-b574-f700abda04fc</refId>
      </opRef>
      <assignments/>
      <throttleSize>0</throttleSize>
    </step>
    <step id="e7bdeac2-f74e-4260-9154-8c9026a1d863">
      <annotation></annotation>
      <name>VM Platform Check</name>
      <bounds>
        <x>491.0</x>
        <y>327.0</y>
      </bounds>
      <layer>-1</layer>
      <hideInbound>false</hideInbound>
      <iconSpec id="27c7f3fa-1fe8-45d9-951e-349e088d1fd5">
        <baseIcon>webservice.png</baseIcon>
        <basePath>System</basePath>
        <readOnly>false</readOnly>
        <layers/>
      </iconSpec>
      <addResultToRunContext>false</addResultToRunContext>
      <isCriticalStep>false</isCriticalStep>
      <isNonBlocking>false</isNonBlocking>
      <isParallelStep>false</isParallelStep>
      <isSingleResponse>false</isSingleResponse>
      <recordInHistory>false</recordInHistory>
      <recordRawOutput>true</recordRawOutput>
      <recordPrimaryOutput>true</recordPrimaryOutput>
      <checkPointStep>true</checkPointStep>
      <historyCheckPointStep>true</historyCheckPointStep>
      <scriptResultStep>false</scriptResultStep>
      <userPrompt></userPrompt>
      <bindings>
        <userInputBinding id="db918c31-40ed-4443-bdaf-b5337c21682c">
          <annotation></annotation>
          <toContextKey>vmmp.type</toContextKey>
          <fromContextKey>vmmp.type</fromContextKey>
          <assignFromContext>true</assignFromContext>
          <assignToContext>true</assignToContext>
          <inputType>STRING</inputType>
          <isList>false</isList>
          <required>false</required>
          <isPersisted>true</isPersisted>
          <inputSymbol>Field_1</inputSymbol>
          <listDelimiter>,</listDelimiter>
          <record>false</record>
          <prompt>e6185428-0052-4349-a4cd-d723366d08cd.db918c31-40ed-4443-bdaf-b5337c21682c.prompt</prompt>
          <isMultiSelect>false</isMultiSelect>
          <link>
            <refId>7e9736e6-5b21-410e-b799-7dfb88f15624</refId>
            <refName>VM Platforms</refName>
          </link>
          <sourceDelimiter>|</sourceDelimiter>
        </userInputBinding>
      </bindings>
      <transitions>
        <transition id="cc479f05-771f-4eb7-8a52-9663a7f0b214">
          <annotation></annotation>
          <name>failure</name>
          <command>NEXT</command>
          <linkMode>false</linkMode>
          <responseSymbol>failure</responseSymbol>
          <shouldHandoff>false</shouldHandoff>
          <transitionValue>0.0</transitionValue>
          <destination>
            <refId>e0a47e18-17d0-41bf-93fe-69f1fca37a01</refId>
          </destination>
          <source>
            <refId>e7bdeac2-f74e-4260-9154-8c9026a1d863</refId>
          </source>
          <positions>
            <point>
              <x>541.0</x>
              <y>361.0</y>
            </point>
            <point>
              <x>453.0</x>
              <y>556.0</y>
            </point>
          </positions>
          <labelPosition>
            <x>333.0</x>
            <y>0.0</y>
          </labelPosition>
        </transition>
        <transition id="f5bbe9c2-b58e-4b9c-b6ae-af8958dbc3d2">
          <annotation></annotation>
          <name>vCenter</name>
          <command>NEXT</command>
          <linkMode>false</linkMode>
          <responseSymbol>vCenter</responseSymbol>
          <shouldHandoff>false</shouldHandoff>
          <transitionValue>0.0</transitionValue>
          <destination>
            <refId>da6a55a1-a9f6-4ffc-99d7-f2796d312d8f</refId>
          </destination>
          <source>
            <refId>e7bdeac2-f74e-4260-9154-8c9026a1d863</refId>
          </source>
          <positions>
            <point>
              <x>541.0</x>
              <y>361.0</y>
            </point>
            <point>
              <x>805.0</x>
              <y>141.0</y>
            </point>
          </positions>
          <labelPosition>
            <x>333.0</x>
            <y>0.0</y>
          </labelPosition>
        </transition>
        <transition id="8fe72672-6ff7-48f0-a2a2-3325ce2a59b3">
          <annotation></annotation>
          <name>SCVMM</name>
          <command>NEXT</command>
          <linkMode>false</linkMode>
          <responseSymbol>SCVMM</responseSymbol>
          <shouldHandoff>false</shouldHandoff>
          <transitionValue>0.0</transitionValue>
          <destination>
            <refId>5105f6de-d922-497c-9f82-440b0748efd8</refId>
          </destination>
          <source>
            <refId>e7bdeac2-f74e-4260-9154-8c9026a1d863</refId>
          </source>
          <positions>
            <point>
              <x>541.0</x>
              <y>361.0</y>
            </point>
            <point>
              <x>926.0</x>
              <y>517.0</y>
            </point>
          </positions>
          <labelPosition>
            <x>333.0</x>
            <y>0.0</y>
          </labelPosition>
        </transition>
      </transitions>
      <properties/>
      <opRef>
        <refId>a929fb84-1648-4552-bd7e-b664ebc353de</refId>
      </opRef>
      <assignments/>
      <throttleSize>0</throttleSize>
    </step>
    <returnStep id="3168174d-31be-4b7b-97ff-3c01372fa45c">
      <annotation></annotation>
      <name>Resolved : success</name>
      <bounds>
        <x>1111.0</x>
        <y>267.0</y>
      </bounds>
      <layer>-1</layer>
      <hideInbound>false</hideInbound>
      <addResultToRunContext>false</addResultToRunContext>
      <isCriticalStep>false</isCriticalStep>
      <isNonBlocking>false</isNonBlocking>
      <isParallelStep>false</isParallelStep>
      <isSingleResponse>false</isSingleResponse>
      <recordInHistory>false</recordInHistory>
      <recordRawOutput>true</recordRawOutput>
      <recordPrimaryOutput>true</recordPrimaryOutput>
      <checkPointStep>true</checkPointStep>
      <historyCheckPointStep>true</historyCheckPointStep>
      <scriptResultStep>false</scriptResultStep>
      <userPrompt></userPrompt>
      <bindings/>
      <transitions>
        <transition id="7a365e63-9295-4c9a-a11b-c7afe0a0aa52">
          <annotation></annotation>
          <name>return</name>
          <command>NEXT</command>
          <linkMode>false</linkMode>
          <responseSymbol>success</responseSymbol>
          <shouldHandoff>false</shouldHandoff>
          <transitionValue>0.0</transitionValue>
          <destination>
            <refId>3168174d-31be-4b7b-97ff-3c01372fa45c</refId>
          </destination>
          <source>
            <refId>3168174d-31be-4b7b-97ff-3c01372fa45c</refId>
          </source>
          <positions/>
        </transition>
      </transitions>
      <properties/>
      <returnStepType>RESOLVED</returnStepType>
      <assignments/>
    </returnStep>
    <step id="5105f6de-d922-497c-9f82-440b0748efd8">
      <annotation></annotation>
      <name>SCVMM_deleteSnapshots</name>
      <bounds>
        <x>876.0</x>
        <y>483.0</y>
      </bounds>
      <layer>-1</layer>
      <hideInbound>false</hideInbound>
      <addResultToRunContext>false</addResultToRunContext>
      <isCriticalStep>false</isCriticalStep>
      <isNonBlocking>false</isNonBlocking>
      <isParallelStep>false</isParallelStep>
      <isSingleResponse>false</isSingleResponse>
      <recordInHistory>false</recordInHistory>
      <recordRawOutput>true</recordRawOutput>
      <recordPrimaryOutput>true</recordPrimaryOutput>
      <checkPointStep>true</checkPointStep>
      <historyCheckPointStep>true</historyCheckPointStep>
      <scriptResultStep>false</scriptResultStep>
      <userPrompt></userPrompt>
      <bindings>
        <staticBinding id="42bb1384-0824-40e7-a143-bc4eaef7dbfb">
          <annotation></annotation>
          <assignFromContext>false</assignFromContext>
          <assignToContext>false</assignToContext>
          <inputType>STRING</inputType>
          <isList>false</isList>
          <required>false</required>
          <isPersisted>true</isPersisted>
          <inputSymbol>vmName</inputSymbol>
          <listDelimiter>,</listDelimiter>
          <value>${server.hostname}_${server.hostname}</value>
          <record>false</record>
        </staticBinding>
        <staticBinding id="730ebd5b-bf39-4c61-9a23-62bffbcee0c4">
          <annotation></annotation>
          <assignFromContext>true</assignFromContext>
          <assignToContext>false</assignToContext>
          <inputType>STRING</inputType>
          <isList>false</isList>
          <required>true</required>
          <isPersisted>true</isPersisted>
          <inputSymbol>vmmp.host</inputSymbol>
          <listDelimiter>,</listDelimiter>
          <value>${vmmp.host}</value>
          <record>false</record>
        </staticBinding>
      </bindings>
      <transitions>
        <transition id="9ff41f72-b481-4fdc-a4d2-e1c869e101d7">
          <annotation></annotation>
          <name>failure</name>
          <command>NEXT</command>
          <linkMode>false</linkMode>
          <responseSymbol>failure</responseSymbol>
          <shouldHandoff>false</shouldHandoff>
          <transitionValue>0.0</transitionValue>
          <destination>
            <refId>5f41aed3-b724-428b-ba48-22da159bc352</refId>
          </destination>
          <source>
            <refId>5105f6de-d922-497c-9f82-440b0748efd8</refId>
          </source>
          <positions>
            <point>
              <x>926.0</x>
              <y>517.0</y>
            </point>
            <point>
              <x>908.0</x>
              <y>344.0</y>
            </point>
          </positions>
          <labelPosition>
            <x>333.0</x>
            <y>0.0</y>
          </labelPosition>
        </transition>
        <transition id="f4507789-e313-45ec-b4ae-f074d2755b42">
          <annotation></annotation>
          <name>success</name>
          <command>NEXT</command>
          <linkMode>false</linkMode>
          <responseSymbol>success</responseSymbol>
          <shouldHandoff>false</shouldHandoff>
          <transitionValue>0.0</transitionValue>
          <destination>
            <refId>3168174d-31be-4b7b-97ff-3c01372fa45c</refId>
          </destination>
          <source>
            <refId>5105f6de-d922-497c-9f82-440b0748efd8</refId>
          </source>
          <positions>
            <point>
              <x>926.0</x>
              <y>517.0</y>
            </point>
            <point>
              <x>1161.0</x>
              <y>301.0</y>
            </point>
          </positions>
          <labelPosition>
            <x>333.0</x>
            <y>0.0</y>
          </labelPosition>
        </transition>
      </transitions>
      <properties/>
      <opRef>
        <refId>aca40d15-fd33-4ff1-9c0d-2f01b022736f</refId>
      </opRef>
      <assignments/>
      <throttleSize>0</throttleSize>
    </step>
    <returnStep id="e0a47e18-17d0-41bf-93fe-69f1fca37a01">
      <annotation></annotation>
      <name>Error : failure</name>
      <bounds>
        <x>403.0</x>
        <y>522.0</y>
      </bounds>
      <layer>-1</layer>
      <hideInbound>false</hideInbound>
      <addResultToRunContext>false</addResultToRunContext>
      <isCriticalStep>false</isCriticalStep>
      <isNonBlocking>false</isNonBlocking>
      <isParallelStep>false</isParallelStep>
      <isSingleResponse>false</isSingleResponse>
      <recordInHistory>false</recordInHistory>
      <recordRawOutput>true</recordRawOutput>
      <recordPrimaryOutput>true</recordPrimaryOutput>
      <checkPointStep>true</checkPointStep>
      <historyCheckPointStep>true</historyCheckPointStep>
      <scriptResultStep>false</scriptResultStep>
      <userPrompt></userPrompt>
      <bindings/>
      <transitions>
        <transition id="732127c8-b10b-424b-9d6f-a4f1294f7ee4">
          <annotation></annotation>
          <name>return</name>
          <command>NEXT</command>
          <linkMode>false</linkMode>
          <responseSymbol>failure</responseSymbol>
          <shouldHandoff>false</shouldHandoff>
          <transitionValue>0.0</transitionValue>
          <destination>
            <refId>e0a47e18-17d0-41bf-93fe-69f1fca37a01</refId>
          </destination>
          <source>
            <refId>e0a47e18-17d0-41bf-93fe-69f1fca37a01</refId>
          </source>
          <positions/>
        </transition>
      </transitions>
      <properties/>
      <returnStepType>ERROR</returnStepType>
      <assignments/>
    </returnStep>
  </steps>
  <startSteps>fded3e65-3eaf-4f9e-8970-6929eb7eaa1c</startSteps>
</flow>