<?xml version="1.0" encoding="UTF-8"?>
<flow id="3692ebf9-cb8e-4351-89f1-4381252733a6">
  <annotation></annotation>
  <name>DeleteTemplate</name>
  <categories/>
  <inputs>
    <staticBinding id="c68f0d63-f8c7-4f3c-95be-5b0a16be19d2">
      <annotation></annotation>
      <assignFromContext>true</assignFromContext>
      <assignToContext>true</assignToContext>
      <inputType>STRING</inputType>
      <isList>false</isList>
      <required>false</required>
      <isPersisted>true</isPersisted>
      <inputSymbol>deletetemplate.io.url</inputSymbol>
      <listDelimiter>,</listDelimiter>
      <value>https://defrcms012.svct.hpccell.com:51443/hpio/controller/soap/v2</value>
      <record>false</record>
    </staticBinding>
    <staticBinding id="2692ece5-14b6-4201-aa75-2a597b5c2d12">
      <annotation></annotation>
      <assignFromContext>true</assignFromContext>
      <assignToContext>true</assignToContext>
      <inputType>STRING</inputType>
      <isList>false</isList>
      <required>false</required>
      <isPersisted>true</isPersisted>
      <inputSymbol>deletetemplate.io.template</inputSymbol>
      <listDelimiter>,</listDelimiter>
      <value>dyn_rhel5_template134517849</value>
      <record>false</record>
    </staticBinding>
  </inputs>
  <scriptlet id="26262c78-d600-4a30-8c40-fd7d11f86e77">
    <annotation></annotation>
    <name>Operation DeleteTemplate (3692ebf9-cb8e-4351-89f1-4381252733a6)</name>
    <type>RHINO</type>
  </scriptlet>
  <possibleResponses>
    <opResponse id="d2a9e543-0def-4f6c-b854-9924b9fec767">
      <annotation></annotation>
      <name>failure</name>
      <isDefault>false</isDefault>
      <onFailure>true</onFailure>
      <type>ERROR</type>
      <matchRules/>
    </opResponse>
    <opResponse id="75801114-e458-438d-ac39-1071012afc97">
      <annotation></annotation>
      <name>success</name>
      <isDefault>true</isDefault>
      <onFailure>false</onFailure>
      <type>RESOLVED</type>
      <matchRules/>
    </opResponse>
  </possibleResponses>
  <availableResultExpressions/>
  <resultExpression id="ac32048d-0e98-47e5-abe0-2386298c11bd">
    <annotation></annotation>
    <name>FailureMessage</name>
    <fieldName>FailureMessage</fieldName>
    <sourceType>RAWRESULT</sourceType>
    <filters/>
  </resultExpression>
  <iconSpec id="2096d806-5942-446f-8437-46b0b9a22492">
    <baseIcon>flow.png</baseIcon>
    <basePath>System</basePath>
    <readOnly>false</readOnly>
    <layers/>
  </iconSpec>
  <callouts/>
  <checkPointFlow>true</checkPointFlow>
  <compatibleRuntimeContext>false</compatibleRuntimeContext>
  <historyCheckPointFlow>true</historyCheckPointFlow>
  <steps>
    <step id="00d1524a-bdc1-4956-9c2a-29b51be81097">
      <annotation>3692ebf9-cb8e-4351-89f1-4381252733a6.00d1524a-bdc1-4956-9c2a-29b51be81097.description</annotation>
      <name>Delete IO Template</name>
      <bounds>
        <x>88.0</x>
        <y>43.0</y>
      </bounds>
      <layer>-1</layer>
      <hideInbound>false</hideInbound>
      <addResultToRunContext>false</addResultToRunContext>
      <isCriticalStep>false</isCriticalStep>
      <isNonBlocking>false</isNonBlocking>
      <isParallelStep>false</isParallelStep>
      <isSingleResponse>false</isSingleResponse>
      <recordInHistory>false</recordInHistory>
      <recordRawOutput>true</recordRawOutput>
      <recordPrimaryOutput>true</recordPrimaryOutput>
      <checkPointStep>true</checkPointStep>
      <historyCheckPointStep>true</historyCheckPointStep>
      <scriptResultStep>false</scriptResultStep>
      <userPrompt></userPrompt>
      <bindings>
        <userInputBinding id="2e8869d0-9419-4996-b5b9-0afd6a1230ed">
          <annotation></annotation>
          <assignFromContext>true</assignFromContext>
          <assignToContext>true</assignToContext>
          <inputType>STRING</inputType>
          <isList>false</isList>
          <required>false</required>
          <isPersisted>true</isPersisted>
          <inputSymbol>deletetemplate.io.template</inputSymbol>
          <listDelimiter>,</listDelimiter>
          <record>false</record>
          <prompt></prompt>
          <isMultiSelect>false</isMultiSelect>
          <sourceDelimiter>|</sourceDelimiter>
        </userInputBinding>
        <staticBinding id="7ba83904-bce4-41c2-8243-b4c4dce6e184">
          <annotation></annotation>
          <assignFromContext>false</assignFromContext>
          <assignToContext>true</assignToContext>
          <inputType>STRING</inputType>
          <isList>false</isList>
          <required>false</required>
          <isPersisted>true</isPersisted>
          <inputSymbol>xmlTemplate</inputSymbol>
          <listDelimiter>,</listDelimiter>
          <value>&lt;soapenv:Envelope xmlns:soapenv=&quot;http://schemas.xmlsoap.org/soap/envelope/&quot; xmlns:v2=&quot;http://v2.soap.io.hp.com/&quot;&gt;
   &lt;soapenv:Header/&gt;
   &lt;soapenv:Body&gt;
      &lt;v2:deleteTemplate&gt;
         &lt;templateName&gt;?&lt;/templateName&gt;
      &lt;/v2:deleteTemplate&gt;
   &lt;/soapenv:Body&gt;
&lt;/soapenv:Envelope&gt;</value>
          <record>false</record>
        </staticBinding>
        <staticBinding id="a3b8d035-d923-4857-bb21-13c6f9bdde52">
          <annotation></annotation>
          <assignFromContext>false</assignFromContext>
          <assignToContext>true</assignToContext>
          <inputType>STRING</inputType>
          <isList>false</isList>
          <required>false</required>
          <isPersisted>true</isPersisted>
          <inputSymbol>inputMap</inputSymbol>
          <listDelimiter>,</listDelimiter>
          <value>deleteTemplate|templateName=deletetemplate.io.template</value>
          <record>false</record>
        </staticBinding>
        <staticBinding id="4454ec6a-92c3-4f76-9148-6c99582a1da6">
          <annotation></annotation>
          <assignFromContext>true</assignFromContext>
          <assignToContext>true</assignToContext>
          <inputType>STRING</inputType>
          <isList>false</isList>
          <required>false</required>
          <isPersisted>true</isPersisted>
          <inputSymbol>url</inputSymbol>
          <listDelimiter>,</listDelimiter>
          <value>${deletetemplate.io.url}</value>
          <record>false</record>
        </staticBinding>
        <staticBinding id="7ec13939-c2e2-4a88-9bc9-7afee65dbc2d">
          <annotation></annotation>
          <assignFromContext>false</assignFromContext>
          <assignToContext>true</assignToContext>
          <inputType>STRING</inputType>
          <isList>false</isList>
          <required>false</required>
          <isPersisted>true</isPersisted>
          <inputSymbol>header_SOAPAction</inputSymbol>
          <listDelimiter>,</listDelimiter>
          <value></value>
          <record>false</record>
        </staticBinding>
        <staticBinding id="783d4740-f664-4278-922a-65fd6240316c">
          <annotation></annotation>
          <assignFromContext>true</assignFromContext>
          <assignToContext>true</assignToContext>
          <inputType>STRING</inputType>
          <isList>false</isList>
          <required>true</required>
          <isPersisted>true</isPersisted>
          <inputSymbol>wswAuthenticationType</inputSymbol>
          <listDelimiter>,</listDelimiter>
          <value>ws-security text</value>
          <record>false</record>
        </staticBinding>
        <staticBinding id="d958a24e-f254-4e0c-965c-ceffded58f51">
          <annotation></annotation>
          <assignFromContext>false</assignFromContext>
          <assignToContext>true</assignToContext>
          <inputType>STRING</inputType>
          <isList>false</isList>
          <required>false</required>
          <isPersisted>true</isPersisted>
          <inputSymbol>WSSecuritySignRequest</inputSymbol>
          <listDelimiter>,</listDelimiter>
          <value>false</value>
          <record>false</record>
        </staticBinding>
        <staticBinding id="4f64b5e4-2d17-4899-a739-e4d344f52a06">
          <annotation></annotation>
          <assignFromContext>false</assignFromContext>
          <assignToContext>true</assignToContext>
          <inputType>STRING</inputType>
          <isList>false</isList>
          <required>false</required>
          <isPersisted>true</isPersisted>
          <inputSymbol>WSSecurityEncryptRequest</inputSymbol>
          <listDelimiter>,</listDelimiter>
          <value>false</value>
          <record>false</record>
        </staticBinding>
        <staticBinding id="0ced35c8-506c-40cc-ac96-8d25cf4e041c">
          <annotation></annotation>
          <assignFromContext>true</assignFromContext>
          <assignToContext>true</assignToContext>
          <inputType>STRING</inputType>
          <isList>false</isList>
          <required>false</required>
          <isPersisted>true</isPersisted>
          <inputSymbol>WSSecurityTimestampRequest</inputSymbol>
          <listDelimiter>,</listDelimiter>
          <value>true</value>
          <record>false</record>
        </staticBinding>
        <staticBinding id="43493623-ba43-4333-b0e2-199c8ec2c6f2">
          <annotation></annotation>
          <assignFromContext>false</assignFromContext>
          <assignToContext>true</assignToContext>
          <inputType>STRING</inputType>
          <isList>false</isList>
          <required>false</required>
          <isPersisted>true</isPersisted>
          <inputSymbol>WSSecurityKeystore</inputSymbol>
          <listDelimiter>,</listDelimiter>
          <value></value>
          <record>false</record>
        </staticBinding>
        <staticBinding id="b0342c3a-ff5d-43f4-a057-1475e4064517">
          <annotation></annotation>
          <assignFromContext>false</assignFromContext>
          <assignToContext>true</assignToContext>
          <inputType>STRING</inputType>
          <isList>false</isList>
          <required>false</required>
          <isPersisted>true</isPersisted>
          <inputSymbol>WSSecurityKeystoreType</inputSymbol>
          <listDelimiter>,</listDelimiter>
          <value></value>
          <record>false</record>
        </staticBinding>
        <staticBinding id="0e7d7e1c-64bf-4746-8eba-1c270b9fb6cc">
          <annotation></annotation>
          <assignFromContext>true</assignFromContext>
          <assignToContext>true</assignToContext>
          <inputType>ENCRYPTED</inputType>
          <isList>false</isList>
          <required>false</required>
          <isPersisted>true</isPersisted>
          <inputSymbol>WSSecurityKeystorePassword</inputSymbol>
          <listDelimiter>,</listDelimiter>
          <value></value>
          <record>false</record>
        </staticBinding>
        <staticBinding id="9ebe6bd3-65f2-447f-b1ae-e7518c212dbb">
          <annotation></annotation>
          <assignFromContext>true</assignFromContext>
          <assignToContext>true</assignToContext>
          <inputType>STRING</inputType>
          <isList>false</isList>
          <required>false</required>
          <isPersisted>true</isPersisted>
          <inputSymbol>contentType</inputSymbol>
          <listDelimiter>,</listDelimiter>
          <value>text/xml; charset=utf-8</value>
          <record>false</record>
        </staticBinding>
        <loggedUserIdentityBinding id="1ca4574c-498b-40eb-9a09-e15a13122ac8">
          <annotation></annotation>
          <assignFromContext>true</assignFromContext>
          <assignToContext>true</assignToContext>
          <inputType>ENCRYPTED</inputType>
          <isList>false</isList>
          <required>false</required>
          <isPersisted>true</isPersisted>
          <inputSymbol>username</inputSymbol>
          <listDelimiter>,</listDelimiter>
          <record>false</record>
          <identityAttribute>USERNAME</identityAttribute>
        </loggedUserIdentityBinding>
        <loggedUserIdentityBinding id="89c7754a-58a4-4ff5-b3e6-666fb801ded5">
          <annotation></annotation>
          <assignFromContext>true</assignFromContext>
          <assignToContext>true</assignToContext>
          <inputType>ENCRYPTED</inputType>
          <isList>false</isList>
          <required>false</required>
          <isPersisted>true</isPersisted>
          <inputSymbol>password</inputSymbol>
          <listDelimiter>,</listDelimiter>
          <record>false</record>
          <identityAttribute>PASSWORD</identityAttribute>
        </loggedUserIdentityBinding>
        <staticBinding id="47c55fcb-62ef-4e31-8f83-819a13b35481">
          <annotation></annotation>
          <assignFromContext>true</assignFromContext>
          <assignToContext>true</assignToContext>
          <inputType>STRING</inputType>
          <isList>false</isList>
          <required>false</required>
          <isPersisted>true</isPersisted>
          <inputSymbol>trustAllRoots</inputSymbol>
          <listDelimiter>,</listDelimiter>
          <value>true</value>
          <record>false</record>
        </staticBinding>
        <staticBinding id="fd6df609-2be5-4c82-b1c2-e0f08566fa85">
          <annotation></annotation>
          <assignFromContext>true</assignFromContext>
          <assignToContext>true</assignToContext>
          <inputType>STRING</inputType>
          <isList>false</isList>
          <required>false</required>
          <isPersisted>true</isPersisted>
          <inputSymbol>useCookies</inputSymbol>
          <listDelimiter>,</listDelimiter>
          <value>true</value>
          <record>false</record>
        </staticBinding>
        <staticBinding id="685cc80a-8035-40fd-b303-db4e799abe30">
          <annotation></annotation>
          <assignFromContext>true</assignFromContext>
          <assignToContext>true</assignToContext>
          <inputType>STRING</inputType>
          <isList>false</isList>
          <required>false</required>
          <isPersisted>true</isPersisted>
          <inputSymbol>timeout</inputSymbol>
          <listDelimiter>,</listDelimiter>
          <value></value>
          <record>false</record>
        </staticBinding>
        <staticBinding id="60fae7be-9484-424f-a32b-0ca9f1a1cb7b">
          <annotation></annotation>
          <assignFromContext>true</assignFromContext>
          <assignToContext>true</assignToContext>
          <inputType>STRING</inputType>
          <isList>false</isList>
          <required>false</required>
          <isPersisted>true</isPersisted>
          <inputSymbol>proxy</inputSymbol>
          <listDelimiter>,</listDelimiter>
          <value></value>
          <record>false</record>
        </staticBinding>
        <staticBinding id="c367b4d0-4e8e-4e3b-b1f0-2205c6900b30">
          <annotation></annotation>
          <assignFromContext>true</assignFromContext>
          <assignToContext>true</assignToContext>
          <inputType>STRING</inputType>
          <isList>false</isList>
          <required>false</required>
          <isPersisted>true</isPersisted>
          <inputSymbol>proxyPort</inputSymbol>
          <listDelimiter>,</listDelimiter>
          <value></value>
          <record>false</record>
        </staticBinding>
        <staticBinding id="f2b6103d-c8e8-4f3c-b5a6-e52923028860">
          <annotation></annotation>
          <assignFromContext>true</assignFromContext>
          <assignToContext>true</assignToContext>
          <inputType>STRING</inputType>
          <isList>false</isList>
          <required>false</required>
          <isPersisted>true</isPersisted>
          <inputSymbol>proxyUsername</inputSymbol>
          <listDelimiter>,</listDelimiter>
          <value></value>
          <record>false</record>
        </staticBinding>
        <staticBinding id="513996a0-d196-4818-a9a4-d0ef082f8cfe">
          <annotation></annotation>
          <assignFromContext>true</assignFromContext>
          <assignToContext>true</assignToContext>
          <inputType>ENCRYPTED</inputType>
          <isList>false</isList>
          <required>false</required>
          <isPersisted>true</isPersisted>
          <inputSymbol>proxyPassword</inputSymbol>
          <listDelimiter>,</listDelimiter>
          <value></value>
          <record>false</record>
        </staticBinding>
        <staticBinding id="cadb13f7-6c6a-4620-ab2f-f075c85483de">
          <annotation></annotation>
          <assignFromContext>true</assignFromContext>
          <assignToContext>true</assignToContext>
          <inputType>STRING</inputType>
          <isList>false</isList>
          <required>false</required>
          <isPersisted>true</isPersisted>
          <inputSymbol>keystore</inputSymbol>
          <listDelimiter>,</listDelimiter>
          <value></value>
          <record>false</record>
        </staticBinding>
        <staticBinding id="4b93ec43-4f37-42bb-bd01-d8908b6bcdca">
          <annotation></annotation>
          <assignFromContext>true</assignFromContext>
          <assignToContext>true</assignToContext>
          <inputType>ENCRYPTED</inputType>
          <isList>false</isList>
          <required>false</required>
          <isPersisted>true</isPersisted>
          <inputSymbol>keystorePassword</inputSymbol>
          <listDelimiter>,</listDelimiter>
          <value></value>
          <record>false</record>
        </staticBinding>
        <staticBinding id="43d9261a-65d5-4200-8555-dae3cd2c04ef">
          <annotation></annotation>
          <assignFromContext>true</assignFromContext>
          <assignToContext>true</assignToContext>
          <inputType>STRING</inputType>
          <isList>false</isList>
          <required>false</required>
          <isPersisted>true</isPersisted>
          <inputSymbol>ICONCLUDE_WSW_VERSION</inputSymbol>
          <listDelimiter>,</listDelimiter>
          <value>2</value>
          <record>false</record>
        </staticBinding>
      </bindings>
      <transitions>
        <transition id="5e0211e5-402f-47df-b669-826ac5afcacd">
          <annotation></annotation>
          <name>failure</name>
          <command>NEXT</command>
          <linkMode>false</linkMode>
          <responseSymbol>failure</responseSymbol>
          <shouldHandoff>false</shouldHandoff>
          <transitionValue>0.0</transitionValue>
          <destination>
            <refId>a57a5fd7-8e39-4a37-bb5b-6076ca4af2cf</refId>
          </destination>
          <source>
            <refId>00d1524a-bdc1-4956-9c2a-29b51be81097</refId>
          </source>
          <positions>
            <point>
              <x>140.0</x>
              <y>77.0</y>
            </point>
            <point>
              <x>379.0</x>
              <y>81.0</y>
            </point>
          </positions>
          <labelPosition>
            <x>333.0</x>
            <y>0.0</y>
          </labelPosition>
        </transition>
        <transition id="9b541d0c-3398-4524-b245-8672ec09b2b5">
          <annotation></annotation>
          <name>success</name>
          <command>NEXT</command>
          <linkMode>false</linkMode>
          <responseSymbol>success</responseSymbol>
          <shouldHandoff>false</shouldHandoff>
          <transitionValue>0.0</transitionValue>
          <destination>
            <refId>0ee1a544-dc83-4416-920b-a1f34195620a</refId>
          </destination>
          <source>
            <refId>00d1524a-bdc1-4956-9c2a-29b51be81097</refId>
          </source>
          <positions>
            <point>
              <x>140.0</x>
              <y>77.0</y>
            </point>
            <point>
              <x>138.0</x>
              <y>255.0</y>
            </point>
          </positions>
          <labelPosition>
            <x>333.0</x>
            <y>0.0</y>
          </labelPosition>
        </transition>
      </transitions>
      <properties/>
      <opRef>
        <refId>962ffbf8-4105-46bb-8c71-84f037c4de61</refId>
      </opRef>
      <assignments/>
      <throttleSize>0</throttleSize>
    </step>
    <returnStep id="a57a5fd7-8e39-4a37-bb5b-6076ca4af2cf">
      <annotation></annotation>
      <name>Error : failure</name>
      <bounds>
        <x>329.0</x>
        <y>43.0</y>
      </bounds>
      <layer>-1</layer>
      <hideInbound>false</hideInbound>
      <addResultToRunContext>false</addResultToRunContext>
      <isCriticalStep>false</isCriticalStep>
      <isNonBlocking>false</isNonBlocking>
      <isParallelStep>false</isParallelStep>
      <isSingleResponse>false</isSingleResponse>
      <recordInHistory>false</recordInHistory>
      <recordRawOutput>true</recordRawOutput>
      <recordPrimaryOutput>true</recordPrimaryOutput>
      <checkPointStep>true</checkPointStep>
      <historyCheckPointStep>true</historyCheckPointStep>
      <scriptResultStep>false</scriptResultStep>
      <userPrompt></userPrompt>
      <bindings/>
      <transitions>
        <transition id="c1435d5f-fbb0-47ad-8260-16309e901f25">
          <annotation></annotation>
          <name>return</name>
          <command>NEXT</command>
          <linkMode>false</linkMode>
          <responseSymbol>failure</responseSymbol>
          <shouldHandoff>false</shouldHandoff>
          <transitionValue>0.0</transitionValue>
          <destination>
            <refId>a57a5fd7-8e39-4a37-bb5b-6076ca4af2cf</refId>
          </destination>
          <source>
            <refId>a57a5fd7-8e39-4a37-bb5b-6076ca4af2cf</refId>
          </source>
          <positions/>
        </transition>
      </transitions>
      <properties/>
      <returnStepType>ERROR</returnStepType>
      <assignments/>
    </returnStep>
    <returnStep id="0ee1a544-dc83-4416-920b-a1f34195620a">
      <annotation></annotation>
      <name>Resolved : success</name>
      <bounds>
        <x>88.0</x>
        <y>221.0</y>
      </bounds>
      <layer>-1</layer>
      <hideInbound>false</hideInbound>
      <addResultToRunContext>false</addResultToRunContext>
      <isCriticalStep>false</isCriticalStep>
      <isNonBlocking>false</isNonBlocking>
      <isParallelStep>false</isParallelStep>
      <isSingleResponse>false</isSingleResponse>
      <recordInHistory>false</recordInHistory>
      <recordRawOutput>true</recordRawOutput>
      <recordPrimaryOutput>true</recordPrimaryOutput>
      <checkPointStep>true</checkPointStep>
      <historyCheckPointStep>true</historyCheckPointStep>
      <scriptResultStep>false</scriptResultStep>
      <userPrompt></userPrompt>
      <bindings/>
      <transitions>
        <transition id="aa64a44c-00d6-4894-b4e2-af6d1e3197ab">
          <annotation></annotation>
          <name>return</name>
          <command>NEXT</command>
          <linkMode>false</linkMode>
          <responseSymbol>success</responseSymbol>
          <shouldHandoff>false</shouldHandoff>
          <transitionValue>0.0</transitionValue>
          <destination>
            <refId>0ee1a544-dc83-4416-920b-a1f34195620a</refId>
          </destination>
          <source>
            <refId>0ee1a544-dc83-4416-920b-a1f34195620a</refId>
          </source>
          <positions/>
        </transition>
      </transitions>
      <properties/>
      <returnStepType>RESOLVED</returnStepType>
      <assignments/>
    </returnStep>
  </steps>
  <startSteps>00d1524a-bdc1-4956-9c2a-29b51be81097</startSteps>
</flow>