<?xml version="1.0" encoding="UTF-8"?>
<flow id="09a1469f-d81e-469c-a2ad-287a4e43e8fd">
  <annotation></annotation>
  <name>LINUX_CheckForExpiredPW</name>
  <categories/>
  <inputs>
    <userInputBinding id="02f90247-b5b3-45b9-96f1-5cffa2b0900b">
      <annotation></annotation>
      <assignFromContext>true</assignFromContext>
      <assignToContext>true</assignToContext>
      <inputType>STRING</inputType>
      <isList>false</isList>
      <required>true</required>
      <isPersisted>true</isPersisted>
      <inputSymbol>csasvcuuid</inputSymbol>
      <listDelimiter>,</listDelimiter>
      <record>false</record>
      <prompt></prompt>
      <isMultiSelect>false</isMultiSelect>
      <sourceDelimiter>|</sourceDelimiter>
    </userInputBinding>
  </inputs>
  <scriptlet id="75f08b67-8432-4483-a3d1-8eafbc518eac">
    <annotation></annotation>
    <name>Operation LINUX_CheckForExpiredPW (09a1469f-d81e-469c-a2ad-287a4e43e8fd)</name>
    <type>RHINO</type>
  </scriptlet>
  <possibleResponses>
    <opResponse id="71020787-3476-42a2-8902-9a46f6639f8f">
      <annotation></annotation>
      <name>failure</name>
      <isDefault>false</isDefault>
      <onFailure>true</onFailure>
      <type>ERROR</type>
      <matchRules/>
    </opResponse>
    <opResponse id="34b4eeb1-615a-4574-a801-8b7043d3730a">
      <annotation></annotation>
      <name>success</name>
      <isDefault>true</isDefault>
      <onFailure>false</onFailure>
      <type>RESOLVED</type>
      <matchRules/>
    </opResponse>
  </possibleResponses>
  <availableResultExpressions/>
  <resultExpression id="8b8867c7-6a68-40f7-82ad-2b2b7df35760">
    <annotation></annotation>
    <name>FailureMessage</name>
    <fieldName>FailureMessage</fieldName>
    <sourceType>RAWRESULT</sourceType>
    <filters/>
  </resultExpression>
  <iconSpec id="55f45912-8e67-4f0d-830d-ef8f0687d4a4">
    <baseIcon>flow.png</baseIcon>
    <basePath>System</basePath>
    <readOnly>false</readOnly>
    <layers/>
  </iconSpec>
  <callouts/>
  <checkPointFlow>true</checkPointFlow>
  <compatibleRuntimeContext>false</compatibleRuntimeContext>
  <historyCheckPointFlow>true</historyCheckPointFlow>
  <steps>
    <step id="4cc1c298-920e-46cb-bdc9-6ee82093e5a1">
      <annotation></annotation>
      <name>DB_GetDetailsBySubscriptionID</name>
      <bounds>
        <x>106.0</x>
        <y>25.0</y>
      </bounds>
      <layer>-1</layer>
      <hideInbound>false</hideInbound>
      <addResultToRunContext>false</addResultToRunContext>
      <isCriticalStep>false</isCriticalStep>
      <isNonBlocking>false</isNonBlocking>
      <isParallelStep>false</isParallelStep>
      <isSingleResponse>false</isSingleResponse>
      <recordInHistory>false</recordInHistory>
      <recordRawOutput>true</recordRawOutput>
      <recordPrimaryOutput>true</recordPrimaryOutput>
      <checkPointStep>true</checkPointStep>
      <historyCheckPointStep>true</historyCheckPointStep>
      <scriptResultStep>false</scriptResultStep>
      <userPrompt></userPrompt>
      <bindings>
        <staticBinding id="0c8e912e-b1ff-40c8-83fb-7e66656bf855">
          <annotation></annotation>
          <assignFromContext>true</assignFromContext>
          <assignToContext>true</assignToContext>
          <inputType>STRING</inputType>
          <isList>false</isList>
          <required>true</required>
          <isPersisted>true</isPersisted>
          <inputSymbol>db.getdetails.csasvcuuid</inputSymbol>
          <listDelimiter>,</listDelimiter>
          <value>${csasvcuuid}</value>
          <record>false</record>
        </staticBinding>
      </bindings>
      <transitions>
        <transition id="d1c08763-1a23-4e99-8f7d-f093d62ae038">
          <annotation></annotation>
          <name>failure</name>
          <command>NEXT</command>
          <linkMode>false</linkMode>
          <responseSymbol>failure</responseSymbol>
          <shouldHandoff>false</shouldHandoff>
          <transitionValue>0.0</transitionValue>
          <destination>
            <refId>5a00a0e1-d48b-4b29-8270-07bdad83f973</refId>
          </destination>
          <source>
            <refId>4cc1c298-920e-46cb-bdc9-6ee82093e5a1</refId>
          </source>
          <positions>
            <point>
              <x>87.0</x>
              <y>51.0</y>
            </point>
            <point>
              <x>53.0</x>
              <y>378.0</y>
            </point>
          </positions>
          <labelPosition>
            <x>333.0</x>
            <y>0.0</y>
          </labelPosition>
        </transition>
        <transition id="69cf0d3c-bad1-4e6b-882f-d04f6bb6e7f6">
          <annotation></annotation>
          <name>success</name>
          <command>NEXT</command>
          <linkMode>false</linkMode>
          <responseSymbol>success</responseSymbol>
          <shouldHandoff>false</shouldHandoff>
          <transitionValue>0.0</transitionValue>
          <destination>
            <refId>5651065c-1b24-4eca-8c3f-45fe8b94b933</refId>
          </destination>
          <source>
            <refId>4cc1c298-920e-46cb-bdc9-6ee82093e5a1</refId>
          </source>
          <positions>
            <point>
              <x>87.0</x>
              <y>51.0</y>
            </point>
            <point>
              <x>277.0</x>
              <y>56.0</y>
            </point>
          </positions>
          <labelPosition>
            <x>333.0</x>
            <y>0.0</y>
          </labelPosition>
        </transition>
      </transitions>
      <properties/>
      <opRef>
        <refId>26e16199-ac42-40d7-8725-27b18ed3509d</refId>
      </opRef>
      <assignments>
        <flowVariableAssignment id="5ed8359b-3331-42bf-8788-a0ed274ed68e">
          <annotation></annotation>
          <name>assignment</name>
          <action>OVERWRITE</action>
          <assignmentTargetType>FLOW_VARIABLE</assignmentTargetType>
          <contextKey>db.getdetails.cloudcell</contextKey>
          <expression id="cb819c6e-982f-4096-ba29-2b7c2ed027f0">
            <annotation></annotation>
            <name>Result Field: db.getdetails.cloudcell</name>
            <fieldName>db.getdetails.cloudcell</fieldName>
            <sourceType>RAWRESULT</sourceType>
            <filters/>
          </expression>
        </flowVariableAssignment>
        <flowVariableAssignment id="40d1b071-bd5c-4c0a-b662-348f7dbf7628">
          <annotation></annotation>
          <name>assignment</name>
          <action>OVERWRITE</action>
          <assignmentTargetType>FLOW_VARIABLE</assignmentTargetType>
          <contextKey>db.getdetails.bakip</contextKey>
          <expression id="38dd59a3-21b9-439d-8ffe-c1acac09512a">
            <annotation></annotation>
            <name>Result Field: db.getdetails.bakip</name>
            <fieldName>db.getdetails.bakip</fieldName>
            <sourceType>RAWRESULT</sourceType>
            <filters/>
          </expression>
        </flowVariableAssignment>
        <flowVariableAssignment id="11e52efc-47ed-4894-a7f2-8a3a68ca838f">
          <annotation></annotation>
          <name>assignment</name>
          <action>OVERWRITE</action>
          <assignmentTargetType>FLOW_VARIABLE</assignmentTargetType>
          <contextKey>server.bakvlangid</contextKey>
          <expression id="cdb4fbb1-333d-4fd7-8999-610a17f188bc">
            <annotation></annotation>
            <name>Result Field: db.getdetails.bakvlangid</name>
            <fieldName>db.getdetails.bakvlangid</fieldName>
            <sourceType>RAWRESULT</sourceType>
            <filters/>
          </expression>
        </flowVariableAssignment>
        <flowVariableAssignment id="d778f611-e715-43bd-b004-12e99f9b2ab2">
          <annotation></annotation>
          <name>assignment</name>
          <action>OVERWRITE</action>
          <assignmentTargetType>FLOW_VARIABLE</assignmentTargetType>
          <contextKey>server.hostname</contextKey>
          <expression id="bf7ffd62-7699-48aa-9125-31b2deea6d65">
            <annotation></annotation>
            <name>Result Field: db.getdetails.hostname</name>
            <fieldName>db.getdetails.hostname</fieldName>
            <sourceType>RAWRESULT</sourceType>
            <filters/>
          </expression>
        </flowVariableAssignment>
      </assignments>
      <throttleSize>0</throttleSize>
    </step>
    <returnStep id="5a00a0e1-d48b-4b29-8270-07bdad83f973">
      <annotation></annotation>
      <name>Error : failure</name>
      <bounds>
        <x>276.0</x>
        <y>161.0</y>
      </bounds>
      <layer>-1</layer>
      <hideInbound>false</hideInbound>
      <addResultToRunContext>false</addResultToRunContext>
      <isCriticalStep>false</isCriticalStep>
      <isNonBlocking>false</isNonBlocking>
      <isParallelStep>false</isParallelStep>
      <isSingleResponse>false</isSingleResponse>
      <recordInHistory>false</recordInHistory>
      <recordRawOutput>true</recordRawOutput>
      <recordPrimaryOutput>true</recordPrimaryOutput>
      <checkPointStep>true</checkPointStep>
      <historyCheckPointStep>true</historyCheckPointStep>
      <scriptResultStep>false</scriptResultStep>
      <userPrompt></userPrompt>
      <bindings/>
      <transitions>
        <transition id="a51caf33-b464-4a31-a8d8-041aff8698c3">
          <annotation></annotation>
          <name>return</name>
          <command>NEXT</command>
          <linkMode>false</linkMode>
          <responseSymbol>failure</responseSymbol>
          <shouldHandoff>false</shouldHandoff>
          <transitionValue>0.0</transitionValue>
          <destination>
            <refId>5a00a0e1-d48b-4b29-8270-07bdad83f973</refId>
          </destination>
          <source>
            <refId>5a00a0e1-d48b-4b29-8270-07bdad83f973</refId>
          </source>
          <positions/>
        </transition>
      </transitions>
      <properties/>
      <returnStepType>ERROR</returnStepType>
      <assignments/>
    </returnStep>
    <step id="55d574e8-f5b6-4c70-be66-46e7fbc135ff">
      <annotation>09a1469f-d81e-469c-a2ad-287a4e43e8fd.55d574e8-f5b6-4c70-be66-46e7fbc135ff.description</annotation>
      <name>ChangeExpirePolicy</name>
      <bounds>
        <x>627.0</x>
        <y>290.0</y>
      </bounds>
      <layer>-1</layer>
      <hideInbound>false</hideInbound>
      <addResultToRunContext>false</addResultToRunContext>
      <isCriticalStep>false</isCriticalStep>
      <isNonBlocking>false</isNonBlocking>
      <isParallelStep>false</isParallelStep>
      <isSingleResponse>false</isSingleResponse>
      <recordInHistory>false</recordInHistory>
      <recordRawOutput>true</recordRawOutput>
      <recordPrimaryOutput>true</recordPrimaryOutput>
      <checkPointStep>true</checkPointStep>
      <historyCheckPointStep>true</historyCheckPointStep>
      <scriptResultStep>false</scriptResultStep>
      <userPrompt></userPrompt>
      <bindings>
        <staticBinding id="7274be08-a7df-4a00-83b5-4c8ee0d07011">
          <annotation></annotation>
          <toContextKey>vm.ip.backup</toContextKey>
          <fromContextKey>vm.ip.backup</fromContextKey>
          <assignFromContext>false</assignFromContext>
          <assignToContext>false</assignToContext>
          <inputType>STRING</inputType>
          <isList>false</isList>
          <required>true</required>
          <isPersisted>true</isPersisted>
          <inputSymbol>host</inputSymbol>
          <listDelimiter>,</listDelimiter>
          <value>${db.getdetails.bakip}</value>
          <record>false</record>
        </staticBinding>
        <staticBinding id="dafb6440-46d7-4da0-adf4-55d9f6ab12db">
          <annotation></annotation>
          <toContextKey></toContextKey>
          <fromContextKey></fromContextKey>
          <assignFromContext>false</assignFromContext>
          <assignToContext>false</assignToContext>
          <inputType>STRING</inputType>
          <isList>false</isList>
          <required>true</required>
          <isPersisted>true</isPersisted>
          <inputSymbol>port</inputSymbol>
          <listDelimiter>,</listDelimiter>
          <value>22</value>
          <record>false</record>
        </staticBinding>
        <staticBinding id="452139df-7d15-44f4-9409-2fc68ad48671">
          <annotation></annotation>
          <toContextKey></toContextKey>
          <fromContextKey></fromContextKey>
          <assignFromContext>true</assignFromContext>
          <assignToContext>true</assignToContext>
          <inputType>OBJECT</inputType>
          <isList>false</isList>
          <required>true</required>
          <isPersisted>true</isPersisted>
          <inputSymbol>username</inputSymbol>
          <listDelimiter>,</listDelimiter>
          <value>root</value>
          <record>false</record>
        </staticBinding>
        <staticBinding id="8875f9b5-28e6-463a-869e-8580bdf6cf37">
          <annotation></annotation>
          <toContextKey></toContextKey>
          <fromContextKey></fromContextKey>
          <assignFromContext>true</assignFromContext>
          <assignToContext>true</assignToContext>
          <inputType>OBJECT</inputType>
          <isList>false</isList>
          <required>true</required>
          <isPersisted>true</isPersisted>
          <inputSymbol>password</inputSymbol>
          <listDelimiter>,</listDelimiter>
          <value>${server.adminpw}</value>
          <record>false</record>
        </staticBinding>
        <staticBinding id="4a342068-67c9-415b-83b7-2c1792d6b26e">
          <annotation></annotation>
          <toContextKey></toContextKey>
          <fromContextKey></fromContextKey>
          <assignFromContext>true</assignFromContext>
          <assignToContext>true</assignToContext>
          <inputType>STRING</inputType>
          <isList>false</isList>
          <required>true</required>
          <isPersisted>true</isPersisted>
          <inputSymbol>protocol</inputSymbol>
          <listDelimiter>,</listDelimiter>
          <value>ssh</value>
          <record>false</record>
        </staticBinding>
        <staticBinding id="874a16af-1c38-435a-bf5c-4b7a72e8c389">
          <annotation></annotation>
          <fromContextKey></fromContextKey>
          <assignFromContext>false</assignFromContext>
          <assignToContext>false</assignToContext>
          <inputType>STRING</inputType>
          <isList>false</isList>
          <required>true</required>
          <isPersisted>true</isPersisted>
          <inputSymbol>command</inputSymbol>
          <listDelimiter>,</listDelimiter>
          <value>chage -M 90 -m 1 rootcust</value>
          <record>false</record>
        </staticBinding>
        <staticBinding id="0ead5025-6e78-41eb-a412-c65fa8795f22">
          <annotation></annotation>
          <toContextKey></toContextKey>
          <fromContextKey></fromContextKey>
          <assignFromContext>true</assignFromContext>
          <assignToContext>true</assignToContext>
          <inputType>STRING</inputType>
          <isList>false</isList>
          <required>false</required>
          <isPersisted>true</isPersisted>
          <inputSymbol>timeout</inputSymbol>
          <listDelimiter>,</listDelimiter>
          <value>600000</value>
          <record>false</record>
        </staticBinding>
      </bindings>
      <transitions>
        <transition id="03ff51ae-4882-45b5-8e27-6d6ce6684ec5">
          <annotation></annotation>
          <name>success</name>
          <command>NEXT</command>
          <linkMode>false</linkMode>
          <responseSymbol>success</responseSymbol>
          <shouldHandoff>false</shouldHandoff>
          <transitionValue>0.0</transitionValue>
          <destination>
            <refId>d89d779c-c406-4489-936b-3bfd3afb86ee</refId>
          </destination>
          <source>
            <refId>55d574e8-f5b6-4c70-be66-46e7fbc135ff</refId>
          </source>
          <positions>
            <point>
              <x>484.0</x>
              <y>206.0</y>
            </point>
            <point>
              <x>613.0</x>
              <y>208.0</y>
            </point>
          </positions>
          <labelPosition>
            <x>333.0</x>
            <y>0.0</y>
          </labelPosition>
        </transition>
        <transition id="5d88ca75-daf3-4de7-8dcc-b987bf6e19ee">
          <annotation></annotation>
          <name>failure</name>
          <command>NEXT</command>
          <linkMode>false</linkMode>
          <responseSymbol>failure</responseSymbol>
          <shouldHandoff>false</shouldHandoff>
          <transitionValue>0.0</transitionValue>
          <destination>
            <refId>48152400-ae50-4a7c-8559-f94bb8198d0a</refId>
          </destination>
          <source>
            <refId>55d574e8-f5b6-4c70-be66-46e7fbc135ff</refId>
          </source>
          <positions>
            <point>
              <x>484.0</x>
              <y>206.0</y>
            </point>
            <point>
              <x>791.0</x>
              <y>377.0</y>
            </point>
          </positions>
          <labelPosition>
            <x>333.0</x>
            <y>0.0</y>
          </labelPosition>
        </transition>
      </transitions>
      <properties/>
      <opRef>
        <refId>3c0f1258-b910-4665-b809-753ed5586c08</refId>
      </opRef>
      <assignments>
        <flowVariableAssignment id="8eee3fe7-8b62-4578-bf1e-4d058ca6bb29">
          <annotation></annotation>
          <name>assignment</name>
          <action>OVERWRITE</action>
          <assignmentTargetType>FLOW_OUTPUT_FIELD</assignmentTargetType>
          <contextKey>vm.admin.user</contextKey>
          <expression id="776ace25-061c-47ff-a51e-8c148a900459">
            <annotation></annotation>
            <name>Input: username</name>
            <fieldName>username</fieldName>
            <sourceType>INPUT</sourceType>
            <filters/>
          </expression>
        </flowVariableAssignment>
      </assignments>
      <throttleSize>0</throttleSize>
    </step>
    <step id="5651065c-1b24-4eca-8c3f-45fe8b94b933">
      <annotation></annotation>
      <name>DB_GetVlanInfo</name>
      <bounds>
        <x>275.0</x>
        <y>25.0</y>
      </bounds>
      <layer>-1</layer>
      <hideInbound>false</hideInbound>
      <addResultToRunContext>false</addResultToRunContext>
      <isCriticalStep>false</isCriticalStep>
      <isNonBlocking>false</isNonBlocking>
      <isParallelStep>false</isParallelStep>
      <isSingleResponse>false</isSingleResponse>
      <recordInHistory>false</recordInHistory>
      <recordRawOutput>true</recordRawOutput>
      <recordPrimaryOutput>true</recordPrimaryOutput>
      <checkPointStep>true</checkPointStep>
      <historyCheckPointStep>true</historyCheckPointStep>
      <scriptResultStep>false</scriptResultStep>
      <userPrompt></userPrompt>
      <bindings>
        <staticBinding id="a2a25928-803e-4202-a837-9521c8958502">
          <annotation></annotation>
          <assignFromContext>false</assignFromContext>
          <assignToContext>false</assignToContext>
          <inputType>STRING</inputType>
          <isList>false</isList>
          <required>true</required>
          <isPersisted>true</isPersisted>
          <inputSymbol>ccname</inputSymbol>
          <listDelimiter>,</listDelimiter>
          <value>${db.getdetails.cloudcell}</value>
          <record>false</record>
        </staticBinding>
        <staticBinding id="386ab7b9-2b3c-4679-b731-5140b9793904">
          <annotation></annotation>
          <assignFromContext>false</assignFromContext>
          <assignToContext>false</assignToContext>
          <inputType>STRING</inputType>
          <isList>false</isList>
          <required>true</required>
          <isPersisted>true</isPersisted>
          <inputSymbol>vlangid</inputSymbol>
          <listDelimiter>,</listDelimiter>
          <value>${server.bakvlangid}</value>
          <record>false</record>
        </staticBinding>
      </bindings>
      <transitions>
        <transition id="ebebd9d9-052e-4f26-ac46-602b7b5edc04">
          <annotation></annotation>
          <name>failure</name>
          <command>NEXT</command>
          <linkMode>false</linkMode>
          <responseSymbol>failure</responseSymbol>
          <shouldHandoff>false</shouldHandoff>
          <transitionValue>0.0</transitionValue>
          <destination>
            <refId>5a00a0e1-d48b-4b29-8270-07bdad83f973</refId>
          </destination>
          <source>
            <refId>5651065c-1b24-4eca-8c3f-45fe8b94b933</refId>
          </source>
          <positions>
            <point>
              <x>277.0</x>
              <y>56.0</y>
            </point>
            <point>
              <x>226.0</x>
              <y>201.0</y>
            </point>
          </positions>
          <labelPosition>
            <x>333.0</x>
            <y>0.0</y>
          </labelPosition>
        </transition>
        <transition id="0593fa51-bdf6-4c76-8aff-87ddfa9f0966">
          <annotation></annotation>
          <name>success</name>
          <command>NEXT</command>
          <linkMode>false</linkMode>
          <responseSymbol>success</responseSymbol>
          <shouldHandoff>false</shouldHandoff>
          <transitionValue>0.0</transitionValue>
          <destination>
            <refId>ef72d65b-0650-460a-bba8-74060b451076</refId>
          </destination>
          <source>
            <refId>5651065c-1b24-4eca-8c3f-45fe8b94b933</refId>
          </source>
          <positions>
            <point>
              <x>277.0</x>
              <y>56.0</y>
            </point>
            <point>
              <x>517.0</x>
              <y>62.0</y>
            </point>
          </positions>
          <labelPosition>
            <x>333.0</x>
            <y>0.0</y>
          </labelPosition>
        </transition>
      </transitions>
      <properties/>
      <opRef>
        <refId>a98e6a55-6ce3-467f-b906-22cc568ded85</refId>
      </opRef>
      <assignments>
        <flowVariableAssignment id="1dfec2e5-b068-41d8-80ab-aff996338e14">
          <annotation></annotation>
          <name>assignment</name>
          <action>OVERWRITE</action>
          <assignmentTargetType>FLOW_VARIABLE</assignmentTargetType>
          <contextKey>server.oo.ras</contextKey>
          <expression id="cb8066ff-6405-4b00-a142-3baab3531945">
            <annotation></annotation>
            <name>Result Field: db.vlaninfo.OORAS</name>
            <fieldName>db.vlaninfo.OORAS</fieldName>
            <sourceType>RAWRESULT</sourceType>
            <filters/>
          </expression>
        </flowVariableAssignment>
      </assignments>
      <throttleSize>0</throttleSize>
    </step>
    <step id="d89d779c-c406-4489-936b-3bfd3afb86ee">
      <annotation></annotation>
      <name>CSA_UpdateArtefactProperty</name>
      <bounds>
        <x>785.0</x>
        <y>290.0</y>
      </bounds>
      <layer>-1</layer>
      <hideInbound>false</hideInbound>
      <addResultToRunContext>false</addResultToRunContext>
      <isCriticalStep>false</isCriticalStep>
      <isNonBlocking>false</isNonBlocking>
      <isParallelStep>false</isParallelStep>
      <isSingleResponse>false</isSingleResponse>
      <recordInHistory>false</recordInHistory>
      <recordRawOutput>true</recordRawOutput>
      <recordPrimaryOutput>true</recordPrimaryOutput>
      <checkPointStep>true</checkPointStep>
      <historyCheckPointStep>true</historyCheckPointStep>
      <scriptResultStep>false</scriptResultStep>
      <userPrompt></userPrompt>
      <bindings>
        <staticBinding id="eef2f38c-4095-4ef2-862b-564ae5f0bd82">
          <annotation></annotation>
          <assignFromContext>false</assignFromContext>
          <assignToContext>true</assignToContext>
          <inputType>STRING</inputType>
          <isList>false</isList>
          <required>true</required>
          <isPersisted>true</isPersisted>
          <inputSymbol>propName</inputSymbol>
          <listDelimiter>,</listDelimiter>
          <value>Inital Password</value>
          <record>false</record>
        </staticBinding>
        <staticBinding id="e34d8095-79a5-4abb-be16-b03ebb33f298">
          <annotation></annotation>
          <assignFromContext>false</assignFromContext>
          <assignToContext>true</assignToContext>
          <inputType>STRING</inputType>
          <isList>false</isList>
          <required>false</required>
          <isPersisted>true</isPersisted>
          <inputSymbol>propType</inputSymbol>
          <listDelimiter>,</listDelimiter>
          <value>STRING</value>
          <record>false</record>
        </staticBinding>
        <staticBinding id="cf834c6a-6087-4ec5-9a5c-7b3840a5e578">
          <annotation></annotation>
          <assignFromContext>false</assignFromContext>
          <assignToContext>true</assignToContext>
          <inputType>STRING</inputType>
          <isList>false</isList>
          <required>true</required>
          <isPersisted>true</isPersisted>
          <inputSymbol>propValue</inputSymbol>
          <listDelimiter>,</listDelimiter>
          <value>Password changed</value>
          <record>false</record>
        </staticBinding>
        <staticBinding id="45bbbbc0-24e3-4437-bf88-600c9f0d150d">
          <annotation></annotation>
          <assignFromContext>false</assignFromContext>
          <assignToContext>true</assignToContext>
          <inputType>STRING</inputType>
          <isList>false</isList>
          <required>false</required>
          <isPersisted>true</isPersisted>
          <inputSymbol>customerVisible</inputSymbol>
          <listDelimiter>,</listDelimiter>
          <value>false</value>
          <record>false</record>
        </staticBinding>
        <staticBinding id="fa11c53d-d41a-43d4-9ee4-7bffe36b8f8c">
          <annotation></annotation>
          <assignFromContext>true</assignFromContext>
          <assignToContext>true</assignToContext>
          <inputType>STRING</inputType>
          <isList>false</isList>
          <required>true</required>
          <isPersisted>true</isPersisted>
          <inputSymbol>csasvcuuid</inputSymbol>
          <listDelimiter>,</listDelimiter>
          <value></value>
          <record>false</record>
        </staticBinding>
        <staticBinding id="5b332328-ea20-44d4-a4c6-cc864bbe8bb6">
          <annotation></annotation>
          <assignFromContext>false</assignFromContext>
          <assignToContext>false</assignToContext>
          <inputType>STRING</inputType>
          <isList>false</isList>
          <required>true</required>
          <isPersisted>true</isPersisted>
          <inputSymbol>displayname</inputSymbol>
          <listDelimiter>,</listDelimiter>
          <value>Inital Password</value>
          <record>false</record>
        </staticBinding>
      </bindings>
      <transitions>
        <transition id="1f1e584f-ac73-4155-91ce-97966f0f7e49">
          <annotation></annotation>
          <name>failure</name>
          <command>NEXT</command>
          <linkMode>false</linkMode>
          <responseSymbol>failure</responseSymbol>
          <shouldHandoff>false</shouldHandoff>
          <transitionValue>0.0</transitionValue>
          <destination>
            <refId>48152400-ae50-4a7c-8559-f94bb8198d0a</refId>
          </destination>
          <source>
            <refId>d89d779c-c406-4489-936b-3bfd3afb86ee</refId>
          </source>
          <positions>
            <point>
              <x>842.0</x>
              <y>215.0</y>
            </point>
            <point>
              <x>821.0</x>
              <y>381.0</y>
            </point>
          </positions>
          <labelPosition>
            <x>333.0</x>
            <y>0.0</y>
          </labelPosition>
        </transition>
        <transition id="2b839d01-0145-4df0-ab2a-92f38882da05">
          <annotation></annotation>
          <name>success</name>
          <command>NEXT</command>
          <linkMode>false</linkMode>
          <responseSymbol>success</responseSymbol>
          <shouldHandoff>false</shouldHandoff>
          <transitionValue>0.0</transitionValue>
          <destination>
            <refId>c34a5728-36da-4835-a975-5074a27b9e86</refId>
          </destination>
          <source>
            <refId>d89d779c-c406-4489-936b-3bfd3afb86ee</refId>
          </source>
          <positions>
            <point>
              <x>842.0</x>
              <y>215.0</y>
            </point>
            <point>
              <x>1012.0</x>
              <y>211.0</y>
            </point>
          </positions>
          <labelPosition>
            <x>333.0</x>
            <y>0.0</y>
          </labelPosition>
        </transition>
      </transitions>
      <properties/>
      <opRef>
        <refId>7f62af65-07d6-41ad-b715-9fd434b36a72</refId>
      </opRef>
      <assignments/>
      <throttleSize>0</throttleSize>
    </step>
    <step id="ef72d65b-0650-460a-bba8-74060b451076">
      <annotation>09a1469f-d81e-469c-a2ad-287a4e43e8fd.ef72d65b-0650-460a-bba8-74060b451076.description</annotation>
      <name>GetUserPW</name>
      <bounds>
        <x>446.0</x>
        <y>25.0</y>
      </bounds>
      <layer>-1</layer>
      <hideInbound>false</hideInbound>
      <addResultToRunContext>false</addResultToRunContext>
      <isCriticalStep>false</isCriticalStep>
      <isNonBlocking>false</isNonBlocking>
      <isParallelStep>false</isParallelStep>
      <isSingleResponse>false</isSingleResponse>
      <recordInHistory>false</recordInHistory>
      <recordRawOutput>true</recordRawOutput>
      <recordPrimaryOutput>true</recordPrimaryOutput>
      <checkPointStep>true</checkPointStep>
      <historyCheckPointStep>true</historyCheckPointStep>
      <scriptResultStep>false</scriptResultStep>
      <userPrompt></userPrompt>
      <bindings>
        <staticBinding id="22830758-0766-49aa-af6f-bd9e650929f9">
          <annotation></annotation>
          <toContextKey></toContextKey>
          <fromContextKey></fromContextKey>
          <assignFromContext>false</assignFromContext>
          <assignToContext>false</assignToContext>
          <inputType>STRING</inputType>
          <isList>false</isList>
          <required>true</required>
          <isPersisted>true</isPersisted>
          <inputSymbol>TNSPath</inputSymbol>
          <listDelimiter>,</listDelimiter>
          <value>${pc.infradb.tns.path}</value>
          <record>false</record>
        </staticBinding>
        <staticBinding id="9d2afaf9-f691-4dc4-beec-8160ecf4b6a9">
          <annotation></annotation>
          <toContextKey></toContextKey>
          <fromContextKey></fromContextKey>
          <assignFromContext>false</assignFromContext>
          <assignToContext>false</assignToContext>
          <inputType>STRING</inputType>
          <isList>false</isList>
          <required>true</required>
          <isPersisted>true</isPersisted>
          <inputSymbol>TNSEntry</inputSymbol>
          <listDelimiter>,</listDelimiter>
          <value>${pc.infradb.tns.entry}</value>
          <record>false</record>
        </staticBinding>
        <identityBinding id="ac903980-371c-45d1-a23f-f322422c152d">
          <annotation></annotation>
          <toContextKey></toContextKey>
          <fromContextKey></fromContextKey>
          <assignFromContext>false</assignFromContext>
          <assignToContext>false</assignToContext>
          <inputType>ENCRYPTED</inputType>
          <isList>false</isList>
          <required>true</required>
          <isPersisted>true</isPersisted>
          <inputSymbol>Username</inputSymbol>
          <listDelimiter>,</listDelimiter>
          <record>false</record>
          <link>
            <refId>881ee06f-89ad-4af6-a00d-06654eadccaa</refId>
            <refName>pc.infradb</refName>
          </link>
          <identityAttribute>USERNAME</identityAttribute>
        </identityBinding>
        <identityBinding id="acc4fd6d-fc46-4fac-9a52-e5cb63b66731">
          <annotation></annotation>
          <toContextKey></toContextKey>
          <fromContextKey></fromContextKey>
          <assignFromContext>false</assignFromContext>
          <assignToContext>false</assignToContext>
          <inputType>ENCRYPTED</inputType>
          <isList>false</isList>
          <required>true</required>
          <isPersisted>true</isPersisted>
          <inputSymbol>Password</inputSymbol>
          <listDelimiter>,</listDelimiter>
          <record>false</record>
          <link>
            <refId>881ee06f-89ad-4af6-a00d-06654eadccaa</refId>
            <refName>pc.infradb</refName>
          </link>
          <identityAttribute>PASSWORD</identityAttribute>
        </identityBinding>
        <staticBinding id="ee68ce3e-571e-4476-b7e0-0ce1d15020c3">
          <annotation></annotation>
          <toContextKey></toContextKey>
          <fromContextKey></fromContextKey>
          <assignFromContext>false</assignFromContext>
          <assignToContext>false</assignToContext>
          <inputType>STRING</inputType>
          <isList>false</isList>
          <required>true</required>
          <isPersisted>true</isPersisted>
          <inputSymbol>Command</inputSymbol>
          <listDelimiter>,</listDelimiter>
          <value>SELECT SECONDPW FROM SERVER WHERE CSASVCUUID = &apos;${csasvcuuid}&apos;</value>
          <record>false</record>
        </staticBinding>
      </bindings>
      <transitions>
        <transition id="3cb9cb18-9897-47d6-89bf-03652b1855a7">
          <annotation></annotation>
          <name>failure</name>
          <command>NEXT</command>
          <linkMode>false</linkMode>
          <responseSymbol>failure</responseSymbol>
          <shouldHandoff>false</shouldHandoff>
          <transitionValue>0.0</transitionValue>
          <destination>
            <refId>5a00a0e1-d48b-4b29-8270-07bdad83f973</refId>
          </destination>
          <source>
            <refId>ef72d65b-0650-460a-bba8-74060b451076</refId>
          </source>
          <positions>
            <point>
              <x>208.0</x>
              <y>210.0</y>
            </point>
            <point>
              <x>53.0</x>
              <y>378.0</y>
            </point>
          </positions>
          <labelPosition>
            <x>333.0</x>
            <y>0.0</y>
          </labelPosition>
        </transition>
        <transition id="906046fb-7057-49c9-a739-9ffae4b99259">
          <annotation></annotation>
          <name>more items</name>
          <command>NEXT</command>
          <linkMode>false</linkMode>
          <responseSymbol>more items</responseSymbol>
          <shouldHandoff>false</shouldHandoff>
          <transitionValue>0.0</transitionValue>
          <destination>
            <refId>85aef5ab-8404-48cd-ba49-486086aa65e6</refId>
          </destination>
          <source>
            <refId>ef72d65b-0650-460a-bba8-74060b451076</refId>
          </source>
          <positions>
            <point>
              <x>208.0</x>
              <y>210.0</y>
            </point>
            <point>
              <x>334.0</x>
              <y>209.0</y>
            </point>
          </positions>
          <labelPosition>
            <x>333.0</x>
            <y>0.0</y>
          </labelPosition>
        </transition>
      </transitions>
      <properties/>
      <opRef>
        <refId>c081c558-b08f-48e0-b994-24d1a6674002</refId>
      </opRef>
      <assignments>
        <flowVariableAssignment id="53035616-9fd7-40ea-8ccd-4319b35c793c">
          <annotation></annotation>
          <name>assignment</name>
          <action>OVERWRITE</action>
          <assignmentTargetType>FLOW_VARIABLE</assignmentTargetType>
          <contextKey>server.pw</contextKey>
          <expression id="b9f40314-8322-4910-b2d3-3edef2eb9a18">
            <annotation></annotation>
            <name>Result Field: outputText</name>
            <fieldName>outputText</fieldName>
            <sourceType>RAWRESULT</sourceType>
            <filters/>
          </expression>
        </flowVariableAssignment>
      </assignments>
      <throttleSize>0</throttleSize>
    </step>
    <returnStep id="c34a5728-36da-4835-a975-5074a27b9e86">
      <annotation></annotation>
      <name>Resolved : success</name>
      <bounds>
        <x>915.0</x>
        <y>290.0</y>
      </bounds>
      <layer>-1</layer>
      <hideInbound>false</hideInbound>
      <addResultToRunContext>false</addResultToRunContext>
      <isCriticalStep>false</isCriticalStep>
      <isNonBlocking>false</isNonBlocking>
      <isParallelStep>false</isParallelStep>
      <isSingleResponse>false</isSingleResponse>
      <recordInHistory>false</recordInHistory>
      <recordRawOutput>true</recordRawOutput>
      <recordPrimaryOutput>true</recordPrimaryOutput>
      <checkPointStep>true</checkPointStep>
      <historyCheckPointStep>true</historyCheckPointStep>
      <scriptResultStep>false</scriptResultStep>
      <userPrompt></userPrompt>
      <bindings/>
      <transitions>
        <transition id="4251c5e0-e286-42ad-aca8-25275a47464b">
          <annotation></annotation>
          <name>return</name>
          <command>NEXT</command>
          <linkMode>false</linkMode>
          <responseSymbol>success</responseSymbol>
          <shouldHandoff>false</shouldHandoff>
          <transitionValue>0.0</transitionValue>
          <destination>
            <refId>c34a5728-36da-4835-a975-5074a27b9e86</refId>
          </destination>
          <source>
            <refId>c34a5728-36da-4835-a975-5074a27b9e86</refId>
          </source>
          <positions/>
        </transition>
      </transitions>
      <properties/>
      <returnStepType>RESOLVED</returnStepType>
      <assignments/>
    </returnStep>
    <step id="85aef5ab-8404-48cd-ba49-486086aa65e6">
      <annotation>09a1469f-d81e-469c-a2ad-287a4e43e8fd.85aef5ab-8404-48cd-ba49-486086aa65e6.description</annotation>
      <name>GetAdminPW</name>
      <bounds>
        <x>446.0</x>
        <y>161.0</y>
      </bounds>
      <layer>-1</layer>
      <hideInbound>false</hideInbound>
      <addResultToRunContext>false</addResultToRunContext>
      <isCriticalStep>false</isCriticalStep>
      <isNonBlocking>false</isNonBlocking>
      <isParallelStep>false</isParallelStep>
      <isSingleResponse>false</isSingleResponse>
      <recordInHistory>false</recordInHistory>
      <recordRawOutput>true</recordRawOutput>
      <recordPrimaryOutput>true</recordPrimaryOutput>
      <checkPointStep>true</checkPointStep>
      <historyCheckPointStep>true</historyCheckPointStep>
      <scriptResultStep>false</scriptResultStep>
      <userPrompt></userPrompt>
      <bindings>
        <staticBinding id="f7f77309-7ef2-4455-8a8a-cdc75bf40e9c">
          <annotation></annotation>
          <toContextKey></toContextKey>
          <fromContextKey></fromContextKey>
          <assignFromContext>false</assignFromContext>
          <assignToContext>false</assignToContext>
          <inputType>STRING</inputType>
          <isList>false</isList>
          <required>true</required>
          <isPersisted>true</isPersisted>
          <inputSymbol>TNSPath</inputSymbol>
          <listDelimiter>,</listDelimiter>
          <value>${pc.infradb.tns.path}</value>
          <record>false</record>
        </staticBinding>
        <staticBinding id="9bafaee5-4f76-4d2c-b0d9-da645872dc91">
          <annotation></annotation>
          <toContextKey></toContextKey>
          <fromContextKey></fromContextKey>
          <assignFromContext>false</assignFromContext>
          <assignToContext>false</assignToContext>
          <inputType>STRING</inputType>
          <isList>false</isList>
          <required>true</required>
          <isPersisted>true</isPersisted>
          <inputSymbol>TNSEntry</inputSymbol>
          <listDelimiter>,</listDelimiter>
          <value>${pc.infradb.tns.entry}</value>
          <record>false</record>
        </staticBinding>
        <identityBinding id="e5a7e068-ea86-4937-bb0e-142530027ddc">
          <annotation></annotation>
          <toContextKey></toContextKey>
          <fromContextKey></fromContextKey>
          <assignFromContext>false</assignFromContext>
          <assignToContext>false</assignToContext>
          <inputType>ENCRYPTED</inputType>
          <isList>false</isList>
          <required>true</required>
          <isPersisted>true</isPersisted>
          <inputSymbol>Username</inputSymbol>
          <listDelimiter>,</listDelimiter>
          <record>false</record>
          <link>
            <refId>881ee06f-89ad-4af6-a00d-06654eadccaa</refId>
            <refName>pc.infradb</refName>
          </link>
          <identityAttribute>USERNAME</identityAttribute>
        </identityBinding>
        <identityBinding id="34f5b7b9-ee6d-436a-912c-472a96f86407">
          <annotation></annotation>
          <toContextKey></toContextKey>
          <fromContextKey></fromContextKey>
          <assignFromContext>false</assignFromContext>
          <assignToContext>false</assignToContext>
          <inputType>ENCRYPTED</inputType>
          <isList>false</isList>
          <required>true</required>
          <isPersisted>true</isPersisted>
          <inputSymbol>Password</inputSymbol>
          <listDelimiter>,</listDelimiter>
          <record>false</record>
          <link>
            <refId>881ee06f-89ad-4af6-a00d-06654eadccaa</refId>
            <refName>pc.infradb</refName>
          </link>
          <identityAttribute>PASSWORD</identityAttribute>
        </identityBinding>
        <staticBinding id="f87d330b-7cdf-4c99-8e28-1da35f82cc2c">
          <annotation></annotation>
          <toContextKey></toContextKey>
          <fromContextKey></fromContextKey>
          <assignFromContext>false</assignFromContext>
          <assignToContext>false</assignToContext>
          <inputType>STRING</inputType>
          <isList>false</isList>
          <required>true</required>
          <isPersisted>true</isPersisted>
          <inputSymbol>Command</inputSymbol>
          <listDelimiter>,</listDelimiter>
          <value>SELECT ADMINPW FROM SERVER WHERE CSASVCUUID = &apos;${csasvcuuid}&apos;</value>
          <record>false</record>
        </staticBinding>
      </bindings>
      <transitions>
        <transition id="38a91b22-b946-4893-807b-6ab006059d0a">
          <annotation></annotation>
          <name>failure</name>
          <command>NEXT</command>
          <linkMode>false</linkMode>
          <responseSymbol>failure</responseSymbol>
          <shouldHandoff>false</shouldHandoff>
          <transitionValue>0.0</transitionValue>
          <destination>
            <refId>5a00a0e1-d48b-4b29-8270-07bdad83f973</refId>
          </destination>
          <source>
            <refId>85aef5ab-8404-48cd-ba49-486086aa65e6</refId>
          </source>
          <positions>
            <point>
              <x>334.0</x>
              <y>209.0</y>
            </point>
            <point>
              <x>53.0</x>
              <y>378.0</y>
            </point>
          </positions>
          <labelPosition>
            <x>333.0</x>
            <y>0.0</y>
          </labelPosition>
        </transition>
        <transition id="0d5d7236-4e22-4f5f-aa86-0fac290f7a96">
          <annotation></annotation>
          <name>more items</name>
          <command>NEXT</command>
          <linkMode>false</linkMode>
          <responseSymbol>more items</responseSymbol>
          <shouldHandoff>false</shouldHandoff>
          <transitionValue>0.0</transitionValue>
          <destination>
            <refId>ddb5404a-6f88-499f-859e-b248d57620f9</refId>
          </destination>
          <source>
            <refId>85aef5ab-8404-48cd-ba49-486086aa65e6</refId>
          </source>
          <positions>
            <point>
              <x>334.0</x>
              <y>209.0</y>
            </point>
            <point>
              <x>489.0</x>
              <y>213.0</y>
            </point>
          </positions>
          <labelPosition>
            <x>333.0</x>
            <y>0.0</y>
          </labelPosition>
        </transition>
      </transitions>
      <properties/>
      <opRef>
        <refId>c081c558-b08f-48e0-b994-24d1a6674002</refId>
      </opRef>
      <assignments>
        <flowVariableAssignment id="30e0f7d7-e0df-4e3a-974e-4e942c3bf028">
          <annotation></annotation>
          <name>assignment</name>
          <action>OVERWRITE</action>
          <assignmentTargetType>FLOW_VARIABLE</assignmentTargetType>
          <contextKey>server.adminpw</contextKey>
          <expression id="66e1e67b-3271-402e-be3b-ecd890b4acc6">
            <annotation></annotation>
            <name>Result Field: outputText</name>
            <fieldName>outputText</fieldName>
            <sourceType>RAWRESULT</sourceType>
            <filters/>
          </expression>
        </flowVariableAssignment>
      </assignments>
      <throttleSize>0</throttleSize>
    </step>
    <step id="0fbaa82f-bc11-4c58-9c6c-e955582eb619">
      <annotation>09a1469f-d81e-469c-a2ad-287a4e43e8fd.0fbaa82f-bc11-4c58-9c6c-e955582eb619.description</annotation>
      <name>LockUser</name>
      <bounds>
        <x>446.0</x>
        <y>439.0</y>
      </bounds>
      <layer>-1</layer>
      <hideInbound>false</hideInbound>
      <addResultToRunContext>false</addResultToRunContext>
      <isCriticalStep>false</isCriticalStep>
      <isNonBlocking>false</isNonBlocking>
      <isParallelStep>false</isParallelStep>
      <isSingleResponse>false</isSingleResponse>
      <recordInHistory>false</recordInHistory>
      <recordRawOutput>true</recordRawOutput>
      <recordPrimaryOutput>true</recordPrimaryOutput>
      <checkPointStep>true</checkPointStep>
      <historyCheckPointStep>true</historyCheckPointStep>
      <scriptResultStep>false</scriptResultStep>
      <userPrompt></userPrompt>
      <bindings>
        <staticBinding id="bd1a20a1-8bb4-41a8-80a6-1c76ab8edea0">
          <annotation></annotation>
          <toContextKey>vm.ip.backup</toContextKey>
          <fromContextKey>vm.ip.backup</fromContextKey>
          <assignFromContext>false</assignFromContext>
          <assignToContext>false</assignToContext>
          <inputType>STRING</inputType>
          <isList>false</isList>
          <required>true</required>
          <isPersisted>true</isPersisted>
          <inputSymbol>host</inputSymbol>
          <listDelimiter>,</listDelimiter>
          <value>${db.getdetails.bakip}</value>
          <record>false</record>
        </staticBinding>
        <staticBinding id="154821b8-30f0-4f3b-b772-720fc8cd8878">
          <annotation></annotation>
          <toContextKey></toContextKey>
          <fromContextKey></fromContextKey>
          <assignFromContext>false</assignFromContext>
          <assignToContext>false</assignToContext>
          <inputType>STRING</inputType>
          <isList>false</isList>
          <required>true</required>
          <isPersisted>true</isPersisted>
          <inputSymbol>port</inputSymbol>
          <listDelimiter>,</listDelimiter>
          <value>22</value>
          <record>false</record>
        </staticBinding>
        <staticBinding id="5bd411a6-a9ff-46a5-9f56-e46ace8c7f5a">
          <annotation></annotation>
          <toContextKey></toContextKey>
          <fromContextKey>server.adminpw</fromContextKey>
          <assignFromContext>true</assignFromContext>
          <assignToContext>true</assignToContext>
          <inputType>ENCRYPTED</inputType>
          <isList>false</isList>
          <required>true</required>
          <isPersisted>true</isPersisted>
          <inputSymbol>password</inputSymbol>
          <listDelimiter>,</listDelimiter>
          <value></value>
          <record>false</record>
        </staticBinding>
        <staticBinding id="d388bbdf-ecbc-4819-9d8c-4e0bc2e354de">
          <annotation></annotation>
          <toContextKey></toContextKey>
          <fromContextKey></fromContextKey>
          <assignFromContext>true</assignFromContext>
          <assignToContext>true</assignToContext>
          <inputType>STRING</inputType>
          <isList>false</isList>
          <required>true</required>
          <isPersisted>true</isPersisted>
          <inputSymbol>protocol</inputSymbol>
          <listDelimiter>,</listDelimiter>
          <value>ssh</value>
          <record>false</record>
        </staticBinding>
        <staticBinding id="b6166e7d-d7fc-4f26-acfb-084c2cba66f2">
          <annotation></annotation>
          <fromContextKey></fromContextKey>
          <assignFromContext>false</assignFromContext>
          <assignToContext>false</assignToContext>
          <inputType>STRING</inputType>
          <isList>false</isList>
          <required>true</required>
          <isPersisted>true</isPersisted>
          <inputSymbol>command</inputSymbol>
          <listDelimiter>,</listDelimiter>
          <value>passwd -l rootcust</value>
          <record>false</record>
        </staticBinding>
        <staticBinding id="b1a110e9-a987-4742-9802-82659ab34f45">
          <annotation></annotation>
          <toContextKey></toContextKey>
          <fromContextKey></fromContextKey>
          <assignFromContext>true</assignFromContext>
          <assignToContext>true</assignToContext>
          <inputType>STRING</inputType>
          <isList>false</isList>
          <required>false</required>
          <isPersisted>true</isPersisted>
          <inputSymbol>timeout</inputSymbol>
          <listDelimiter>,</listDelimiter>
          <value>600000</value>
          <record>false</record>
        </staticBinding>
        <staticBinding id="631aeab7-87a1-47f9-849b-f4831e2cd9ae">
          <annotation></annotation>
          <toContextKey></toContextKey>
          <fromContextKey></fromContextKey>
          <assignFromContext>false</assignFromContext>
          <assignToContext>true</assignToContext>
          <inputType>OBJECT</inputType>
          <isList>false</isList>
          <required>true</required>
          <isPersisted>true</isPersisted>
          <inputSymbol>username</inputSymbol>
          <listDelimiter>,</listDelimiter>
          <value>root</value>
          <record>false</record>
        </staticBinding>
        <staticBinding id="e2682ac2-f922-4c55-a4c3-53bacc448001">
          <annotation></annotation>
          <assignFromContext>true</assignFromContext>
          <assignToContext>false</assignToContext>
          <inputType>STRING</inputType>
          <isList>false</isList>
          <required>false</required>
          <isPersisted>true</isPersisted>
          <inputSymbol>overrideJRAS</inputSymbol>
          <listDelimiter>,</listDelimiter>
          <value>${server.oo.ras}</value>
          <record>false</record>
        </staticBinding>
        <staticBinding id="37677e01-6a21-458e-833f-c5043e00e0fd">
          <annotation></annotation>
          <assignFromContext>true</assignFromContext>
          <assignToContext>false</assignToContext>
          <inputType>STRING</inputType>
          <isList>false</isList>
          <required>false</required>
          <isPersisted>true</isPersisted>
          <inputSymbol>overrideNRAS</inputSymbol>
          <listDelimiter>,</listDelimiter>
          <value>${server.oo.ras}</value>
          <record>false</record>
        </staticBinding>
      </bindings>
      <transitions>
        <transition id="4624d961-70fe-47e0-88c1-4f2e63ec5aab">
          <annotation></annotation>
          <name>failure</name>
          <command>NEXT</command>
          <linkMode>false</linkMode>
          <responseSymbol>failure</responseSymbol>
          <shouldHandoff>false</shouldHandoff>
          <transitionValue>0.0</transitionValue>
          <destination>
            <refId>98a62bad-6911-4d79-afc2-a3b25e57ca88</refId>
          </destination>
          <source>
            <refId>0fbaa82f-bc11-4c58-9c6c-e955582eb619</refId>
          </source>
          <positions>
            <point>
              <x>202.0</x>
              <y>385.0</y>
            </point>
            <point>
              <x>344.0</x>
              <y>504.0</y>
            </point>
          </positions>
          <labelPosition>
            <x>333.0</x>
            <y>0.0</y>
          </labelPosition>
        </transition>
        <transition id="db756c4e-8955-4ac7-a59a-6754b2ab309f">
          <annotation></annotation>
          <name>success</name>
          <command>NEXT</command>
          <linkMode>false</linkMode>
          <responseSymbol>success</responseSymbol>
          <shouldHandoff>false</shouldHandoff>
          <transitionValue>0.0</transitionValue>
          <destination>
            <refId>406444ef-842f-4ac2-97b8-2a0f299484f0</refId>
          </destination>
          <source>
            <refId>0fbaa82f-bc11-4c58-9c6c-e955582eb619</refId>
          </source>
          <positions>
            <point>
              <x>344.0</x>
              <y>376.0</y>
            </point>
            <point>
              <x>537.0</x>
              <y>382.0</y>
            </point>
          </positions>
          <labelPosition>
            <x>333.0</x>
            <y>0.0</y>
          </labelPosition>
        </transition>
      </transitions>
      <properties/>
      <opRef>
        <refId>3c0f1258-b910-4665-b809-753ed5586c08</refId>
      </opRef>
      <assignments>
        <flowVariableAssignment id="81b0a5ca-2505-4138-a8e1-28b976aaf847">
          <annotation></annotation>
          <name>assignment</name>
          <action>OVERWRITE</action>
          <assignmentTargetType>FLOW_OUTPUT_FIELD</assignmentTargetType>
          <contextKey>vm.admin.user</contextKey>
          <expression id="916bd3b3-b7dd-4191-a160-d6752dbc5a3f">
            <annotation></annotation>
            <name>Input: username</name>
            <fieldName>username</fieldName>
            <sourceType>INPUT</sourceType>
            <filters/>
          </expression>
        </flowVariableAssignment>
      </assignments>
      <throttleSize>0</throttleSize>
    </step>
    <returnStep id="48152400-ae50-4a7c-8559-f94bb8198d0a">
      <annotation></annotation>
      <name>Error : failure</name>
      <bounds>
        <x>895.0</x>
        <y>439.0</y>
      </bounds>
      <layer>-1</layer>
      <hideInbound>false</hideInbound>
      <addResultToRunContext>false</addResultToRunContext>
      <isCriticalStep>false</isCriticalStep>
      <isNonBlocking>false</isNonBlocking>
      <isParallelStep>false</isParallelStep>
      <isSingleResponse>false</isSingleResponse>
      <recordInHistory>false</recordInHistory>
      <recordRawOutput>true</recordRawOutput>
      <recordPrimaryOutput>true</recordPrimaryOutput>
      <checkPointStep>true</checkPointStep>
      <historyCheckPointStep>true</historyCheckPointStep>
      <scriptResultStep>false</scriptResultStep>
      <userPrompt></userPrompt>
      <bindings/>
      <transitions>
        <transition id="44f15308-ac04-4002-b58e-32e42ffd4295">
          <annotation></annotation>
          <name>return</name>
          <command>NEXT</command>
          <linkMode>false</linkMode>
          <responseSymbol>failure</responseSymbol>
          <shouldHandoff>false</shouldHandoff>
          <transitionValue>0.0</transitionValue>
          <destination>
            <refId>48152400-ae50-4a7c-8559-f94bb8198d0a</refId>
          </destination>
          <source>
            <refId>48152400-ae50-4a7c-8559-f94bb8198d0a</refId>
          </source>
          <positions/>
        </transition>
      </transitions>
      <properties/>
      <returnStepType>ERROR</returnStepType>
      <assignments/>
    </returnStep>
    <returnStep id="98a62bad-6911-4d79-afc2-a3b25e57ca88">
      <annotation></annotation>
      <name>Error : failure</name>
      <bounds>
        <x>446.0</x>
        <y>569.0</y>
      </bounds>
      <layer>-1</layer>
      <hideInbound>false</hideInbound>
      <addResultToRunContext>false</addResultToRunContext>
      <isCriticalStep>false</isCriticalStep>
      <isNonBlocking>false</isNonBlocking>
      <isParallelStep>false</isParallelStep>
      <isSingleResponse>false</isSingleResponse>
      <recordInHistory>false</recordInHistory>
      <recordRawOutput>true</recordRawOutput>
      <recordPrimaryOutput>true</recordPrimaryOutput>
      <checkPointStep>true</checkPointStep>
      <historyCheckPointStep>true</historyCheckPointStep>
      <scriptResultStep>false</scriptResultStep>
      <userPrompt></userPrompt>
      <bindings/>
      <transitions>
        <transition id="20c7ff90-c9bc-478c-80b3-02c5b4847c31">
          <annotation></annotation>
          <name>return</name>
          <command>NEXT</command>
          <linkMode>false</linkMode>
          <responseSymbol>failure</responseSymbol>
          <shouldHandoff>false</shouldHandoff>
          <transitionValue>0.0</transitionValue>
          <destination>
            <refId>98a62bad-6911-4d79-afc2-a3b25e57ca88</refId>
          </destination>
          <source>
            <refId>98a62bad-6911-4d79-afc2-a3b25e57ca88</refId>
          </source>
          <positions/>
        </transition>
      </transitions>
      <properties/>
      <returnStepType>ERROR</returnStepType>
      <assignments/>
    </returnStep>
    <step id="406444ef-842f-4ac2-97b8-2a0f299484f0">
      <annotation></annotation>
      <name>CSA_UpdateArtefactProperty</name>
      <bounds>
        <x>622.0</x>
        <y>439.0</y>
      </bounds>
      <layer>-1</layer>
      <hideInbound>false</hideInbound>
      <addResultToRunContext>false</addResultToRunContext>
      <isCriticalStep>false</isCriticalStep>
      <isNonBlocking>false</isNonBlocking>
      <isParallelStep>false</isParallelStep>
      <isSingleResponse>false</isSingleResponse>
      <recordInHistory>false</recordInHistory>
      <recordRawOutput>true</recordRawOutput>
      <recordPrimaryOutput>true</recordPrimaryOutput>
      <checkPointStep>true</checkPointStep>
      <historyCheckPointStep>true</historyCheckPointStep>
      <scriptResultStep>false</scriptResultStep>
      <userPrompt></userPrompt>
      <bindings>
        <staticBinding id="9958131c-f59f-48f7-980f-d99e89b49c26">
          <annotation></annotation>
          <assignFromContext>false</assignFromContext>
          <assignToContext>true</assignToContext>
          <inputType>STRING</inputType>
          <isList>false</isList>
          <required>true</required>
          <isPersisted>true</isPersisted>
          <inputSymbol>propName</inputSymbol>
          <listDelimiter>,</listDelimiter>
          <value>Inital Password</value>
          <record>false</record>
        </staticBinding>
        <staticBinding id="4c670c91-ccc6-47b3-bf48-1639b10e9d88">
          <annotation></annotation>
          <assignFromContext>false</assignFromContext>
          <assignToContext>true</assignToContext>
          <inputType>STRING</inputType>
          <isList>false</isList>
          <required>false</required>
          <isPersisted>true</isPersisted>
          <inputSymbol>propType</inputSymbol>
          <listDelimiter>,</listDelimiter>
          <value>STRING</value>
          <record>false</record>
        </staticBinding>
        <staticBinding id="e69f2776-1005-4525-908a-901c91a7fce9">
          <annotation></annotation>
          <assignFromContext>false</assignFromContext>
          <assignToContext>true</assignToContext>
          <inputType>STRING</inputType>
          <isList>false</isList>
          <required>true</required>
          <isPersisted>true</isPersisted>
          <inputSymbol>propValue</inputSymbol>
          <listDelimiter>,</listDelimiter>
          <value>Password expired, please select &quot;unlock user&quot;</value>
          <record>false</record>
        </staticBinding>
        <staticBinding id="63f42b02-eca7-4b64-ba0a-514eb2cabdc6">
          <annotation></annotation>
          <assignFromContext>false</assignFromContext>
          <assignToContext>true</assignToContext>
          <inputType>STRING</inputType>
          <isList>false</isList>
          <required>false</required>
          <isPersisted>true</isPersisted>
          <inputSymbol>customerVisible</inputSymbol>
          <listDelimiter>,</listDelimiter>
          <value>true</value>
          <record>false</record>
        </staticBinding>
        <userInputBinding id="f8db38f4-ad6b-44fe-81a6-63b85ec17c5f">
          <annotation></annotation>
          <assignFromContext>true</assignFromContext>
          <assignToContext>true</assignToContext>
          <inputType>STRING</inputType>
          <isList>false</isList>
          <required>true</required>
          <isPersisted>true</isPersisted>
          <inputSymbol>csasvcuuid</inputSymbol>
          <listDelimiter>,</listDelimiter>
          <record>false</record>
          <prompt></prompt>
          <isMultiSelect>false</isMultiSelect>
          <sourceDelimiter>|</sourceDelimiter>
        </userInputBinding>
        <staticBinding id="4d829c1d-2a80-4e67-90d0-ab688e72f89c">
          <annotation></annotation>
          <assignFromContext>false</assignFromContext>
          <assignToContext>false</assignToContext>
          <inputType>STRING</inputType>
          <isList>false</isList>
          <required>true</required>
          <isPersisted>true</isPersisted>
          <inputSymbol>displayname</inputSymbol>
          <listDelimiter>,</listDelimiter>
          <value>Inital Password</value>
          <record>false</record>
        </staticBinding>
      </bindings>
      <transitions>
        <transition id="8b451626-45bc-4eaa-bd5c-1a3c2647a05a">
          <annotation></annotation>
          <name>success</name>
          <command>NEXT</command>
          <linkMode>false</linkMode>
          <responseSymbol>success</responseSymbol>
          <shouldHandoff>false</shouldHandoff>
          <transitionValue>0.0</transitionValue>
          <destination>
            <refId>60742c07-7a21-4f0c-b12c-c6cc85612235</refId>
          </destination>
          <source>
            <refId>406444ef-842f-4ac2-97b8-2a0f299484f0</refId>
          </source>
          <positions>
            <point>
              <x>537.0</x>
              <y>382.0</y>
            </point>
            <point>
              <x>522.0</x>
              <y>504.0</y>
            </point>
          </positions>
          <labelPosition>
            <x>333.0</x>
            <y>0.0</y>
          </labelPosition>
        </transition>
        <transition id="365aa09c-cb85-4161-9913-d9935a0e74fa">
          <annotation></annotation>
          <name>failure</name>
          <command>NEXT</command>
          <linkMode>false</linkMode>
          <responseSymbol>failure</responseSymbol>
          <shouldHandoff>false</shouldHandoff>
          <transitionValue>0.0</transitionValue>
          <destination>
            <refId>48152400-ae50-4a7c-8559-f94bb8198d0a</refId>
          </destination>
          <source>
            <refId>406444ef-842f-4ac2-97b8-2a0f299484f0</refId>
          </source>
          <positions>
            <point>
              <x>537.0</x>
              <y>382.0</y>
            </point>
            <point>
              <x>709.0</x>
              <y>378.0</y>
            </point>
          </positions>
          <labelPosition>
            <x>333.0</x>
            <y>0.0</y>
          </labelPosition>
        </transition>
      </transitions>
      <properties/>
      <opRef>
        <refId>7f62af65-07d6-41ad-b715-9fd434b36a72</refId>
      </opRef>
      <assignments/>
      <throttleSize>0</throttleSize>
    </step>
    <step id="ddb5404a-6f88-499f-859e-b248d57620f9">
      <annotation>09a1469f-d81e-469c-a2ad-287a4e43e8fd.ddb5404a-6f88-499f-859e-b248d57620f9.description</annotation>
      <name>CheckLogin</name>
      <bounds>
        <x>446.0</x>
        <y>290.0</y>
      </bounds>
      <layer>-1</layer>
      <hideInbound>false</hideInbound>
      <addResultToRunContext>false</addResultToRunContext>
      <isCriticalStep>false</isCriticalStep>
      <isNonBlocking>false</isNonBlocking>
      <isParallelStep>false</isParallelStep>
      <isSingleResponse>false</isSingleResponse>
      <recordInHistory>false</recordInHistory>
      <recordRawOutput>true</recordRawOutput>
      <recordPrimaryOutput>true</recordPrimaryOutput>
      <checkPointStep>true</checkPointStep>
      <historyCheckPointStep>true</historyCheckPointStep>
      <scriptResultStep>false</scriptResultStep>
      <userPrompt></userPrompt>
      <bindings>
        <staticBinding id="9fda6f00-b79e-4d92-995a-0e19977df1b4">
          <annotation></annotation>
          <toContextKey>vm.ip.backup</toContextKey>
          <fromContextKey>vm.ip.backup</fromContextKey>
          <assignFromContext>false</assignFromContext>
          <assignToContext>false</assignToContext>
          <inputType>STRING</inputType>
          <isList>false</isList>
          <required>true</required>
          <isPersisted>true</isPersisted>
          <inputSymbol>host</inputSymbol>
          <listDelimiter>,</listDelimiter>
          <value>${db.getdetails.bakip}</value>
          <record>false</record>
        </staticBinding>
        <staticBinding id="41a9b20f-fb21-4e66-81d7-34cd766f4341">
          <annotation></annotation>
          <toContextKey></toContextKey>
          <fromContextKey></fromContextKey>
          <assignFromContext>false</assignFromContext>
          <assignToContext>false</assignToContext>
          <inputType>STRING</inputType>
          <isList>false</isList>
          <required>true</required>
          <isPersisted>true</isPersisted>
          <inputSymbol>port</inputSymbol>
          <listDelimiter>,</listDelimiter>
          <value>22</value>
          <record>false</record>
        </staticBinding>
        <staticBinding id="fb5014fd-57d7-44bd-bb5f-6252e3f5f99f">
          <annotation></annotation>
          <toContextKey></toContextKey>
          <fromContextKey>server.pw</fromContextKey>
          <assignFromContext>true</assignFromContext>
          <assignToContext>true</assignToContext>
          <inputType>ENCRYPTED</inputType>
          <isList>false</isList>
          <required>true</required>
          <isPersisted>true</isPersisted>
          <inputSymbol>password</inputSymbol>
          <listDelimiter>,</listDelimiter>
          <value></value>
          <record>false</record>
        </staticBinding>
        <staticBinding id="589ce6be-0056-4a12-86cc-1f4dc4f691db">
          <annotation></annotation>
          <toContextKey></toContextKey>
          <fromContextKey></fromContextKey>
          <assignFromContext>true</assignFromContext>
          <assignToContext>true</assignToContext>
          <inputType>STRING</inputType>
          <isList>false</isList>
          <required>true</required>
          <isPersisted>true</isPersisted>
          <inputSymbol>protocol</inputSymbol>
          <listDelimiter>,</listDelimiter>
          <value>ssh</value>
          <record>false</record>
        </staticBinding>
        <staticBinding id="0139e247-ec0c-42ca-baa7-d99bd9ce52b4">
          <annotation></annotation>
          <fromContextKey></fromContextKey>
          <assignFromContext>false</assignFromContext>
          <assignToContext>false</assignToContext>
          <inputType>STRING</inputType>
          <isList>false</isList>
          <required>true</required>
          <isPersisted>true</isPersisted>
          <inputSymbol>command</inputSymbol>
          <listDelimiter>,</listDelimiter>
          <value>echo &quot;Hello&quot;</value>
          <record>false</record>
        </staticBinding>
        <staticBinding id="ce06070b-0f63-4ab1-aaeb-c440d76d0ce9">
          <annotation></annotation>
          <toContextKey></toContextKey>
          <fromContextKey></fromContextKey>
          <assignFromContext>true</assignFromContext>
          <assignToContext>true</assignToContext>
          <inputType>STRING</inputType>
          <isList>false</isList>
          <required>false</required>
          <isPersisted>true</isPersisted>
          <inputSymbol>timeout</inputSymbol>
          <listDelimiter>,</listDelimiter>
          <value>600000</value>
          <record>false</record>
        </staticBinding>
        <staticBinding id="a6ad49a5-47a5-4d70-af24-1ca8f6343a64">
          <annotation></annotation>
          <toContextKey></toContextKey>
          <fromContextKey></fromContextKey>
          <assignFromContext>true</assignFromContext>
          <assignToContext>true</assignToContext>
          <inputType>OBJECT</inputType>
          <isList>false</isList>
          <required>true</required>
          <isPersisted>true</isPersisted>
          <inputSymbol>username</inputSymbol>
          <listDelimiter>,</listDelimiter>
          <value>rootcust</value>
          <record>false</record>
        </staticBinding>
        <staticBinding id="b8ca70e5-c975-4967-bf8c-24962282d8df">
          <annotation></annotation>
          <assignFromContext>true</assignFromContext>
          <assignToContext>false</assignToContext>
          <inputType>STRING</inputType>
          <isList>false</isList>
          <required>false</required>
          <isPersisted>true</isPersisted>
          <inputSymbol>overrideJRAS</inputSymbol>
          <listDelimiter>,</listDelimiter>
          <value>${server.oo.ras}</value>
          <record>false</record>
        </staticBinding>
        <staticBinding id="47c31964-317f-4f8e-a4e6-a4282f95ae1c">
          <annotation></annotation>
          <assignFromContext>true</assignFromContext>
          <assignToContext>false</assignToContext>
          <inputType>STRING</inputType>
          <isList>false</isList>
          <required>false</required>
          <isPersisted>true</isPersisted>
          <inputSymbol>overrideNRAS</inputSymbol>
          <listDelimiter>,</listDelimiter>
          <value>${server.oo.ras}</value>
          <record>false</record>
        </staticBinding>
      </bindings>
      <transitions>
        <transition id="047433d4-3d9c-44d7-bc8b-e2ef745f2ec4">
          <annotation></annotation>
          <name>failure</name>
          <command>NEXT</command>
          <linkMode>false</linkMode>
          <responseSymbol>failure</responseSymbol>
          <shouldHandoff>false</shouldHandoff>
          <transitionValue>0.0</transitionValue>
          <destination>
            <refId>55d574e8-f5b6-4c70-be66-46e7fbc135ff</refId>
          </destination>
          <source>
            <refId>ddb5404a-6f88-499f-859e-b248d57620f9</refId>
          </source>
          <positions>
            <point>
              <x>344.0</x>
              <y>209.0</y>
            </point>
            <point>
              <x>484.0</x>
              <y>206.0</y>
            </point>
          </positions>
          <labelPosition>
            <x>333.0</x>
            <y>0.0</y>
          </labelPosition>
        </transition>
        <transition id="588d5daf-bf0d-404c-a95d-73b1109a5c4f">
          <annotation></annotation>
          <name>success</name>
          <command>NEXT</command>
          <linkMode>false</linkMode>
          <responseSymbol>success</responseSymbol>
          <shouldHandoff>false</shouldHandoff>
          <transitionValue>0.0</transitionValue>
          <destination>
            <refId>0fbaa82f-bc11-4c58-9c6c-e955582eb619</refId>
          </destination>
          <source>
            <refId>ddb5404a-6f88-499f-859e-b248d57620f9</refId>
          </source>
          <positions>
            <point>
              <x>489.0</x>
              <y>213.0</y>
            </point>
            <point>
              <x>489.0</x>
              <y>380.0</y>
            </point>
          </positions>
          <labelPosition>
            <x>333.0</x>
            <y>0.0</y>
          </labelPosition>
        </transition>
      </transitions>
      <properties/>
      <opRef>
        <refId>3c0f1258-b910-4665-b809-753ed5586c08</refId>
      </opRef>
      <assignments>
        <flowVariableAssignment id="b427c65e-51ed-48c8-bf54-3a4955a4aa1b">
          <annotation></annotation>
          <name>assignment</name>
          <action>OVERWRITE</action>
          <assignmentTargetType>FLOW_OUTPUT_FIELD</assignmentTargetType>
          <contextKey>vm.admin.user</contextKey>
          <expression id="64eaed1d-a592-4b2d-af5d-020fc3ba0ad3">
            <annotation></annotation>
            <name>Input: username</name>
            <fieldName>username</fieldName>
            <sourceType>INPUT</sourceType>
            <filters/>
          </expression>
        </flowVariableAssignment>
      </assignments>
      <throttleSize>0</throttleSize>
    </step>
    <returnStep id="60742c07-7a21-4f0c-b12c-c6cc85612235">
      <annotation></annotation>
      <name>Resolved : success</name>
      <bounds>
        <x>625.0</x>
        <y>570.0</y>
      </bounds>
      <layer>-1</layer>
      <hideInbound>false</hideInbound>
      <addResultToRunContext>false</addResultToRunContext>
      <isCriticalStep>false</isCriticalStep>
      <isNonBlocking>false</isNonBlocking>
      <isParallelStep>false</isParallelStep>
      <isSingleResponse>false</isSingleResponse>
      <recordInHistory>false</recordInHistory>
      <recordRawOutput>true</recordRawOutput>
      <recordPrimaryOutput>true</recordPrimaryOutput>
      <checkPointStep>true</checkPointStep>
      <historyCheckPointStep>true</historyCheckPointStep>
      <scriptResultStep>false</scriptResultStep>
      <userPrompt></userPrompt>
      <bindings/>
      <transitions>
        <transition id="a0e26467-9c4e-47c3-8f42-c4e9519d74ae">
          <annotation></annotation>
          <name>return</name>
          <command>NEXT</command>
          <linkMode>false</linkMode>
          <responseSymbol>success</responseSymbol>
          <shouldHandoff>false</shouldHandoff>
          <transitionValue>0.0</transitionValue>
          <destination>
            <refId>60742c07-7a21-4f0c-b12c-c6cc85612235</refId>
          </destination>
          <source>
            <refId>60742c07-7a21-4f0c-b12c-c6cc85612235</refId>
          </source>
          <positions/>
        </transition>
      </transitions>
      <properties/>
      <returnStepType>RESOLVED</returnStepType>
      <assignments/>
    </returnStep>
  </steps>
  <startSteps>4cc1c298-920e-46cb-bdc9-6ee82093e5a1</startSteps>
</flow>