<?xml version="1.0" encoding="UTF-8"?>
<flow id="0d85aeae-c189-4412-b53e-277aa4f451da">
  <annotation></annotation>
  <name>SCVMM_getVirtualMachineState</name>
  <categories/>
  <inputs>
    <staticBinding id="787f871e-e4e3-4a59-95d1-0fddb034d378">
      <annotation></annotation>
      <assignFromContext>true</assignFromContext>
      <assignToContext>false</assignToContext>
      <inputType>STRING</inputType>
      <isList>false</isList>
      <required>false</required>
      <isPersisted>true</isPersisted>
      <inputSymbol>host</inputSymbol>
      <listDelimiter>,</listDelimiter>
      <value>${host}</value>
      <record>false</record>
    </staticBinding>
    <staticBinding id="79f5ff41-e47b-4ae1-9c6e-4ea8a72199f2">
      <annotation></annotation>
      <assignFromContext>false</assignFromContext>
      <assignToContext>false</assignToContext>
      <inputType>STRING</inputType>
      <isList>false</isList>
      <required>false</required>
      <isPersisted>true</isPersisted>
      <inputSymbol>vmName</inputSymbol>
      <listDelimiter>,</listDelimiter>
      <value>${vmName}</value>
      <record>false</record>
    </staticBinding>
  </inputs>
  <scriptlet id="0b3cb82f-c52c-4e64-b506-235d13138d05">
    <annotation></annotation>
    <name>Operation SCVMM_getVirtualMachineState (0d85aeae-c189-4412-b53e-277aa4f451da)</name>
    <type>RHINO</type>
  </scriptlet>
  <possibleResponses>
    <opResponse id="8944b95c-7dc2-4432-8463-fa05cc186b54">
      <annotation></annotation>
      <name>failure</name>
      <isDefault>false</isDefault>
      <onFailure>true</onFailure>
      <type>ERROR</type>
      <matchRules/>
    </opResponse>
    <opResponse id="d4358ec3-701e-4946-baf2-a46046ef7f50">
      <annotation></annotation>
      <name>success</name>
      <isDefault>true</isDefault>
      <onFailure>false</onFailure>
      <type>RESOLVED</type>
      <matchRules/>
    </opResponse>
  </possibleResponses>
  <availableResultExpressions/>
  <resultExpression id="c0a28982-34a5-480b-82a5-92d313cb94d8">
    <annotation></annotation>
    <name>FailureMessage</name>
    <fieldName>FailureMessage</fieldName>
    <sourceType>RAWRESULT</sourceType>
    <filters/>
  </resultExpression>
  <iconSpec id="36d162c4-2ff4-4f54-adf3-97caf84e8da7">
    <baseIcon>flow.png</baseIcon>
    <basePath>System</basePath>
    <readOnly>false</readOnly>
    <layers/>
  </iconSpec>
  <callouts/>
  <checkPointFlow>true</checkPointFlow>
  <compatibleRuntimeContext>false</compatibleRuntimeContext>
  <historyCheckPointFlow>true</historyCheckPointFlow>
  <steps>
    <step id="7e30b27a-3e65-4978-800f-e2c614c2814c">
      <annotation>0d85aeae-c189-4412-b53e-277aa4f451da.7e30b27a-3e65-4978-800f-e2c614c2814c.description</annotation>
      <name>Set Flow Variable</name>
      <bounds>
        <x>268.0</x>
        <y>189.0</y>
      </bounds>
      <layer>-1</layer>
      <hideInbound>false</hideInbound>
      <iconSpec id="a146671b-ea8d-440e-ab28-db114ae6e297">
        <baseIcon>jar.png</baseIcon>
        <basePath>Others/</basePath>
        <readOnly>false</readOnly>
        <layers>
          <iconSpec id="e3fc4fb6-a846-4938-8b90-446851f3807e">
            <baseIcon>edit.png</baseIcon>
            <basePath>Annotations/</basePath>
            <readOnly>false</readOnly>
            <layers/>
          </iconSpec>
        </layers>
      </iconSpec>
      <addResultToRunContext>false</addResultToRunContext>
      <isCriticalStep>false</isCriticalStep>
      <isNonBlocking>false</isNonBlocking>
      <isParallelStep>false</isParallelStep>
      <isSingleResponse>false</isSingleResponse>
      <recordInHistory>false</recordInHistory>
      <recordRawOutput>false</recordRawOutput>
      <recordPrimaryOutput>false</recordPrimaryOutput>
      <checkPointStep>true</checkPointStep>
      <historyCheckPointStep>true</historyCheckPointStep>
      <scriptResultStep>false</scriptResultStep>
      <userPrompt></userPrompt>
      <scriptlet id="0ca96dd4-919b-4aaa-a067-a7ee4132357c">
        <annotation></annotation>
        <name>Step Set Flow Variable in Flow SCVMM_getVirtualMachineState (7e30b27a-3e65-4978-800f-e2c614c2814c)</name>
        <script>
/////  vlan params
var vmName=scriptletContext.getLocal(&quot;vmName&quot;);
var commands = [];

commands.push(&quot;Get-SCVirtualMachine | where { $_.Name -eq \&quot;&quot; + vmName + &quot;\&quot;} | select VirtualMachineState&quot;);

scriptletContext.put(&quot;commands&quot;,commands.join(&quot;\r\n&quot;));</script>
        <type>RHINO</type>
      </scriptlet>
      <bindings>
        <staticBinding id="4902c268-0e9f-4dee-9146-9705774bc3f0">
          <annotation></annotation>
          <assignFromContext>false</assignFromContext>
          <assignToContext>false</assignToContext>
          <inputType>STRING</inputType>
          <isList>false</isList>
          <required>true</required>
          <isPersisted>true</isPersisted>
          <inputSymbol>keyName</inputSymbol>
          <listDelimiter>,</listDelimiter>
          <value></value>
          <record>false</record>
        </staticBinding>
        <staticBinding id="a7011ca3-9fa3-401b-9ab5-16e6b9755678">
          <annotation></annotation>
          <assignFromContext>false</assignFromContext>
          <assignToContext>false</assignToContext>
          <inputType>STRING</inputType>
          <isList>false</isList>
          <required>true</required>
          <isPersisted>true</isPersisted>
          <inputSymbol>myValue</inputSymbol>
          <listDelimiter>,</listDelimiter>
          <value></value>
          <record>false</record>
        </staticBinding>
        <staticBinding id="3770713f-6a67-4d3a-8141-60dd95438ef4">
          <annotation></annotation>
          <toContextKey></toContextKey>
          <fromContextKey></fromContextKey>
          <assignFromContext>false</assignFromContext>
          <assignToContext>false</assignToContext>
          <inputType>STRING</inputType>
          <recordKey></recordKey>
          <isList>false</isList>
          <required>false</required>
          <isPersisted>true</isPersisted>
          <inputSymbol>Field_1</inputSymbol>
          <listDelimiter></listDelimiter>
          <value>${keyName}</value>
          <record>false</record>
        </staticBinding>
        <staticBinding id="3ed1f4e5-c679-452a-9c43-878236c1975b">
          <annotation></annotation>
          <toContextKey></toContextKey>
          <fromContextKey></fromContextKey>
          <assignFromContext>false</assignFromContext>
          <assignToContext>false</assignToContext>
          <inputType>STRING</inputType>
          <recordKey></recordKey>
          <isList>false</isList>
          <required>false</required>
          <isPersisted>true</isPersisted>
          <inputSymbol>Field_2</inputSymbol>
          <listDelimiter></listDelimiter>
          <value>${myValue}</value>
          <record>false</record>
        </staticBinding>
      </bindings>
      <transitions>
        <transition id="5935543e-459e-4ea3-91d3-461dfc94acb8">
          <annotation></annotation>
          <name>success</name>
          <command>NEXT</command>
          <linkMode>false</linkMode>
          <responseSymbol>success</responseSymbol>
          <shouldHandoff>false</shouldHandoff>
          <transitionValue>0.0</transitionValue>
          <destination>
            <refId>0f746eb8-51bc-4668-b5dc-4c16ad56111e</refId>
          </destination>
          <source>
            <refId>7e30b27a-3e65-4978-800f-e2c614c2814c</refId>
          </source>
          <positions>
            <point>
              <x>318.0</x>
              <y>223.0</y>
            </point>
            <point>
              <x>475.0</x>
              <y>219.0</y>
            </point>
          </positions>
          <labelPosition>
            <x>333.0</x>
            <y>0.0</y>
          </labelPosition>
        </transition>
      </transitions>
      <properties/>
      <opRef>
        <refId>f3112e9d-ed88-47bf-be86-2f99e8541a33</refId>
      </opRef>
      <assignments/>
      <throttleSize>0</throttleSize>
    </step>
    <returnStep id="3a3a66f0-b17f-4353-b84b-c357347a3296">
      <annotation></annotation>
      <name>Resolved : success</name>
      <bounds>
        <x>749.0</x>
        <y>189.0</y>
      </bounds>
      <layer>-1</layer>
      <hideInbound>false</hideInbound>
      <addResultToRunContext>false</addResultToRunContext>
      <isCriticalStep>false</isCriticalStep>
      <isNonBlocking>false</isNonBlocking>
      <isParallelStep>false</isParallelStep>
      <isSingleResponse>false</isSingleResponse>
      <recordInHistory>false</recordInHistory>
      <recordRawOutput>false</recordRawOutput>
      <recordPrimaryOutput>false</recordPrimaryOutput>
      <checkPointStep>true</checkPointStep>
      <historyCheckPointStep>true</historyCheckPointStep>
      <scriptResultStep>false</scriptResultStep>
      <userPrompt></userPrompt>
      <bindings/>
      <transitions>
        <transition id="ccef5b23-3af1-44b9-9353-7fabb5800893">
          <annotation></annotation>
          <name>return</name>
          <command>NEXT</command>
          <linkMode>false</linkMode>
          <responseSymbol>success</responseSymbol>
          <shouldHandoff>false</shouldHandoff>
          <transitionValue>0.0</transitionValue>
          <destination>
            <refId>3a3a66f0-b17f-4353-b84b-c357347a3296</refId>
          </destination>
          <source>
            <refId>3a3a66f0-b17f-4353-b84b-c357347a3296</refId>
          </source>
          <positions/>
        </transition>
      </transitions>
      <properties/>
      <returnStepType>RESOLVED</returnStepType>
      <assignments/>
    </returnStep>
    <step id="0f746eb8-51bc-4668-b5dc-4c16ad56111e">
      <annotation>0d85aeae-c189-4412-b53e-277aa4f451da.0f746eb8-51bc-4668-b5dc-4c16ad56111e.description</annotation>
      <name>Run SCVMM Commands</name>
      <bounds>
        <x>425.0</x>
        <y>189.0</y>
      </bounds>
      <layer>-1</layer>
      <hideInbound>false</hideInbound>
      <iconSpec id="0ddb3c46-373c-4dd7-b552-980c794a26ea">
        <baseIcon>PowerShell.png</baseIcon>
        <basePath>/Operating System/</basePath>
        <readOnly>false</readOnly>
        <layers/>
      </iconSpec>
      <addResultToRunContext>false</addResultToRunContext>
      <isCriticalStep>false</isCriticalStep>
      <isNonBlocking>false</isNonBlocking>
      <isParallelStep>false</isParallelStep>
      <isSingleResponse>false</isSingleResponse>
      <recordInHistory>false</recordInHistory>
      <recordRawOutput>true</recordRawOutput>
      <recordPrimaryOutput>true</recordPrimaryOutput>
      <checkPointStep>true</checkPointStep>
      <historyCheckPointStep>true</historyCheckPointStep>
      <scriptResultStep>false</scriptResultStep>
      <userPrompt></userPrompt>
      <bindings>
        <staticBinding id="c5ee16d4-1911-4113-9dbf-c7a04809cefc">
          <annotation></annotation>
          <toContextKey></toContextKey>
          <assignFromContext>true</assignFromContext>
          <assignToContext>false</assignToContext>
          <inputType>STRING</inputType>
          <isList>false</isList>
          <required>true</required>
          <isPersisted>true</isPersisted>
          <inputSymbol>host</inputSymbol>
          <listDelimiter>,</listDelimiter>
          <value>${host}</value>
          <record>false</record>
        </staticBinding>
        <identityBinding id="d63d30a6-ec83-4dc3-9ca3-0eca82a70d9e">
          <annotation></annotation>
          <toContextKey></toContextKey>
          <fromContextKey></fromContextKey>
          <assignFromContext>false</assignFromContext>
          <assignToContext>false</assignToContext>
          <inputType>STRING</inputType>
          <isList>false</isList>
          <required>false</required>
          <isPersisted>true</isPersisted>
          <inputSymbol>username</inputSymbol>
          <listDelimiter>,</listDelimiter>
          <record>false</record>
          <link>
            <refId>e8b51d39-ef4e-4960-945e-e21729456150</refId>
            <refName>pc.scvmm</refName>
          </link>
          <identityAttribute>USERNAME</identityAttribute>
        </identityBinding>
        <identityBinding id="a8969209-5979-4bd8-a99d-d0dc5ca8e7eb">
          <annotation></annotation>
          <toContextKey></toContextKey>
          <fromContextKey></fromContextKey>
          <assignFromContext>false</assignFromContext>
          <assignToContext>false</assignToContext>
          <inputType>ENCRYPTED</inputType>
          <isList>false</isList>
          <required>false</required>
          <isPersisted>true</isPersisted>
          <inputSymbol>password</inputSymbol>
          <listDelimiter>,</listDelimiter>
          <record>false</record>
          <link>
            <refId>e8b51d39-ef4e-4960-945e-e21729456150</refId>
            <refName>pc.scvmm</refName>
          </link>
          <identityAttribute>PASSWORD</identityAttribute>
        </identityBinding>
        <staticBinding id="55a445d3-22e0-4ebc-99a6-656444784077">
          <annotation></annotation>
          <toContextKey></toContextKey>
          <fromContextKey></fromContextKey>
          <assignFromContext>false</assignFromContext>
          <assignToContext>false</assignToContext>
          <inputType>STRING</inputType>
          <isList>false</isList>
          <required>false</required>
          <isPersisted>true</isPersisted>
          <inputSymbol>authType</inputSymbol>
          <listDelimiter>,</listDelimiter>
          <record>false</record>
        </staticBinding>
        <userInputBinding id="7e9d1090-4941-4bb6-8e91-633d32ae0915">
          <annotation></annotation>
          <toContextKey></toContextKey>
          <assignFromContext>true</assignFromContext>
          <assignToContext>false</assignToContext>
          <inputType>STRING</inputType>
          <isList>false</isList>
          <required>true</required>
          <isPersisted>true</isPersisted>
          <inputSymbol>commands</inputSymbol>
          <listDelimiter>,</listDelimiter>
          <record>false</record>
          <prompt>0d85aeae-c189-4412-b53e-277aa4f451da.7e9d1090-4941-4bb6-8e91-633d32ae0915.prompt</prompt>
          <isMultiSelect>false</isMultiSelect>
          <sourceDelimiter>|</sourceDelimiter>
        </userInputBinding>
        <staticBinding id="d2b21994-378d-45cc-8747-0f55ba191169">
          <annotation></annotation>
          <toContextKey></toContextKey>
          <fromContextKey></fromContextKey>
          <assignFromContext>false</assignFromContext>
          <assignToContext>false</assignToContext>
          <inputType>STRING</inputType>
          <isList>false</isList>
          <required>false</required>
          <isPersisted>true</isPersisted>
          <inputSymbol>delimiter</inputSymbol>
          <listDelimiter>,</listDelimiter>
          <record>false</record>
        </staticBinding>
        <staticBinding id="3008667b-5cb3-4bad-bf00-123c862fae44">
          <annotation></annotation>
          <toContextKey></toContextKey>
          <fromContextKey></fromContextKey>
          <assignFromContext>false</assignFromContext>
          <assignToContext>false</assignToContext>
          <inputType>STRING</inputType>
          <isList>false</isList>
          <required>false</required>
          <isPersisted>true</isPersisted>
          <inputSymbol>rowDelimiter</inputSymbol>
          <listDelimiter>,</listDelimiter>
          <record>false</record>
        </staticBinding>
        <staticBinding id="ab0aba59-36bf-4eac-850c-020ac3030470">
          <annotation></annotation>
          <toContextKey></toContextKey>
          <fromContextKey></fromContextKey>
          <assignFromContext>false</assignFromContext>
          <assignToContext>false</assignToContext>
          <inputType>STRING</inputType>
          <isList>false</isList>
          <required>false</required>
          <isPersisted>true</isPersisted>
          <inputSymbol>colDelimiter</inputSymbol>
          <listDelimiter>,</listDelimiter>
          <record>false</record>
        </staticBinding>
        <staticBinding id="886a409f-6c19-40c8-8ff2-14248a01e925">
          <annotation></annotation>
          <assignFromContext>false</assignFromContext>
          <assignToContext>false</assignToContext>
          <inputType>STRING</inputType>
          <isList>false</isList>
          <required>false</required>
          <isPersisted>true</isPersisted>
          <inputSymbol>version</inputSymbol>
          <listDelimiter>,</listDelimiter>
          <value>2012 R2</value>
          <record>false</record>
        </staticBinding>
      </bindings>
      <transitions>
        <transition id="b1f6c822-dc79-4eaa-b00d-adf6b86b1862">
          <annotation></annotation>
          <name>success</name>
          <command>NEXT</command>
          <linkMode>false</linkMode>
          <responseSymbol>success</responseSymbol>
          <shouldHandoff>false</shouldHandoff>
          <transitionValue>0.0</transitionValue>
          <destination>
            <refId>3a3a66f0-b17f-4353-b84b-c357347a3296</refId>
          </destination>
          <source>
            <refId>0f746eb8-51bc-4668-b5dc-4c16ad56111e</refId>
          </source>
          <positions>
            <point>
              <x>475.0</x>
              <y>219.0</y>
            </point>
            <point>
              <x>799.0</x>
              <y>222.0</y>
            </point>
          </positions>
          <labelPosition>
            <x>333.0</x>
            <y>0.0</y>
          </labelPosition>
        </transition>
        <transition id="116b2702-a560-4f85-81d5-2c2ce7ecaef3">
          <annotation></annotation>
          <name>failure</name>
          <command>NEXT</command>
          <linkMode>false</linkMode>
          <responseSymbol>failure</responseSymbol>
          <shouldHandoff>false</shouldHandoff>
          <transitionValue>0.0</transitionValue>
          <destination>
            <refId>48bca8c4-a0de-4e30-b874-2a49236ae60c</refId>
          </destination>
          <source>
            <refId>0f746eb8-51bc-4668-b5dc-4c16ad56111e</refId>
          </source>
          <positions>
            <point>
              <x>475.0</x>
              <y>219.0</y>
            </point>
            <point>
              <x>810.0</x>
              <y>398.0</y>
            </point>
          </positions>
          <labelPosition>
            <x>333.0</x>
            <y>0.0</y>
          </labelPosition>
        </transition>
      </transitions>
      <properties/>
      <opRef>
        <refId>1af7bf1f-fa0a-4b48-9a28-1fec4f74d7f5</refId>
      </opRef>
      <assignments>
        <flowVariableAssignment id="33bee0d6-cd86-4fef-b92a-196f80fee857">
          <annotation></annotation>
          <name>assignment</name>
          <action>OVERWRITE</action>
          <assignmentTargetType>FLOW_OUTPUT_FIELD</assignmentTargetType>
          <contextKey>VirtualMachineState</contextKey>
          <expression id="b3ec5530-aa6f-49a7-a41c-cb6a0c077719">
            <annotation></annotation>
            <name>Result Field: returnResult</name>
            <fieldName>returnResult</fieldName>
            <sourceType>RAWRESULT</sourceType>
            <filters>
              <scriptletFilter id="7e7b0365-0504-4281-977c-37b0218271d3">
                <annotation></annotation>
                <name>Scriptlet</name>
                <scriptlet id="ccc6b53b-dcc9-4e7a-a90e-66f33eb92173">
                  <annotation></annotation>
                  <name>default</name>
                  <script> result = scriptletInput.split(&quot;:&quot;)
if (result.length ==2 &amp;&amp; result[0] == &quot;VirtualMachineState&quot;)
   scriptletResult = result[1]
 else
    scriptletResult = &apos;&apos;</script>
                  <type>RHINO</type>
                </scriptlet>
              </scriptletFilter>
            </filters>
          </expression>
        </flowVariableAssignment>
      </assignments>
      <throttleSize>0</throttleSize>
    </step>
    <returnStep id="48bca8c4-a0de-4e30-b874-2a49236ae60c">
      <annotation></annotation>
      <name>Error : failure</name>
      <bounds>
        <x>753.0</x>
        <y>356.0</y>
      </bounds>
      <layer>-1</layer>
      <hideInbound>false</hideInbound>
      <addResultToRunContext>false</addResultToRunContext>
      <isCriticalStep>false</isCriticalStep>
      <isNonBlocking>false</isNonBlocking>
      <isParallelStep>false</isParallelStep>
      <isSingleResponse>false</isSingleResponse>
      <recordInHistory>false</recordInHistory>
      <recordRawOutput>false</recordRawOutput>
      <recordPrimaryOutput>false</recordPrimaryOutput>
      <checkPointStep>true</checkPointStep>
      <historyCheckPointStep>true</historyCheckPointStep>
      <scriptResultStep>false</scriptResultStep>
      <userPrompt></userPrompt>
      <bindings/>
      <transitions>
        <transition id="ee4bc5da-d848-4203-ac9e-27d46bc95194">
          <annotation></annotation>
          <name>return</name>
          <command>NEXT</command>
          <linkMode>false</linkMode>
          <responseSymbol>failure</responseSymbol>
          <shouldHandoff>false</shouldHandoff>
          <transitionValue>0.0</transitionValue>
          <destination>
            <refId>48bca8c4-a0de-4e30-b874-2a49236ae60c</refId>
          </destination>
          <source>
            <refId>48bca8c4-a0de-4e30-b874-2a49236ae60c</refId>
          </source>
          <positions/>
        </transition>
      </transitions>
      <properties/>
      <returnStepType>ERROR</returnStepType>
      <assignments/>
    </returnStep>
  </steps>
  <startSteps>7e30b27a-3e65-4978-800f-e2c614c2814c</startSteps>
</flow>