<?xml version="1.0" encoding="UTF-8"?>
<flow id="2ac883bf-5a33-452d-9f54-4268b57751a6">
  <annotation></annotation>
  <name>LINUX_SetupClientSupplied</name>
  <categories/>
  <inputs>
    <staticBinding id="a87eade0-7334-4188-a1c0-576dbf36e5c4">
      <annotation></annotation>
      <assignFromContext>false</assignFromContext>
      <assignToContext>true</assignToContext>
      <inputType>STRING</inputType>
      <isList>false</isList>
      <required>false</required>
      <isPersisted>true</isPersisted>
      <inputSymbol>server.ip.primary</inputSymbol>
      <listDelimiter>,</listDelimiter>
      <value>${server.ip.primary}</value>
      <record>false</record>
    </staticBinding>
    <staticBinding id="92379014-c951-47d0-8d08-f305e858ecde">
      <annotation></annotation>
      <assignFromContext>false</assignFromContext>
      <assignToContext>false</assignToContext>
      <inputType>STRING</inputType>
      <isList>false</isList>
      <required>false</required>
      <isPersisted>true</isPersisted>
      <inputSymbol>server.os.class</inputSymbol>
      <listDelimiter>,</listDelimiter>
      <value>Linux</value>
      <record>false</record>
    </staticBinding>
    <staticBinding id="8794ac67-2114-4df3-93e7-e50ba8a95097">
      <annotation></annotation>
      <assignFromContext>false</assignFromContext>
      <assignToContext>true</assignToContext>
      <inputType>STRING</inputType>
      <isList>false</isList>
      <required>false</required>
      <isPersisted>true</isPersisted>
      <inputSymbol>server.ip.backup</inputSymbol>
      <listDelimiter>,</listDelimiter>
      <value>${server.ip.backup}</value>
      <record>false</record>
    </staticBinding>
    <staticBinding id="fb3798d2-97a8-47da-bfd6-522a044412c0">
      <annotation></annotation>
      <assignFromContext>false</assignFromContext>
      <assignToContext>true</assignToContext>
      <inputType>STRING</inputType>
      <isList>false</isList>
      <required>false</required>
      <isPersisted>true</isPersisted>
      <inputSymbol>server.hostname</inputSymbol>
      <listDelimiter>,</listDelimiter>
      <value>${server.hostname}</value>
      <record>false</record>
    </staticBinding>
    <staticBinding id="6d8929e8-687e-48c8-9a13-3b92ce979b36">
      <annotation></annotation>
      <assignFromContext>false</assignFromContext>
      <assignToContext>true</assignToContext>
      <inputType>STRING</inputType>
      <isList>false</isList>
      <required>false</required>
      <isPersisted>true</isPersisted>
      <inputSymbol>server.contactemail</inputSymbol>
      <listDelimiter>,</listDelimiter>
      <value>${server.contactemail}</value>
      <record>false</record>
    </staticBinding>
    <staticBinding id="0e95309c-926b-4655-86e3-96bd8e346fc1">
      <annotation></annotation>
      <assignFromContext>false</assignFromContext>
      <assignToContext>true</assignToContext>
      <inputType>STRING</inputType>
      <isList>false</isList>
      <required>false</required>
      <isPersisted>true</isPersisted>
      <inputSymbol>server.oo.ras</inputSymbol>
      <listDelimiter>,</listDelimiter>
      <value>${server.oo.ras}</value>
      <record>false</record>
    </staticBinding>
    <staticBinding id="b9d8d624-3f0d-4cc9-8452-70ac566cbbb0">
      <annotation></annotation>
      <assignFromContext>false</assignFromContext>
      <assignToContext>true</assignToContext>
      <inputType>STRING</inputType>
      <isList>false</isList>
      <required>false</required>
      <isPersisted>true</isPersisted>
      <inputSymbol>server.isclientsupplied</inputSymbol>
      <listDelimiter>,</listDelimiter>
      <value>${server.isclientsupplied}</value>
      <record>false</record>
    </staticBinding>
  </inputs>
  <scriptlet id="03995c67-0783-4018-ad62-83ded3896a5b">
    <annotation></annotation>
    <name>Operation LINUX_SetupClientSupplied (2ac883bf-5a33-452d-9f54-4268b57751a6)</name>
    <type>RHINO</type>
  </scriptlet>
  <possibleResponses>
    <opResponse id="bb54491d-279c-4c65-a1e6-29d9534bc3f9">
      <annotation></annotation>
      <name>failure</name>
      <isDefault>false</isDefault>
      <onFailure>true</onFailure>
      <type>ERROR</type>
      <matchRules/>
    </opResponse>
    <opResponse id="be1149f1-4952-48fc-8b36-aeb395c37b7f">
      <annotation></annotation>
      <name>success</name>
      <isDefault>true</isDefault>
      <onFailure>false</onFailure>
      <type>RESOLVED</type>
      <matchRules/>
    </opResponse>
  </possibleResponses>
  <availableResultExpressions>
    <expression id="1ff5364b-4004-44d9-9aa0-296b51a6d509">
      <annotation></annotation>
      <name>server.admin.password</name>
      <fieldName>server.admin.password</fieldName>
      <sourceType>RAWRESULT</sourceType>
      <filters/>
    </expression>
    <expression id="f4a7fa4b-a033-4c4a-bbc1-076a9cfac844">
      <annotation></annotation>
      <name>server.admin.username</name>
      <fieldName>server.admin.username</fieldName>
      <sourceType>RAWRESULT</sourceType>
      <filters/>
    </expression>
  </availableResultExpressions>
  <resultExpression id="81f6b7dd-e501-4324-9f3c-01259c319823">
    <annotation></annotation>
    <name>FailureMessage</name>
    <fieldName>FailureMessage</fieldName>
    <sourceType>RAWRESULT</sourceType>
    <filters/>
  </resultExpression>
  <iconSpec id="101e1cf1-f459-4218-b8c9-288ccda4a9d3">
    <baseIcon>flow.png</baseIcon>
    <basePath>System</basePath>
    <readOnly>false</readOnly>
    <layers/>
  </iconSpec>
  <callouts/>
  <checkPointFlow>true</checkPointFlow>
  <compatibleRuntimeContext>false</compatibleRuntimeContext>
  <historyCheckPointFlow>true</historyCheckPointFlow>
  <steps>
    <step id="1780625a-171b-4f55-8b9a-a62e266b8f82">
      <annotation>2ac883bf-5a33-452d-9f54-4268b57751a6.1780625a-171b-4f55-8b9a-a62e266b8f82.description</annotation>
      <name>Is ClientSupplied?</name>
      <bounds>
        <x>5.0</x>
        <y>47.0</y>
      </bounds>
      <layer>-1</layer>
      <hideInbound>false</hideInbound>
      <addResultToRunContext>false</addResultToRunContext>
      <isCriticalStep>false</isCriticalStep>
      <isNonBlocking>false</isNonBlocking>
      <isParallelStep>false</isParallelStep>
      <isSingleResponse>false</isSingleResponse>
      <recordInHistory>false</recordInHistory>
      <recordRawOutput>true</recordRawOutput>
      <recordPrimaryOutput>true</recordPrimaryOutput>
      <checkPointStep>true</checkPointStep>
      <historyCheckPointStep>true</historyCheckPointStep>
      <scriptResultStep>false</scriptResultStep>
      <userPrompt></userPrompt>
      <bindings>
        <staticBinding id="86d839f0-b316-48f1-a276-72e160a5d764">
          <annotation></annotation>
          <toContextKey>vm.managed</toContextKey>
          <fromContextKey>vm.managed</fromContextKey>
          <assignFromContext>false</assignFromContext>
          <assignToContext>false</assignToContext>
          <inputType>STRING</inputType>
          <isList>false</isList>
          <required>false</required>
          <isPersisted>true</isPersisted>
          <inputSymbol>string1</inputSymbol>
          <listDelimiter>,</listDelimiter>
          <value>${server.isclientsupplied}</value>
          <record>false</record>
        </staticBinding>
        <staticBinding id="ea45e988-fa6e-4ed6-856a-e051e679c3b1">
          <annotation></annotation>
          <assignFromContext>false</assignFromContext>
          <assignToContext>false</assignToContext>
          <inputType>STRING</inputType>
          <isList>false</isList>
          <required>false</required>
          <isPersisted>true</isPersisted>
          <inputSymbol>string2</inputSymbol>
          <listDelimiter>,</listDelimiter>
          <value>Y</value>
          <record>false</record>
        </staticBinding>
        <staticBinding id="1dd6cb7d-0cae-4e43-9d33-e75a55eb5b0a">
          <annotation></annotation>
          <assignFromContext>false</assignFromContext>
          <assignToContext>false</assignToContext>
          <inputType>STRING</inputType>
          <isList>false</isList>
          <required>false</required>
          <isPersisted>true</isPersisted>
          <inputSymbol>ignoreCase</inputSymbol>
          <listDelimiter>,</listDelimiter>
          <value>true</value>
          <record>false</record>
        </staticBinding>
        <staticBinding id="57c70a58-06a7-4747-9451-015abde61cc9">
          <annotation></annotation>
          <toContextKey></toContextKey>
          <fromContextKey></fromContextKey>
          <assignFromContext>false</assignFromContext>
          <assignToContext>false</assignToContext>
          <inputType>STRING</inputType>
          <recordKey></recordKey>
          <isList>false</isList>
          <required>false</required>
          <isPersisted>true</isPersisted>
          <inputSymbol>Field_3</inputSymbol>
          <listDelimiter></listDelimiter>
          <value>${in3}</value>
          <record>false</record>
        </staticBinding>
        <staticBinding id="0c0eeef5-72d8-4136-bc69-b406c79ab79d">
          <annotation></annotation>
          <toContextKey></toContextKey>
          <fromContextKey></fromContextKey>
          <assignFromContext>false</assignFromContext>
          <assignToContext>false</assignToContext>
          <inputType>STRING</inputType>
          <recordKey></recordKey>
          <isList>false</isList>
          <required>false</required>
          <isPersisted>true</isPersisted>
          <inputSymbol>Field_4</inputSymbol>
          <listDelimiter></listDelimiter>
          <value>${in4}</value>
          <record>false</record>
        </staticBinding>
        <staticBinding id="8cc125e2-0d14-4c64-80fa-d96974d2436c">
          <annotation></annotation>
          <toContextKey></toContextKey>
          <fromContextKey></fromContextKey>
          <assignFromContext>false</assignFromContext>
          <assignToContext>false</assignToContext>
          <inputType>STRING</inputType>
          <recordKey></recordKey>
          <isList>false</isList>
          <required>false</required>
          <isPersisted>true</isPersisted>
          <inputSymbol>Field_2</inputSymbol>
          <listDelimiter></listDelimiter>
          <value>${in2}</value>
          <record>false</record>
        </staticBinding>
        <staticBinding id="af3dfb1b-93eb-4707-9362-b275618febad">
          <annotation></annotation>
          <toContextKey></toContextKey>
          <fromContextKey></fromContextKey>
          <assignFromContext>false</assignFromContext>
          <assignToContext>false</assignToContext>
          <inputType>STRING</inputType>
          <recordKey></recordKey>
          <isList>false</isList>
          <required>false</required>
          <isPersisted>true</isPersisted>
          <inputSymbol>Field_1</inputSymbol>
          <listDelimiter></listDelimiter>
          <value>${in1}</value>
          <record>false</record>
        </staticBinding>
      </bindings>
      <transitions>
        <transition id="2609c42e-d097-4a27-b1a5-f203940accbf">
          <annotation></annotation>
          <name>true</name>
          <command>NEXT</command>
          <linkMode>false</linkMode>
          <responseSymbol>true</responseSymbol>
          <shouldHandoff>false</shouldHandoff>
          <transitionValue>0.0</transitionValue>
          <destination>
            <refId>033473a4-9c07-4e35-bcd1-7a2128535455</refId>
          </destination>
          <source>
            <refId>1780625a-171b-4f55-8b9a-a62e266b8f82</refId>
          </source>
          <positions>
            <point>
              <x>68.0</x>
              <y>291.0</y>
            </point>
            <point>
              <x>50.0</x>
              <y>71.0</y>
            </point>
          </positions>
          <labelPosition>
            <x>333.0</x>
            <y>0.0</y>
          </labelPosition>
        </transition>
        <transition id="4670b818-a2f5-4ee7-8f2f-786ed7500b93">
          <annotation></annotation>
          <name>false</name>
          <command>NEXT</command>
          <linkMode>false</linkMode>
          <responseSymbol>false</responseSymbol>
          <shouldHandoff>false</shouldHandoff>
          <transitionValue>0.0</transitionValue>
          <destination>
            <refId>1bae8474-a5d0-4632-97b1-4e17d381571e</refId>
          </destination>
          <source>
            <refId>1780625a-171b-4f55-8b9a-a62e266b8f82</refId>
          </source>
          <positions>
            <point>
              <x>68.0</x>
              <y>291.0</y>
            </point>
            <point>
              <x>56.0</x>
              <y>518.0</y>
            </point>
          </positions>
          <labelPosition>
            <x>333.0</x>
            <y>0.0</y>
          </labelPosition>
        </transition>
      </transitions>
      <properties/>
      <opRef>
        <refId>7c2f47aa-a4b3-4a7d-b3d4-007f285f7d29</refId>
      </opRef>
      <assignments/>
      <throttleSize>0</throttleSize>
    </step>
    <step id="15abed42-bbea-4c94-b007-d46d07c7e147">
      <annotation>2ac883bf-5a33-452d-9f54-4268b57751a6.15abed42-bbea-4c94-b007-d46d07c7e147.description</annotation>
      <name>Loop</name>
      <bounds>
        <x>715.0</x>
        <y>281.0</y>
      </bounds>
      <layer>-1</layer>
      <hideInbound>false</hideInbound>
      <addResultToRunContext>false</addResultToRunContext>
      <isCriticalStep>false</isCriticalStep>
      <isNonBlocking>false</isNonBlocking>
      <isParallelStep>false</isParallelStep>
      <isSingleResponse>false</isSingleResponse>
      <recordInHistory>false</recordInHistory>
      <recordRawOutput>true</recordRawOutput>
      <recordPrimaryOutput>true</recordPrimaryOutput>
      <checkPointStep>true</checkPointStep>
      <historyCheckPointStep>true</historyCheckPointStep>
      <scriptResultStep>false</scriptResultStep>
      <userPrompt></userPrompt>
      <bindings>
        <staticBinding id="069750f8-dd10-440c-a94b-0f37f3afce86">
          <annotation></annotation>
          <assignFromContext>true</assignFromContext>
          <assignToContext>true</assignToContext>
          <inputType>STRING</inputType>
          <isList>false</isList>
          <required>true</required>
          <isPersisted>true</isPersisted>
          <inputSymbol>count</inputSymbol>
          <listDelimiter>,</listDelimiter>
          <value>30</value>
          <record>false</record>
        </staticBinding>
        <staticBinding id="6240530f-275b-4b0f-aa0f-66a23ff153fc">
          <annotation></annotation>
          <toContextKey></toContextKey>
          <fromContextKey></fromContextKey>
          <assignFromContext>false</assignFromContext>
          <assignToContext>false</assignToContext>
          <inputType>STRING</inputType>
          <recordKey></recordKey>
          <isList>false</isList>
          <required>false</required>
          <isPersisted>true</isPersisted>
          <inputSymbol>incrementBy</inputSymbol>
          <listDelimiter></listDelimiter>
          <value>1</value>
          <record>false</record>
        </staticBinding>
        <staticBinding id="bbfaf5be-a45b-4e69-8307-a77239dad2a8">
          <annotation></annotation>
          <toContextKey></toContextKey>
          <fromContextKey></fromContextKey>
          <assignFromContext>false</assignFromContext>
          <assignToContext>false</assignToContext>
          <inputType>STRING</inputType>
          <recordKey></recordKey>
          <isList>false</isList>
          <required>false</required>
          <isPersisted>true</isPersisted>
          <inputSymbol>from</inputSymbol>
          <listDelimiter></listDelimiter>
          <value>1</value>
          <record>false</record>
        </staticBinding>
        <staticBinding id="6ddd17ef-f762-453b-b79e-5c757cd4e997">
          <annotation></annotation>
          <toContextKey></toContextKey>
          <fromContextKey></fromContextKey>
          <assignFromContext>false</assignFromContext>
          <assignToContext>false</assignToContext>
          <inputType>STRING</inputType>
          <recordKey></recordKey>
          <isList>false</isList>
          <required>false</required>
          <isPersisted>true</isPersisted>
          <inputSymbol>reset</inputSymbol>
          <listDelimiter></listDelimiter>
          <value>false</value>
          <record>false</record>
        </staticBinding>
        <staticBinding id="09e5f77a-2034-438d-86d0-36d2f34ae509">
          <annotation></annotation>
          <toContextKey></toContextKey>
          <fromContextKey></fromContextKey>
          <assignFromContext>false</assignFromContext>
          <assignToContext>false</assignToContext>
          <inputType>STRING</inputType>
          <recordKey></recordKey>
          <isList>false</isList>
          <required>false</required>
          <isPersisted>true</isPersisted>
          <inputSymbol>to</inputSymbol>
          <listDelimiter></listDelimiter>
          <value>${count}</value>
          <record>false</record>
        </staticBinding>
      </bindings>
      <transitions>
        <transition id="4cc10aeb-d498-40fd-9dc4-f8e742ecb19e">
          <annotation></annotation>
          <name>has more</name>
          <command>NEXT</command>
          <linkMode>false</linkMode>
          <responseSymbol>has more</responseSymbol>
          <shouldHandoff>false</shouldHandoff>
          <transitionValue>0.0</transitionValue>
          <destination>
            <refId>669421eb-33f5-4824-9fbe-5ae4de3603f1</refId>
          </destination>
          <source>
            <refId>15abed42-bbea-4c94-b007-d46d07c7e147</refId>
          </source>
          <positions>
            <point>
              <x>278.0</x>
              <y>254.0</y>
            </point>
            <point>
              <x>397.0</x>
              <y>145.0</y>
            </point>
          </positions>
          <labelPosition>
            <x>333.0</x>
            <y>0.0</y>
          </labelPosition>
        </transition>
        <transition id="aa3f73e2-dab7-4871-a51f-dea4e9d1a4ab">
          <annotation></annotation>
          <name>failure</name>
          <command>NEXT</command>
          <linkMode>false</linkMode>
          <responseSymbol>failure</responseSymbol>
          <shouldHandoff>false</shouldHandoff>
          <transitionValue>0.0</transitionValue>
          <destination>
            <refId>60fdd063-b221-4dec-96cd-b3155b9233e0</refId>
          </destination>
          <source>
            <refId>15abed42-bbea-4c94-b007-d46d07c7e147</refId>
          </source>
          <positions>
            <point>
              <x>278.0</x>
              <y>254.0</y>
            </point>
            <point>
              <x>474.0</x>
              <y>48.0</y>
            </point>
          </positions>
          <labelPosition>
            <x>333.0</x>
            <y>0.0</y>
          </labelPosition>
        </transition>
        <transition id="cae19138-eb38-4b9a-a17c-216bd42f8bb0">
          <annotation></annotation>
          <name>no more</name>
          <command>NEXT</command>
          <linkMode>false</linkMode>
          <responseSymbol>no more</responseSymbol>
          <shouldHandoff>false</shouldHandoff>
          <transitionValue>0.0</transitionValue>
          <destination>
            <refId>60fdd063-b221-4dec-96cd-b3155b9233e0</refId>
          </destination>
          <source>
            <refId>15abed42-bbea-4c94-b007-d46d07c7e147</refId>
          </source>
          <positions>
            <point>
              <x>545.0</x>
              <y>418.0</y>
            </point>
            <point>
              <x>513.0</x>
              <y>548.0</y>
            </point>
          </positions>
          <labelPosition>
            <x>333.0</x>
            <y>0.0</y>
          </labelPosition>
        </transition>
      </transitions>
      <properties/>
      <opRef>
        <refId>1f0d93cd-2692-4339-81d7-9b3c6de46029</refId>
      </opRef>
      <assignments/>
      <throttleSize>0</throttleSize>
    </step>
    <returnStep id="60fdd063-b221-4dec-96cd-b3155b9233e0">
      <annotation></annotation>
      <name>Error : failure</name>
      <bounds>
        <x>725.0</x>
        <y>506.0</y>
      </bounds>
      <layer>-1</layer>
      <hideInbound>false</hideInbound>
      <addResultToRunContext>false</addResultToRunContext>
      <isCriticalStep>false</isCriticalStep>
      <isNonBlocking>false</isNonBlocking>
      <isParallelStep>false</isParallelStep>
      <isSingleResponse>false</isSingleResponse>
      <recordInHistory>false</recordInHistory>
      <recordRawOutput>true</recordRawOutput>
      <recordPrimaryOutput>true</recordPrimaryOutput>
      <checkPointStep>true</checkPointStep>
      <historyCheckPointStep>true</historyCheckPointStep>
      <scriptResultStep>false</scriptResultStep>
      <userPrompt></userPrompt>
      <bindings/>
      <transitions>
        <transition id="5544262f-7ff3-4cfc-929a-3762345c55b2">
          <annotation></annotation>
          <name>return</name>
          <command>NEXT</command>
          <linkMode>false</linkMode>
          <responseSymbol>failure</responseSymbol>
          <shouldHandoff>false</shouldHandoff>
          <transitionValue>0.0</transitionValue>
          <destination>
            <refId>60fdd063-b221-4dec-96cd-b3155b9233e0</refId>
          </destination>
          <source>
            <refId>60fdd063-b221-4dec-96cd-b3155b9233e0</refId>
          </source>
          <positions/>
        </transition>
      </transitions>
      <properties/>
      <returnStepType>ERROR</returnStepType>
      <assignments/>
    </returnStep>
    <step id="a10b9133-21b2-4755-b651-f33a379f615f">
      <annotation>2ac883bf-5a33-452d-9f54-4268b57751a6.a10b9133-21b2-4755-b651-f33a379f615f.description</annotation>
      <name>Change Linux Password</name>
      <bounds>
        <x>844.0</x>
        <y>47.0</y>
      </bounds>
      <layer>-1</layer>
      <hideInbound>false</hideInbound>
      <addResultToRunContext>false</addResultToRunContext>
      <isCriticalStep>false</isCriticalStep>
      <isNonBlocking>false</isNonBlocking>
      <isParallelStep>false</isParallelStep>
      <isSingleResponse>false</isSingleResponse>
      <recordInHistory>false</recordInHistory>
      <recordRawOutput>true</recordRawOutput>
      <recordPrimaryOutput>true</recordPrimaryOutput>
      <checkPointStep>true</checkPointStep>
      <historyCheckPointStep>true</historyCheckPointStep>
      <scriptResultStep>false</scriptResultStep>
      <userPrompt></userPrompt>
      <bindings>
        <staticBinding id="b68b984a-2e5c-4055-957b-d1331bbf2eb1">
          <annotation></annotation>
          <toContextKey>vm.ip.backup</toContextKey>
          <fromContextKey>vm.ip.backup</fromContextKey>
          <assignFromContext>false</assignFromContext>
          <assignToContext>false</assignToContext>
          <inputType>STRING</inputType>
          <isList>false</isList>
          <required>true</required>
          <isPersisted>true</isPersisted>
          <inputSymbol>host</inputSymbol>
          <listDelimiter>,</listDelimiter>
          <value>${server.ip.backup}</value>
          <record>false</record>
        </staticBinding>
        <staticBinding id="0cfd3b76-606e-4459-b2ed-06ceb1f39152">
          <annotation></annotation>
          <toContextKey></toContextKey>
          <fromContextKey></fromContextKey>
          <assignFromContext>true</assignFromContext>
          <assignToContext>true</assignToContext>
          <inputType>STRING</inputType>
          <isList>false</isList>
          <required>true</required>
          <isPersisted>true</isPersisted>
          <inputSymbol>port</inputSymbol>
          <listDelimiter>,</listDelimiter>
          <value>22</value>
          <record>false</record>
        </staticBinding>
        <identityBinding id="00cbe9a5-44c3-466f-afb7-16cc269e1f88">
          <annotation></annotation>
          <toContextKey></toContextKey>
          <fromContextKey></fromContextKey>
          <assignFromContext>true</assignFromContext>
          <assignToContext>true</assignToContext>
          <inputType>ENCRYPTED</inputType>
          <isList>false</isList>
          <required>true</required>
          <isPersisted>true</isPersisted>
          <inputSymbol>username</inputSymbol>
          <listDelimiter>,</listDelimiter>
          <record>false</record>
          <link>
            <refId>11187211-d71b-496e-86a3-ef9fdb2ed504</refId>
            <refName>pc.vm.linux</refName>
          </link>
          <identityAttribute>USERNAME</identityAttribute>
        </identityBinding>
        <identityBinding id="a0049d6f-434c-4cf5-8433-200e591129f8">
          <annotation></annotation>
          <toContextKey></toContextKey>
          <fromContextKey></fromContextKey>
          <assignFromContext>true</assignFromContext>
          <assignToContext>true</assignToContext>
          <inputType>ENCRYPTED</inputType>
          <isList>false</isList>
          <required>true</required>
          <isPersisted>true</isPersisted>
          <inputSymbol>password</inputSymbol>
          <listDelimiter>,</listDelimiter>
          <record>false</record>
          <link>
            <refId>11187211-d71b-496e-86a3-ef9fdb2ed504</refId>
            <refName>pc.vm.linux</refName>
          </link>
          <identityAttribute>PASSWORD</identityAttribute>
        </identityBinding>
        <staticBinding id="fc7eb3ad-7dbc-4472-9d54-5eb0b08a13cf">
          <annotation></annotation>
          <toContextKey></toContextKey>
          <fromContextKey></fromContextKey>
          <assignFromContext>true</assignFromContext>
          <assignToContext>true</assignToContext>
          <inputType>STRING</inputType>
          <isList>false</isList>
          <required>true</required>
          <isPersisted>true</isPersisted>
          <inputSymbol>protocol</inputSymbol>
          <listDelimiter>,</listDelimiter>
          <value>ssh</value>
          <record>false</record>
        </staticBinding>
        <staticBinding id="129534ca-de9d-4494-b7e4-c82950a475a4">
          <annotation></annotation>
          <fromContextKey></fromContextKey>
          <assignFromContext>false</assignFromContext>
          <assignToContext>false</assignToContext>
          <inputType>STRING</inputType>
          <isList>false</isList>
          <required>true</required>
          <isPersisted>true</isPersisted>
          <inputSymbol>command</inputSymbol>
          <listDelimiter>,</listDelimiter>
          <value>echo ${server.admin.password} | passwd --stdin ${server.admin.username}</value>
          <record>false</record>
        </staticBinding>
        <staticBinding id="d5a38e06-59df-4f49-ba28-9171ee435471">
          <annotation></annotation>
          <toContextKey></toContextKey>
          <fromContextKey></fromContextKey>
          <assignFromContext>true</assignFromContext>
          <assignToContext>true</assignToContext>
          <inputType>STRING</inputType>
          <isList>false</isList>
          <required>false</required>
          <isPersisted>true</isPersisted>
          <inputSymbol>timeout</inputSymbol>
          <listDelimiter>,</listDelimiter>
          <value>600000</value>
          <record>false</record>
        </staticBinding>
      </bindings>
      <transitions>
        <transition id="e5f38e1f-e514-4efc-828c-57d64177a7f1">
          <annotation></annotation>
          <name>failure</name>
          <command>NEXT</command>
          <linkMode>false</linkMode>
          <responseSymbol>failure</responseSymbol>
          <shouldHandoff>false</shouldHandoff>
          <transitionValue>0.0</transitionValue>
          <destination>
            <refId>c029bc62-b516-4850-98bb-aa53dceccfc8</refId>
          </destination>
          <source>
            <refId>a10b9133-21b2-4755-b651-f33a379f615f</refId>
          </source>
          <positions>
            <point>
              <x>797.0</x>
              <y>79.0</y>
            </point>
            <point>
              <x>1000.0</x>
              <y>294.0</y>
            </point>
          </positions>
          <labelPosition>
            <x>333.0</x>
            <y>0.0</y>
          </labelPosition>
        </transition>
        <transition id="3600501c-80c4-4479-9c29-05a142fc3f9f">
          <annotation></annotation>
          <name>success</name>
          <command>NEXT</command>
          <linkMode>false</linkMode>
          <responseSymbol>success</responseSymbol>
          <shouldHandoff>false</shouldHandoff>
          <transitionValue>0.0</transitionValue>
          <destination>
            <refId>2431090f-5940-47b3-ad6a-903938232fde</refId>
          </destination>
          <source>
            <refId>a10b9133-21b2-4755-b651-f33a379f615f</refId>
          </source>
          <positions>
            <point>
              <x>889.0</x>
              <y>90.0</y>
            </point>
            <point>
              <x>898.0</x>
              <y>539.0</y>
            </point>
          </positions>
          <labelPosition>
            <x>333.0</x>
            <y>0.0</y>
          </labelPosition>
        </transition>
      </transitions>
      <properties/>
      <opRef>
        <refId>3c0f1258-b910-4665-b809-753ed5586c08</refId>
      </opRef>
      <assignments>
        <flowVariableAssignment id="d7982a5d-2f7f-4a33-8d1a-6f5f29fe6906">
          <annotation></annotation>
          <name>assignment</name>
          <action>OVERWRITE</action>
          <assignmentTargetType>FLOW_OUTPUT_FIELD</assignmentTargetType>
          <contextKey>vm.admin.user</contextKey>
          <expression id="7228153e-5454-42c6-a68d-2623c76b8bc2">
            <annotation></annotation>
            <name>Input: username</name>
            <fieldName>username</fieldName>
            <sourceType>INPUT</sourceType>
            <filters/>
          </expression>
        </flowVariableAssignment>
      </assignments>
      <throttleSize>0</throttleSize>
    </step>
    <step id="3a20b948-d152-42ad-b889-bad5e6530c2f">
      <annotation>2ac883bf-5a33-452d-9f54-4268b57751a6.3a20b948-d152-42ad-b889-bad5e6530c2f.description</annotation>
      <name>Define User And Password</name>
      <bounds>
        <x>295.0</x>
        <y>47.0</y>
      </bounds>
      <layer>-1</layer>
      <hideInbound>false</hideInbound>
      <iconSpec id="f24bd4c5-940a-4595-b56b-1be212ee7b2c">
        <baseIcon>display_report.png</baseIcon>
        <basePath>Utilities/</basePath>
        <readOnly>false</readOnly>
        <layers/>
      </iconSpec>
      <addResultToRunContext>false</addResultToRunContext>
      <isCriticalStep>false</isCriticalStep>
      <isNonBlocking>false</isNonBlocking>
      <isParallelStep>false</isParallelStep>
      <isSingleResponse>false</isSingleResponse>
      <recordInHistory>false</recordInHistory>
      <recordRawOutput>true</recordRawOutput>
      <recordPrimaryOutput>true</recordPrimaryOutput>
      <checkPointStep>true</checkPointStep>
      <historyCheckPointStep>true</historyCheckPointStep>
      <scriptResultStep>false</scriptResultStep>
      <userPrompt></userPrompt>
      <bindings>
        <staticBinding id="1932114a-bc82-4094-856a-fabd31038076">
          <annotation></annotation>
          <assignFromContext>true</assignFromContext>
          <assignToContext>true</assignToContext>
          <inputType>STRING</inputType>
          <isList>false</isList>
          <required>false</required>
          <isPersisted>true</isPersisted>
          <inputSymbol>field1</inputSymbol>
          <listDelimiter>,</listDelimiter>
          <value>${server.os.class}</value>
          <record>false</record>
        </staticBinding>
        <staticBinding id="cdf28617-582c-4ce8-a971-c13ff22b5533">
          <annotation></annotation>
          <assignFromContext>true</assignFromContext>
          <assignToContext>true</assignToContext>
          <inputType>STRING</inputType>
          <isList>false</isList>
          <required>false</required>
          <isPersisted>true</isPersisted>
          <inputSymbol>field2</inputSymbol>
          <listDelimiter>,</listDelimiter>
          <value></value>
          <record>false</record>
        </staticBinding>
        <staticBinding id="6f0c9e94-53ca-4617-8052-4cada884700c">
          <annotation></annotation>
          <assignFromContext>true</assignFromContext>
          <assignToContext>true</assignToContext>
          <inputType>STRING</inputType>
          <isList>false</isList>
          <required>false</required>
          <isPersisted>true</isPersisted>
          <inputSymbol>field3</inputSymbol>
          <listDelimiter>,</listDelimiter>
          <value></value>
          <record>false</record>
        </staticBinding>
        <staticBinding id="4e1cc846-fead-4882-9271-5d59fec9ff56">
          <annotation></annotation>
          <assignFromContext>true</assignFromContext>
          <assignToContext>true</assignToContext>
          <inputType>STRING</inputType>
          <isList>false</isList>
          <required>false</required>
          <isPersisted>true</isPersisted>
          <inputSymbol>field4</inputSymbol>
          <listDelimiter>,</listDelimiter>
          <value></value>
          <record>false</record>
        </staticBinding>
        <staticBinding id="f7d65a9f-5b4f-432f-b292-239f83cc8cea">
          <annotation></annotation>
          <assignFromContext>true</assignFromContext>
          <assignToContext>true</assignToContext>
          <inputType>STRING</inputType>
          <isList>false</isList>
          <required>false</required>
          <isPersisted>true</isPersisted>
          <inputSymbol>generatedPassword</inputSymbol>
          <listDelimiter>,</listDelimiter>
          <value>${generatedPassword}</value>
          <record>false</record>
        </staticBinding>
        <staticBinding id="dd7989f0-e9d6-414d-837f-eb5d3e32e29b">
          <annotation></annotation>
          <toContextKey></toContextKey>
          <fromContextKey></fromContextKey>
          <assignFromContext>false</assignFromContext>
          <assignToContext>false</assignToContext>
          <inputType>STRING</inputType>
          <recordKey></recordKey>
          <isList>false</isList>
          <required>false</required>
          <isPersisted>true</isPersisted>
          <inputSymbol>Field_2</inputSymbol>
          <listDelimiter></listDelimiter>
          <value>${field2}</value>
          <record>false</record>
        </staticBinding>
        <staticBinding id="0754e143-0221-493a-b1a4-149069d102c1">
          <annotation></annotation>
          <toContextKey></toContextKey>
          <fromContextKey></fromContextKey>
          <assignFromContext>false</assignFromContext>
          <assignToContext>false</assignToContext>
          <inputType>STRING</inputType>
          <recordKey></recordKey>
          <isList>false</isList>
          <required>false</required>
          <isPersisted>true</isPersisted>
          <inputSymbol>Field_4</inputSymbol>
          <listDelimiter></listDelimiter>
          <value>${field4}</value>
          <record>false</record>
        </staticBinding>
        <staticBinding id="e8991be5-c936-4dcf-99cc-5c2636394104">
          <annotation></annotation>
          <toContextKey></toContextKey>
          <fromContextKey></fromContextKey>
          <assignFromContext>false</assignFromContext>
          <assignToContext>false</assignToContext>
          <inputType>STRING</inputType>
          <recordKey></recordKey>
          <isList>false</isList>
          <required>false</required>
          <isPersisted>true</isPersisted>
          <inputSymbol>Field_3</inputSymbol>
          <listDelimiter></listDelimiter>
          <value>${field3}</value>
          <record>false</record>
        </staticBinding>
        <staticBinding id="5dbf01f7-aa1d-4776-a19c-4c22aa73cbab">
          <annotation></annotation>
          <toContextKey></toContextKey>
          <fromContextKey></fromContextKey>
          <assignFromContext>false</assignFromContext>
          <assignToContext>false</assignToContext>
          <inputType>STRING</inputType>
          <recordKey></recordKey>
          <isList>false</isList>
          <required>false</required>
          <isPersisted>true</isPersisted>
          <inputSymbol>Field_1</inputSymbol>
          <listDelimiter></listDelimiter>
          <value>${field1}</value>
          <record>false</record>
        </staticBinding>
      </bindings>
      <transitions>
        <transition id="55365dc8-ef06-422f-86c0-9804af45b796">
          <annotation></annotation>
          <name>success</name>
          <command>NEXT</command>
          <linkMode>false</linkMode>
          <responseSymbol>success</responseSymbol>
          <shouldHandoff>false</shouldHandoff>
          <transitionValue>0.0</transitionValue>
          <destination>
            <refId>1f175e14-373b-4cba-8e19-4ec06f283093</refId>
          </destination>
          <source>
            <refId>3a20b948-d152-42ad-b889-bad5e6530c2f</refId>
          </source>
          <positions>
            <point>
              <x>180.0</x>
              <y>72.0</y>
            </point>
            <point>
              <x>318.0</x>
              <y>72.0</y>
            </point>
          </positions>
          <labelPosition>
            <x>333.0</x>
            <y>0.0</y>
          </labelPosition>
        </transition>
      </transitions>
      <properties/>
      <opRef>
        <refId>ddd79f22-8b1e-4605-88d5-d912bb2da2b9</refId>
      </opRef>
      <assignments>
        <flowVariableAssignment id="112ff949-2332-4b4b-beb1-5f0278034a32">
          <annotation></annotation>
          <name>assignment</name>
          <action>OVERWRITE</action>
          <assignmentTargetType>FLOW_VARIABLE</assignmentTargetType>
          <contextKey>server.admin.username</contextKey>
          <expression id="c03236b0-46a2-47b9-be58-36b079b9398b">
            <annotation></annotation>
            <name>Input: field1</name>
            <fieldName>field1</fieldName>
            <sourceType>INPUT</sourceType>
            <filters>
              <scriptletFilter id="f1afd117-8c3c-40f1-8172-dc81f023d784">
                <annotation></annotation>
                <name>Scriptlet</name>
                <scriptlet id="9fe226c6-e912-4749-bec0-f47971a600d3">
                  <annotation></annotation>
                  <name>default</name>
                  <script>if (scriptletInput == &apos;Windows&apos;) 
    scriptletResult = &apos;pcsvc&apos;
else 
    scriptletResult = &apos;rootpcsvc&apos;
</script>
                  <type>RHINO</type>
                </scriptlet>
              </scriptletFilter>
            </filters>
          </expression>
        </flowVariableAssignment>
        <flowVariableAssignment id="6b089521-0d65-4d23-89c7-55ced535e06a">
          <annotation></annotation>
          <name>assignment</name>
          <action>OVERWRITE</action>
          <assignmentTargetType>FLOW_VARIABLE</assignmentTargetType>
          <contextKey>server.admin.password</contextKey>
          <expression id="e93bc3b0-44be-40db-ae24-fdac2376e535">
            <annotation></annotation>
            <name>Input: generatedPassword</name>
            <fieldName>generatedPassword</fieldName>
            <sourceType>INPUT</sourceType>
            <filters/>
          </expression>
        </flowVariableAssignment>
      </assignments>
      <throttleSize>0</throttleSize>
    </step>
    <returnStep id="394eacd1-dba7-4d3b-9b0b-331ba11a7871">
      <annotation></annotation>
      <name>Resolved : success</name>
      <bounds>
        <x>962.0</x>
        <y>508.0</y>
      </bounds>
      <layer>-1</layer>
      <hideInbound>false</hideInbound>
      <addResultToRunContext>false</addResultToRunContext>
      <isCriticalStep>false</isCriticalStep>
      <isNonBlocking>false</isNonBlocking>
      <isParallelStep>false</isParallelStep>
      <isSingleResponse>false</isSingleResponse>
      <recordInHistory>false</recordInHistory>
      <recordRawOutput>true</recordRawOutput>
      <recordPrimaryOutput>true</recordPrimaryOutput>
      <checkPointStep>true</checkPointStep>
      <historyCheckPointStep>true</historyCheckPointStep>
      <scriptResultStep>false</scriptResultStep>
      <userPrompt></userPrompt>
      <bindings/>
      <transitions>
        <transition id="da738d9d-0190-4fd3-8c12-6e476de39d56">
          <annotation></annotation>
          <name>return</name>
          <command>NEXT</command>
          <linkMode>false</linkMode>
          <responseSymbol>success</responseSymbol>
          <shouldHandoff>false</shouldHandoff>
          <transitionValue>0.0</transitionValue>
          <destination>
            <refId>394eacd1-dba7-4d3b-9b0b-331ba11a7871</refId>
          </destination>
          <source>
            <refId>394eacd1-dba7-4d3b-9b0b-331ba11a7871</refId>
          </source>
          <positions/>
        </transition>
      </transitions>
      <properties/>
      <returnStepType>RESOLVED</returnStepType>
      <assignments/>
    </returnStep>
    <step id="2431090f-5940-47b3-ad6a-903938232fde">
      <annotation></annotation>
      <name>DB_UpdateClientSuppliedAdmin</name>
      <bounds>
        <x>848.0</x>
        <y>505.0</y>
      </bounds>
      <layer>-1</layer>
      <hideInbound>false</hideInbound>
      <addResultToRunContext>false</addResultToRunContext>
      <isCriticalStep>false</isCriticalStep>
      <isNonBlocking>false</isNonBlocking>
      <isParallelStep>false</isParallelStep>
      <isSingleResponse>false</isSingleResponse>
      <recordInHistory>false</recordInHistory>
      <recordRawOutput>true</recordRawOutput>
      <recordPrimaryOutput>true</recordPrimaryOutput>
      <checkPointStep>true</checkPointStep>
      <historyCheckPointStep>true</historyCheckPointStep>
      <scriptResultStep>false</scriptResultStep>
      <userPrompt></userPrompt>
      <bindings>
        <staticBinding id="0f8e2e0b-0807-4cf8-8798-bdcb9619a813">
          <annotation></annotation>
          <assignFromContext>false</assignFromContext>
          <assignToContext>false</assignToContext>
          <inputType>STRING</inputType>
          <isList>false</isList>
          <required>false</required>
          <isPersisted>true</isPersisted>
          <inputSymbol>db.updateserver.pw</inputSymbol>
          <listDelimiter>,</listDelimiter>
          <value>${server.admin.password}</value>
          <record>false</record>
        </staticBinding>
        <staticBinding id="8b90ba52-f6d3-451a-85a8-c19561873775">
          <annotation></annotation>
          <assignFromContext>false</assignFromContext>
          <assignToContext>false</assignToContext>
          <inputType>STRING</inputType>
          <isList>false</isList>
          <required>false</required>
          <isPersisted>true</isPersisted>
          <inputSymbol>db.updateserver.user</inputSymbol>
          <listDelimiter>,</listDelimiter>
          <value>${server.admin.username}</value>
          <record>false</record>
        </staticBinding>
        <staticBinding id="768d0343-2fc7-495f-8356-3924518ada2b">
          <annotation></annotation>
          <assignFromContext>false</assignFromContext>
          <assignToContext>false</assignToContext>
          <inputType>STRING</inputType>
          <isList>false</isList>
          <required>false</required>
          <isPersisted>true</isPersisted>
          <inputSymbol>db.updateserver.hostname</inputSymbol>
          <listDelimiter>,</listDelimiter>
          <value>${server.hostname}</value>
          <record>false</record>
        </staticBinding>
      </bindings>
      <transitions>
        <transition id="f6bdc23a-ab65-4566-8794-d098e01f75ae">
          <annotation></annotation>
          <name>success</name>
          <command>NEXT</command>
          <linkMode>false</linkMode>
          <responseSymbol>success</responseSymbol>
          <shouldHandoff>false</shouldHandoff>
          <transitionValue>0.0</transitionValue>
          <destination>
            <refId>394eacd1-dba7-4d3b-9b0b-331ba11a7871</refId>
          </destination>
          <source>
            <refId>2431090f-5940-47b3-ad6a-903938232fde</refId>
          </source>
          <positions>
            <point>
              <x>898.0</x>
              <y>539.0</y>
            </point>
            <point>
              <x>1012.0</x>
              <y>542.0</y>
            </point>
          </positions>
          <labelPosition>
            <x>333.0</x>
            <y>0.0</y>
          </labelPosition>
        </transition>
        <transition id="4f2a31a4-4033-4381-9bd7-2551c1bbce13">
          <annotation></annotation>
          <name>failure</name>
          <command>NEXT</command>
          <linkMode>false</linkMode>
          <responseSymbol>failure</responseSymbol>
          <shouldHandoff>false</shouldHandoff>
          <transitionValue>0.0</transitionValue>
          <destination>
            <refId>60fdd063-b221-4dec-96cd-b3155b9233e0</refId>
          </destination>
          <source>
            <refId>2431090f-5940-47b3-ad6a-903938232fde</refId>
          </source>
          <positions>
            <point>
              <x>898.0</x>
              <y>539.0</y>
            </point>
            <point>
              <x>775.0</x>
              <y>540.0</y>
            </point>
          </positions>
          <labelPosition>
            <x>333.0</x>
            <y>0.0</y>
          </labelPosition>
        </transition>
      </transitions>
      <properties/>
      <opRef>
        <refId>40135b59-9cca-4b5b-9697-3ece032ba4d0</refId>
      </opRef>
      <assignments/>
      <throttleSize>0</throttleSize>
    </step>
    <returnStep id="c029bc62-b516-4850-98bb-aa53dceccfc8">
      <annotation></annotation>
      <name>Error : failure</name>
      <bounds>
        <x>974.0</x>
        <y>47.0</y>
      </bounds>
      <layer>-1</layer>
      <hideInbound>false</hideInbound>
      <addResultToRunContext>false</addResultToRunContext>
      <isCriticalStep>false</isCriticalStep>
      <isNonBlocking>false</isNonBlocking>
      <isParallelStep>false</isParallelStep>
      <isSingleResponse>false</isSingleResponse>
      <recordInHistory>false</recordInHistory>
      <recordRawOutput>true</recordRawOutput>
      <recordPrimaryOutput>true</recordPrimaryOutput>
      <checkPointStep>true</checkPointStep>
      <historyCheckPointStep>true</historyCheckPointStep>
      <scriptResultStep>false</scriptResultStep>
      <userPrompt></userPrompt>
      <bindings/>
      <transitions>
        <transition id="1aa30612-1d8c-4989-a1b7-cf68dd05399a">
          <annotation></annotation>
          <name>return</name>
          <command>NEXT</command>
          <linkMode>false</linkMode>
          <responseSymbol>failure</responseSymbol>
          <shouldHandoff>false</shouldHandoff>
          <transitionValue>0.0</transitionValue>
          <destination>
            <refId>c029bc62-b516-4850-98bb-aa53dceccfc8</refId>
          </destination>
          <source>
            <refId>c029bc62-b516-4850-98bb-aa53dceccfc8</refId>
          </source>
          <positions/>
        </transition>
      </transitions>
      <properties/>
      <returnStepType>ERROR</returnStepType>
      <assignments/>
    </returnStep>
    <step id="669421eb-33f5-4824-9fbe-5ae4de3603f1">
      <annotation>2ac883bf-5a33-452d-9f54-4268b57751a6.669421eb-33f5-4824-9fbe-5ae4de3603f1.description</annotation>
      <name>Sleep for SSH Port Check</name>
      <bounds>
        <x>570.0</x>
        <y>282.0</y>
      </bounds>
      <layer>-1</layer>
      <hideInbound>false</hideInbound>
      <iconSpec id="05599a11-26f0-4cae-aeb9-81e354872ae4">
        <baseIcon>hourglass.png</baseIcon>
        <basePath>Utilities</basePath>
        <readOnly>false</readOnly>
        <layers/>
      </iconSpec>
      <addResultToRunContext>false</addResultToRunContext>
      <isCriticalStep>false</isCriticalStep>
      <isNonBlocking>false</isNonBlocking>
      <isParallelStep>false</isParallelStep>
      <isSingleResponse>false</isSingleResponse>
      <recordInHistory>false</recordInHistory>
      <recordRawOutput>true</recordRawOutput>
      <recordPrimaryOutput>true</recordPrimaryOutput>
      <checkPointStep>true</checkPointStep>
      <historyCheckPointStep>true</historyCheckPointStep>
      <scriptResultStep>false</scriptResultStep>
      <userPrompt></userPrompt>
      <bindings>
        <staticBinding id="4ef0f203-475f-46c9-ab23-26ae78018cbb">
          <annotation></annotation>
          <assignFromContext>false</assignFromContext>
          <assignToContext>false</assignToContext>
          <inputType>STRING</inputType>
          <isList>false</isList>
          <required>true</required>
          <isPersisted>true</isPersisted>
          <inputSymbol>seconds</inputSymbol>
          <listDelimiter>,</listDelimiter>
          <value>20</value>
          <record>false</record>
        </staticBinding>
      </bindings>
      <transitions>
        <transition id="1e04a37d-766e-4154-95ba-02ace2734c58">
          <annotation></annotation>
          <name>success</name>
          <command>NEXT</command>
          <linkMode>false</linkMode>
          <responseSymbol>success</responseSymbol>
          <shouldHandoff>false</shouldHandoff>
          <transitionValue>0.0</transitionValue>
          <destination>
            <refId>d1383033-5a46-40a4-9d18-9d1557e03852</refId>
          </destination>
          <source>
            <refId>669421eb-33f5-4824-9fbe-5ae4de3603f1</refId>
          </source>
          <positions>
            <point>
              <x>397.0</x>
              <y>145.0</y>
            </point>
            <point>
              <x>514.0</x>
              <y>148.0</y>
            </point>
          </positions>
          <labelPosition>
            <x>333.0</x>
            <y>0.0</y>
          </labelPosition>
        </transition>
        <transition id="86be5a99-dcba-4504-aa15-c29b7d073c24">
          <annotation></annotation>
          <name>failure</name>
          <command>NEXT</command>
          <linkMode>false</linkMode>
          <responseSymbol>failure</responseSymbol>
          <shouldHandoff>false</shouldHandoff>
          <transitionValue>0.0</transitionValue>
          <destination>
            <refId>60fdd063-b221-4dec-96cd-b3155b9233e0</refId>
          </destination>
          <source>
            <refId>669421eb-33f5-4824-9fbe-5ae4de3603f1</refId>
          </source>
          <positions>
            <point>
              <x>397.0</x>
              <y>145.0</y>
            </point>
            <point>
              <x>474.0</x>
              <y>48.0</y>
            </point>
          </positions>
          <labelPosition>
            <x>333.0</x>
            <y>0.0</y>
          </labelPosition>
        </transition>
      </transitions>
      <properties/>
      <opRef>
        <refId>d1bbf441-824a-450e-afae-2ddec0e0f35e</refId>
      </opRef>
      <assignments/>
      <throttleSize>0</throttleSize>
    </step>
    <step id="d1383033-5a46-40a4-9d18-9d1557e03852">
      <annotation>2ac883bf-5a33-452d-9f54-4268b57751a6.d1383033-5a46-40a4-9d18-9d1557e03852.description</annotation>
      <name>SSH Port Check</name>
      <bounds>
        <x>563.0</x>
        <y>47.0</y>
      </bounds>
      <layer>-1</layer>
      <hideInbound>false</hideInbound>
      <addResultToRunContext>false</addResultToRunContext>
      <isCriticalStep>false</isCriticalStep>
      <isNonBlocking>false</isNonBlocking>
      <isParallelStep>false</isParallelStep>
      <isSingleResponse>false</isSingleResponse>
      <recordInHistory>false</recordInHistory>
      <recordRawOutput>true</recordRawOutput>
      <recordPrimaryOutput>true</recordPrimaryOutput>
      <checkPointStep>true</checkPointStep>
      <historyCheckPointStep>true</historyCheckPointStep>
      <scriptResultStep>false</scriptResultStep>
      <userPrompt></userPrompt>
      <bindings>
        <staticBinding id="8e1d36ae-e83d-469e-bdc4-d905c7de3e92">
          <annotation></annotation>
          <assignFromContext>true</assignFromContext>
          <assignToContext>true</assignToContext>
          <inputType>STRING</inputType>
          <isList>false</isList>
          <required>true</required>
          <isPersisted>true</isPersisted>
          <inputSymbol>host</inputSymbol>
          <listDelimiter>,</listDelimiter>
          <value>${server.ip.backup}</value>
          <record>false</record>
        </staticBinding>
        <staticBinding id="a9a1b62d-a459-48f7-bcdb-0d44f23823be">
          <annotation></annotation>
          <assignFromContext>true</assignFromContext>
          <assignToContext>true</assignToContext>
          <inputType>STRING</inputType>
          <isList>false</isList>
          <required>true</required>
          <isPersisted>true</isPersisted>
          <inputSymbol>lowestPort</inputSymbol>
          <listDelimiter>,</listDelimiter>
          <value>22</value>
          <record>false</record>
        </staticBinding>
        <staticBinding id="420da955-378f-49b5-9d04-4d20d1487412">
          <annotation></annotation>
          <assignFromContext>true</assignFromContext>
          <assignToContext>true</assignToContext>
          <inputType>STRING</inputType>
          <isList>false</isList>
          <required>true</required>
          <isPersisted>true</isPersisted>
          <inputSymbol>highestPort</inputSymbol>
          <listDelimiter>,</listDelimiter>
          <value>22</value>
          <record>false</record>
        </staticBinding>
        <staticBinding id="5c5056a0-8ced-49f9-b0ed-46a04ee26b8b">
          <annotation></annotation>
          <assignFromContext>true</assignFromContext>
          <assignToContext>true</assignToContext>
          <inputType>STRING</inputType>
          <isList>false</isList>
          <required>false</required>
          <isPersisted>true</isPersisted>
          <inputSymbol>portType</inputSymbol>
          <listDelimiter>,</listDelimiter>
          <value>TCP</value>
          <record>false</record>
        </staticBinding>
        <staticBinding id="806b432c-a917-4bbd-a1ee-9162c4dad369">
          <annotation></annotation>
          <assignFromContext>true</assignFromContext>
          <assignToContext>true</assignToContext>
          <inputType>STRING</inputType>
          <isList>false</isList>
          <required>false</required>
          <isPersisted>true</isPersisted>
          <inputSymbol>overrideNRAS</inputSymbol>
          <listDelimiter>,</listDelimiter>
          <value>${server.oo.ras}</value>
          <record>false</record>
        </staticBinding>
        <staticBinding id="54eae4b8-6fbc-42d9-9596-de581c5e7cb4">
          <annotation></annotation>
          <assignFromContext>true</assignFromContext>
          <assignToContext>true</assignToContext>
          <inputType>STRING</inputType>
          <isList>false</isList>
          <required>false</required>
          <isPersisted>true</isPersisted>
          <inputSymbol>overrideJRAS</inputSymbol>
          <listDelimiter>,</listDelimiter>
          <value>${server.oo.ras}</value>
          <record>false</record>
        </staticBinding>
      </bindings>
      <transitions>
        <transition id="b650bf41-03f7-4fe7-9251-986c9a965cce">
          <annotation></annotation>
          <name>success</name>
          <command>NEXT</command>
          <linkMode>false</linkMode>
          <responseSymbol>success</responseSymbol>
          <shouldHandoff>false</shouldHandoff>
          <transitionValue>0.0</transitionValue>
          <destination>
            <refId>25a60167-1bc4-4419-8716-f27043016a86</refId>
          </destination>
          <source>
            <refId>d1383033-5a46-40a4-9d18-9d1557e03852</refId>
          </source>
          <positions>
            <point>
              <x>514.0</x>
              <y>148.0</y>
            </point>
            <point>
              <x>617.0</x>
              <y>181.0</y>
            </point>
          </positions>
          <labelPosition>
            <x>333.0</x>
            <y>0.0</y>
          </labelPosition>
        </transition>
        <transition id="e2653f53-09e5-43a8-a593-3e73798b4aa2">
          <annotation></annotation>
          <name>failure</name>
          <command>NEXT</command>
          <linkMode>false</linkMode>
          <responseSymbol>failure</responseSymbol>
          <shouldHandoff>false</shouldHandoff>
          <transitionValue>0.0</transitionValue>
          <destination>
            <refId>15abed42-bbea-4c94-b007-d46d07c7e147</refId>
          </destination>
          <source>
            <refId>d1383033-5a46-40a4-9d18-9d1557e03852</refId>
          </source>
          <positions>
            <point>
              <x>339.0</x>
              <y>281.0</y>
            </point>
            <point>
              <x>545.0</x>
              <y>418.0</y>
            </point>
          </positions>
          <labelPosition>
            <x>333.0</x>
            <y>0.0</y>
          </labelPosition>
        </transition>
      </transitions>
      <properties/>
      <opRef>
        <refId>05099c46-a561-45cb-9b32-cad229b2489d</refId>
      </opRef>
      <assignments>
        <flowVariableAssignment id="6544d7ad-fffd-4ad0-8e27-df8e297dfc68">
          <annotation></annotation>
          <name>assignment</name>
          <action>OVERWRITE</action>
          <assignmentTargetType>FLOW_VARIABLE</assignmentTargetType>
          <contextKey>vm.isaccessible</contextKey>
          <expression id="0b04c7ce-7e0b-47ee-8ef3-62d5ab8447cd">
            <annotation></annotation>
            <name>Result Field: opened</name>
            <fieldName>opened</fieldName>
            <sourceType>RAWRESULT</sourceType>
            <filters>
              <scriptletFilter id="218433cc-3261-45a9-ac9e-36445bf8f058">
                <annotation></annotation>
                <name>Scriptlet</name>
                <scriptlet id="e6798665-7dc0-4438-8552-916aa72f7a9d">
                  <annotation></annotation>
                  <name>default</name>
                  <script>if (scriptletInput == &apos;1&apos;) 
    scriptletResult = &apos;true&apos;
else 
    scriptletResult = &apos;false&apos;
</script>
                  <type>RHINO</type>
                </scriptlet>
              </scriptletFilter>
            </filters>
          </expression>
        </flowVariableAssignment>
      </assignments>
      <throttleSize>0</throttleSize>
    </step>
    <step id="1f175e14-373b-4cba-8e19-4ec06f283093">
      <annotation>2ac883bf-5a33-452d-9f54-4268b57751a6.1f175e14-373b-4cba-8e19-4ec06f283093.description</annotation>
      <name>AssignAsOutput</name>
      <bounds>
        <x>433.0</x>
        <y>47.0</y>
      </bounds>
      <layer>-1</layer>
      <hideInbound>false</hideInbound>
      <addResultToRunContext>false</addResultToRunContext>
      <isCriticalStep>false</isCriticalStep>
      <isNonBlocking>false</isNonBlocking>
      <isParallelStep>false</isParallelStep>
      <isSingleResponse>false</isSingleResponse>
      <recordInHistory>false</recordInHistory>
      <recordRawOutput>true</recordRawOutput>
      <recordPrimaryOutput>true</recordPrimaryOutput>
      <checkPointStep>true</checkPointStep>
      <historyCheckPointStep>true</historyCheckPointStep>
      <scriptResultStep>false</scriptResultStep>
      <userPrompt></userPrompt>
      <bindings>
        <staticBinding id="1ba46b72-2d84-40ed-854e-041cef318721">
          <annotation></annotation>
          <assignFromContext>false</assignFromContext>
          <assignToContext>false</assignToContext>
          <inputType>STRING</inputType>
          <isList>false</isList>
          <required>false</required>
          <isPersisted>true</isPersisted>
          <inputSymbol>field1</inputSymbol>
          <listDelimiter>,</listDelimiter>
          <value>${server.admin.username}</value>
          <record>false</record>
        </staticBinding>
        <staticBinding id="3578609d-6c14-4508-943b-750e80b9fc09">
          <annotation></annotation>
          <assignFromContext>false</assignFromContext>
          <assignToContext>false</assignToContext>
          <inputType>STRING</inputType>
          <isList>false</isList>
          <required>false</required>
          <isPersisted>true</isPersisted>
          <inputSymbol>field2</inputSymbol>
          <listDelimiter>,</listDelimiter>
          <value>${server.admin.password}</value>
          <record>false</record>
        </staticBinding>
        <staticBinding id="a2a23119-a146-44b9-b181-b51ca7b8e609">
          <annotation></annotation>
          <toContextKey></toContextKey>
          <fromContextKey></fromContextKey>
          <assignFromContext>false</assignFromContext>
          <assignToContext>false</assignToContext>
          <inputType>STRING</inputType>
          <recordKey></recordKey>
          <isList>false</isList>
          <required>false</required>
          <isPersisted>true</isPersisted>
          <inputSymbol>Field_2</inputSymbol>
          <listDelimiter></listDelimiter>
          <value>${field2}</value>
          <record>false</record>
        </staticBinding>
        <staticBinding id="a40ef8e5-7dec-4203-a7a9-10e847724e6f">
          <annotation></annotation>
          <toContextKey></toContextKey>
          <fromContextKey></fromContextKey>
          <assignFromContext>false</assignFromContext>
          <assignToContext>false</assignToContext>
          <inputType>STRING</inputType>
          <recordKey></recordKey>
          <isList>false</isList>
          <required>false</required>
          <isPersisted>true</isPersisted>
          <inputSymbol>Field_4</inputSymbol>
          <listDelimiter></listDelimiter>
          <value>${field4}</value>
          <record>false</record>
        </staticBinding>
        <staticBinding id="7fa1ac65-155f-49a0-809d-465ff36de866">
          <annotation></annotation>
          <toContextKey></toContextKey>
          <fromContextKey></fromContextKey>
          <assignFromContext>false</assignFromContext>
          <assignToContext>false</assignToContext>
          <inputType>STRING</inputType>
          <recordKey></recordKey>
          <isList>false</isList>
          <required>false</required>
          <isPersisted>true</isPersisted>
          <inputSymbol>Field_3</inputSymbol>
          <listDelimiter></listDelimiter>
          <value>${field3}</value>
          <record>false</record>
        </staticBinding>
        <staticBinding id="8ea56074-f00e-407c-8481-f71040b8e0ff">
          <annotation></annotation>
          <toContextKey></toContextKey>
          <fromContextKey></fromContextKey>
          <assignFromContext>false</assignFromContext>
          <assignToContext>false</assignToContext>
          <inputType>STRING</inputType>
          <recordKey></recordKey>
          <isList>false</isList>
          <required>false</required>
          <isPersisted>true</isPersisted>
          <inputSymbol>Field_1</inputSymbol>
          <listDelimiter></listDelimiter>
          <value>${field1}</value>
          <record>false</record>
        </staticBinding>
      </bindings>
      <transitions>
        <transition id="f251dea4-b180-47ac-b744-bbfdb7d43a06">
          <annotation></annotation>
          <name>success</name>
          <command>NEXT</command>
          <linkMode>false</linkMode>
          <responseSymbol>success</responseSymbol>
          <shouldHandoff>false</shouldHandoff>
          <transitionValue>0.0</transitionValue>
          <destination>
            <refId>d1383033-5a46-40a4-9d18-9d1557e03852</refId>
          </destination>
          <source>
            <refId>1f175e14-373b-4cba-8e19-4ec06f283093</refId>
          </source>
          <positions>
            <point>
              <x>303.0</x>
              <y>127.0</y>
            </point>
            <point>
              <x>461.0</x>
              <y>73.0</y>
            </point>
          </positions>
          <labelPosition>
            <x>333.0</x>
            <y>0.0</y>
          </labelPosition>
        </transition>
      </transitions>
      <properties/>
      <opRef>
        <refId>ddd79f22-8b1e-4605-88d5-d912bb2da2b9</refId>
      </opRef>
      <assignments>
        <flowVariableAssignment id="61d6a516-25ba-4f4a-86ab-c4adfd5cb2df">
          <annotation></annotation>
          <name>assignment</name>
          <action>OVERWRITE</action>
          <assignmentTargetType>FLOW_OUTPUT_FIELD</assignmentTargetType>
          <contextKey>server.admin.username</contextKey>
          <expression id="7a455993-df58-4941-a8ae-1f3b0ea6992a">
            <annotation></annotation>
            <name>Input: field1</name>
            <fieldName>field1</fieldName>
            <sourceType>INPUT</sourceType>
            <filters/>
          </expression>
        </flowVariableAssignment>
        <flowVariableAssignment id="5678670c-cf7d-4000-afc2-f6c924f51d27">
          <annotation></annotation>
          <name>assignment</name>
          <action>OVERWRITE</action>
          <assignmentTargetType>FLOW_OUTPUT_FIELD</assignmentTargetType>
          <contextKey>server.admin.password</contextKey>
          <expression id="8014729b-c10d-4dac-a17e-099f4801778e">
            <annotation></annotation>
            <name>Input: field2</name>
            <fieldName>field2</fieldName>
            <sourceType>INPUT</sourceType>
            <filters/>
          </expression>
        </flowVariableAssignment>
      </assignments>
      <throttleSize>0</throttleSize>
    </step>
    <returnStep id="1bae8474-a5d0-4632-97b1-4e17d381571e">
      <annotation></annotation>
      <name>Resolved : success</name>
      <bounds>
        <x>4.0</x>
        <y>223.0</y>
      </bounds>
      <layer>-1</layer>
      <hideInbound>false</hideInbound>
      <addResultToRunContext>false</addResultToRunContext>
      <isCriticalStep>false</isCriticalStep>
      <isNonBlocking>false</isNonBlocking>
      <isParallelStep>false</isParallelStep>
      <isSingleResponse>false</isSingleResponse>
      <recordInHistory>false</recordInHistory>
      <recordRawOutput>true</recordRawOutput>
      <recordPrimaryOutput>true</recordPrimaryOutput>
      <checkPointStep>true</checkPointStep>
      <historyCheckPointStep>true</historyCheckPointStep>
      <scriptResultStep>false</scriptResultStep>
      <userPrompt></userPrompt>
      <bindings/>
      <transitions>
        <transition id="dd9a64ad-99f0-4541-83b8-f619a186eeaf">
          <annotation></annotation>
          <name>return</name>
          <command>NEXT</command>
          <linkMode>false</linkMode>
          <responseSymbol>success</responseSymbol>
          <shouldHandoff>false</shouldHandoff>
          <transitionValue>0.0</transitionValue>
          <destination>
            <refId>1bae8474-a5d0-4632-97b1-4e17d381571e</refId>
          </destination>
          <source>
            <refId>1bae8474-a5d0-4632-97b1-4e17d381571e</refId>
          </source>
          <positions/>
        </transition>
      </transitions>
      <properties/>
      <returnStepType>RESOLVED</returnStepType>
      <assignments/>
    </returnStep>
    <step id="033473a4-9c07-4e35-bcd1-7a2128535455">
      <annotation>2ac883bf-5a33-452d-9f54-4268b57751a6.033473a4-9c07-4e35-bcd1-7a2128535455.description</annotation>
      <name>GeneratePassword</name>
      <bounds>
        <x>158.0</x>
        <y>47.0</y>
      </bounds>
      <layer>-1</layer>
      <hideInbound>false</hideInbound>
      <addResultToRunContext>false</addResultToRunContext>
      <isCriticalStep>false</isCriticalStep>
      <isNonBlocking>false</isNonBlocking>
      <isParallelStep>false</isParallelStep>
      <isSingleResponse>false</isSingleResponse>
      <recordInHistory>false</recordInHistory>
      <recordRawOutput>true</recordRawOutput>
      <recordPrimaryOutput>true</recordPrimaryOutput>
      <checkPointStep>true</checkPointStep>
      <historyCheckPointStep>true</historyCheckPointStep>
      <scriptResultStep>false</scriptResultStep>
      <userPrompt></userPrompt>
      <bindings>
        <staticBinding id="6abbb8f7-f908-436d-ac90-c26eafa6d2cd">
          <annotation></annotation>
          <assignFromContext>true</assignFromContext>
          <assignToContext>true</assignToContext>
          <inputType>STRING</inputType>
          <isList>false</isList>
          <required>true</required>
          <isPersisted>true</isPersisted>
          <inputSymbol>passwordLength</inputSymbol>
          <listDelimiter>,</listDelimiter>
          <value>9</value>
          <record>false</record>
        </staticBinding>
      </bindings>
      <transitions>
        <transition id="4c04220d-d492-4aed-8465-395b1a0a60b7">
          <annotation></annotation>
          <name>success</name>
          <command>NEXT</command>
          <linkMode>false</linkMode>
          <responseSymbol>success</responseSymbol>
          <shouldHandoff>false</shouldHandoff>
          <transitionValue>0.0</transitionValue>
          <destination>
            <refId>3a20b948-d152-42ad-b889-bad5e6530c2f</refId>
          </destination>
          <source>
            <refId>033473a4-9c07-4e35-bcd1-7a2128535455</refId>
          </source>
          <positions>
            <point>
              <x>50.0</x>
              <y>71.0</y>
            </point>
            <point>
              <x>180.0</x>
              <y>72.0</y>
            </point>
          </positions>
          <labelPosition>
            <x>333.0</x>
            <y>0.0</y>
          </labelPosition>
        </transition>
      </transitions>
      <properties/>
      <opRef>
        <refId>2f9f61df-d55b-4b19-a1d3-f719b0a07215</refId>
      </opRef>
      <assignments/>
      <throttleSize>0</throttleSize>
    </step>
    <step id="25a60167-1bc4-4419-8716-f27043016a86">
      <annotation>2ac883bf-5a33-452d-9f54-4268b57751a6.25a60167-1bc4-4419-8716-f27043016a86.description</annotation>
      <name>Is Accessible?</name>
      <bounds>
        <x>714.0</x>
        <y>47.0</y>
      </bounds>
      <layer>-1</layer>
      <hideInbound>false</hideInbound>
      <addResultToRunContext>false</addResultToRunContext>
      <isCriticalStep>false</isCriticalStep>
      <isNonBlocking>false</isNonBlocking>
      <isParallelStep>false</isParallelStep>
      <isSingleResponse>false</isSingleResponse>
      <recordInHistory>false</recordInHistory>
      <recordRawOutput>true</recordRawOutput>
      <recordPrimaryOutput>true</recordPrimaryOutput>
      <checkPointStep>true</checkPointStep>
      <historyCheckPointStep>true</historyCheckPointStep>
      <scriptResultStep>false</scriptResultStep>
      <userPrompt></userPrompt>
      <bindings>
        <staticBinding id="c1a2d38f-6282-4601-b47f-5156e66ec748">
          <annotation></annotation>
          <toContextKey>vm.isaccessible</toContextKey>
          <fromContextKey>vm.isaccessible</fromContextKey>
          <assignFromContext>true</assignFromContext>
          <assignToContext>true</assignToContext>
          <inputType>STRING</inputType>
          <isList>false</isList>
          <required>false</required>
          <isPersisted>true</isPersisted>
          <inputSymbol>string1</inputSymbol>
          <listDelimiter>,</listDelimiter>
          <value>${vm.isaccessible}</value>
          <record>false</record>
        </staticBinding>
        <staticBinding id="5c496a08-1545-444b-80a7-141d038b4174">
          <annotation></annotation>
          <assignFromContext>false</assignFromContext>
          <assignToContext>false</assignToContext>
          <inputType>STRING</inputType>
          <isList>false</isList>
          <required>false</required>
          <isPersisted>true</isPersisted>
          <inputSymbol>string2</inputSymbol>
          <listDelimiter>,</listDelimiter>
          <value>true</value>
          <record>false</record>
        </staticBinding>
        <staticBinding id="e885b7f5-e3de-4720-b5b3-62ac91de86ec">
          <annotation></annotation>
          <assignFromContext>false</assignFromContext>
          <assignToContext>false</assignToContext>
          <inputType>STRING</inputType>
          <isList>false</isList>
          <required>false</required>
          <isPersisted>true</isPersisted>
          <inputSymbol>ignoreCase</inputSymbol>
          <listDelimiter>,</listDelimiter>
          <value>true</value>
          <record>false</record>
        </staticBinding>
        <staticBinding id="2bbc535f-4511-4dd7-b6ff-c9cfde94e747">
          <annotation></annotation>
          <toContextKey></toContextKey>
          <fromContextKey></fromContextKey>
          <assignFromContext>false</assignFromContext>
          <assignToContext>false</assignToContext>
          <inputType>STRING</inputType>
          <recordKey></recordKey>
          <isList>false</isList>
          <required>false</required>
          <isPersisted>true</isPersisted>
          <inputSymbol>Field_3</inputSymbol>
          <listDelimiter></listDelimiter>
          <value>${in3}</value>
          <record>false</record>
        </staticBinding>
        <staticBinding id="d7746667-c0cf-40cd-84b0-98d8ea29c775">
          <annotation></annotation>
          <toContextKey></toContextKey>
          <fromContextKey></fromContextKey>
          <assignFromContext>false</assignFromContext>
          <assignToContext>false</assignToContext>
          <inputType>STRING</inputType>
          <recordKey></recordKey>
          <isList>false</isList>
          <required>false</required>
          <isPersisted>true</isPersisted>
          <inputSymbol>Field_4</inputSymbol>
          <listDelimiter></listDelimiter>
          <value>${in4}</value>
          <record>false</record>
        </staticBinding>
        <staticBinding id="bdd19946-10c6-4ea2-a454-0a051a644905">
          <annotation></annotation>
          <toContextKey></toContextKey>
          <fromContextKey></fromContextKey>
          <assignFromContext>false</assignFromContext>
          <assignToContext>false</assignToContext>
          <inputType>STRING</inputType>
          <recordKey></recordKey>
          <isList>false</isList>
          <required>false</required>
          <isPersisted>true</isPersisted>
          <inputSymbol>Field_2</inputSymbol>
          <listDelimiter></listDelimiter>
          <value>${in2}</value>
          <record>false</record>
        </staticBinding>
        <staticBinding id="41075f7a-5679-4b33-9c2f-1168971ccd1f">
          <annotation></annotation>
          <toContextKey></toContextKey>
          <fromContextKey></fromContextKey>
          <assignFromContext>false</assignFromContext>
          <assignToContext>false</assignToContext>
          <inputType>STRING</inputType>
          <recordKey></recordKey>
          <isList>false</isList>
          <required>false</required>
          <isPersisted>true</isPersisted>
          <inputSymbol>Field_1</inputSymbol>
          <listDelimiter></listDelimiter>
          <value>${in1}</value>
          <record>false</record>
        </staticBinding>
      </bindings>
      <transitions>
        <transition id="8b2cc465-aa6e-423d-9c64-43160b14b031">
          <annotation></annotation>
          <name>false</name>
          <command>NEXT</command>
          <linkMode>false</linkMode>
          <responseSymbol>false</responseSymbol>
          <shouldHandoff>false</shouldHandoff>
          <transitionValue>0.0</transitionValue>
          <destination>
            <refId>15abed42-bbea-4c94-b007-d46d07c7e147</refId>
          </destination>
          <source>
            <refId>25a60167-1bc4-4419-8716-f27043016a86</refId>
          </source>
          <positions>
            <point>
              <x>617.0</x>
              <y>181.0</y>
            </point>
            <point>
              <x>278.0</x>
              <y>254.0</y>
            </point>
          </positions>
          <labelPosition>
            <x>333.0</x>
            <y>0.0</y>
          </labelPosition>
        </transition>
        <transition id="87736871-f726-41f3-85b1-f552c721ebf2">
          <annotation></annotation>
          <name>true</name>
          <command>NEXT</command>
          <linkMode>false</linkMode>
          <responseSymbol>true</responseSymbol>
          <shouldHandoff>false</shouldHandoff>
          <transitionValue>0.0</transitionValue>
          <destination>
            <refId>a10b9133-21b2-4755-b651-f33a379f615f</refId>
          </destination>
          <source>
            <refId>25a60167-1bc4-4419-8716-f27043016a86</refId>
          </source>
          <positions>
            <point>
              <x>652.0</x>
              <y>74.0</y>
            </point>
            <point>
              <x>797.0</x>
              <y>79.0</y>
            </point>
          </positions>
          <labelPosition>
            <x>333.0</x>
            <y>0.0</y>
          </labelPosition>
        </transition>
      </transitions>
      <properties/>
      <opRef>
        <refId>7c2f47aa-a4b3-4a7d-b3d4-007f285f7d29</refId>
      </opRef>
      <assignments/>
      <throttleSize>0</throttleSize>
    </step>
  </steps>
  <startSteps>1780625a-171b-4f55-8b9a-a62e266b8f82</startSteps>
</flow>