<?xml version="1.0" encoding="UTF-8"?>
<flow id="98d85893-3d7d-40bf-9b42-98314b779f3b">
  <annotation></annotation>
  <name>DB_UpdateServerWithIP</name>
  <categories/>
  <inputs>
    <userInputBinding id="d43e07ac-69f7-4d6a-8415-b0f68b64531f">
      <annotation></annotation>
      <assignFromContext>true</assignFromContext>
      <assignToContext>true</assignToContext>
      <inputType>STRING</inputType>
      <isList>false</isList>
      <required>false</required>
      <isPersisted>true</isPersisted>
      <inputSymbol>db.updateserver.hostname</inputSymbol>
      <listDelimiter>,</listDelimiter>
      <record>false</record>
      <prompt></prompt>
      <isMultiSelect>false</isMultiSelect>
      <sourceDelimiter>|</sourceDelimiter>
    </userInputBinding>
    <userInputBinding id="99c67b24-f69c-4f97-a3e1-d8f195631add">
      <annotation></annotation>
      <assignFromContext>true</assignFromContext>
      <assignToContext>true</assignToContext>
      <inputType>STRING</inputType>
      <isList>false</isList>
      <required>false</required>
      <isPersisted>true</isPersisted>
      <inputSymbol>db.updateserver.ip1</inputSymbol>
      <listDelimiter>,</listDelimiter>
      <record>false</record>
      <prompt></prompt>
      <isMultiSelect>false</isMultiSelect>
      <sourceDelimiter>|</sourceDelimiter>
    </userInputBinding>
    <userInputBinding id="02ada870-0a68-4bf1-9c43-b5c375e26430">
      <annotation></annotation>
      <assignFromContext>true</assignFromContext>
      <assignToContext>true</assignToContext>
      <inputType>STRING</inputType>
      <isList>false</isList>
      <required>false</required>
      <isPersisted>true</isPersisted>
      <inputSymbol>db.updateserver.ip2</inputSymbol>
      <listDelimiter>,</listDelimiter>
      <record>false</record>
      <prompt></prompt>
      <isMultiSelect>false</isMultiSelect>
      <sourceDelimiter>|</sourceDelimiter>
    </userInputBinding>
    <userInputBinding id="57baddbe-86d2-448c-ae3f-bd0e5fb96ebc">
      <annotation></annotation>
      <assignFromContext>true</assignFromContext>
      <assignToContext>true</assignToContext>
      <inputType>STRING</inputType>
      <isList>false</isList>
      <required>false</required>
      <isPersisted>true</isPersisted>
      <inputSymbol>db.updateserver.bakip</inputSymbol>
      <listDelimiter>,</listDelimiter>
      <record>false</record>
      <prompt></prompt>
      <isMultiSelect>false</isMultiSelect>
      <sourceDelimiter>|</sourceDelimiter>
    </userInputBinding>
  </inputs>
  <scriptlet id="82cbb4d9-4784-4dc2-8969-3a17c668868d">
    <annotation></annotation>
    <name>Operation DB_UpdateServerWithIP (98d85893-3d7d-40bf-9b42-98314b779f3b)</name>
    <type>RHINO</type>
  </scriptlet>
  <possibleResponses>
    <opResponse id="110fe5b3-0c2f-4a3d-8fc2-0ae18e161b55">
      <annotation></annotation>
      <name>success</name>
      <isDefault>true</isDefault>
      <onFailure>false</onFailure>
      <type>RESOLVED</type>
      <matchRules/>
    </opResponse>
    <opResponse id="81046c36-50d8-4e5b-93d8-020850d97254">
      <annotation></annotation>
      <name>failure</name>
      <isDefault>false</isDefault>
      <onFailure>true</onFailure>
      <type>ERROR</type>
      <matchRules/>
    </opResponse>
  </possibleResponses>
  <availableResultExpressions/>
  <resultExpression id="e7ca3af2-0274-4355-bb31-09115bf70c07">
    <annotation></annotation>
    <name>FailureMessage</name>
    <fieldName>FailureMessage</fieldName>
    <sourceType>RAWRESULT</sourceType>
    <filters/>
  </resultExpression>
  <iconSpec id="e8bf1bee-874a-410d-8f0c-255969590168">
    <baseIcon>flow.png</baseIcon>
    <basePath>System</basePath>
    <readOnly>false</readOnly>
    <layers/>
  </iconSpec>
  <callouts/>
  <checkPointFlow>true</checkPointFlow>
  <compatibleRuntimeContext>false</compatibleRuntimeContext>
  <historyCheckPointFlow>true</historyCheckPointFlow>
  <steps>
    <step id="ee74a7d9-b268-4033-a73d-6ad1790df59a">
      <annotation>98d85893-3d7d-40bf-9b42-98314b779f3b.ee74a7d9-b268-4033-a73d-6ad1790df59a.description</annotation>
      <name>TNS Names SQL Command</name>
      <bounds>
        <x>219.0</x>
        <y>210.0</y>
      </bounds>
      <layer>-1</layer>
      <hideInbound>false</hideInbound>
      <addResultToRunContext>false</addResultToRunContext>
      <isCriticalStep>false</isCriticalStep>
      <isNonBlocking>false</isNonBlocking>
      <isParallelStep>false</isParallelStep>
      <isSingleResponse>false</isSingleResponse>
      <recordInHistory>false</recordInHistory>
      <recordRawOutput>true</recordRawOutput>
      <recordPrimaryOutput>true</recordPrimaryOutput>
      <checkPointStep>true</checkPointStep>
      <historyCheckPointStep>true</historyCheckPointStep>
      <scriptResultStep>false</scriptResultStep>
      <userPrompt></userPrompt>
      <bindings>
        <staticBinding id="d7b15e76-6629-4984-a136-3cdd0a0254c3">
          <annotation></annotation>
          <toContextKey></toContextKey>
          <fromContextKey></fromContextKey>
          <assignFromContext>false</assignFromContext>
          <assignToContext>false</assignToContext>
          <inputType>STRING</inputType>
          <isList>false</isList>
          <required>true</required>
          <isPersisted>true</isPersisted>
          <inputSymbol>TNSPath</inputSymbol>
          <listDelimiter>,</listDelimiter>
          <value>${pc.infradb.tns.path}</value>
          <record>false</record>
        </staticBinding>
        <staticBinding id="2a965be6-0d1b-470c-a42e-89f36f21d2e9">
          <annotation></annotation>
          <toContextKey></toContextKey>
          <fromContextKey></fromContextKey>
          <assignFromContext>false</assignFromContext>
          <assignToContext>false</assignToContext>
          <inputType>STRING</inputType>
          <isList>false</isList>
          <required>true</required>
          <isPersisted>true</isPersisted>
          <inputSymbol>TNSEntry</inputSymbol>
          <listDelimiter>,</listDelimiter>
          <value>${pc.infradb.tns.entry}</value>
          <record>false</record>
        </staticBinding>
        <identityBinding id="d821857d-1811-4231-b3e6-14e79bf48307">
          <annotation></annotation>
          <toContextKey></toContextKey>
          <fromContextKey></fromContextKey>
          <assignFromContext>false</assignFromContext>
          <assignToContext>false</assignToContext>
          <inputType>ENCRYPTED</inputType>
          <isList>false</isList>
          <required>true</required>
          <isPersisted>true</isPersisted>
          <inputSymbol>Username</inputSymbol>
          <listDelimiter>,</listDelimiter>
          <record>false</record>
          <link>
            <refId>881ee06f-89ad-4af6-a00d-06654eadccaa</refId>
            <refName>pc.infradb</refName>
          </link>
          <identityAttribute>USERNAME</identityAttribute>
        </identityBinding>
        <identityBinding id="c6694b0d-36b6-4e91-a17e-2dca484400dc">
          <annotation></annotation>
          <toContextKey></toContextKey>
          <fromContextKey></fromContextKey>
          <assignFromContext>false</assignFromContext>
          <assignToContext>false</assignToContext>
          <inputType>ENCRYPTED</inputType>
          <isList>false</isList>
          <required>true</required>
          <isPersisted>true</isPersisted>
          <inputSymbol>Password</inputSymbol>
          <listDelimiter>,</listDelimiter>
          <record>false</record>
          <link>
            <refId>881ee06f-89ad-4af6-a00d-06654eadccaa</refId>
            <refName>pc.infradb</refName>
          </link>
          <identityAttribute>PASSWORD</identityAttribute>
        </identityBinding>
        <staticBinding id="bb4849af-5f02-4d74-bda5-db72ecec6c53">
          <annotation></annotation>
          <toContextKey></toContextKey>
          <fromContextKey></fromContextKey>
          <assignFromContext>false</assignFromContext>
          <assignToContext>false</assignToContext>
          <inputType>STRING</inputType>
          <isList>false</isList>
          <required>true</required>
          <isPersisted>true</isPersisted>
          <inputSymbol>Command</inputSymbol>
          <listDelimiter>,</listDelimiter>
          <value>UPDATE SERVER SET IP1=&apos;${db.updateserver.ip1}&apos;,IP2=&apos;${db.updateserver.ip2}&apos;,BAKIP=&apos;${db.updateserver.bakip}&apos; WHERE HOSTNAME = &apos;${db.updateserver.hostname}&apos;
</value>
          <record>false</record>
        </staticBinding>
      </bindings>
      <transitions>
        <transition id="db3cee97-f0af-4b1e-82a7-de0b37cd1abb">
          <annotation></annotation>
          <name>more items</name>
          <command>NEXT</command>
          <linkMode>false</linkMode>
          <responseSymbol>more items</responseSymbol>
          <shouldHandoff>false</shouldHandoff>
          <transitionValue>0.0</transitionValue>
          <destination>
            <refId>40919b7f-31c5-4987-9845-31cc30977c76</refId>
          </destination>
          <source>
            <refId>ee74a7d9-b268-4033-a73d-6ad1790df59a</refId>
          </source>
          <positions>
            <point>
              <x>269.0</x>
              <y>244.0</y>
            </point>
            <point>
              <x>277.0</x>
              <y>418.0</y>
            </point>
          </positions>
          <labelPosition>
            <x>333.0</x>
            <y>0.0</y>
          </labelPosition>
        </transition>
        <transition id="276a78b7-201a-4c51-9c2e-9a2d7119ee4c">
          <annotation></annotation>
          <name>failure</name>
          <command>NEXT</command>
          <linkMode>false</linkMode>
          <responseSymbol>failure</responseSymbol>
          <shouldHandoff>false</shouldHandoff>
          <transitionValue>0.0</transitionValue>
          <destination>
            <refId>7b7c0b6c-50e7-4293-9b67-17a023df226c</refId>
          </destination>
          <source>
            <refId>ee74a7d9-b268-4033-a73d-6ad1790df59a</refId>
          </source>
          <positions>
            <point>
              <x>269.0</x>
              <y>244.0</y>
            </point>
            <point>
              <x>277.0</x>
              <y>85.0</y>
            </point>
          </positions>
          <labelPosition>
            <x>333.0</x>
            <y>0.0</y>
          </labelPosition>
        </transition>
      </transitions>
      <properties/>
      <opRef>
        <refId>c081c558-b08f-48e0-b994-24d1a6674002</refId>
      </opRef>
      <assignments/>
      <throttleSize>0</throttleSize>
    </step>
    <returnStep id="40919b7f-31c5-4987-9845-31cc30977c76">
      <annotation></annotation>
      <name>Resolved : success</name>
      <bounds>
        <x>219.0</x>
        <y>384.0</y>
      </bounds>
      <layer>-1</layer>
      <hideInbound>false</hideInbound>
      <addResultToRunContext>false</addResultToRunContext>
      <isCriticalStep>false</isCriticalStep>
      <isNonBlocking>false</isNonBlocking>
      <isParallelStep>false</isParallelStep>
      <isSingleResponse>false</isSingleResponse>
      <recordInHistory>false</recordInHistory>
      <recordRawOutput>true</recordRawOutput>
      <recordPrimaryOutput>true</recordPrimaryOutput>
      <checkPointStep>true</checkPointStep>
      <historyCheckPointStep>true</historyCheckPointStep>
      <scriptResultStep>false</scriptResultStep>
      <userPrompt></userPrompt>
      <bindings/>
      <transitions>
        <transition id="dee02050-208e-4f5f-9b2a-b86689eade1a">
          <annotation></annotation>
          <name>return</name>
          <command>NEXT</command>
          <linkMode>false</linkMode>
          <responseSymbol>success</responseSymbol>
          <shouldHandoff>false</shouldHandoff>
          <transitionValue>0.0</transitionValue>
          <destination>
            <refId>40919b7f-31c5-4987-9845-31cc30977c76</refId>
          </destination>
          <source>
            <refId>40919b7f-31c5-4987-9845-31cc30977c76</refId>
          </source>
          <positions/>
        </transition>
      </transitions>
      <properties/>
      <returnStepType>RESOLVED</returnStepType>
      <assignments/>
    </returnStep>
    <returnStep id="7b7c0b6c-50e7-4293-9b67-17a023df226c">
      <annotation></annotation>
      <name>Error : failure</name>
      <bounds>
        <x>219.0</x>
        <y>51.0</y>
      </bounds>
      <layer>-1</layer>
      <hideInbound>false</hideInbound>
      <addResultToRunContext>false</addResultToRunContext>
      <isCriticalStep>false</isCriticalStep>
      <isNonBlocking>false</isNonBlocking>
      <isParallelStep>false</isParallelStep>
      <isSingleResponse>false</isSingleResponse>
      <recordInHistory>false</recordInHistory>
      <recordRawOutput>true</recordRawOutput>
      <recordPrimaryOutput>true</recordPrimaryOutput>
      <checkPointStep>true</checkPointStep>
      <historyCheckPointStep>true</historyCheckPointStep>
      <scriptResultStep>false</scriptResultStep>
      <userPrompt></userPrompt>
      <bindings/>
      <transitions>
        <transition id="b9ed8005-8503-4c75-9e59-7f42dab5364b">
          <annotation></annotation>
          <name>return</name>
          <command>NEXT</command>
          <linkMode>false</linkMode>
          <responseSymbol>failure</responseSymbol>
          <shouldHandoff>false</shouldHandoff>
          <transitionValue>0.0</transitionValue>
          <destination>
            <refId>7b7c0b6c-50e7-4293-9b67-17a023df226c</refId>
          </destination>
          <source>
            <refId>7b7c0b6c-50e7-4293-9b67-17a023df226c</refId>
          </source>
          <positions/>
        </transition>
      </transitions>
      <properties/>
      <returnStepType>ERROR</returnStepType>
      <assignments/>
    </returnStep>
  </steps>
  <startSteps>ee74a7d9-b268-4033-a73d-6ad1790df59a</startSteps>
</flow>