<?xml version="1.0" encoding="UTF-8"?>
<flow id="23974fe5-116f-4a20-91c4-6df678a3e5d7">
  <annotation></annotation>
  <name>ESL_UploadTemplate</name>
  <categories/>
  <inputs>
    <staticBinding id="b2ef4e74-dfb9-4a8e-a728-e088e0fd3922">
      <annotation></annotation>
      <assignFromContext>true</assignFromContext>
      <assignToContext>true</assignToContext>
      <inputType>STRING</inputType>
      <isList>false</isList>
      <required>false</required>
      <isPersisted>true</isPersisted>
      <inputSymbol>esl.template.location</inputSymbol>
      <listDelimiter>,</listDelimiter>
      <value>${esl.template.location}</value>
      <record>false</record>
    </staticBinding>
  </inputs>
  <scriptlet id="7facad90-100c-4753-8abf-461a09c9302c">
    <annotation></annotation>
    <name>Operation ESL_UploadTemplate (23974fe5-116f-4a20-91c4-6df678a3e5d7)</name>
    <type>RHINO</type>
  </scriptlet>
  <possibleResponses>
    <opResponse id="a04925ab-1a80-47a8-87f4-07357fbbbe01">
      <annotation></annotation>
      <name>success</name>
      <isDefault>true</isDefault>
      <onFailure>false</onFailure>
      <type>RESOLVED</type>
      <matchRules/>
    </opResponse>
    <opResponse id="18c78cb4-cdd9-4253-aafd-fd1f2424f6d5">
      <annotation></annotation>
      <name>failure</name>
      <isDefault>false</isDefault>
      <onFailure>true</onFailure>
      <type>ERROR</type>
      <matchRules/>
    </opResponse>
  </possibleResponses>
  <availableResultExpressions/>
  <resultExpression id="df902096-7082-4597-95e9-2f5b1492869a">
    <annotation></annotation>
    <name>FailureMessage</name>
    <fieldName>FailureMessage</fieldName>
    <sourceType>RAWRESULT</sourceType>
    <filters/>
  </resultExpression>
  <iconSpec id="7dbef71a-e361-4b6a-90fe-9ac1cf674b05">
    <baseIcon>flow.png</baseIcon>
    <basePath>System</basePath>
    <readOnly>false</readOnly>
    <layers/>
  </iconSpec>
  <callouts/>
  <checkPointFlow>true</checkPointFlow>
  <compatibleRuntimeContext>false</compatibleRuntimeContext>
  <historyCheckPointFlow>true</historyCheckPointFlow>
  <steps>
    <step id="de399a9e-7dcb-4cb1-8ac3-6bbc749efa10">
      <annotation>23974fe5-116f-4a20-91c4-6df678a3e5d7.de399a9e-7dcb-4cb1-8ac3-6bbc749efa10.description</annotation>
      <name>SFTP Put</name>
      <bounds>
        <x>36.0</x>
        <y>23.0</y>
      </bounds>
      <layer>-1</layer>
      <hideInbound>false</hideInbound>
      <iconSpec id="3ccd22b0-2805-4f57-950d-0ee2aee3b4d1">
        <baseIcon>document_text.png</baseIcon>
        <basePath>/Operating System/</basePath>
        <readOnly>false</readOnly>
        <layers>
          <iconSpec id="fa9a6c5b-8009-48df-af11-42f3f84cef2b">
            <baseIcon>send.png</baseIcon>
            <basePath>/Annotations/</basePath>
            <readOnly>false</readOnly>
            <layers/>
          </iconSpec>
        </layers>
      </iconSpec>
      <addResultToRunContext>false</addResultToRunContext>
      <isCriticalStep>false</isCriticalStep>
      <isNonBlocking>false</isNonBlocking>
      <isParallelStep>false</isParallelStep>
      <isSingleResponse>false</isSingleResponse>
      <recordInHistory>false</recordInHistory>
      <recordRawOutput>true</recordRawOutput>
      <recordPrimaryOutput>true</recordPrimaryOutput>
      <checkPointStep>true</checkPointStep>
      <historyCheckPointStep>true</historyCheckPointStep>
      <scriptResultStep>false</scriptResultStep>
      <userPrompt></userPrompt>
      <bindings>
        <staticBinding id="4c625df9-adad-4312-b125-b40b8f641be8">
          <annotation></annotation>
          <assignFromContext>false</assignFromContext>
          <assignToContext>false</assignToContext>
          <inputType>STRING</inputType>
          <isList>false</isList>
          <required>true</required>
          <isPersisted>true</isPersisted>
          <inputSymbol>host</inputSymbol>
          <listDelimiter>,</listDelimiter>
          <value>${pc.esl.host.ip}</value>
          <record>false</record>
        </staticBinding>
        <staticBinding id="d1c37599-76da-4ac7-b48b-bd546050e6d9">
          <annotation></annotation>
          <toContextKey></toContextKey>
          <fromContextKey></fromContextKey>
          <assignFromContext>false</assignFromContext>
          <assignToContext>false</assignToContext>
          <inputType>STRING</inputType>
          <isList>false</isList>
          <required>true</required>
          <isPersisted>true</isPersisted>
          <inputSymbol>port</inputSymbol>
          <listDelimiter>,</listDelimiter>
          <value>22</value>
          <record>false</record>
        </staticBinding>
        <identityBinding id="626417d5-9c29-4094-be3d-d03b1c352331">
          <annotation></annotation>
          <toContextKey>password</toContextKey>
          <fromContextKey>password</fromContextKey>
          <assignFromContext>true</assignFromContext>
          <assignToContext>true</assignToContext>
          <inputType>ENCRYPTED</inputType>
          <isList>false</isList>
          <required>true</required>
          <isPersisted>true</isPersisted>
          <inputSymbol>password</inputSymbol>
          <listDelimiter>,</listDelimiter>
          <record>false</record>
          <link>
            <refId>82b44d4a-ef6a-40cd-a5f0-9f5ec150fd88</refId>
            <refName>pc.esl.upload</refName>
          </link>
          <identityAttribute>PASSWORD</identityAttribute>
        </identityBinding>
        <staticBinding id="10bb6d54-e508-4128-91f2-74553bc84e57">
          <annotation></annotation>
          <toContextKey>esl.template.location</toContextKey>
          <fromContextKey>esl.template.location</fromContextKey>
          <assignFromContext>true</assignFromContext>
          <assignToContext>true</assignToContext>
          <inputType>STRING</inputType>
          <isList>false</isList>
          <required>true</required>
          <isPersisted>true</isPersisted>
          <inputSymbol>localFile</inputSymbol>
          <listDelimiter>,</listDelimiter>
          <value>${esl.template.location}</value>
          <record>false</record>
        </staticBinding>
        <staticBinding id="860b421a-34ae-4321-a1e6-661e5efc8667">
          <annotation></annotation>
          <toContextKey>ccell10.esl.remotedir</toContextKey>
          <fromContextKey>ccell10.esl.remotedir</fromContextKey>
          <assignFromContext>false</assignFromContext>
          <assignToContext>false</assignToContext>
          <inputType>STRING</inputType>
          <isList>false</isList>
          <required>true</required>
          <isPersisted>true</isPersisted>
          <inputSymbol>remoteLocation</inputSymbol>
          <listDelimiter>,</listDelimiter>
          <value>${pc.esl.dir.remote}</value>
          <record>false</record>
        </staticBinding>
        <identityBinding id="602da572-d727-4023-bca8-2aa288d34f23">
          <annotation></annotation>
          <assignFromContext>true</assignFromContext>
          <assignToContext>true</assignToContext>
          <inputType>STRING</inputType>
          <isList>false</isList>
          <required>true</required>
          <isPersisted>true</isPersisted>
          <inputSymbol>username</inputSymbol>
          <listDelimiter>,</listDelimiter>
          <record>false</record>
          <link>
            <refId>82b44d4a-ef6a-40cd-a5f0-9f5ec150fd88</refId>
            <refName>pc.esl.upload</refName>
          </link>
          <identityAttribute>USERNAME</identityAttribute>
        </identityBinding>
      </bindings>
      <transitions>
        <transition id="e3659d05-d18d-45a7-bcbb-18c6043b5905">
          <annotation></annotation>
          <name>failure</name>
          <command>NEXT</command>
          <linkMode>false</linkMode>
          <responseSymbol>failure</responseSymbol>
          <shouldHandoff>false</shouldHandoff>
          <transitionValue>0.0</transitionValue>
          <destination>
            <refId>9e3cf52c-36ab-4aaa-825a-c893be8c5472</refId>
          </destination>
          <source>
            <refId>de399a9e-7dcb-4cb1-8ac3-6bbc749efa10</refId>
          </source>
          <positions>
            <point>
              <x>177.0</x>
              <y>120.0</y>
            </point>
            <point>
              <x>432.0</x>
              <y>122.0</y>
            </point>
          </positions>
          <labelPosition>
            <x>333.0</x>
            <y>0.0</y>
          </labelPosition>
        </transition>
        <transition id="1172e46d-326f-4d83-b552-a7006d5f517a">
          <annotation></annotation>
          <name>success</name>
          <command>NEXT</command>
          <linkMode>false</linkMode>
          <responseSymbol>success</responseSymbol>
          <shouldHandoff>false</shouldHandoff>
          <transitionValue>0.0</transitionValue>
          <destination>
            <refId>ec2c26aa-3fca-4746-8bdd-168ccbc5ed67</refId>
          </destination>
          <source>
            <refId>de399a9e-7dcb-4cb1-8ac3-6bbc749efa10</refId>
          </source>
          <positions>
            <point>
              <x>177.0</x>
              <y>120.0</y>
            </point>
            <point>
              <x>158.0</x>
              <y>318.0</y>
            </point>
          </positions>
          <labelPosition>
            <x>333.0</x>
            <y>0.0</y>
          </labelPosition>
        </transition>
      </transitions>
      <properties/>
      <opRef>
        <refId>d0281620-067b-46b8-8053-965857395cdc</refId>
      </opRef>
      <assignments/>
      <throttleSize>0</throttleSize>
    </step>
    <returnStep id="9e3cf52c-36ab-4aaa-825a-c893be8c5472">
      <annotation></annotation>
      <name>Error : failure</name>
      <bounds>
        <x>413.0</x>
        <y>23.0</y>
      </bounds>
      <layer>-1</layer>
      <hideInbound>false</hideInbound>
      <addResultToRunContext>false</addResultToRunContext>
      <isCriticalStep>false</isCriticalStep>
      <isNonBlocking>false</isNonBlocking>
      <isParallelStep>false</isParallelStep>
      <isSingleResponse>false</isSingleResponse>
      <recordInHistory>false</recordInHistory>
      <recordRawOutput>true</recordRawOutput>
      <recordPrimaryOutput>true</recordPrimaryOutput>
      <checkPointStep>true</checkPointStep>
      <historyCheckPointStep>true</historyCheckPointStep>
      <scriptResultStep>false</scriptResultStep>
      <userPrompt></userPrompt>
      <bindings/>
      <transitions>
        <transition id="2e7fdaac-bc7f-47b9-8462-f8d6cc4045b5">
          <annotation></annotation>
          <name>return</name>
          <command>NEXT</command>
          <linkMode>false</linkMode>
          <responseSymbol>failure</responseSymbol>
          <shouldHandoff>false</shouldHandoff>
          <transitionValue>0.0</transitionValue>
          <destination>
            <refId>9e3cf52c-36ab-4aaa-825a-c893be8c5472</refId>
          </destination>
          <source>
            <refId>9e3cf52c-36ab-4aaa-825a-c893be8c5472</refId>
          </source>
          <positions/>
        </transition>
      </transitions>
      <properties/>
      <returnStepType>ERROR</returnStepType>
      <assignments/>
    </returnStep>
    <returnStep id="ec2c26aa-3fca-4746-8bdd-168ccbc5ed67">
      <annotation></annotation>
      <name>Resolved : success</name>
      <bounds>
        <x>36.0</x>
        <y>267.0</y>
      </bounds>
      <layer>-1</layer>
      <hideInbound>false</hideInbound>
      <addResultToRunContext>false</addResultToRunContext>
      <isCriticalStep>false</isCriticalStep>
      <isNonBlocking>false</isNonBlocking>
      <isParallelStep>false</isParallelStep>
      <isSingleResponse>false</isSingleResponse>
      <recordInHistory>false</recordInHistory>
      <recordRawOutput>true</recordRawOutput>
      <recordPrimaryOutput>true</recordPrimaryOutput>
      <checkPointStep>true</checkPointStep>
      <historyCheckPointStep>true</historyCheckPointStep>
      <scriptResultStep>false</scriptResultStep>
      <userPrompt></userPrompt>
      <bindings/>
      <transitions>
        <transition id="c4d2d124-dc3c-4ee0-9b08-9dbdb2ea5b9e">
          <annotation></annotation>
          <name>return</name>
          <command>NEXT</command>
          <linkMode>false</linkMode>
          <responseSymbol>success</responseSymbol>
          <shouldHandoff>false</shouldHandoff>
          <transitionValue>0.0</transitionValue>
          <destination>
            <refId>ec2c26aa-3fca-4746-8bdd-168ccbc5ed67</refId>
          </destination>
          <source>
            <refId>ec2c26aa-3fca-4746-8bdd-168ccbc5ed67</refId>
          </source>
          <positions/>
        </transition>
      </transitions>
      <properties/>
      <returnStepType>RESOLVED</returnStepType>
      <assignments/>
    </returnStep>
  </steps>
  <startSteps>de399a9e-7dcb-4cb1-8ac3-6bbc749efa10</startSteps>
</flow>