<?xml version="1.0" encoding="UTF-8"?>
<operation id="83bc4162-37d3-4e6a-91e2-66fa1a606686">
  <annotation>83bc4162-37d3-4e6a-91e2-66fa1a606686.description</annotation>
  <name>TNS Names SQL Query</name>
  <categories/>
  <inputs>
    <userInputBinding id="f44a45fd-1f4c-4b63-baff-09027bdd7781">
      <annotation></annotation>
      <toContextKey></toContextKey>
      <fromContextKey></fromContextKey>
      <assignFromContext>false</assignFromContext>
      <assignToContext>false</assignToContext>
      <inputType>STRING</inputType>
      <isList>false</isList>
      <required>true</required>
      <isPersisted>true</isPersisted>
      <inputSymbol>TNSPath</inputSymbol>
      <listDelimiter>,</listDelimiter>
      <record>false</record>
      <prompt>83bc4162-37d3-4e6a-91e2-66fa1a606686.f44a45fd-1f4c-4b63-baff-09027bdd7781.prompt</prompt>
      <isMultiSelect>false</isMultiSelect>
      <sourceDelimiter>|</sourceDelimiter>
    </userInputBinding>
    <userInputBinding id="21e62409-9100-4527-b1dc-dedf07ff31a3">
      <annotation></annotation>
      <toContextKey></toContextKey>
      <fromContextKey></fromContextKey>
      <assignFromContext>false</assignFromContext>
      <assignToContext>false</assignToContext>
      <inputType>STRING</inputType>
      <isList>false</isList>
      <required>true</required>
      <isPersisted>true</isPersisted>
      <inputSymbol>TNSEntry</inputSymbol>
      <listDelimiter>,</listDelimiter>
      <record>false</record>
      <prompt>83bc4162-37d3-4e6a-91e2-66fa1a606686.21e62409-9100-4527-b1dc-dedf07ff31a3.prompt</prompt>
      <isMultiSelect>false</isMultiSelect>
      <sourceDelimiter>|</sourceDelimiter>
    </userInputBinding>
    <userInputBinding id="37d9d939-ec84-4396-a2c3-5bbf09e74e3a">
      <annotation></annotation>
      <toContextKey></toContextKey>
      <fromContextKey></fromContextKey>
      <assignFromContext>false</assignFromContext>
      <assignToContext>false</assignToContext>
      <inputType>STRING</inputType>
      <isList>false</isList>
      <required>false</required>
      <isPersisted>true</isPersisted>
      <inputSymbol>Username</inputSymbol>
      <listDelimiter>,</listDelimiter>
      <record>false</record>
      <prompt>83bc4162-37d3-4e6a-91e2-66fa1a606686.37d9d939-ec84-4396-a2c3-5bbf09e74e3a.prompt</prompt>
      <isMultiSelect>false</isMultiSelect>
      <sourceDelimiter>|</sourceDelimiter>
    </userInputBinding>
    <userInputBinding id="47a24820-72dc-434d-851a-41a67876b198">
      <annotation></annotation>
      <toContextKey></toContextKey>
      <fromContextKey></fromContextKey>
      <assignFromContext>false</assignFromContext>
      <assignToContext>false</assignToContext>
      <inputType>ENCRYPTED</inputType>
      <isList>false</isList>
      <required>false</required>
      <isPersisted>true</isPersisted>
      <inputSymbol>Password</inputSymbol>
      <listDelimiter>,</listDelimiter>
      <record>false</record>
      <prompt>83bc4162-37d3-4e6a-91e2-66fa1a606686.47a24820-72dc-434d-851a-41a67876b198.prompt</prompt>
      <isMultiSelect>false</isMultiSelect>
      <sourceDelimiter>|</sourceDelimiter>
    </userInputBinding>
    <userInputBinding id="f9931e7f-6885-42d9-8b3f-7ca5ed2ac497">
      <annotation></annotation>
      <toContextKey></toContextKey>
      <fromContextKey></fromContextKey>
      <assignFromContext>false</assignFromContext>
      <assignToContext>false</assignToContext>
      <inputType>STRING</inputType>
      <isList>false</isList>
      <required>true</required>
      <isPersisted>true</isPersisted>
      <inputSymbol>Command</inputSymbol>
      <listDelimiter>,</listDelimiter>
      <record>false</record>
      <prompt>83bc4162-37d3-4e6a-91e2-66fa1a606686.f9931e7f-6885-42d9-8b3f-7ca5ed2ac497.prompt</prompt>
      <isMultiSelect>false</isMultiSelect>
      <sourceDelimiter>|</sourceDelimiter>
    </userInputBinding>
    <userInputBinding id="045458e5-9755-46f7-956d-42eb278f6a43">
      <annotation></annotation>
      <toContextKey></toContextKey>
      <fromContextKey></fromContextKey>
      <assignFromContext>false</assignFromContext>
      <assignToContext>false</assignToContext>
      <inputType>STRING</inputType>
      <isList>false</isList>
      <required>true</required>
      <isPersisted>true</isPersisted>
      <inputSymbol>Delimiter</inputSymbol>
      <listDelimiter>,</listDelimiter>
      <record>false</record>
      <prompt>83bc4162-37d3-4e6a-91e2-66fa1a606686.045458e5-9755-46f7-956d-42eb278f6a43.prompt</prompt>
      <isMultiSelect>false</isMultiSelect>
      <sourceDelimiter>|</sourceDelimiter>
    </userInputBinding>
    <userInputBinding id="b7a9a9ea-cc66-4af2-ba69-b507893b809a">
      <annotation></annotation>
      <toContextKey></toContextKey>
      <fromContextKey></fromContextKey>
      <assignFromContext>false</assignFromContext>
      <assignToContext>false</assignToContext>
      <inputType>STRING</inputType>
      <isList>false</isList>
      <required>true</required>
      <isPersisted>true</isPersisted>
      <inputSymbol>Key</inputSymbol>
      <listDelimiter>,</listDelimiter>
      <record>false</record>
      <prompt>83bc4162-37d3-4e6a-91e2-66fa1a606686.b7a9a9ea-cc66-4af2-ba69-b507893b809a.prompt</prompt>
      <isMultiSelect>false</isMultiSelect>
      <sourceDelimiter>|</sourceDelimiter>
    </userInputBinding>
    <staticBinding id="13db8e81-e2a0-4350-8591-2d61031825d4">
      <annotation></annotation>
      <assignFromContext>true</assignFromContext>
      <assignToContext>true</assignToContext>
      <inputType>STRING</inputType>
      <isList>false</isList>
      <required>false</required>
      <isPersisted>true</isPersisted>
      <inputSymbol>overrideJRAS</inputSymbol>
      <listDelimiter>,</listDelimiter>
      <value>/Configuration/Remote Action Services/RAS_LOCAL</value>
      <record>false</record>
    </staticBinding>
  </inputs>
  <scriptlet id="2fe29d1c-9102-4a59-b58d-f8ba7d056972">
    <annotation></annotation>
    <name>Operation TNS Names SQL Query (83bc4162-37d3-4e6a-91e2-66fa1a606686)</name>
    <type>RHINO</type>
  </scriptlet>
  <possibleResponses>
    <opResponse id="9a42ba90-9063-472e-8459-9306665fba68">
      <annotation></annotation>
      <name>more items</name>
      <isDefault>false</isDefault>
      <onFailure>false</onFailure>
      <type>NO_ACTION_TAKEN</type>
      <matchRules>
        <expression id="dea07439-0806-43b1-862a-1742d065e61c">
          <annotation></annotation>
          <name>returnCode</name>
          <fieldName>returnCode</fieldName>
          <sourceType>RAWRESULT</sourceType>
          <containsEvaluator id="2fa35740-c593-4845-95c2-9fff6c33de5f">
            <annotation></annotation>
            <name>Config Item</name>
            <text>0</text>
            <ignoreCase>true</ignoreCase>
            <matchType>EXACT_MATCH</matchType>
          </containsEvaluator>
          <filters/>
        </expression>
      </matchRules>
    </opResponse>
    <opResponse id="9ffce545-ce06-4f9c-9227-2489c7e6d70e">
      <annotation></annotation>
      <name>failure</name>
      <isDefault>false</isDefault>
      <onFailure>true</onFailure>
      <type>ERROR</type>
      <matchRules>
        <expression id="cdaa7176-c5be-4530-ac9a-a5a4e3aae54b">
          <annotation></annotation>
          <name>returnCode</name>
          <fieldName>returnCode</fieldName>
          <sourceType>RAWRESULT</sourceType>
          <containsEvaluator id="106a342b-64ea-46dc-b8d3-6d642d030ce2">
            <annotation></annotation>
            <name>Config Item</name>
            <text>-1</text>
            <ignoreCase>true</ignoreCase>
            <matchType>EXACT_MATCH</matchType>
          </containsEvaluator>
          <filters/>
        </expression>
      </matchRules>
    </opResponse>
    <opResponse id="0fe98b9e-ec94-4f23-a7bb-e849eaf72537">
      <annotation></annotation>
      <name>no more items</name>
      <isDefault>true</isDefault>
      <onFailure>false</onFailure>
      <type>NO_ACTION_TAKEN</type>
      <matchRules>
        <expression id="f383d2eb-07f2-47c0-8f0e-4b2323c6acc4">
          <annotation></annotation>
          <name>returnCode</name>
          <fieldName>returnCode</fieldName>
          <sourceType>RAWRESULT</sourceType>
          <containsEvaluator id="a00b344b-d5d8-4683-844f-f3d4d3a9fe53">
            <annotation></annotation>
            <name>Config Item</name>
            <text>1</text>
            <ignoreCase>true</ignoreCase>
            <matchType>EXACT_MATCH</matchType>
          </containsEvaluator>
          <filters/>
        </expression>
      </matchRules>
    </opResponse>
  </possibleResponses>
  <availableResultExpressions/>
  <resultExpression id="739ca0ca-5913-4956-860b-7c5d976607d3">
    <annotation></annotation>
    <name>returnCode</name>
    <fieldName>returnResult</fieldName>
    <sourceType>RAWRESULT</sourceType>
    <filters/>
  </resultExpression>
  <iconSpec id="a8d6b33d-b131-40ee-9e25-45d2bc5e10cf">
    <baseIcon>database_green.png</baseIcon>
    <basePath>/Databases/</basePath>
    <readOnly>false</readOnly>
    <layers/>
  </iconSpec>
  <opRef>
    <refId>e17253d4-82a9-4b5d-a524-97fcf6d693e8</refId>
  </opRef>
  <fieldValues/>
  <groupAliasRef>
    <refId>5233030c-af46-432b-a682-b326ca6bf2ae</refId>
    <refName>RAS_Operator_Path</refName>
  </groupAliasRef>
  <overrideGroupAlias>${overrideJRAS}</overrideGroupAlias>
</operation>