<?xml version="1.0" encoding="UTF-8"?>
<flow id="2ddb8856-2942-439f-8754-c17cfdd5542c">
  <annotation></annotation>
  <name>DB_UpdateDatastoreFreeSize</name>
  <categories/>
  <inputs>
    <userInputBinding id="060d1fbb-b7ea-4721-a79a-52c052993b4d">
      <annotation></annotation>
      <assignFromContext>true</assignFromContext>
      <assignToContext>true</assignToContext>
      <inputType>STRING</inputType>
      <isList>false</isList>
      <required>false</required>
      <isPersisted>true</isPersisted>
      <inputSymbol>volume_Name</inputSymbol>
      <listDelimiter>,</listDelimiter>
      <record>false</record>
      <prompt></prompt>
      <isMultiSelect>false</isMultiSelect>
      <sourceDelimiter>|</sourceDelimiter>
    </userInputBinding>
    <userInputBinding id="4dfdca72-c0cf-4a35-a6f4-81935cc08629">
      <annotation></annotation>
      <assignFromContext>true</assignFromContext>
      <assignToContext>false</assignToContext>
      <inputType>STRING</inputType>
      <isList>false</isList>
      <required>false</required>
      <isPersisted>true</isPersisted>
      <inputSymbol>volume_FreeSpace</inputSymbol>
      <listDelimiter>,</listDelimiter>
      <record>false</record>
      <prompt></prompt>
      <isMultiSelect>false</isMultiSelect>
      <sourceDelimiter>|</sourceDelimiter>
    </userInputBinding>
  </inputs>
  <scriptlet id="efa88575-1f98-4a86-b7bc-246d2cd7676e">
    <annotation></annotation>
    <name>Operation DB_UpdateDatastoreFreeSize (2ddb8856-2942-439f-8754-c17cfdd5542c)</name>
    <type>RHINO</type>
  </scriptlet>
  <possibleResponses>
    <opResponse id="23492a90-4fef-473a-9e79-9dd0b7bf1fa8">
      <annotation></annotation>
      <name>success</name>
      <isDefault>true</isDefault>
      <onFailure>false</onFailure>
      <type>RESOLVED</type>
      <matchRules/>
    </opResponse>
    <opResponse id="f5291528-2bb7-4e47-beec-f1c4f7722298">
      <annotation></annotation>
      <name>failure</name>
      <isDefault>false</isDefault>
      <onFailure>true</onFailure>
      <type>ERROR</type>
      <matchRules/>
    </opResponse>
  </possibleResponses>
  <availableResultExpressions/>
  <resultExpression id="a39fcfc0-62b0-41a3-9436-c1fd155211fa">
    <annotation></annotation>
    <name>FailureMessage</name>
    <fieldName>FailureMessage</fieldName>
    <sourceType>RAWRESULT</sourceType>
    <filters/>
  </resultExpression>
  <iconSpec id="cfe53040-342b-4f59-9e73-1343eb8786ad">
    <baseIcon>flow.png</baseIcon>
    <basePath>System</basePath>
    <readOnly>false</readOnly>
    <layers/>
  </iconSpec>
  <callouts/>
  <checkPointFlow>true</checkPointFlow>
  <compatibleRuntimeContext>false</compatibleRuntimeContext>
  <historyCheckPointFlow>true</historyCheckPointFlow>
  <steps>
    <step id="9f1a549e-3b78-46f4-a5e1-60c3439deb37">
      <annotation>2ddb8856-2942-439f-8754-c17cfdd5542c.9f1a549e-3b78-46f4-a5e1-60c3439deb37.description</annotation>
      <name>TNS Names SQL Command</name>
      <bounds>
        <x>207.0</x>
        <y>110.0</y>
      </bounds>
      <layer>-1</layer>
      <hideInbound>false</hideInbound>
      <iconSpec id="2b5a6f3b-4671-4bc5-a976-18a35b2a4603">
        <baseIcon>database_green.png</baseIcon>
        <basePath>/Databases/</basePath>
        <readOnly>false</readOnly>
        <layers/>
      </iconSpec>
      <addResultToRunContext>false</addResultToRunContext>
      <isCriticalStep>false</isCriticalStep>
      <isNonBlocking>false</isNonBlocking>
      <isParallelStep>false</isParallelStep>
      <isSingleResponse>false</isSingleResponse>
      <recordInHistory>false</recordInHistory>
      <recordRawOutput>true</recordRawOutput>
      <recordPrimaryOutput>true</recordPrimaryOutput>
      <checkPointStep>true</checkPointStep>
      <historyCheckPointStep>true</historyCheckPointStep>
      <scriptResultStep>false</scriptResultStep>
      <userPrompt></userPrompt>
      <bindings>
        <staticBinding id="3716f51b-da1d-4eac-8129-ea64875d1f31">
          <annotation></annotation>
          <toContextKey></toContextKey>
          <fromContextKey></fromContextKey>
          <assignFromContext>false</assignFromContext>
          <assignToContext>false</assignToContext>
          <inputType>STRING</inputType>
          <isList>false</isList>
          <required>true</required>
          <isPersisted>true</isPersisted>
          <inputSymbol>TNSPath</inputSymbol>
          <listDelimiter>,</listDelimiter>
          <value>${pc.infradb.tns.path}</value>
          <record>false</record>
        </staticBinding>
        <staticBinding id="422dff4a-9880-414b-9b33-7383707b2850">
          <annotation></annotation>
          <toContextKey></toContextKey>
          <fromContextKey></fromContextKey>
          <assignFromContext>false</assignFromContext>
          <assignToContext>false</assignToContext>
          <inputType>STRING</inputType>
          <isList>false</isList>
          <required>true</required>
          <isPersisted>true</isPersisted>
          <inputSymbol>TNSEntry</inputSymbol>
          <listDelimiter>,</listDelimiter>
          <value>${pc.infradb.tns.entry}</value>
          <record>false</record>
        </staticBinding>
        <identityBinding id="a922743d-2303-4d08-88d8-1eb73bdd7f0e">
          <annotation></annotation>
          <toContextKey></toContextKey>
          <fromContextKey></fromContextKey>
          <assignFromContext>false</assignFromContext>
          <assignToContext>false</assignToContext>
          <inputType>ENCRYPTED</inputType>
          <isList>false</isList>
          <required>true</required>
          <isPersisted>true</isPersisted>
          <inputSymbol>Username</inputSymbol>
          <listDelimiter>,</listDelimiter>
          <record>false</record>
          <link>
            <refId>881ee06f-89ad-4af6-a00d-06654eadccaa</refId>
            <refName>pc.infradb</refName>
          </link>
          <identityAttribute>USERNAME</identityAttribute>
        </identityBinding>
        <identityBinding id="f30ddf5d-0f67-4112-b056-65d5799d8539">
          <annotation></annotation>
          <toContextKey></toContextKey>
          <fromContextKey></fromContextKey>
          <assignFromContext>false</assignFromContext>
          <assignToContext>false</assignToContext>
          <inputType>ENCRYPTED</inputType>
          <isList>false</isList>
          <required>true</required>
          <isPersisted>true</isPersisted>
          <inputSymbol>Password</inputSymbol>
          <listDelimiter>,</listDelimiter>
          <record>false</record>
          <link>
            <refId>881ee06f-89ad-4af6-a00d-06654eadccaa</refId>
            <refName>pc.infradb</refName>
          </link>
          <identityAttribute>PASSWORD</identityAttribute>
        </identityBinding>
        <staticBinding id="872fb5e6-ec03-46b7-bf95-047955af9ed9">
          <annotation></annotation>
          <toContextKey></toContextKey>
          <fromContextKey></fromContextKey>
          <assignFromContext>false</assignFromContext>
          <assignToContext>false</assignToContext>
          <inputType>STRING</inputType>
          <isList>false</isList>
          <required>true</required>
          <isPersisted>true</isPersisted>
          <inputSymbol>Command</inputSymbol>
          <listDelimiter>,</listDelimiter>
          <value>update VMDATASTORES set FREE_GB = &apos;${volume_FreeSpace}&apos;
 where UPPER(path) = upper(&apos;${volume_Name}&apos;) 
and RESPOOLID in (select respoolid from RESPOOL_VMMP where RESPOOL_VMMP.VMMP_TYPE=&apos;SCVMM&apos;)
</value>
          <record>false</record>
        </staticBinding>
      </bindings>
      <transitions>
        <transition id="d58b4338-6d6a-4ef3-81e2-b1c0ea7d768f">
          <annotation></annotation>
          <name>more items</name>
          <command>NEXT</command>
          <linkMode>false</linkMode>
          <responseSymbol>more items</responseSymbol>
          <shouldHandoff>false</shouldHandoff>
          <transitionValue>0.0</transitionValue>
          <destination>
            <refId>63b91fe3-a353-49f8-91a8-561e2b345090</refId>
          </destination>
          <source>
            <refId>9f1a549e-3b78-46f4-a5e1-60c3439deb37</refId>
          </source>
          <positions>
            <point>
              <x>257.0</x>
              <y>144.0</y>
            </point>
            <point>
              <x>660.0</x>
              <y>80.0</y>
            </point>
          </positions>
          <labelPosition>
            <x>333.0</x>
            <y>0.0</y>
          </labelPosition>
        </transition>
        <transition id="d60ad3b4-aaa7-4034-b78b-439389941fa7">
          <annotation></annotation>
          <name>failure</name>
          <command>NEXT</command>
          <linkMode>false</linkMode>
          <responseSymbol>failure</responseSymbol>
          <shouldHandoff>false</shouldHandoff>
          <transitionValue>0.0</transitionValue>
          <destination>
            <refId>d9a2c32e-7c5b-455f-9ae3-3b0c91196973</refId>
          </destination>
          <source>
            <refId>9f1a549e-3b78-46f4-a5e1-60c3439deb37</refId>
          </source>
          <positions>
            <point>
              <x>257.0</x>
              <y>144.0</y>
            </point>
            <point>
              <x>662.0</x>
              <y>342.0</y>
            </point>
          </positions>
          <labelPosition>
            <x>333.0</x>
            <y>0.0</y>
          </labelPosition>
        </transition>
      </transitions>
      <properties/>
      <opRef>
        <refId>c081c558-b08f-48e0-b994-24d1a6674002</refId>
      </opRef>
      <assignments/>
      <throttleSize>0</throttleSize>
    </step>
    <returnStep id="63b91fe3-a353-49f8-91a8-561e2b345090">
      <annotation></annotation>
      <name>Resolved : success</name>
      <bounds>
        <x>610.0</x>
        <y>46.0</y>
      </bounds>
      <layer>-1</layer>
      <hideInbound>false</hideInbound>
      <addResultToRunContext>false</addResultToRunContext>
      <isCriticalStep>false</isCriticalStep>
      <isNonBlocking>false</isNonBlocking>
      <isParallelStep>false</isParallelStep>
      <isSingleResponse>false</isSingleResponse>
      <recordInHistory>false</recordInHistory>
      <recordRawOutput>true</recordRawOutput>
      <recordPrimaryOutput>true</recordPrimaryOutput>
      <checkPointStep>true</checkPointStep>
      <historyCheckPointStep>true</historyCheckPointStep>
      <scriptResultStep>false</scriptResultStep>
      <userPrompt></userPrompt>
      <bindings/>
      <transitions>
        <transition id="9f127847-70f7-4e81-a54d-d25717e97f02">
          <annotation></annotation>
          <name>return</name>
          <command>NEXT</command>
          <linkMode>false</linkMode>
          <responseSymbol>success</responseSymbol>
          <shouldHandoff>false</shouldHandoff>
          <transitionValue>0.0</transitionValue>
          <destination>
            <refId>63b91fe3-a353-49f8-91a8-561e2b345090</refId>
          </destination>
          <source>
            <refId>63b91fe3-a353-49f8-91a8-561e2b345090</refId>
          </source>
          <positions/>
        </transition>
      </transitions>
      <properties/>
      <returnStepType>RESOLVED</returnStepType>
      <assignments/>
    </returnStep>
    <returnStep id="d9a2c32e-7c5b-455f-9ae3-3b0c91196973">
      <annotation></annotation>
      <name>Error : failure</name>
      <bounds>
        <x>612.0</x>
        <y>308.0</y>
      </bounds>
      <layer>-1</layer>
      <hideInbound>false</hideInbound>
      <addResultToRunContext>false</addResultToRunContext>
      <isCriticalStep>false</isCriticalStep>
      <isNonBlocking>false</isNonBlocking>
      <isParallelStep>false</isParallelStep>
      <isSingleResponse>false</isSingleResponse>
      <recordInHistory>false</recordInHistory>
      <recordRawOutput>true</recordRawOutput>
      <recordPrimaryOutput>true</recordPrimaryOutput>
      <checkPointStep>true</checkPointStep>
      <historyCheckPointStep>true</historyCheckPointStep>
      <scriptResultStep>false</scriptResultStep>
      <userPrompt></userPrompt>
      <bindings/>
      <transitions>
        <transition id="507dc39e-9cac-4eb6-b5e3-8607ee26fab6">
          <annotation></annotation>
          <name>return</name>
          <command>NEXT</command>
          <linkMode>false</linkMode>
          <responseSymbol>failure</responseSymbol>
          <shouldHandoff>false</shouldHandoff>
          <transitionValue>0.0</transitionValue>
          <destination>
            <refId>d9a2c32e-7c5b-455f-9ae3-3b0c91196973</refId>
          </destination>
          <source>
            <refId>d9a2c32e-7c5b-455f-9ae3-3b0c91196973</refId>
          </source>
          <positions/>
        </transition>
      </transitions>
      <properties/>
      <returnStepType>ERROR</returnStepType>
      <assignments/>
    </returnStep>
  </steps>
  <startSteps>9f1a549e-3b78-46f4-a5e1-60c3439deb37</startSteps>
</flow>