<?xml version="1.0" encoding="UTF-8"?>
<flow id="316de420-aa0f-4fac-8041-ef88c78d8bfe">
  <annotation></annotation>
  <name>vCenter_getNICTypes</name>
  <categories/>
  <inputs>
    <userInputBinding id="51677d10-a38b-4ec5-a7f0-a76bf532026c">
      <annotation></annotation>
      <assignFromContext>false</assignFromContext>
      <assignToContext>false</assignToContext>
      <inputType>STRING</inputType>
      <isList>false</isList>
      <required>true</required>
      <isPersisted>true</isPersisted>
      <inputSymbol>host</inputSymbol>
      <listDelimiter>,</listDelimiter>
      <record>false</record>
      <prompt></prompt>
      <isMultiSelect>false</isMultiSelect>
      <sourceDelimiter>|</sourceDelimiter>
    </userInputBinding>
    <staticBinding id="241e997d-9db7-4fee-aa6d-f7d958b2fed7">
      <annotation></annotation>
      <assignFromContext>false</assignFromContext>
      <assignToContext>false</assignToContext>
      <inputType>STRING</inputType>
      <isList>false</isList>
      <required>false</required>
      <isPersisted>true</isPersisted>
      <inputSymbol>port</inputSymbol>
      <listDelimiter>,</listDelimiter>
      <value>443</value>
      <record>false</record>
    </staticBinding>
    <userInputBinding id="20ace798-a3a6-4dd9-ae21-e9e9e6b4f706">
      <annotation></annotation>
      <assignFromContext>false</assignFromContext>
      <assignToContext>false</assignToContext>
      <inputType>STRING</inputType>
      <isList>false</isList>
      <required>true</required>
      <isPersisted>true</isPersisted>
      <inputSymbol>user</inputSymbol>
      <listDelimiter>,</listDelimiter>
      <record>false</record>
      <prompt></prompt>
      <isMultiSelect>false</isMultiSelect>
      <sourceDelimiter>|</sourceDelimiter>
    </userInputBinding>
    <userInputBinding id="8e0f5948-0f51-4a02-949a-22e1ce88cf5b">
      <annotation></annotation>
      <assignFromContext>false</assignFromContext>
      <assignToContext>false</assignToContext>
      <inputType>ENCRYPTED</inputType>
      <isList>false</isList>
      <required>true</required>
      <isPersisted>true</isPersisted>
      <inputSymbol>password</inputSymbol>
      <listDelimiter>,</listDelimiter>
      <record>false</record>
      <prompt></prompt>
      <isMultiSelect>false</isMultiSelect>
      <sourceDelimiter>|</sourceDelimiter>
    </userInputBinding>
    <staticBinding id="2438fd78-7b33-417e-86da-5960aad1b720">
      <annotation></annotation>
      <assignFromContext>false</assignFromContext>
      <assignToContext>false</assignToContext>
      <inputType>STRING</inputType>
      <isList>false</isList>
      <required>false</required>
      <isPersisted>true</isPersisted>
      <inputSymbol>protocol</inputSymbol>
      <listDelimiter>,</listDelimiter>
      <value>https</value>
      <record>false</record>
    </staticBinding>
    <userInputBinding id="af266f46-7dcb-4609-9e03-e7fe8f0e6463">
      <annotation></annotation>
      <assignFromContext>false</assignFromContext>
      <assignToContext>false</assignToContext>
      <inputType>STRING</inputType>
      <isList>false</isList>
      <required>false</required>
      <isPersisted>true</isPersisted>
      <inputSymbol>vmDatacenter</inputSymbol>
      <listDelimiter>,</listDelimiter>
      <record>false</record>
      <prompt></prompt>
      <isMultiSelect>false</isMultiSelect>
      <sourceDelimiter>|</sourceDelimiter>
    </userInputBinding>
    <userInputBinding id="aff33c55-f49b-4f05-a805-f477b782d54a">
      <annotation></annotation>
      <assignFromContext>false</assignFromContext>
      <assignToContext>false</assignToContext>
      <inputType>STRING</inputType>
      <isList>false</isList>
      <required>true</required>
      <isPersisted>true</isPersisted>
      <inputSymbol>virtualMachineName</inputSymbol>
      <listDelimiter>,</listDelimiter>
      <record>false</record>
      <prompt></prompt>
      <isMultiSelect>false</isMultiSelect>
      <sourceDelimiter>|</sourceDelimiter>
    </userInputBinding>
  </inputs>
  <scriptlet id="f292b28e-65ea-4328-832d-adb812407e5b">
    <annotation></annotation>
    <name>Operation vCenter_getNICTypes (316de420-aa0f-4fac-8041-ef88c78d8bfe)</name>
    <type>RHINO</type>
  </scriptlet>
  <possibleResponses>
    <opResponse id="92d7bd55-382e-4a74-a2c4-8a81eee94f4d">
      <annotation></annotation>
      <name>success</name>
      <isDefault>true</isDefault>
      <onFailure>false</onFailure>
      <type>RESOLVED</type>
      <matchRules/>
    </opResponse>
    <opResponse id="18cff5ae-603f-4ad0-a97f-7bd0c9df8ad2">
      <annotation></annotation>
      <name>failure</name>
      <isDefault>false</isDefault>
      <onFailure>true</onFailure>
      <type>ERROR</type>
      <matchRules/>
    </opResponse>
    <opResponse id="3db7e707-879e-4a73-b8da-23adce9094ca">
      <annotation></annotation>
      <name>vmNotFound</name>
      <isDefault>false</isDefault>
      <onFailure>false</onFailure>
      <type>NO_ACTION_TAKEN</type>
      <matchRules/>
    </opResponse>
  </possibleResponses>
  <availableResultExpressions>
    <expression id="17c1894d-090b-4940-83ce-fe6b19aadf27">
      <annotation></annotation>
      <name>netNicType1</name>
      <fieldName>netNicType1</fieldName>
      <sourceType>RAWRESULT</sourceType>
      <filters/>
    </expression>
    <expression id="75a82339-d5cd-4131-85f4-4bb62cee7592">
      <annotation></annotation>
      <name>netNicType2</name>
      <fieldName>netNicType2</fieldName>
      <sourceType>RAWRESULT</sourceType>
      <filters/>
    </expression>
    <expression id="e1f945e4-6638-48ed-9d33-bbe733c76670">
      <annotation></annotation>
      <name>netNicType3</name>
      <fieldName>netNicType3</fieldName>
      <sourceType>RAWRESULT</sourceType>
      <filters/>
    </expression>
  </availableResultExpressions>
  <resultExpression id="b86498d2-a82d-4dec-bc72-f077c873023a">
    <annotation></annotation>
    <name>FailureMessage</name>
    <fieldName>FailureMessage</fieldName>
    <sourceType>RAWRESULT</sourceType>
    <filters/>
  </resultExpression>
  <iconSpec id="aec83506-71b8-4039-a06f-8728c00ed901">
    <baseIcon>flow.png</baseIcon>
    <basePath>System</basePath>
    <readOnly>false</readOnly>
    <layers/>
  </iconSpec>
  <callouts/>
  <checkPointFlow>true</checkPointFlow>
  <compatibleRuntimeContext>false</compatibleRuntimeContext>
  <historyCheckPointFlow>true</historyCheckPointFlow>
  <steps>
    <step id="63d551f5-5cc6-462c-9b80-d0a755cd3bb0">
      <annotation>316de420-aa0f-4fac-8041-ef88c78d8bfe.63d551f5-5cc6-462c-9b80-d0a755cd3bb0.description</annotation>
      <name>Get Virtual Machine</name>
      <bounds>
        <x>214.0</x>
        <y>235.0</y>
      </bounds>
      <layer>-1</layer>
      <hideInbound>false</hideInbound>
      <iconSpec id="8387a15e-850d-43d1-994d-1b981c803d1e">
        <baseIcon>orange_server_plain.png</baseIcon>
        <basePath>/Servers/</basePath>
        <readOnly>false</readOnly>
        <layers>
          <iconSpec id="e98f379d-2c15-40d3-94ac-746747763382">
            <baseIcon>find.png</baseIcon>
            <basePath>/Annotations/</basePath>
            <readOnly>false</readOnly>
            <layers/>
          </iconSpec>
        </layers>
      </iconSpec>
      <addResultToRunContext>false</addResultToRunContext>
      <isCriticalStep>false</isCriticalStep>
      <isNonBlocking>false</isNonBlocking>
      <isParallelStep>false</isParallelStep>
      <isSingleResponse>false</isSingleResponse>
      <recordInHistory>false</recordInHistory>
      <recordRawOutput>true</recordRawOutput>
      <recordPrimaryOutput>true</recordPrimaryOutput>
      <checkPointStep>true</checkPointStep>
      <historyCheckPointStep>true</historyCheckPointStep>
      <scriptResultStep>false</scriptResultStep>
      <userPrompt></userPrompt>
      <bindings>
        <staticBinding id="2ef42db9-581b-4202-89a8-32e7f90097df">
          <annotation></annotation>
          <toContextKey></toContextKey>
          <fromContextKey></fromContextKey>
          <assignFromContext>false</assignFromContext>
          <assignToContext>false</assignToContext>
          <inputType>STRING</inputType>
          <isList>false</isList>
          <required>true</required>
          <isPersisted>true</isPersisted>
          <inputSymbol>host</inputSymbol>
          <listDelimiter>,</listDelimiter>
          <value>${host}</value>
          <record>false</record>
        </staticBinding>
        <staticBinding id="84ff11a9-c01b-4954-bb9e-bd057cffaf44">
          <annotation></annotation>
          <toContextKey></toContextKey>
          <fromContextKey></fromContextKey>
          <assignFromContext>false</assignFromContext>
          <assignToContext>false</assignToContext>
          <inputType>STRING</inputType>
          <isList>false</isList>
          <required>false</required>
          <isPersisted>true</isPersisted>
          <inputSymbol>user</inputSymbol>
          <listDelimiter>,</listDelimiter>
          <value>${user}</value>
          <record>false</record>
        </staticBinding>
        <staticBinding id="2e335389-6ff8-4d7b-a780-cc97bbba0b1b">
          <annotation></annotation>
          <toContextKey></toContextKey>
          <fromContextKey></fromContextKey>
          <assignFromContext>false</assignFromContext>
          <assignToContext>false</assignToContext>
          <inputType>STRING</inputType>
          <recordKey></recordKey>
          <isList>false</isList>
          <required>true</required>
          <isPersisted>false</isPersisted>
          <inputSymbol>password</inputSymbol>
          <listDelimiter>,</listDelimiter>
          <value>${password}</value>
          <record>false</record>
        </staticBinding>
        <staticBinding id="a78183f2-cb11-40b4-a44d-4584476e1cd3">
          <annotation></annotation>
          <toContextKey></toContextKey>
          <fromContextKey></fromContextKey>
          <assignFromContext>false</assignFromContext>
          <assignToContext>false</assignToContext>
          <inputType>STRING</inputType>
          <isList>false</isList>
          <required>true</required>
          <isPersisted>true</isPersisted>
          <inputSymbol>port</inputSymbol>
          <listDelimiter>,</listDelimiter>
          <value>${port}</value>
          <record>false</record>
        </staticBinding>
        <staticBinding id="e6ee83f9-4917-4fd6-b15a-fd453337d20e">
          <annotation></annotation>
          <toContextKey></toContextKey>
          <fromContextKey></fromContextKey>
          <assignFromContext>false</assignFromContext>
          <assignToContext>false</assignToContext>
          <inputType>STRING</inputType>
          <isList>false</isList>
          <required>true</required>
          <isPersisted>true</isPersisted>
          <inputSymbol>protocol</inputSymbol>
          <listDelimiter>,</listDelimiter>
          <value>${protocol}</value>
          <record>false</record>
        </staticBinding>
        <staticBinding id="02e78e4b-8290-46fb-8d79-eb2c6abd679f">
          <annotation></annotation>
          <assignFromContext>false</assignFromContext>
          <assignToContext>false</assignToContext>
          <inputType>STRING</inputType>
          <isList>false</isList>
          <required>true</required>
          <isPersisted>true</isPersisted>
          <inputSymbol>closeSession</inputSymbol>
          <listDelimiter>,</listDelimiter>
          <value>true</value>
          <record>false</record>
        </staticBinding>
        <staticBinding id="7459db26-a2e6-440b-80bf-f24a39770e5f">
          <annotation></annotation>
          <toContextKey></toContextKey>
          <fromContextKey></fromContextKey>
          <assignFromContext>false</assignFromContext>
          <assignToContext>false</assignToContext>
          <inputType>STRING</inputType>
          <isList>false</isList>
          <required>false</required>
          <isPersisted>true</isPersisted>
          <inputSymbol>vmDatacenter</inputSymbol>
          <listDelimiter>,</listDelimiter>
          <value>${vmDatacenter}</value>
          <record>false</record>
        </staticBinding>
        <staticBinding id="8b8737d7-dafb-44ba-8547-8fc744efc071">
          <annotation></annotation>
          <toContextKey></toContextKey>
          <fromContextKey></fromContextKey>
          <assignFromContext>false</assignFromContext>
          <assignToContext>false</assignToContext>
          <inputType>STRING</inputType>
          <isList>false</isList>
          <required>false</required>
          <isPersisted>true</isPersisted>
          <inputSymbol>vmIdentifierType</inputSymbol>
          <listDelimiter>,</listDelimiter>
          <value>name</value>
          <record>false</record>
        </staticBinding>
        <staticBinding id="cc4f5e54-ab5b-42c2-ae8e-145558edd308">
          <annotation></annotation>
          <toContextKey></toContextKey>
          <fromContextKey></fromContextKey>
          <assignFromContext>false</assignFromContext>
          <assignToContext>false</assignToContext>
          <inputType>STRING</inputType>
          <isList>false</isList>
          <required>false</required>
          <isPersisted>true</isPersisted>
          <inputSymbol>virtualMachine</inputSymbol>
          <listDelimiter>,</listDelimiter>
          <value>${virtualMachineName}</value>
          <record>false</record>
        </staticBinding>
        <staticBinding id="97e1dbfd-64bf-4dcd-be16-e8fbcfe65bfa">
          <annotation></annotation>
          <assignFromContext>false</assignFromContext>
          <assignToContext>false</assignToContext>
          <inputType>STRING</inputType>
          <isList>false</isList>
          <required>true</required>
          <isPersisted>true</isPersisted>
          <inputSymbol>getDetailed</inputSymbol>
          <listDelimiter>,</listDelimiter>
          <value>true</value>
          <record>false</record>
        </staticBinding>
      </bindings>
      <transitions>
        <transition id="97dd7ba9-c4db-4bff-b19b-bd1864fd1c1f">
          <annotation></annotation>
          <name>success</name>
          <command>NEXT</command>
          <linkMode>false</linkMode>
          <responseSymbol>success</responseSymbol>
          <shouldHandoff>false</shouldHandoff>
          <transitionValue>0.0</transitionValue>
          <destination>
            <refId>29942f64-c3a9-4a6a-a20c-42bbd7fbc572</refId>
          </destination>
          <source>
            <refId>63d551f5-5cc6-462c-9b80-d0a755cd3bb0</refId>
          </source>
          <positions>
            <point>
              <x>267.0</x>
              <y>269.0</y>
            </point>
            <point>
              <x>464.0</x>
              <y>269.0</y>
            </point>
          </positions>
          <labelPosition>
            <x>333.0</x>
            <y>0.0</y>
          </labelPosition>
        </transition>
        <transition id="19ed5039-dd2c-4aef-969c-83f3f5762f41">
          <annotation></annotation>
          <name>failure</name>
          <command>NEXT</command>
          <linkMode>false</linkMode>
          <responseSymbol>failure</responseSymbol>
          <shouldHandoff>false</shouldHandoff>
          <transitionValue>0.0</transitionValue>
          <destination>
            <refId>18ea0050-6b30-4b19-8f60-16c75e8caf3d</refId>
          </destination>
          <source>
            <refId>63d551f5-5cc6-462c-9b80-d0a755cd3bb0</refId>
          </source>
          <positions>
            <point>
              <x>267.0</x>
              <y>269.0</y>
            </point>
            <point>
              <x>469.0</x>
              <y>484.0</y>
            </point>
          </positions>
          <labelPosition>
            <x>333.0</x>
            <y>0.0</y>
          </labelPosition>
        </transition>
        <transition id="fc472c2b-016a-497a-afa6-7feaa187cdae">
          <annotation></annotation>
          <name>no more</name>
          <command>NEXT</command>
          <linkMode>false</linkMode>
          <responseSymbol>no more</responseSymbol>
          <shouldHandoff>false</shouldHandoff>
          <transitionValue>0.0</transitionValue>
          <destination>
            <refId>cc7c7e78-0ea4-4e5c-8fed-7b299cbb515e</refId>
          </destination>
          <source>
            <refId>63d551f5-5cc6-462c-9b80-d0a755cd3bb0</refId>
          </source>
          <positions>
            <point>
              <x>267.0</x>
              <y>269.0</y>
            </point>
            <point>
              <x>364.0</x>
              <y>82.0</y>
            </point>
          </positions>
          <labelPosition>
            <x>333.0</x>
            <y>0.0</y>
          </labelPosition>
        </transition>
      </transitions>
      <properties/>
      <opRef>
        <refId>a7b8a2c3-99a3-47a7-99e2-6e6d5988c060</refId>
      </opRef>
      <assignments>
        <flowVariableAssignment id="3b1f5c57-bbc8-483b-b161-40a02b8dfb8c">
          <annotation></annotation>
          <name>assignment</name>
          <action>OVERWRITE</action>
          <assignmentTargetType>FLOW_VARIABLE</assignmentTargetType>
          <contextKey>vmid</contextKey>
          <expression id="324cb93e-32e4-4452-b9a5-1837041dbad8">
            <annotation></annotation>
            <name>Result Field: returnResult</name>
            <fieldName>returnResult</fieldName>
            <sourceType>RAWRESULT</sourceType>
            <filters/>
          </expression>
        </flowVariableAssignment>
      </assignments>
      <throttleSize>0</throttleSize>
    </step>
    <step id="3d23d5d0-17ea-42a5-aea9-b5dbfdd6cf9b">
      <annotation>316de420-aa0f-4fac-8041-ef88c78d8bfe.3d23d5d0-17ea-42a5-aea9-b5dbfdd6cf9b.description</annotation>
      <name>Nic3 not Present?</name>
      <bounds>
        <x>763.0</x>
        <y>401.0</y>
      </bounds>
      <layer>-1</layer>
      <hideInbound>false</hideInbound>
      <addResultToRunContext>false</addResultToRunContext>
      <isCriticalStep>false</isCriticalStep>
      <isNonBlocking>false</isNonBlocking>
      <isParallelStep>false</isParallelStep>
      <isSingleResponse>false</isSingleResponse>
      <recordInHistory>false</recordInHistory>
      <recordRawOutput>true</recordRawOutput>
      <recordPrimaryOutput>true</recordPrimaryOutput>
      <checkPointStep>true</checkPointStep>
      <historyCheckPointStep>true</historyCheckPointStep>
      <scriptResultStep>false</scriptResultStep>
      <userPrompt></userPrompt>
      <bindings>
        <staticBinding id="3285ec1c-dd06-4b11-867f-b85efabdabbd">
          <annotation></annotation>
          <assignFromContext>false</assignFromContext>
          <assignToContext>false</assignToContext>
          <inputType>STRING</inputType>
          <isList>false</isList>
          <required>false</required>
          <isPersisted>true</isPersisted>
          <inputSymbol>string1</inputSymbol>
          <listDelimiter>,</listDelimiter>
          <value>No NIC numbered &quot;3&quot; found on VM</value>
          <record>false</record>
        </staticBinding>
        <staticBinding id="15f0371f-47a2-48c3-981c-4b01a64977f4">
          <annotation></annotation>
          <fromContextKey>netNicType3</fromContextKey>
          <assignFromContext>true</assignFromContext>
          <assignToContext>false</assignToContext>
          <inputType>STRING</inputType>
          <isList>false</isList>
          <required>false</required>
          <isPersisted>true</isPersisted>
          <inputSymbol>default</inputSymbol>
          <listDelimiter>,</listDelimiter>
          <value>${pc.vcenter.nictype.default}</value>
          <record>false</record>
        </staticBinding>
        <resultBinding id="bdd10019-37b9-4a5c-bdb4-63952d42a43d">
          <annotation></annotation>
          <assignFromContext>false</assignFromContext>
          <assignToContext>false</assignToContext>
          <inputType>STRING</inputType>
          <isList>false</isList>
          <required>false</required>
          <isPersisted>true</isPersisted>
          <inputSymbol>string2</inputSymbol>
          <listDelimiter>,</listDelimiter>
          <record>false</record>
        </resultBinding>
        <staticBinding id="0a915523-e815-49f4-a592-e0948c1a08b7">
          <annotation></annotation>
          <assignFromContext>false</assignFromContext>
          <assignToContext>false</assignToContext>
          <inputType>STRING</inputType>
          <isList>false</isList>
          <required>false</required>
          <isPersisted>true</isPersisted>
          <inputSymbol>ignoreCase</inputSymbol>
          <listDelimiter>,</listDelimiter>
          <value>true</value>
          <record>false</record>
        </staticBinding>
      </bindings>
      <transitions>
        <transition id="af1bd1af-5796-41f8-94a4-987d1b0c8359">
          <annotation></annotation>
          <name>false</name>
          <command>NEXT</command>
          <linkMode>false</linkMode>
          <responseSymbol>false</responseSymbol>
          <shouldHandoff>false</shouldHandoff>
          <transitionValue>0.0</transitionValue>
          <destination>
            <refId>18ea0050-6b30-4b19-8f60-16c75e8caf3d</refId>
          </destination>
          <source>
            <refId>3d23d5d0-17ea-42a5-aea9-b5dbfdd6cf9b</refId>
          </source>
          <positions>
            <point>
              <x>813.0</x>
              <y>435.0</y>
            </point>
            <point>
              <x>464.0</x>
              <y>709.0</y>
            </point>
          </positions>
          <labelPosition>
            <x>333.0</x>
            <y>0.0</y>
          </labelPosition>
        </transition>
        <transition id="30412643-2840-4ca8-9dd9-8dcde35b4e7f">
          <annotation></annotation>
          <name>true</name>
          <command>NEXT</command>
          <linkMode>false</linkMode>
          <responseSymbol>true</responseSymbol>
          <shouldHandoff>false</shouldHandoff>
          <transitionValue>0.0</transitionValue>
          <destination>
            <refId>498e2dae-6817-400c-947e-13bb4d43e3c4</refId>
          </destination>
          <source>
            <refId>3d23d5d0-17ea-42a5-aea9-b5dbfdd6cf9b</refId>
          </source>
          <positions>
            <point>
              <x>813.0</x>
              <y>435.0</y>
            </point>
            <point>
              <x>1044.0</x>
              <y>275.0</y>
            </point>
          </positions>
          <labelPosition>
            <x>333.0</x>
            <y>0.0</y>
          </labelPosition>
        </transition>
      </transitions>
      <properties/>
      <opRef>
        <refId>7c2f47aa-a4b3-4a7d-b3d4-007f285f7d29</refId>
      </opRef>
      <assignments>
        <flowVariableAssignment id="64dcf27f-695a-4a77-b763-0f1535b89073">
          <annotation></annotation>
          <name>assignment</name>
          <action>OVERWRITE</action>
          <assignmentTargetType>FLOW_OUTPUT_FIELD</assignmentTargetType>
          <contextKey>netNicType3</contextKey>
          <expression id="286886dc-8f22-43d6-9da6-f98182076ee4">
            <annotation></annotation>
            <name>Input: default</name>
            <fieldName>default</fieldName>
            <sourceType>INPUT</sourceType>
            <filters/>
          </expression>
        </flowVariableAssignment>
      </assignments>
      <throttleSize>0</throttleSize>
    </step>
    <step id="29942f64-c3a9-4a6a-a20c-42bbd7fbc572">
      <annotation>316de420-aa0f-4fac-8041-ef88c78d8bfe.29942f64-c3a9-4a6a-a20c-42bbd7fbc572.description</annotation>
      <name>Get NIC 1 Type</name>
      <bounds>
        <x>414.0</x>
        <y>235.0</y>
      </bounds>
      <layer>-1</layer>
      <hideInbound>false</hideInbound>
      <iconSpec id="6234a37b-c3c7-4eb4-97d9-9cfceb51c79f">
        <baseIcon>network_port.png</baseIcon>
        <basePath>/Networking/</basePath>
        <readOnly>false</readOnly>
        <layers>
          <iconSpec id="dd347018-40c0-4f60-b5e0-ef59efc4c8b8">
            <baseIcon>read2.png</baseIcon>
            <basePath>/Annotations/</basePath>
            <readOnly>false</readOnly>
            <layers/>
          </iconSpec>
        </layers>
      </iconSpec>
      <addResultToRunContext>false</addResultToRunContext>
      <isCriticalStep>false</isCriticalStep>
      <isNonBlocking>false</isNonBlocking>
      <isParallelStep>false</isParallelStep>
      <isSingleResponse>false</isSingleResponse>
      <recordInHistory>false</recordInHistory>
      <recordRawOutput>true</recordRawOutput>
      <recordPrimaryOutput>true</recordPrimaryOutput>
      <checkPointStep>true</checkPointStep>
      <historyCheckPointStep>true</historyCheckPointStep>
      <scriptResultStep>false</scriptResultStep>
      <userPrompt></userPrompt>
      <bindings>
        <staticBinding id="3bb2a1cd-19d0-4b1c-bf20-db9da7f6bc13">
          <annotation></annotation>
          <toContextKey></toContextKey>
          <fromContextKey></fromContextKey>
          <assignFromContext>false</assignFromContext>
          <assignToContext>false</assignToContext>
          <inputType>STRING</inputType>
          <isList>false</isList>
          <required>true</required>
          <isPersisted>true</isPersisted>
          <inputSymbol>host</inputSymbol>
          <listDelimiter>,</listDelimiter>
          <value>${host}</value>
          <record>false</record>
        </staticBinding>
        <staticBinding id="6fd2d4dc-49ab-4669-8db5-44c8b4a58bfe">
          <annotation></annotation>
          <toContextKey></toContextKey>
          <fromContextKey></fromContextKey>
          <assignFromContext>false</assignFromContext>
          <assignToContext>false</assignToContext>
          <inputType>STRING</inputType>
          <isList>false</isList>
          <required>true</required>
          <isPersisted>true</isPersisted>
          <inputSymbol>user</inputSymbol>
          <listDelimiter>,</listDelimiter>
          <value>${user}</value>
          <record>false</record>
        </staticBinding>
        <staticBinding id="07ff6b01-3415-4c56-8a8c-2695c9cd278d">
          <annotation></annotation>
          <toContextKey></toContextKey>
          <fromContextKey></fromContextKey>
          <assignFromContext>false</assignFromContext>
          <assignToContext>false</assignToContext>
          <inputType>STRING</inputType>
          <isList>false</isList>
          <required>true</required>
          <isPersisted>true</isPersisted>
          <inputSymbol>password</inputSymbol>
          <listDelimiter>,</listDelimiter>
          <value>${password}</value>
          <record>false</record>
        </staticBinding>
        <staticBinding id="a5362519-ba58-4cc1-98bc-e0e40fdad553">
          <annotation></annotation>
          <toContextKey></toContextKey>
          <fromContextKey></fromContextKey>
          <assignFromContext>false</assignFromContext>
          <assignToContext>false</assignToContext>
          <inputType>STRING</inputType>
          <isList>false</isList>
          <required>true</required>
          <isPersisted>true</isPersisted>
          <inputSymbol>port</inputSymbol>
          <listDelimiter>,</listDelimiter>
          <value>${port}</value>
          <record>false</record>
        </staticBinding>
        <staticBinding id="370de9b0-1a20-47f7-b274-779a647e9093">
          <annotation></annotation>
          <toContextKey></toContextKey>
          <fromContextKey></fromContextKey>
          <assignFromContext>false</assignFromContext>
          <assignToContext>false</assignToContext>
          <inputType>STRING</inputType>
          <isList>false</isList>
          <required>true</required>
          <isPersisted>true</isPersisted>
          <inputSymbol>protocol</inputSymbol>
          <listDelimiter>,</listDelimiter>
          <value>${protocol}</value>
          <record>false</record>
        </staticBinding>
        <staticBinding id="ea6fd0c3-9650-4ecb-8f64-9a5c861ec97e">
          <annotation></annotation>
          <toContextKey></toContextKey>
          <fromContextKey></fromContextKey>
          <assignFromContext>false</assignFromContext>
          <assignToContext>false</assignToContext>
          <inputType>STRING</inputType>
          <isList>false</isList>
          <required>true</required>
          <isPersisted>true</isPersisted>
          <inputSymbol>closeSession</inputSymbol>
          <listDelimiter>,</listDelimiter>
          <value>true</value>
          <record>false</record>
        </staticBinding>
        <staticBinding id="26be4c9f-4203-4703-baf0-66f0cb798731">
          <annotation></annotation>
          <toContextKey></toContextKey>
          <fromContextKey></fromContextKey>
          <assignFromContext>false</assignFromContext>
          <assignToContext>false</assignToContext>
          <inputType>STRING</inputType>
          <isList>false</isList>
          <required>true</required>
          <isPersisted>true</isPersisted>
          <inputSymbol>vmIdentifierType</inputSymbol>
          <listDelimiter>,</listDelimiter>
          <value>vmid</value>
          <record>false</record>
        </staticBinding>
        <staticBinding id="b2b33be5-7398-428b-be8f-7a7e8d86d96b">
          <annotation></annotation>
          <toContextKey></toContextKey>
          <fromContextKey></fromContextKey>
          <assignFromContext>false</assignFromContext>
          <assignToContext>false</assignToContext>
          <inputType>STRING</inputType>
          <isList>false</isList>
          <required>true</required>
          <isPersisted>true</isPersisted>
          <inputSymbol>virtualMachine</inputSymbol>
          <listDelimiter>,</listDelimiter>
          <value>${vmid}</value>
          <record>false</record>
        </staticBinding>
        <staticBinding id="52c84d7b-5e62-4994-b403-3779cdd5708e">
          <annotation></annotation>
          <assignFromContext>false</assignFromContext>
          <assignToContext>false</assignToContext>
          <inputType>STRING</inputType>
          <isList>false</isList>
          <required>false</required>
          <isPersisted>true</isPersisted>
          <inputSymbol>vmDatacenter</inputSymbol>
          <listDelimiter>,</listDelimiter>
          <value>${vmDatacenter}</value>
          <record>false</record>
        </staticBinding>
        <staticBinding id="4126d18d-2fbd-46ef-9e46-8ff2a75378c1">
          <annotation></annotation>
          <assignFromContext>false</assignFromContext>
          <assignToContext>false</assignToContext>
          <inputType>STRING</inputType>
          <isList>false</isList>
          <required>true</required>
          <isPersisted>true</isPersisted>
          <inputSymbol>deviceNumber</inputSymbol>
          <listDelimiter>,</listDelimiter>
          <value>1</value>
          <record>false</record>
        </staticBinding>
      </bindings>
      <transitions>
        <transition id="e13b9b06-8d95-4d21-b6fc-b9877cd81678">
          <annotation></annotation>
          <name>success</name>
          <command>NEXT</command>
          <linkMode>false</linkMode>
          <responseSymbol>success</responseSymbol>
          <shouldHandoff>false</shouldHandoff>
          <transitionValue>0.0</transitionValue>
          <destination>
            <refId>d129229a-af16-4ed5-9ca8-2250b887e589</refId>
          </destination>
          <source>
            <refId>29942f64-c3a9-4a6a-a20c-42bbd7fbc572</refId>
          </source>
          <positions>
            <point>
              <x>464.0</x>
              <y>269.0</y>
            </point>
            <point>
              <x>656.0</x>
              <y>269.0</y>
            </point>
          </positions>
          <labelPosition>
            <x>333.0</x>
            <y>0.0</y>
          </labelPosition>
        </transition>
        <transition id="12ec455a-8c76-4c6f-9344-e5c3106b8e07">
          <annotation></annotation>
          <name>failure</name>
          <command>NEXT</command>
          <linkMode>false</linkMode>
          <responseSymbol>failure</responseSymbol>
          <shouldHandoff>false</shouldHandoff>
          <transitionValue>0.0</transitionValue>
          <destination>
            <refId>202e3038-9c13-4ebe-af5e-bc77f4520c03</refId>
          </destination>
          <source>
            <refId>29942f64-c3a9-4a6a-a20c-42bbd7fbc572</refId>
          </source>
          <positions>
            <point>
              <x>464.0</x>
              <y>269.0</y>
            </point>
            <point>
              <x>401.0</x>
              <y>413.0</y>
            </point>
          </positions>
          <labelPosition>
            <x>333.0</x>
            <y>0.0</y>
          </labelPosition>
        </transition>
      </transitions>
      <properties/>
      <opRef>
        <refId>5d007e2f-0540-472e-b128-d041e79e3946</refId>
      </opRef>
      <assignments>
        <flowVariableAssignment id="5dd331c4-8a6c-40b2-950c-8d78b2bd0e3d">
          <annotation></annotation>
          <name>assignment</name>
          <action>OVERWRITE</action>
          <assignmentTargetType>FLOW_OUTPUT_FIELD</assignmentTargetType>
          <contextKey>netNicType1</contextKey>
          <expression id="c4283456-5c24-4d43-9c9b-c59e8f898c1f">
            <annotation></annotation>
            <name>Result Field: netNicType</name>
            <fieldName>netNicType</fieldName>
            <sourceType>RAWRESULT</sourceType>
            <filters/>
          </expression>
        </flowVariableAssignment>
      </assignments>
      <throttleSize>0</throttleSize>
    </step>
    <returnStep id="cc7c7e78-0ea4-4e5c-8fed-7b299cbb515e">
      <annotation></annotation>
      <name>No Action Taken : vmNotFound</name>
      <bounds>
        <x>214.0</x>
        <y>46.0</y>
      </bounds>
      <layer>-1</layer>
      <hideInbound>false</hideInbound>
      <addResultToRunContext>false</addResultToRunContext>
      <isCriticalStep>false</isCriticalStep>
      <isNonBlocking>false</isNonBlocking>
      <isParallelStep>false</isParallelStep>
      <isSingleResponse>false</isSingleResponse>
      <recordInHistory>false</recordInHistory>
      <recordRawOutput>true</recordRawOutput>
      <recordPrimaryOutput>true</recordPrimaryOutput>
      <checkPointStep>true</checkPointStep>
      <historyCheckPointStep>true</historyCheckPointStep>
      <scriptResultStep>false</scriptResultStep>
      <userPrompt></userPrompt>
      <bindings/>
      <transitions>
        <transition id="2953eeca-81e6-41b9-a46c-dd8b4e6ca3bc">
          <annotation></annotation>
          <name>return</name>
          <command>NEXT</command>
          <linkMode>false</linkMode>
          <responseSymbol>vmNotFound</responseSymbol>
          <shouldHandoff>false</shouldHandoff>
          <transitionValue>0.0</transitionValue>
          <destination>
            <refId>cc7c7e78-0ea4-4e5c-8fed-7b299cbb515e</refId>
          </destination>
          <source>
            <refId>cc7c7e78-0ea4-4e5c-8fed-7b299cbb515e</refId>
          </source>
          <positions/>
        </transition>
      </transitions>
      <properties/>
      <returnStepType>NO_ACTION_TAKEN</returnStepType>
      <assignments/>
    </returnStep>
    <step id="56ed9726-7e4c-4713-9635-4d3f747b5baa">
      <annotation>316de420-aa0f-4fac-8041-ef88c78d8bfe.56ed9726-7e4c-4713-9635-4d3f747b5baa.description</annotation>
      <name>Get NIC 3 Type</name>
      <bounds>
        <x>767.0</x>
        <y>235.0</y>
      </bounds>
      <layer>-1</layer>
      <hideInbound>false</hideInbound>
      <iconSpec id="dd125ca5-6ecc-4b7d-843a-2da8157364c6">
        <baseIcon>network_port.png</baseIcon>
        <basePath>/Networking/</basePath>
        <readOnly>false</readOnly>
        <layers>
          <iconSpec id="6a616020-7d6e-41d0-b785-cd30ce1f0c7c">
            <baseIcon>read2.png</baseIcon>
            <basePath>/Annotations/</basePath>
            <readOnly>false</readOnly>
            <layers/>
          </iconSpec>
        </layers>
      </iconSpec>
      <addResultToRunContext>false</addResultToRunContext>
      <isCriticalStep>false</isCriticalStep>
      <isNonBlocking>false</isNonBlocking>
      <isParallelStep>false</isParallelStep>
      <isSingleResponse>false</isSingleResponse>
      <recordInHistory>false</recordInHistory>
      <recordRawOutput>true</recordRawOutput>
      <recordPrimaryOutput>true</recordPrimaryOutput>
      <checkPointStep>true</checkPointStep>
      <historyCheckPointStep>true</historyCheckPointStep>
      <scriptResultStep>false</scriptResultStep>
      <userPrompt></userPrompt>
      <bindings>
        <staticBinding id="832390e0-d73d-4ecf-9d29-c34423dbff1f">
          <annotation></annotation>
          <toContextKey></toContextKey>
          <fromContextKey></fromContextKey>
          <assignFromContext>false</assignFromContext>
          <assignToContext>false</assignToContext>
          <inputType>STRING</inputType>
          <isList>false</isList>
          <required>true</required>
          <isPersisted>true</isPersisted>
          <inputSymbol>host</inputSymbol>
          <listDelimiter>,</listDelimiter>
          <value>${host}</value>
          <record>false</record>
        </staticBinding>
        <staticBinding id="ae498d0c-3bcb-41a5-b747-10ab5b30115d">
          <annotation></annotation>
          <toContextKey></toContextKey>
          <fromContextKey></fromContextKey>
          <assignFromContext>false</assignFromContext>
          <assignToContext>false</assignToContext>
          <inputType>STRING</inputType>
          <isList>false</isList>
          <required>true</required>
          <isPersisted>true</isPersisted>
          <inputSymbol>user</inputSymbol>
          <listDelimiter>,</listDelimiter>
          <value>${user}</value>
          <record>false</record>
        </staticBinding>
        <staticBinding id="c347192c-5850-4b44-91d6-65de8bcd70a1">
          <annotation></annotation>
          <toContextKey></toContextKey>
          <fromContextKey></fromContextKey>
          <assignFromContext>false</assignFromContext>
          <assignToContext>false</assignToContext>
          <inputType>STRING</inputType>
          <isList>false</isList>
          <required>true</required>
          <isPersisted>true</isPersisted>
          <inputSymbol>password</inputSymbol>
          <listDelimiter>,</listDelimiter>
          <value>${password}</value>
          <record>false</record>
        </staticBinding>
        <staticBinding id="1620469b-3728-4080-b7df-b87932eff93a">
          <annotation></annotation>
          <toContextKey></toContextKey>
          <fromContextKey></fromContextKey>
          <assignFromContext>false</assignFromContext>
          <assignToContext>false</assignToContext>
          <inputType>STRING</inputType>
          <isList>false</isList>
          <required>true</required>
          <isPersisted>true</isPersisted>
          <inputSymbol>port</inputSymbol>
          <listDelimiter>,</listDelimiter>
          <value>${port}</value>
          <record>false</record>
        </staticBinding>
        <staticBinding id="5e776593-6461-428a-9776-0661c92887ce">
          <annotation></annotation>
          <toContextKey></toContextKey>
          <fromContextKey></fromContextKey>
          <assignFromContext>false</assignFromContext>
          <assignToContext>false</assignToContext>
          <inputType>STRING</inputType>
          <isList>false</isList>
          <required>true</required>
          <isPersisted>true</isPersisted>
          <inputSymbol>protocol</inputSymbol>
          <listDelimiter>,</listDelimiter>
          <value>${protocol}</value>
          <record>false</record>
        </staticBinding>
        <staticBinding id="ebc1915f-91ad-45ed-a86f-48ebf1c71b32">
          <annotation></annotation>
          <toContextKey></toContextKey>
          <fromContextKey></fromContextKey>
          <assignFromContext>false</assignFromContext>
          <assignToContext>false</assignToContext>
          <inputType>STRING</inputType>
          <isList>false</isList>
          <required>true</required>
          <isPersisted>true</isPersisted>
          <inputSymbol>closeSession</inputSymbol>
          <listDelimiter>,</listDelimiter>
          <value>true</value>
          <record>false</record>
        </staticBinding>
        <staticBinding id="8cf9aae0-7a10-4278-ac40-a158dda204df">
          <annotation></annotation>
          <toContextKey></toContextKey>
          <fromContextKey></fromContextKey>
          <assignFromContext>false</assignFromContext>
          <assignToContext>false</assignToContext>
          <inputType>STRING</inputType>
          <isList>false</isList>
          <required>true</required>
          <isPersisted>true</isPersisted>
          <inputSymbol>vmIdentifierType</inputSymbol>
          <listDelimiter>,</listDelimiter>
          <value>vmid</value>
          <record>false</record>
        </staticBinding>
        <staticBinding id="5412420a-ad68-4946-8b62-328a8ef0c9db">
          <annotation></annotation>
          <toContextKey></toContextKey>
          <fromContextKey></fromContextKey>
          <assignFromContext>false</assignFromContext>
          <assignToContext>false</assignToContext>
          <inputType>STRING</inputType>
          <isList>false</isList>
          <required>true</required>
          <isPersisted>true</isPersisted>
          <inputSymbol>virtualMachine</inputSymbol>
          <listDelimiter>,</listDelimiter>
          <value>${vmid}</value>
          <record>false</record>
        </staticBinding>
        <staticBinding id="949a7f54-bb81-4fd8-aeba-066e2c81193b">
          <annotation></annotation>
          <assignFromContext>false</assignFromContext>
          <assignToContext>false</assignToContext>
          <inputType>STRING</inputType>
          <isList>false</isList>
          <required>false</required>
          <isPersisted>true</isPersisted>
          <inputSymbol>vmDatacenter</inputSymbol>
          <listDelimiter>,</listDelimiter>
          <value>${vmDatacenter}</value>
          <record>false</record>
        </staticBinding>
        <staticBinding id="1a5d18ea-9af3-44d8-8c4e-209b23c8146f">
          <annotation></annotation>
          <assignFromContext>false</assignFromContext>
          <assignToContext>false</assignToContext>
          <inputType>STRING</inputType>
          <isList>false</isList>
          <required>true</required>
          <isPersisted>true</isPersisted>
          <inputSymbol>deviceNumber</inputSymbol>
          <listDelimiter>,</listDelimiter>
          <value>3</value>
          <record>false</record>
        </staticBinding>
      </bindings>
      <transitions>
        <transition id="9b70f45e-4980-4c6e-8d0a-54527aca7f21">
          <annotation></annotation>
          <name>success</name>
          <command>NEXT</command>
          <linkMode>false</linkMode>
          <responseSymbol>success</responseSymbol>
          <shouldHandoff>false</shouldHandoff>
          <transitionValue>0.0</transitionValue>
          <destination>
            <refId>498e2dae-6817-400c-947e-13bb4d43e3c4</refId>
          </destination>
          <source>
            <refId>56ed9726-7e4c-4713-9635-4d3f747b5baa</refId>
          </source>
          <positions>
            <point>
              <x>817.0</x>
              <y>269.0</y>
            </point>
            <point>
              <x>1044.0</x>
              <y>275.0</y>
            </point>
          </positions>
          <labelPosition>
            <x>333.0</x>
            <y>0.0</y>
          </labelPosition>
        </transition>
        <transition id="2144e251-f103-497b-8b48-49749133ba4f">
          <annotation></annotation>
          <name>failure</name>
          <command>NEXT</command>
          <linkMode>false</linkMode>
          <responseSymbol>failure</responseSymbol>
          <shouldHandoff>false</shouldHandoff>
          <transitionValue>0.0</transitionValue>
          <destination>
            <refId>3d23d5d0-17ea-42a5-aea9-b5dbfdd6cf9b</refId>
          </destination>
          <source>
            <refId>56ed9726-7e4c-4713-9635-4d3f747b5baa</refId>
          </source>
          <positions>
            <point>
              <x>817.0</x>
              <y>269.0</y>
            </point>
            <point>
              <x>848.0</x>
              <y>525.0</y>
            </point>
          </positions>
          <labelPosition>
            <x>333.0</x>
            <y>0.0</y>
          </labelPosition>
        </transition>
      </transitions>
      <properties/>
      <opRef>
        <refId>5d007e2f-0540-472e-b128-d041e79e3946</refId>
      </opRef>
      <assignments>
        <flowVariableAssignment id="be984479-e6d3-4844-bd4c-724242900c40">
          <annotation></annotation>
          <name>assignment</name>
          <action>OVERWRITE</action>
          <assignmentTargetType>FLOW_OUTPUT_FIELD</assignmentTargetType>
          <contextKey>netNicType3</contextKey>
          <expression id="17cb8e23-be93-4a49-8b9e-5878140da58f">
            <annotation></annotation>
            <name>Result Field: netNicType</name>
            <fieldName>netNicType</fieldName>
            <sourceType>RAWRESULT</sourceType>
            <filters/>
          </expression>
        </flowVariableAssignment>
      </assignments>
      <throttleSize>0</throttleSize>
    </step>
    <step id="202e3038-9c13-4ebe-af5e-bc77f4520c03">
      <annotation>316de420-aa0f-4fac-8041-ef88c78d8bfe.202e3038-9c13-4ebe-af5e-bc77f4520c03.description</annotation>
      <name>Nic1 not Present?</name>
      <bounds>
        <x>415.0</x>
        <y>401.0</y>
      </bounds>
      <layer>-1</layer>
      <hideInbound>false</hideInbound>
      <addResultToRunContext>false</addResultToRunContext>
      <isCriticalStep>false</isCriticalStep>
      <isNonBlocking>false</isNonBlocking>
      <isParallelStep>false</isParallelStep>
      <isSingleResponse>false</isSingleResponse>
      <recordInHistory>false</recordInHistory>
      <recordRawOutput>true</recordRawOutput>
      <recordPrimaryOutput>true</recordPrimaryOutput>
      <checkPointStep>true</checkPointStep>
      <historyCheckPointStep>true</historyCheckPointStep>
      <scriptResultStep>false</scriptResultStep>
      <userPrompt></userPrompt>
      <bindings>
        <staticBinding id="4f525530-c3cb-4cf4-9399-b6c64e841071">
          <annotation></annotation>
          <assignFromContext>false</assignFromContext>
          <assignToContext>false</assignToContext>
          <inputType>STRING</inputType>
          <isList>false</isList>
          <required>false</required>
          <isPersisted>true</isPersisted>
          <inputSymbol>string1</inputSymbol>
          <listDelimiter>,</listDelimiter>
          <value>No NIC numbered &quot;1&quot; found on VM</value>
          <record>false</record>
        </staticBinding>
        <staticBinding id="bb4a8760-7911-4336-8a6a-208f2ecf8363">
          <annotation></annotation>
          <assignFromContext>false</assignFromContext>
          <assignToContext>false</assignToContext>
          <inputType>STRING</inputType>
          <isList>false</isList>
          <required>false</required>
          <isPersisted>true</isPersisted>
          <inputSymbol>default</inputSymbol>
          <listDelimiter>,</listDelimiter>
          <value>${pc.vcenter.nictype.default}</value>
          <record>false</record>
        </staticBinding>
        <resultBinding id="486b4aa2-c1c3-400f-8e27-cc58b55804a5">
          <annotation></annotation>
          <assignFromContext>false</assignFromContext>
          <assignToContext>false</assignToContext>
          <inputType>STRING</inputType>
          <isList>false</isList>
          <required>false</required>
          <isPersisted>true</isPersisted>
          <inputSymbol>string2</inputSymbol>
          <listDelimiter>,</listDelimiter>
          <record>false</record>
        </resultBinding>
        <staticBinding id="8c7d9753-c0fb-4969-bde1-88ffcf445feb">
          <annotation></annotation>
          <assignFromContext>false</assignFromContext>
          <assignToContext>false</assignToContext>
          <inputType>STRING</inputType>
          <isList>false</isList>
          <required>false</required>
          <isPersisted>true</isPersisted>
          <inputSymbol>ignoreCase</inputSymbol>
          <listDelimiter>,</listDelimiter>
          <value>true</value>
          <record>false</record>
        </staticBinding>
      </bindings>
      <transitions>
        <transition id="6fce475d-846d-47f9-8608-4a818bd2e2ac">
          <annotation></annotation>
          <name>false</name>
          <command>NEXT</command>
          <linkMode>false</linkMode>
          <responseSymbol>false</responseSymbol>
          <shouldHandoff>false</shouldHandoff>
          <transitionValue>0.0</transitionValue>
          <destination>
            <refId>18ea0050-6b30-4b19-8f60-16c75e8caf3d</refId>
          </destination>
          <source>
            <refId>202e3038-9c13-4ebe-af5e-bc77f4520c03</refId>
          </source>
          <positions>
            <point>
              <x>465.0</x>
              <y>435.0</y>
            </point>
            <point>
              <x>464.0</x>
              <y>709.0</y>
            </point>
          </positions>
          <labelPosition>
            <x>333.0</x>
            <y>0.0</y>
          </labelPosition>
        </transition>
        <transition id="1ae4e044-a12a-47ce-b65b-ee5e6a70ed6b">
          <annotation></annotation>
          <name>true</name>
          <command>NEXT</command>
          <linkMode>false</linkMode>
          <responseSymbol>true</responseSymbol>
          <shouldHandoff>false</shouldHandoff>
          <transitionValue>0.0</transitionValue>
          <destination>
            <refId>d129229a-af16-4ed5-9ca8-2250b887e589</refId>
          </destination>
          <source>
            <refId>202e3038-9c13-4ebe-af5e-bc77f4520c03</refId>
          </source>
          <positions>
            <point>
              <x>465.0</x>
              <y>435.0</y>
            </point>
            <point>
              <x>656.0</x>
              <y>269.0</y>
            </point>
          </positions>
          <labelPosition>
            <x>333.0</x>
            <y>0.0</y>
          </labelPosition>
        </transition>
      </transitions>
      <properties/>
      <opRef>
        <refId>7c2f47aa-a4b3-4a7d-b3d4-007f285f7d29</refId>
      </opRef>
      <assignments>
        <flowVariableAssignment id="a9950aeb-f110-4c05-a16a-88707135b6ac">
          <annotation></annotation>
          <name>assignment</name>
          <action>OVERWRITE</action>
          <assignmentTargetType>FLOW_OUTPUT_FIELD</assignmentTargetType>
          <contextKey>netNicType1</contextKey>
          <expression id="d910a4e9-5ef7-4e84-9783-8fefb943e72a">
            <annotation></annotation>
            <name>Input: default</name>
            <fieldName>default</fieldName>
            <sourceType>INPUT</sourceType>
            <filters/>
          </expression>
        </flowVariableAssignment>
      </assignments>
      <throttleSize>0</throttleSize>
    </step>
    <returnStep id="18ea0050-6b30-4b19-8f60-16c75e8caf3d">
      <annotation></annotation>
      <name>Error : failure</name>
      <bounds>
        <x>414.0</x>
        <y>675.0</y>
      </bounds>
      <layer>-1</layer>
      <hideInbound>false</hideInbound>
      <addResultToRunContext>false</addResultToRunContext>
      <isCriticalStep>false</isCriticalStep>
      <isNonBlocking>false</isNonBlocking>
      <isParallelStep>false</isParallelStep>
      <isSingleResponse>false</isSingleResponse>
      <recordInHistory>false</recordInHistory>
      <recordRawOutput>true</recordRawOutput>
      <recordPrimaryOutput>true</recordPrimaryOutput>
      <checkPointStep>true</checkPointStep>
      <historyCheckPointStep>true</historyCheckPointStep>
      <scriptResultStep>false</scriptResultStep>
      <userPrompt></userPrompt>
      <bindings/>
      <transitions>
        <transition id="6b245f01-2e36-40f8-99e3-44323a683c17">
          <annotation></annotation>
          <name>return</name>
          <command>NEXT</command>
          <linkMode>false</linkMode>
          <responseSymbol>failure</responseSymbol>
          <shouldHandoff>false</shouldHandoff>
          <transitionValue>0.0</transitionValue>
          <destination>
            <refId>18ea0050-6b30-4b19-8f60-16c75e8caf3d</refId>
          </destination>
          <source>
            <refId>18ea0050-6b30-4b19-8f60-16c75e8caf3d</refId>
          </source>
          <positions/>
        </transition>
      </transitions>
      <properties/>
      <returnStepType>ERROR</returnStepType>
      <assignments/>
    </returnStep>
    <step id="d129229a-af16-4ed5-9ca8-2250b887e589">
      <annotation>316de420-aa0f-4fac-8041-ef88c78d8bfe.d129229a-af16-4ed5-9ca8-2250b887e589.description</annotation>
      <name>Get NIC 2 Type</name>
      <bounds>
        <x>606.0</x>
        <y>235.0</y>
      </bounds>
      <layer>-1</layer>
      <hideInbound>false</hideInbound>
      <iconSpec id="e289296c-2dff-4baa-b8d1-0df4d4046752">
        <baseIcon>network_port.png</baseIcon>
        <basePath>/Networking/</basePath>
        <readOnly>false</readOnly>
        <layers>
          <iconSpec id="dd347018-40c0-4f60-b5e0-ef59efc4c8b8">
            <baseIcon>read2.png</baseIcon>
            <basePath>/Annotations/</basePath>
            <readOnly>false</readOnly>
            <layers/>
          </iconSpec>
        </layers>
      </iconSpec>
      <addResultToRunContext>false</addResultToRunContext>
      <isCriticalStep>false</isCriticalStep>
      <isNonBlocking>false</isNonBlocking>
      <isParallelStep>false</isParallelStep>
      <isSingleResponse>false</isSingleResponse>
      <recordInHistory>false</recordInHistory>
      <recordRawOutput>true</recordRawOutput>
      <recordPrimaryOutput>true</recordPrimaryOutput>
      <checkPointStep>true</checkPointStep>
      <historyCheckPointStep>true</historyCheckPointStep>
      <scriptResultStep>false</scriptResultStep>
      <userPrompt></userPrompt>
      <bindings>
        <staticBinding id="15cdb374-4ff9-4c2f-b864-01ff36a9ecd7">
          <annotation></annotation>
          <toContextKey></toContextKey>
          <fromContextKey></fromContextKey>
          <assignFromContext>false</assignFromContext>
          <assignToContext>false</assignToContext>
          <inputType>STRING</inputType>
          <isList>false</isList>
          <required>true</required>
          <isPersisted>true</isPersisted>
          <inputSymbol>host</inputSymbol>
          <listDelimiter>,</listDelimiter>
          <value>${host}</value>
          <record>false</record>
        </staticBinding>
        <staticBinding id="041341e8-56b7-44d9-845f-c62a16a62a9a">
          <annotation></annotation>
          <toContextKey></toContextKey>
          <fromContextKey></fromContextKey>
          <assignFromContext>false</assignFromContext>
          <assignToContext>false</assignToContext>
          <inputType>STRING</inputType>
          <isList>false</isList>
          <required>true</required>
          <isPersisted>true</isPersisted>
          <inputSymbol>user</inputSymbol>
          <listDelimiter>,</listDelimiter>
          <value>${user}</value>
          <record>false</record>
        </staticBinding>
        <staticBinding id="4a937835-b343-48f3-91f3-b2d343a79a86">
          <annotation></annotation>
          <toContextKey></toContextKey>
          <fromContextKey></fromContextKey>
          <assignFromContext>false</assignFromContext>
          <assignToContext>false</assignToContext>
          <inputType>STRING</inputType>
          <isList>false</isList>
          <required>true</required>
          <isPersisted>true</isPersisted>
          <inputSymbol>password</inputSymbol>
          <listDelimiter>,</listDelimiter>
          <value>${password}</value>
          <record>false</record>
        </staticBinding>
        <staticBinding id="4dcc6b2d-a39a-4504-a347-07c596b3224d">
          <annotation></annotation>
          <toContextKey></toContextKey>
          <fromContextKey></fromContextKey>
          <assignFromContext>false</assignFromContext>
          <assignToContext>false</assignToContext>
          <inputType>STRING</inputType>
          <isList>false</isList>
          <required>true</required>
          <isPersisted>true</isPersisted>
          <inputSymbol>port</inputSymbol>
          <listDelimiter>,</listDelimiter>
          <value>${port}</value>
          <record>false</record>
        </staticBinding>
        <staticBinding id="b0d01286-8584-4d0e-b0df-626d6413d89c">
          <annotation></annotation>
          <toContextKey></toContextKey>
          <fromContextKey></fromContextKey>
          <assignFromContext>false</assignFromContext>
          <assignToContext>false</assignToContext>
          <inputType>STRING</inputType>
          <isList>false</isList>
          <required>true</required>
          <isPersisted>true</isPersisted>
          <inputSymbol>protocol</inputSymbol>
          <listDelimiter>,</listDelimiter>
          <value>${protocol}</value>
          <record>false</record>
        </staticBinding>
        <staticBinding id="8b6e96c5-8c96-43b6-a172-f2bb64307989">
          <annotation></annotation>
          <toContextKey></toContextKey>
          <fromContextKey></fromContextKey>
          <assignFromContext>false</assignFromContext>
          <assignToContext>false</assignToContext>
          <inputType>STRING</inputType>
          <isList>false</isList>
          <required>true</required>
          <isPersisted>true</isPersisted>
          <inputSymbol>closeSession</inputSymbol>
          <listDelimiter>,</listDelimiter>
          <value>true</value>
          <record>false</record>
        </staticBinding>
        <staticBinding id="9a057357-92c0-4764-9344-e0be66cd43ab">
          <annotation></annotation>
          <toContextKey></toContextKey>
          <fromContextKey></fromContextKey>
          <assignFromContext>false</assignFromContext>
          <assignToContext>false</assignToContext>
          <inputType>STRING</inputType>
          <isList>false</isList>
          <required>true</required>
          <isPersisted>true</isPersisted>
          <inputSymbol>vmIdentifierType</inputSymbol>
          <listDelimiter>,</listDelimiter>
          <value>vmid</value>
          <record>false</record>
        </staticBinding>
        <staticBinding id="2c1f55b2-8a79-42d9-bad2-dc2fd7017262">
          <annotation></annotation>
          <toContextKey></toContextKey>
          <fromContextKey></fromContextKey>
          <assignFromContext>false</assignFromContext>
          <assignToContext>false</assignToContext>
          <inputType>STRING</inputType>
          <isList>false</isList>
          <required>true</required>
          <isPersisted>true</isPersisted>
          <inputSymbol>virtualMachine</inputSymbol>
          <listDelimiter>,</listDelimiter>
          <value>${vmid}</value>
          <record>false</record>
        </staticBinding>
        <staticBinding id="fc0fc512-c35b-4b46-8247-1cbc3ca4b45a">
          <annotation></annotation>
          <assignFromContext>false</assignFromContext>
          <assignToContext>false</assignToContext>
          <inputType>STRING</inputType>
          <isList>false</isList>
          <required>false</required>
          <isPersisted>true</isPersisted>
          <inputSymbol>vmDatacenter</inputSymbol>
          <listDelimiter>,</listDelimiter>
          <value>${vmDatacenter}</value>
          <record>false</record>
        </staticBinding>
        <staticBinding id="be4412b8-0847-409d-9f9d-0c0d3b6c001f">
          <annotation></annotation>
          <assignFromContext>false</assignFromContext>
          <assignToContext>false</assignToContext>
          <inputType>STRING</inputType>
          <isList>false</isList>
          <required>true</required>
          <isPersisted>true</isPersisted>
          <inputSymbol>deviceNumber</inputSymbol>
          <listDelimiter>,</listDelimiter>
          <value>2</value>
          <record>false</record>
        </staticBinding>
      </bindings>
      <transitions>
        <transition id="aa93e2f4-841b-4b6c-bd68-a1a18d5cbceb">
          <annotation></annotation>
          <name>success</name>
          <command>NEXT</command>
          <linkMode>false</linkMode>
          <responseSymbol>success</responseSymbol>
          <shouldHandoff>false</shouldHandoff>
          <transitionValue>0.0</transitionValue>
          <destination>
            <refId>56ed9726-7e4c-4713-9635-4d3f747b5baa</refId>
          </destination>
          <source>
            <refId>d129229a-af16-4ed5-9ca8-2250b887e589</refId>
          </source>
          <positions>
            <point>
              <x>656.0</x>
              <y>269.0</y>
            </point>
            <point>
              <x>774.0</x>
              <y>462.0</y>
            </point>
          </positions>
          <labelPosition>
            <x>333.0</x>
            <y>0.0</y>
          </labelPosition>
        </transition>
        <transition id="65f51ed4-d815-4035-b080-7c3ca7fc4ea3">
          <annotation></annotation>
          <name>failure</name>
          <command>NEXT</command>
          <linkMode>false</linkMode>
          <responseSymbol>failure</responseSymbol>
          <shouldHandoff>false</shouldHandoff>
          <transitionValue>0.0</transitionValue>
          <destination>
            <refId>0efea6f0-b330-49f2-8f5b-9e8136b97c6e</refId>
          </destination>
          <source>
            <refId>d129229a-af16-4ed5-9ca8-2250b887e589</refId>
          </source>
          <positions>
            <point>
              <x>656.0</x>
              <y>269.0</y>
            </point>
            <point>
              <x>719.0</x>
              <y>581.0</y>
            </point>
          </positions>
          <labelPosition>
            <x>333.0</x>
            <y>0.0</y>
          </labelPosition>
        </transition>
      </transitions>
      <properties/>
      <opRef>
        <refId>5d007e2f-0540-472e-b128-d041e79e3946</refId>
      </opRef>
      <assignments>
        <flowVariableAssignment id="dfb3ac2a-2f35-4070-8a7f-346838045aaa">
          <annotation></annotation>
          <name>assignment</name>
          <action>OVERWRITE</action>
          <assignmentTargetType>FLOW_OUTPUT_FIELD</assignmentTargetType>
          <contextKey>netNicType2</contextKey>
          <expression id="c73cc3e0-f6aa-4c09-8e10-86d9350d4318">
            <annotation></annotation>
            <name>Result Field: netNicType</name>
            <fieldName>netNicType</fieldName>
            <sourceType>RAWRESULT</sourceType>
            <filters/>
          </expression>
        </flowVariableAssignment>
      </assignments>
      <throttleSize>0</throttleSize>
    </step>
    <returnStep id="498e2dae-6817-400c-947e-13bb4d43e3c4">
      <annotation></annotation>
      <name>Resolved : success</name>
      <bounds>
        <x>994.0</x>
        <y>241.0</y>
      </bounds>
      <layer>-1</layer>
      <hideInbound>false</hideInbound>
      <addResultToRunContext>false</addResultToRunContext>
      <isCriticalStep>false</isCriticalStep>
      <isNonBlocking>false</isNonBlocking>
      <isParallelStep>false</isParallelStep>
      <isSingleResponse>false</isSingleResponse>
      <recordInHistory>false</recordInHistory>
      <recordRawOutput>true</recordRawOutput>
      <recordPrimaryOutput>true</recordPrimaryOutput>
      <checkPointStep>true</checkPointStep>
      <historyCheckPointStep>true</historyCheckPointStep>
      <scriptResultStep>false</scriptResultStep>
      <userPrompt></userPrompt>
      <bindings/>
      <transitions>
        <transition id="c1f77ab3-8cc2-45d2-abfb-de910ff5ffee">
          <annotation></annotation>
          <name>return</name>
          <command>NEXT</command>
          <linkMode>false</linkMode>
          <responseSymbol>success</responseSymbol>
          <shouldHandoff>false</shouldHandoff>
          <transitionValue>0.0</transitionValue>
          <destination>
            <refId>498e2dae-6817-400c-947e-13bb4d43e3c4</refId>
          </destination>
          <source>
            <refId>498e2dae-6817-400c-947e-13bb4d43e3c4</refId>
          </source>
          <positions/>
        </transition>
      </transitions>
      <properties/>
      <returnStepType>RESOLVED</returnStepType>
      <assignments/>
    </returnStep>
    <step id="0efea6f0-b330-49f2-8f5b-9e8136b97c6e">
      <annotation>316de420-aa0f-4fac-8041-ef88c78d8bfe.0efea6f0-b330-49f2-8f5b-9e8136b97c6e.description</annotation>
      <name>Nic2 not Present?</name>
      <bounds>
        <x>609.0</x>
        <y>398.0</y>
      </bounds>
      <layer>-1</layer>
      <hideInbound>false</hideInbound>
      <addResultToRunContext>false</addResultToRunContext>
      <isCriticalStep>false</isCriticalStep>
      <isNonBlocking>false</isNonBlocking>
      <isParallelStep>false</isParallelStep>
      <isSingleResponse>false</isSingleResponse>
      <recordInHistory>false</recordInHistory>
      <recordRawOutput>true</recordRawOutput>
      <recordPrimaryOutput>true</recordPrimaryOutput>
      <checkPointStep>true</checkPointStep>
      <historyCheckPointStep>true</historyCheckPointStep>
      <scriptResultStep>false</scriptResultStep>
      <userPrompt></userPrompt>
      <bindings>
        <staticBinding id="67abe3eb-57ec-4aed-8a8c-29ff5ef27fc7">
          <annotation></annotation>
          <assignFromContext>false</assignFromContext>
          <assignToContext>false</assignToContext>
          <inputType>STRING</inputType>
          <isList>false</isList>
          <required>false</required>
          <isPersisted>true</isPersisted>
          <inputSymbol>string1</inputSymbol>
          <listDelimiter>,</listDelimiter>
          <value>No NIC numbered &quot;2&quot; found on VM</value>
          <record>false</record>
        </staticBinding>
        <staticBinding id="700a0da7-4d46-406e-85ef-304713c8c23d">
          <annotation></annotation>
          <fromContextKey>netNicType2</fromContextKey>
          <assignFromContext>false</assignFromContext>
          <assignToContext>false</assignToContext>
          <inputType>STRING</inputType>
          <isList>false</isList>
          <required>false</required>
          <isPersisted>true</isPersisted>
          <inputSymbol>default</inputSymbol>
          <listDelimiter>,</listDelimiter>
          <value>${pc.vcenter.nictype.default}</value>
          <record>false</record>
        </staticBinding>
        <resultBinding id="da97f611-2922-4d3d-954c-831916c3f74a">
          <annotation></annotation>
          <assignFromContext>false</assignFromContext>
          <assignToContext>false</assignToContext>
          <inputType>STRING</inputType>
          <isList>false</isList>
          <required>false</required>
          <isPersisted>true</isPersisted>
          <inputSymbol>string2</inputSymbol>
          <listDelimiter>,</listDelimiter>
          <record>false</record>
        </resultBinding>
        <staticBinding id="aadd6a2a-a23d-44d0-8df7-c45d6aa80956">
          <annotation></annotation>
          <assignFromContext>false</assignFromContext>
          <assignToContext>false</assignToContext>
          <inputType>STRING</inputType>
          <isList>false</isList>
          <required>false</required>
          <isPersisted>true</isPersisted>
          <inputSymbol>ignoreCase</inputSymbol>
          <listDelimiter>,</listDelimiter>
          <value>true</value>
          <record>false</record>
        </staticBinding>
      </bindings>
      <transitions>
        <transition id="a306ee1a-6b6b-4965-ada8-d5a0c5e0cf30">
          <annotation></annotation>
          <name>false</name>
          <command>NEXT</command>
          <linkMode>false</linkMode>
          <responseSymbol>false</responseSymbol>
          <shouldHandoff>false</shouldHandoff>
          <transitionValue>0.0</transitionValue>
          <destination>
            <refId>18ea0050-6b30-4b19-8f60-16c75e8caf3d</refId>
          </destination>
          <source>
            <refId>0efea6f0-b330-49f2-8f5b-9e8136b97c6e</refId>
          </source>
          <positions>
            <point>
              <x>659.0</x>
              <y>432.0</y>
            </point>
            <point>
              <x>464.0</x>
              <y>709.0</y>
            </point>
          </positions>
          <labelPosition>
            <x>333.0</x>
            <y>0.0</y>
          </labelPosition>
        </transition>
        <transition id="24d9285a-1d6a-4b40-953c-c3eef1d7847b">
          <annotation></annotation>
          <name>true</name>
          <command>NEXT</command>
          <linkMode>false</linkMode>
          <responseSymbol>true</responseSymbol>
          <shouldHandoff>false</shouldHandoff>
          <transitionValue>0.0</transitionValue>
          <destination>
            <refId>56ed9726-7e4c-4713-9635-4d3f747b5baa</refId>
          </destination>
          <source>
            <refId>0efea6f0-b330-49f2-8f5b-9e8136b97c6e</refId>
          </source>
          <positions>
            <point>
              <x>659.0</x>
              <y>432.0</y>
            </point>
            <point>
              <x>817.0</x>
              <y>269.0</y>
            </point>
          </positions>
          <labelPosition>
            <x>333.0</x>
            <y>0.0</y>
          </labelPosition>
        </transition>
      </transitions>
      <properties/>
      <opRef>
        <refId>7c2f47aa-a4b3-4a7d-b3d4-007f285f7d29</refId>
      </opRef>
      <assignments>
        <flowVariableAssignment id="6daae2de-3219-480b-8c5f-5be6285274b4">
          <annotation></annotation>
          <name>assignment</name>
          <action>OVERWRITE</action>
          <assignmentTargetType>FLOW_OUTPUT_FIELD</assignmentTargetType>
          <contextKey>netNicType2</contextKey>
          <expression id="e2e2be37-9c20-4ed7-b61a-41fffb40d42d">
            <annotation></annotation>
            <name>Input: default</name>
            <fieldName>default</fieldName>
            <sourceType>INPUT</sourceType>
            <filters/>
          </expression>
        </flowVariableAssignment>
      </assignments>
      <throttleSize>0</throttleSize>
    </step>
  </steps>
  <startSteps>63d551f5-5cc6-462c-9b80-d0a755cd3bb0</startSteps>
</flow>