<?xml version="1.0" encoding="UTF-8"?>
<flow id="534038e3-3bf2-47e6-8d11-0925611b9dc7">
  <annotation>534038e3-3bf2-47e6-8d11-0925611b9dc7.description</annotation>
  <name>SCVMM_getVMUUID</name>
  <categories/>
  <inputs>
    <userInputBinding id="36d04f7e-e9f3-4f8c-aa38-05de08e27572">
      <annotation></annotation>
      <assignFromContext>true</assignFromContext>
      <assignToContext>false</assignToContext>
      <inputType>STRING</inputType>
      <isList>false</isList>
      <required>false</required>
      <isPersisted>true</isPersisted>
      <inputSymbol>host</inputSymbol>
      <listDelimiter>,</listDelimiter>
      <record>false</record>
      <prompt></prompt>
      <isMultiSelect>false</isMultiSelect>
      <sourceDelimiter>|</sourceDelimiter>
    </userInputBinding>
    <userInputBinding id="6f78cecf-e203-4960-a973-2d5760a59fd0">
      <annotation></annotation>
      <assignFromContext>true</assignFromContext>
      <assignToContext>false</assignToContext>
      <inputType>STRING</inputType>
      <isList>false</isList>
      <required>true</required>
      <isPersisted>true</isPersisted>
      <inputSymbol>vmName</inputSymbol>
      <listDelimiter>,</listDelimiter>
      <record>false</record>
      <prompt></prompt>
      <isMultiSelect>false</isMultiSelect>
      <sourceDelimiter>|</sourceDelimiter>
    </userInputBinding>
  </inputs>
  <scriptlet id="d0da812e-abd5-432d-bdf6-e71284430e92">
    <annotation></annotation>
    <name>Operation SCVMM_getVMUUID (534038e3-3bf2-47e6-8d11-0925611b9dc7)</name>
    <type>RHINO</type>
  </scriptlet>
  <possibleResponses>
    <opResponse id="2eb87bf5-d49c-4c11-b2b7-9d73cfe8b764">
      <annotation></annotation>
      <name>failure</name>
      <isDefault>false</isDefault>
      <onFailure>true</onFailure>
      <type>ERROR</type>
      <matchRules/>
    </opResponse>
    <opResponse id="47889375-8b20-4699-9133-3fccd88155fe">
      <annotation></annotation>
      <name>success</name>
      <isDefault>true</isDefault>
      <onFailure>false</onFailure>
      <type>RESOLVED</type>
      <matchRules/>
    </opResponse>
  </possibleResponses>
  <availableResultExpressions>
    <expression id="13195fcc-7f82-401c-9e4f-7b06e0a96f8f">
      <annotation></annotation>
      <name>vmUUID</name>
      <fieldName>vmUUID</fieldName>
      <sourceType>RAWRESULT</sourceType>
      <filters/>
    </expression>
  </availableResultExpressions>
  <resultExpression id="853ba62a-99fe-4cd9-9aac-1659e31d6662">
    <annotation></annotation>
    <name>FailureMessage</name>
    <fieldName>FailureMessage</fieldName>
    <sourceType>RAWRESULT</sourceType>
    <filters/>
  </resultExpression>
  <iconSpec id="3f42cc70-8dab-42ab-9d1c-2ebceee5a11a">
    <baseIcon>flow.png</baseIcon>
    <basePath>System</basePath>
    <readOnly>false</readOnly>
    <layers/>
  </iconSpec>
  <callouts/>
  <checkPointFlow>true</checkPointFlow>
  <compatibleRuntimeContext>false</compatibleRuntimeContext>
  <historyCheckPointFlow>true</historyCheckPointFlow>
  <steps>
    <step id="add7699e-a464-4764-84b5-3bdf3d80d237">
      <annotation>534038e3-3bf2-47e6-8d11-0925611b9dc7.add7699e-a464-4764-84b5-3bdf3d80d237.description</annotation>
      <name>Get Virtual Machine</name>
      <bounds>
        <x>247.0</x>
        <y>269.0</y>
      </bounds>
      <layer>-1</layer>
      <hideInbound>false</hideInbound>
      <addResultToRunContext>false</addResultToRunContext>
      <isCriticalStep>false</isCriticalStep>
      <isNonBlocking>false</isNonBlocking>
      <isParallelStep>false</isParallelStep>
      <isSingleResponse>false</isSingleResponse>
      <recordInHistory>false</recordInHistory>
      <recordRawOutput>true</recordRawOutput>
      <recordPrimaryOutput>true</recordPrimaryOutput>
      <checkPointStep>true</checkPointStep>
      <historyCheckPointStep>true</historyCheckPointStep>
      <scriptResultStep>false</scriptResultStep>
      <userPrompt></userPrompt>
      <bindings>
        <staticBinding id="095c4b90-1987-44ca-9f21-76cb0524a3e9">
          <annotation></annotation>
          <assignFromContext>true</assignFromContext>
          <assignToContext>false</assignToContext>
          <inputType>STRING</inputType>
          <isList>false</isList>
          <required>true</required>
          <isPersisted>true</isPersisted>
          <inputSymbol>host</inputSymbol>
          <listDelimiter>,</listDelimiter>
          <value></value>
          <record>false</record>
        </staticBinding>
        <identityBinding id="24034c48-1077-4496-8779-f2eba38d1059">
          <annotation></annotation>
          <assignFromContext>false</assignFromContext>
          <assignToContext>false</assignToContext>
          <inputType>STRING</inputType>
          <isList>false</isList>
          <required>false</required>
          <isPersisted>true</isPersisted>
          <inputSymbol>username</inputSymbol>
          <listDelimiter>,</listDelimiter>
          <record>false</record>
          <link>
            <refId>e8b51d39-ef4e-4960-945e-e21729456150</refId>
            <refName>pc.scvmm</refName>
          </link>
          <identityAttribute>USERNAME</identityAttribute>
        </identityBinding>
        <identityBinding id="4f0efc4f-63a5-4214-8343-a91b35a8ccba">
          <annotation></annotation>
          <assignFromContext>false</assignFromContext>
          <assignToContext>false</assignToContext>
          <inputType>ENCRYPTED</inputType>
          <isList>false</isList>
          <required>false</required>
          <isPersisted>true</isPersisted>
          <inputSymbol>password</inputSymbol>
          <listDelimiter>,</listDelimiter>
          <record>false</record>
          <link>
            <refId>e8b51d39-ef4e-4960-945e-e21729456150</refId>
            <refName>pc.scvmm</refName>
          </link>
          <identityAttribute>PASSWORD</identityAttribute>
        </identityBinding>
        <staticBinding id="7496ab95-80ac-4076-af8f-cb581613987e">
          <annotation></annotation>
          <assignFromContext>false</assignFromContext>
          <assignToContext>false</assignToContext>
          <inputType>STRING</inputType>
          <isList>false</isList>
          <required>false</required>
          <isPersisted>true</isPersisted>
          <inputSymbol>authType</inputSymbol>
          <listDelimiter>,</listDelimiter>
          <record>false</record>
        </staticBinding>
        <staticBinding id="028b9839-61f9-4947-be4e-a655a9276bd9">
          <annotation></annotation>
          <assignFromContext>false</assignFromContext>
          <assignToContext>false</assignToContext>
          <inputType>STRING</inputType>
          <isList>false</isList>
          <required>false</required>
          <isPersisted>true</isPersisted>
          <inputSymbol>delimiter</inputSymbol>
          <listDelimiter>,</listDelimiter>
          <record>false</record>
        </staticBinding>
        <staticBinding id="98757382-915c-4d4a-97c1-ff1434d8202b">
          <annotation></annotation>
          <assignFromContext>false</assignFromContext>
          <assignToContext>false</assignToContext>
          <inputType>STRING</inputType>
          <isList>false</isList>
          <required>false</required>
          <isPersisted>true</isPersisted>
          <inputSymbol>rowDelimiter</inputSymbol>
          <listDelimiter>,</listDelimiter>
          <record>false</record>
        </staticBinding>
        <staticBinding id="e5174704-5621-4ad0-a831-37e0048780aa">
          <annotation></annotation>
          <assignFromContext>false</assignFromContext>
          <assignToContext>false</assignToContext>
          <inputType>STRING</inputType>
          <isList>false</isList>
          <required>false</required>
          <isPersisted>true</isPersisted>
          <inputSymbol>colDelimiter</inputSymbol>
          <listDelimiter>,</listDelimiter>
          <record>false</record>
        </staticBinding>
        <userInputBinding id="549b01b9-7a1a-4e4d-bdb7-2e1d2ed09eeb">
          <annotation></annotation>
          <fromContextKey>vmName</fromContextKey>
          <assignFromContext>true</assignFromContext>
          <assignToContext>false</assignToContext>
          <inputType>STRING</inputType>
          <isList>false</isList>
          <required>false</required>
          <isPersisted>true</isPersisted>
          <inputSymbol>name</inputSymbol>
          <listDelimiter>,</listDelimiter>
          <record>false</record>
          <prompt></prompt>
          <isMultiSelect>false</isMultiSelect>
          <sourceDelimiter>|</sourceDelimiter>
        </userInputBinding>
        <userInputBinding id="b813fb5e-5808-4477-88bf-744b3bc7eff1">
          <annotation></annotation>
          <assignFromContext>false</assignFromContext>
          <assignToContext>false</assignToContext>
          <inputType>STRING</inputType>
          <isList>false</isList>
          <required>false</required>
          <isPersisted>true</isPersisted>
          <inputSymbol>id</inputSymbol>
          <listDelimiter>,</listDelimiter>
          <record>false</record>
          <prompt></prompt>
          <isMultiSelect>false</isMultiSelect>
          <sourceDelimiter>|</sourceDelimiter>
        </userInputBinding>
        <staticBinding id="f9986bfa-bff5-4c9c-8295-c115cfc9a785">
          <annotation></annotation>
          <assignFromContext>false</assignFromContext>
          <assignToContext>false</assignToContext>
          <inputType>STRING</inputType>
          <isList>false</isList>
          <required>false</required>
          <isPersisted>true</isPersisted>
          <inputSymbol>vmHost</inputSymbol>
          <listDelimiter>,</listDelimiter>
          <record>false</record>
        </staticBinding>
        <userInputBinding id="088299d4-7e4a-4c27-8ad7-8a7d403d96b6">
          <annotation></annotation>
          <assignFromContext>false</assignFromContext>
          <assignToContext>false</assignToContext>
          <inputType>STRING</inputType>
          <isList>false</isList>
          <required>false</required>
          <isPersisted>true</isPersisted>
          <inputSymbol>all</inputSymbol>
          <listDelimiter>,</listDelimiter>
          <record>false</record>
          <prompt>534038e3-3bf2-47e6-8d11-0925611b9dc7.088299d4-7e4a-4c27-8ad7-8a7d403d96b6.prompt</prompt>
          <isMultiSelect>false</isMultiSelect>
          <link>
            <refId>362bc113-e130-45d5-be90-832d5de87730</refId>
            <refName>Boolean</refName>
          </link>
          <sourceDelimiter>|</sourceDelimiter>
        </userInputBinding>
        <userInputBinding id="24f6ff5f-b9ea-44fa-8569-3db327e7e03b">
          <annotation></annotation>
          <fromContextKey>scvmm/scvmm.version</fromContextKey>
          <assignFromContext>true</assignFromContext>
          <assignToContext>false</assignToContext>
          <inputType>STRING</inputType>
          <isList>false</isList>
          <required>false</required>
          <isPersisted>true</isPersisted>
          <inputSymbol>version</inputSymbol>
          <listDelimiter>,</listDelimiter>
          <record>false</record>
          <prompt></prompt>
          <isMultiSelect>false</isMultiSelect>
          <link>
            <refId>13410e30-f937-4b94-b812-b4ab26fffbb6</refId>
            <refName>SCVMM versions</refName>
          </link>
          <sourceDelimiter>|</sourceDelimiter>
        </userInputBinding>
      </bindings>
      <transitions>
        <transition id="dc4371c6-91ee-4a79-aee0-4581d427b9cb">
          <annotation></annotation>
          <name>Success</name>
          <command>NEXT</command>
          <linkMode>false</linkMode>
          <responseSymbol>Success</responseSymbol>
          <shouldHandoff>false</shouldHandoff>
          <transitionValue>0.0</transitionValue>
          <destination>
            <refId>e3584f3a-d6b4-4e8a-9165-d7223c8c5d87</refId>
          </destination>
          <source>
            <refId>add7699e-a464-4764-84b5-3bdf3d80d237</refId>
          </source>
          <positions>
            <point>
              <x>297.0</x>
              <y>303.0</y>
            </point>
            <point>
              <x>618.0</x>
              <y>297.0</y>
            </point>
          </positions>
          <labelPosition>
            <x>333.0</x>
            <y>0.0</y>
          </labelPosition>
        </transition>
        <transition id="5bdb5044-4b96-43ca-af4f-bf83a7e3f597">
          <annotation></annotation>
          <name>Failure</name>
          <command>NEXT</command>
          <linkMode>false</linkMode>
          <responseSymbol>Failure</responseSymbol>
          <shouldHandoff>false</shouldHandoff>
          <transitionValue>0.0</transitionValue>
          <destination>
            <refId>57eb91c7-d1ae-4dea-9f38-05852148102c</refId>
          </destination>
          <source>
            <refId>add7699e-a464-4764-84b5-3bdf3d80d237</refId>
          </source>
          <positions>
            <point>
              <x>297.0</x>
              <y>303.0</y>
            </point>
            <point>
              <x>607.0</x>
              <y>493.0</y>
            </point>
          </positions>
          <labelPosition>
            <x>333.0</x>
            <y>0.0</y>
          </labelPosition>
        </transition>
      </transitions>
      <properties/>
      <opRef>
        <refId>20ea856a-13b1-4754-a28f-71891d6a18b0</refId>
      </opRef>
      <assignments>
        <flowVariableAssignment id="617f1609-cd05-4d0d-a804-127144050c11">
          <annotation></annotation>
          <name>assignment</name>
          <action>OVERWRITE</action>
          <assignmentTargetType>FLOW_OUTPUT_FIELD</assignmentTargetType>
          <contextKey>vmUUID</contextKey>
          <expression id="2afc1162-a881-439f-8306-ce9f0d840d6b">
            <annotation></annotation>
            <name>Result Field: returnResult</name>
            <fieldName>returnResult</fieldName>
            <sourceType>RAWRESULT</sourceType>
            <filters>
              <stripTrailingFilter id="aa77b85d-e37f-4edf-b2a6-32d5cd2efbc4">
                <annotation></annotation>
                <name>Strip</name>
                <strip>VMId:</strip>
                <type>ALL_CHARACTERS_UP_TO_AND_INCLUDING</type>
              </stripTrailingFilter>
              <stripTrailingFilter id="72a5a937-5cf3-4f27-add8-e272782f1602">
                <annotation></annotation>
                <name>Strip</name>
                <strip>,</strip>
                <type>ALL_CHARACTERS_AFTER_AND_INCLUDING</type>
              </stripTrailingFilter>
            </filters>
          </expression>
        </flowVariableAssignment>
      </assignments>
      <throttleSize>0</throttleSize>
    </step>
    <returnStep id="57eb91c7-d1ae-4dea-9f38-05852148102c">
      <annotation></annotation>
      <name>Error : failure</name>
      <bounds>
        <x>557.0</x>
        <y>459.0</y>
      </bounds>
      <layer>-1</layer>
      <hideInbound>false</hideInbound>
      <addResultToRunContext>false</addResultToRunContext>
      <isCriticalStep>false</isCriticalStep>
      <isNonBlocking>false</isNonBlocking>
      <isParallelStep>false</isParallelStep>
      <isSingleResponse>false</isSingleResponse>
      <recordInHistory>false</recordInHistory>
      <recordRawOutput>true</recordRawOutput>
      <recordPrimaryOutput>true</recordPrimaryOutput>
      <checkPointStep>true</checkPointStep>
      <historyCheckPointStep>true</historyCheckPointStep>
      <scriptResultStep>false</scriptResultStep>
      <userPrompt></userPrompt>
      <bindings/>
      <transitions>
        <transition id="bd8f1a8a-64b3-4851-bdc6-e82582c72850">
          <annotation></annotation>
          <name>return</name>
          <command>NEXT</command>
          <linkMode>false</linkMode>
          <responseSymbol>failure</responseSymbol>
          <shouldHandoff>false</shouldHandoff>
          <transitionValue>0.0</transitionValue>
          <destination>
            <refId>57eb91c7-d1ae-4dea-9f38-05852148102c</refId>
          </destination>
          <source>
            <refId>57eb91c7-d1ae-4dea-9f38-05852148102c</refId>
          </source>
          <positions/>
        </transition>
      </transitions>
      <properties/>
      <returnStepType>ERROR</returnStepType>
      <assignments/>
    </returnStep>
    <returnStep id="e3584f3a-d6b4-4e8a-9165-d7223c8c5d87">
      <annotation></annotation>
      <name>Resolved : success</name>
      <bounds>
        <x>557.0</x>
        <y>269.0</y>
      </bounds>
      <layer>-1</layer>
      <hideInbound>false</hideInbound>
      <addResultToRunContext>false</addResultToRunContext>
      <isCriticalStep>false</isCriticalStep>
      <isNonBlocking>false</isNonBlocking>
      <isParallelStep>false</isParallelStep>
      <isSingleResponse>false</isSingleResponse>
      <recordInHistory>false</recordInHistory>
      <recordRawOutput>true</recordRawOutput>
      <recordPrimaryOutput>true</recordPrimaryOutput>
      <checkPointStep>true</checkPointStep>
      <historyCheckPointStep>true</historyCheckPointStep>
      <scriptResultStep>false</scriptResultStep>
      <userPrompt></userPrompt>
      <bindings/>
      <transitions>
        <transition id="049a38a7-55c4-4630-9bbd-fd3faff030ef">
          <annotation></annotation>
          <name>return</name>
          <command>NEXT</command>
          <linkMode>false</linkMode>
          <responseSymbol>success</responseSymbol>
          <shouldHandoff>false</shouldHandoff>
          <transitionValue>0.0</transitionValue>
          <destination>
            <refId>e3584f3a-d6b4-4e8a-9165-d7223c8c5d87</refId>
          </destination>
          <source>
            <refId>e3584f3a-d6b4-4e8a-9165-d7223c8c5d87</refId>
          </source>
          <positions/>
        </transition>
      </transitions>
      <properties/>
      <returnStepType>RESOLVED</returnStepType>
      <assignments/>
    </returnStep>
  </steps>
  <startSteps>add7699e-a464-4764-84b5-3bdf3d80d237</startSteps>
</flow>