<?xml version="1.0" encoding="UTF-8"?>
<flow id="7d9eafa4-8d65-4e8d-860c-fd78a263155f">
  <annotation>7d9eafa4-8d65-4e8d-860c-fd78a263155f.description</annotation>
  <name>efficientip_macro_add_ip_php</name>
  <categories/>
  <inputs>
    <staticBinding id="f63302b0-e359-4807-a3da-0188fac21a2e">
      <annotation></annotation>
      <assignFromContext>true</assignFromContext>
      <assignToContext>true</assignToContext>
      <inputType>STRING</inputType>
      <isList>false</isList>
      <required>true</required>
      <isPersisted>true</isPersisted>
      <inputSymbol>host</inputSymbol>
      <listDelimiter>,</listDelimiter>
      <value>DERLIPAM001.SVCT.HPCCELL.COM</value>
      <record>false</record>
    </staticBinding>
    <staticBinding id="ce7a191a-0ee4-4751-9beb-150304498411">
      <annotation></annotation>
      <assignFromContext>true</assignFromContext>
      <assignToContext>true</assignToContext>
      <inputType>STRING</inputType>
      <isList>false</isList>
      <required>true</required>
      <isPersisted>true</isPersisted>
      <inputSymbol>port</inputSymbol>
      <listDelimiter>,</listDelimiter>
      <value>443</value>
      <record>false</record>
    </staticBinding>
    <staticBinding id="bd58c4b5-b1de-4fcc-9733-60fa4389ff62">
      <annotation></annotation>
      <assignFromContext>true</assignFromContext>
      <assignToContext>true</assignToContext>
      <inputType>STRING</inputType>
      <isList>false</isList>
      <required>false</required>
      <isPersisted>true</isPersisted>
      <inputSymbol>auth_login</inputSymbol>
      <listDelimiter>,</listDelimiter>
      <value>ipmadmin</value>
      <record>false</record>
    </staticBinding>
    <staticBinding id="f88df0c6-2c5b-44e2-a19a-5202c65581eb">
      <annotation></annotation>
      <assignFromContext>true</assignFromContext>
      <assignToContext>true</assignToContext>
      <inputType>ENCRYPTED</inputType>
      <isList>false</isList>
      <required>false</required>
      <isPersisted>true</isPersisted>
      <inputSymbol>auth_password</inputSymbol>
      <listDelimiter>,</listDelimiter>
      <value>{OBFUSCATED}RLTpiWyYuKyS9VHxFC7aPA==</value>
      <record>false</record>
    </staticBinding>
    <staticBinding id="36803280-127c-4261-a714-b0f5f296b2b1">
      <annotation></annotation>
      <assignFromContext>true</assignFromContext>
      <assignToContext>true</assignToContext>
      <inputType>STRING</inputType>
      <isList>false</isList>
      <required>false</required>
      <isPersisted>true</isPersisted>
      <inputSymbol>srvid</inputSymbol>
      <listDelimiter>,</listDelimiter>
      <value>123</value>
      <record>false</record>
    </staticBinding>
    <staticBinding id="37e77a40-a8e7-45fd-bc61-cd0dfc4175f0">
      <annotation></annotation>
      <assignFromContext>true</assignFromContext>
      <assignToContext>true</assignToContext>
      <inputType>STRING</inputType>
      <isList>false</isList>
      <required>false</required>
      <isPersisted>true</isPersisted>
      <inputSymbol>vlanglobalid</inputSymbol>
      <listDelimiter>,</listDelimiter>
      <value>ti11-cust-001</value>
      <record>false</record>
    </staticBinding>
  </inputs>
  <scriptlet id="8507738d-8429-41e2-8ee1-6ea2b3e1b58b">
    <annotation></annotation>
    <name>Operation efficientip_macro_add_ip_php (7d9eafa4-8d65-4e8d-860c-fd78a263155f)</name>
    <type>RHINO</type>
  </scriptlet>
  <possibleResponses>
    <opResponse id="0511d91a-c8a8-4e6d-aa81-8d448f7b9d02">
      <annotation></annotation>
      <name>success</name>
      <isDefault>true</isDefault>
      <onFailure>false</onFailure>
      <type>RESOLVED</type>
      <matchRules/>
    </opResponse>
    <opResponse id="f5adaac5-8c66-49e0-a78b-d281deee2298">
      <annotation></annotation>
      <name>failure</name>
      <isDefault>false</isDefault>
      <onFailure>true</onFailure>
      <type>ERROR</type>
      <matchRules/>
    </opResponse>
  </possibleResponses>
  <availableResultExpressions/>
  <resultExpression id="3a8925cc-690a-4aa4-965d-f98c729fa193">
    <annotation></annotation>
    <name>document</name>
    <fieldName>document</fieldName>
    <sourceType>RAWRESULT</sourceType>
    <filters/>
  </resultExpression>
  <iconSpec id="0a3395b7-3c4c-4327-b6be-d322b607e634">
    <baseIcon>flow.png</baseIcon>
    <basePath>System</basePath>
    <readOnly>false</readOnly>
    <layers/>
  </iconSpec>
  <callouts/>
  <checkPointFlow>true</checkPointFlow>
  <compatibleRuntimeContext>true</compatibleRuntimeContext>
  <historyCheckPointFlow>true</historyCheckPointFlow>
  <steps>
    <step id="02cd08bc-869d-4241-8af0-c7cfe894bba1">
      <annotation>7d9eafa4-8d65-4e8d-860c-fd78a263155f.02cd08bc-869d-4241-8af0-c7cfe894bba1.description</annotation>
      <name>Invoke Method 2</name>
      <bounds>
        <x>0.0</x>
        <y>0.0</y>
      </bounds>
      <layer>-1</layer>
      <hideInbound>false</hideInbound>
      <addResultToRunContext>false</addResultToRunContext>
      <isCriticalStep>false</isCriticalStep>
      <isNonBlocking>false</isNonBlocking>
      <isParallelStep>false</isParallelStep>
      <isSingleResponse>false</isSingleResponse>
      <recordInHistory>false</recordInHistory>
      <recordRawOutput>true</recordRawOutput>
      <recordPrimaryOutput>true</recordPrimaryOutput>
      <checkPointStep>true</checkPointStep>
      <historyCheckPointStep>true</historyCheckPointStep>
      <scriptResultStep>false</scriptResultStep>
      <userPrompt></userPrompt>
      <bindings>
        <staticBinding id="d2c4f4cf-98e6-44d3-9656-ff673b5b0a70">
          <annotation></annotation>
          <assignFromContext>false</assignFromContext>
          <assignToContext>true</assignToContext>
          <inputType>STRING</inputType>
          <isList>false</isList>
          <required>false</required>
          <isPersisted>true</isPersisted>
          <inputSymbol>xmlTemplate</inputSymbol>
          <listDelimiter>,</listDelimiter>
          <value>&lt;soapenv:Envelope xmlns:xsi=&quot;http://www.w3.org/2001/XMLSchema-instance&quot; xmlns:xsd=&quot;http://www.w3.org/2001/XMLSchema&quot; xmlns:soapenv=&quot;http://schemas.xmlsoap.org/soap/envelope/&quot; xmlns:urn=&quot;urn:IPM_SOAP&quot;&gt;
   &lt;soapenv:Header/&gt;
   &lt;soapenv:Body&gt;
      &lt;urn:efficientip_macro_add_ip_php soapenv:encodingStyle=&quot;http://schemas.xmlsoap.org/soap/encoding/&quot;&gt;
         &lt;input xsi:type=&quot;urn:efficientip_macro_add_ip_php_in&quot; xmlns:urn=&quot;urn:IPM&quot;&gt;
            &lt;!--You may enter the following 4 items in any order--&gt;
            &lt;auth_login xsi:type=&quot;xsd:string&quot;&gt;?&lt;/auth_login&gt;
            &lt;auth_password xsi:type=&quot;xsd:string&quot;&gt;?&lt;/auth_password&gt;
            &lt;!--Optional:--&gt;
            &lt;vlanglobalid xsi:type=&quot;xsd:string&quot;&gt;?&lt;/vlanglobalid&gt;
            &lt;!--Optional:--&gt;
            &lt;srvid xsi:type=&quot;xsd:string&quot;&gt;?&lt;/srvid&gt;
         &lt;/input&gt;
      &lt;/urn:efficientip_macro_add_ip_php&gt;
   &lt;/soapenv:Body&gt;
&lt;/soapenv:Envelope&gt;</value>
          <record>false</record>
        </staticBinding>
        <staticBinding id="f66a986b-970d-4f17-930a-f9e6a69d67b0">
          <annotation></annotation>
          <assignFromContext>false</assignFromContext>
          <assignToContext>true</assignToContext>
          <inputType>STRING</inputType>
          <isList>false</isList>
          <required>false</required>
          <isPersisted>true</isPersisted>
          <inputSymbol>inputMap</inputSymbol>
          <listDelimiter>,</listDelimiter>
          <value>efficientip_macro_add_ip_php|input|auth_login=auth_login
efficientip_macro_add_ip_php|input|auth_password=auth_password
efficientip_macro_add_ip_php|input|srvid=srvid
efficientip_macro_add_ip_php|input|vlanglobalid=vlanglobalid</value>
          <record>false</record>
        </staticBinding>
        <staticBinding id="1af3eb0d-5010-43d3-a9da-44a3d625c009">
          <annotation></annotation>
          <assignFromContext>false</assignFromContext>
          <assignToContext>true</assignToContext>
          <inputType>STRING</inputType>
          <isList>false</isList>
          <required>false</required>
          <isPersisted>true</isPersisted>
          <inputSymbol>url</inputSymbol>
          <listDelimiter>,</listDelimiter>
          <value>https://${host}:${port}/interfaces/ws.php</value>
          <record>false</record>
        </staticBinding>
        <staticBinding id="f1bb00e6-eee2-4232-808a-a1a586c36687">
          <annotation></annotation>
          <assignFromContext>false</assignFromContext>
          <assignToContext>true</assignToContext>
          <inputType>STRING</inputType>
          <isList>false</isList>
          <required>false</required>
          <isPersisted>true</isPersisted>
          <inputSymbol>header_SOAPAction</inputSymbol>
          <listDelimiter>,</listDelimiter>
          <value>urn:efficientip_macro_add_ip_php</value>
          <record>false</record>
        </staticBinding>
        <staticBinding id="2f9d5d81-4f98-4e2a-a1a5-367d47e68b9c">
          <annotation></annotation>
          <assignFromContext>true</assignFromContext>
          <assignToContext>true</assignToContext>
          <inputType>STRING</inputType>
          <isList>false</isList>
          <required>true</required>
          <isPersisted>true</isPersisted>
          <inputSymbol>wswAuthenticationType</inputSymbol>
          <listDelimiter>,</listDelimiter>
          <value>http</value>
          <record>false</record>
        </staticBinding>
        <staticBinding id="0e846b8a-8704-4e67-bab3-3d48fb43da8b">
          <annotation></annotation>
          <assignFromContext>false</assignFromContext>
          <assignToContext>true</assignToContext>
          <inputType>STRING</inputType>
          <isList>false</isList>
          <required>false</required>
          <isPersisted>true</isPersisted>
          <inputSymbol>WSSecuritySignRequest</inputSymbol>
          <listDelimiter>,</listDelimiter>
          <value>false</value>
          <record>false</record>
        </staticBinding>
        <staticBinding id="ca1f29e8-5b2f-4c45-9ef8-70695bcf919e">
          <annotation></annotation>
          <assignFromContext>false</assignFromContext>
          <assignToContext>true</assignToContext>
          <inputType>STRING</inputType>
          <isList>false</isList>
          <required>false</required>
          <isPersisted>true</isPersisted>
          <inputSymbol>WSSecurityEncryptRequest</inputSymbol>
          <listDelimiter>,</listDelimiter>
          <value>false</value>
          <record>false</record>
        </staticBinding>
        <staticBinding id="259ef7da-c796-4ec4-83c3-610773fe9a1e">
          <annotation></annotation>
          <assignFromContext>false</assignFromContext>
          <assignToContext>true</assignToContext>
          <inputType>STRING</inputType>
          <isList>false</isList>
          <required>false</required>
          <isPersisted>true</isPersisted>
          <inputSymbol>WSSecurityTimestampRequest</inputSymbol>
          <listDelimiter>,</listDelimiter>
          <value>false</value>
          <record>false</record>
        </staticBinding>
        <staticBinding id="e477929a-7941-42f4-8250-183521614c3c">
          <annotation></annotation>
          <assignFromContext>false</assignFromContext>
          <assignToContext>true</assignToContext>
          <inputType>STRING</inputType>
          <isList>false</isList>
          <required>false</required>
          <isPersisted>true</isPersisted>
          <inputSymbol>WSSecurityKeystore</inputSymbol>
          <listDelimiter>,</listDelimiter>
          <value></value>
          <record>false</record>
        </staticBinding>
        <staticBinding id="4f4d84a9-53a1-48c3-9a38-9f6d9987dca5">
          <annotation></annotation>
          <assignFromContext>false</assignFromContext>
          <assignToContext>true</assignToContext>
          <inputType>STRING</inputType>
          <isList>false</isList>
          <required>false</required>
          <isPersisted>true</isPersisted>
          <inputSymbol>WSSecurityKeystoreType</inputSymbol>
          <listDelimiter>,</listDelimiter>
          <value></value>
          <record>false</record>
        </staticBinding>
        <staticBinding id="b5d2aa8a-ec45-4ed4-ac73-5cdee338ba9b">
          <annotation></annotation>
          <assignFromContext>true</assignFromContext>
          <assignToContext>true</assignToContext>
          <inputType>ENCRYPTED</inputType>
          <isList>false</isList>
          <required>false</required>
          <isPersisted>true</isPersisted>
          <inputSymbol>WSSecurityKeystorePassword</inputSymbol>
          <listDelimiter>,</listDelimiter>
          <value></value>
          <record>false</record>
        </staticBinding>
        <staticBinding id="e6cc9bc5-105f-45d9-80e5-59d65bf944ba">
          <annotation></annotation>
          <assignFromContext>true</assignFromContext>
          <assignToContext>true</assignToContext>
          <inputType>STRING</inputType>
          <isList>false</isList>
          <required>false</required>
          <isPersisted>true</isPersisted>
          <inputSymbol>contentType</inputSymbol>
          <listDelimiter>,</listDelimiter>
          <value>text/xml; charset=utf-8</value>
          <record>false</record>
        </staticBinding>
        <staticBinding id="b71dfd2e-3c0f-4e09-8082-df9231e19f86">
          <annotation></annotation>
          <assignFromContext>true</assignFromContext>
          <assignToContext>true</assignToContext>
          <inputType>STRING</inputType>
          <isList>false</isList>
          <required>false</required>
          <isPersisted>true</isPersisted>
          <inputSymbol>username</inputSymbol>
          <listDelimiter>,</listDelimiter>
          <value></value>
          <record>false</record>
        </staticBinding>
        <staticBinding id="82e0213a-238e-4648-b8fc-008ce7c29809">
          <annotation></annotation>
          <assignFromContext>true</assignFromContext>
          <assignToContext>true</assignToContext>
          <inputType>ENCRYPTED</inputType>
          <isList>false</isList>
          <required>false</required>
          <isPersisted>true</isPersisted>
          <inputSymbol>password</inputSymbol>
          <listDelimiter>,</listDelimiter>
          <value></value>
          <record>false</record>
        </staticBinding>
        <staticBinding id="a3967eb1-2b1b-4d1b-9c07-0156d6a1dd68">
          <annotation></annotation>
          <assignFromContext>true</assignFromContext>
          <assignToContext>true</assignToContext>
          <inputType>STRING</inputType>
          <isList>false</isList>
          <required>false</required>
          <isPersisted>true</isPersisted>
          <inputSymbol>trustAllRoots</inputSymbol>
          <listDelimiter>,</listDelimiter>
          <value>true</value>
          <record>false</record>
        </staticBinding>
        <staticBinding id="fc63c693-f1bf-4dd2-8224-ac26a978fa7b">
          <annotation></annotation>
          <assignFromContext>true</assignFromContext>
          <assignToContext>true</assignToContext>
          <inputType>STRING</inputType>
          <isList>false</isList>
          <required>false</required>
          <isPersisted>true</isPersisted>
          <inputSymbol>useCookies</inputSymbol>
          <listDelimiter>,</listDelimiter>
          <value>true</value>
          <record>false</record>
        </staticBinding>
        <staticBinding id="725bc3fb-c1e2-4520-a307-0d10df4fd9cf">
          <annotation></annotation>
          <assignFromContext>true</assignFromContext>
          <assignToContext>true</assignToContext>
          <inputType>STRING</inputType>
          <isList>false</isList>
          <required>false</required>
          <isPersisted>true</isPersisted>
          <inputSymbol>timeout</inputSymbol>
          <listDelimiter>,</listDelimiter>
          <value></value>
          <record>false</record>
        </staticBinding>
        <staticBinding id="6ddb3be9-1ea9-47f8-9f85-1c0c4da4be68">
          <annotation></annotation>
          <assignFromContext>true</assignFromContext>
          <assignToContext>true</assignToContext>
          <inputType>STRING</inputType>
          <isList>false</isList>
          <required>false</required>
          <isPersisted>true</isPersisted>
          <inputSymbol>proxy</inputSymbol>
          <listDelimiter>,</listDelimiter>
          <value></value>
          <record>false</record>
        </staticBinding>
        <staticBinding id="5cfa7679-402a-479d-b613-4f079a1dfcd7">
          <annotation></annotation>
          <assignFromContext>true</assignFromContext>
          <assignToContext>true</assignToContext>
          <inputType>STRING</inputType>
          <isList>false</isList>
          <required>false</required>
          <isPersisted>true</isPersisted>
          <inputSymbol>proxyPort</inputSymbol>
          <listDelimiter>,</listDelimiter>
          <value></value>
          <record>false</record>
        </staticBinding>
        <staticBinding id="2f03329e-9171-4bdf-8fda-2132c294d3e7">
          <annotation></annotation>
          <assignFromContext>true</assignFromContext>
          <assignToContext>true</assignToContext>
          <inputType>STRING</inputType>
          <isList>false</isList>
          <required>false</required>
          <isPersisted>true</isPersisted>
          <inputSymbol>proxyUsername</inputSymbol>
          <listDelimiter>,</listDelimiter>
          <value></value>
          <record>false</record>
        </staticBinding>
        <staticBinding id="db0119aa-2f51-4dbb-b554-0904946a4435">
          <annotation></annotation>
          <assignFromContext>true</assignFromContext>
          <assignToContext>true</assignToContext>
          <inputType>ENCRYPTED</inputType>
          <isList>false</isList>
          <required>false</required>
          <isPersisted>true</isPersisted>
          <inputSymbol>proxyPassword</inputSymbol>
          <listDelimiter>,</listDelimiter>
          <value></value>
          <record>false</record>
        </staticBinding>
        <staticBinding id="da5f141a-6e04-4e14-947f-6384342ebd8c">
          <annotation></annotation>
          <assignFromContext>true</assignFromContext>
          <assignToContext>true</assignToContext>
          <inputType>STRING</inputType>
          <isList>false</isList>
          <required>false</required>
          <isPersisted>true</isPersisted>
          <inputSymbol>keystore</inputSymbol>
          <listDelimiter>,</listDelimiter>
          <value></value>
          <record>false</record>
        </staticBinding>
        <staticBinding id="a890fdda-53a2-4fba-819d-4fa09993ebc3">
          <annotation></annotation>
          <assignFromContext>true</assignFromContext>
          <assignToContext>true</assignToContext>
          <inputType>ENCRYPTED</inputType>
          <isList>false</isList>
          <required>false</required>
          <isPersisted>true</isPersisted>
          <inputSymbol>keystorePassword</inputSymbol>
          <listDelimiter>,</listDelimiter>
          <value></value>
          <record>false</record>
        </staticBinding>
        <staticBinding id="47ce8ceb-1960-49b9-b083-8d8e10ba2418">
          <annotation></annotation>
          <assignFromContext>true</assignFromContext>
          <assignToContext>true</assignToContext>
          <inputType>STRING</inputType>
          <isList>false</isList>
          <required>false</required>
          <isPersisted>true</isPersisted>
          <inputSymbol>ICONCLUDE_WSW_VERSION</inputSymbol>
          <listDelimiter>,</listDelimiter>
          <value>2</value>
          <record>false</record>
        </staticBinding>
        <staticBinding id="bce591a2-b0a3-41ca-bb7c-c684b7c21fce">
          <annotation></annotation>
          <assignFromContext>true</assignFromContext>
          <assignToContext>true</assignToContext>
          <inputType>STRING</inputType>
          <isList>false</isList>
          <required>false</required>
          <isPersisted>true</isPersisted>
          <inputSymbol>auth_login</inputSymbol>
          <listDelimiter>,</listDelimiter>
          <value></value>
          <record>false</record>
        </staticBinding>
        <staticBinding id="8f13ca11-39e6-47d9-a2b8-e14b03b7fcec">
          <annotation></annotation>
          <assignFromContext>true</assignFromContext>
          <assignToContext>true</assignToContext>
          <inputType>ENCRYPTED</inputType>
          <isList>false</isList>
          <required>false</required>
          <isPersisted>true</isPersisted>
          <inputSymbol>auth_password</inputSymbol>
          <listDelimiter>,</listDelimiter>
          <value>{OBFUSCATED}tFQ2pnWYKQCGLnn/5LPzoA==</value>
          <record>false</record>
        </staticBinding>
        <staticBinding id="4ff0e4f5-8b66-48a2-854b-46933bbfd173">
          <annotation></annotation>
          <assignFromContext>true</assignFromContext>
          <assignToContext>true</assignToContext>
          <inputType>STRING</inputType>
          <isList>false</isList>
          <required>false</required>
          <isPersisted>true</isPersisted>
          <inputSymbol>srvid</inputSymbol>
          <listDelimiter>,</listDelimiter>
          <value></value>
          <record>false</record>
        </staticBinding>
        <staticBinding id="0c6d8a64-b2ab-43f8-acc1-2c3dfaa83856">
          <annotation></annotation>
          <assignFromContext>true</assignFromContext>
          <assignToContext>true</assignToContext>
          <inputType>STRING</inputType>
          <isList>false</isList>
          <required>false</required>
          <isPersisted>true</isPersisted>
          <inputSymbol>vlanglobalid</inputSymbol>
          <listDelimiter>,</listDelimiter>
          <value></value>
          <record>false</record>
        </staticBinding>
      </bindings>
      <transitions>
        <transition id="dbdf73f1-6ad7-438f-803c-6240b1bd96e1">
          <annotation></annotation>
          <name>success</name>
          <command>NEXT</command>
          <linkMode>false</linkMode>
          <responseSymbol>success</responseSymbol>
          <shouldHandoff>false</shouldHandoff>
          <transitionValue>0.0</transitionValue>
          <destination>
            <refId>d4866d9d-7124-45c2-8e5b-1bc19ad21320</refId>
          </destination>
          <source>
            <refId>02cd08bc-869d-4241-8af0-c7cfe894bba1</refId>
          </source>
          <positions/>
          <labelPosition>
            <x>333.0</x>
            <y>0.0</y>
          </labelPosition>
        </transition>
        <transition id="4ee2cc31-e408-4cc7-ad35-769991f12932">
          <annotation></annotation>
          <name>failure</name>
          <command>NEXT</command>
          <linkMode>false</linkMode>
          <responseSymbol>failure</responseSymbol>
          <shouldHandoff>false</shouldHandoff>
          <transitionValue>0.0</transitionValue>
          <destination>
            <refId>460bf678-81a8-418c-8c59-0a13e8750a98</refId>
          </destination>
          <source>
            <refId>02cd08bc-869d-4241-8af0-c7cfe894bba1</refId>
          </source>
          <positions/>
          <labelPosition>
            <x>333.0</x>
            <y>0.0</y>
          </labelPosition>
        </transition>
      </transitions>
      <properties/>
      <opRef>
        <refId>962ffbf8-4105-46bb-8c71-84f037c4de61</refId>
      </opRef>
      <assignments>
        <flowVariableAssignment id="4c15f67b-2a20-4669-adf9-48d831397f3a">
          <annotation></annotation>
          <name>document</name>
          <action>OVERWRITE</action>
          <assignmentTargetType>FLOW_OUTPUT_FIELD</assignmentTargetType>
          <contextKey>document</contextKey>
          <expression id="d1ffff47-b0a8-48fd-a207-54bfa9b6bfc4">
            <annotation></annotation>
            <name>document</name>
            <fieldName>document</fieldName>
            <sourceType>RAWRESULT</sourceType>
            <filters/>
          </expression>
        </flowVariableAssignment>
        <flowVariableAssignment id="042a58eb-2ab3-424f-99de-daf9967e78f5">
          <annotation></annotation>
          <name>documentStripped</name>
          <action>OVERWRITE</action>
          <assignmentTargetType>FLOW_OUTPUT_FIELD</assignmentTargetType>
          <contextKey>documentStripped</contextKey>
          <expression id="4ecd4986-7691-4522-be06-b1726d12127d">
            <annotation></annotation>
            <name>documentStripped</name>
            <fieldName>documentStripped</fieldName>
            <sourceType>RAWRESULT</sourceType>
            <filters/>
          </expression>
        </flowVariableAssignment>
        <flowVariableAssignment id="838ead91-5df3-4ef4-b128-3ce52ed8dae6">
          <annotation></annotation>
          <name>documentStripped</name>
          <action>OVERWRITE</action>
          <assignmentTargetType>FLOW_OUTPUT_FIELD</assignmentTargetType>
          <contextKey>output</contextKey>
          <expression id="51e9132a-20e9-4003-b6b2-eca979e318b4">
            <annotation></annotation>
            <name>documentStripped</name>
            <fieldName>documentStripped</fieldName>
            <sourceType>RAWRESULT</sourceType>
            <filters>
              <xpathFilter id="dec5d876-a2d5-4f4b-8601-b3bfead08286">
                <annotation></annotation>
                <name>Config Item</name>
                <xpathQuery>/Envelope/Body/efficientip_macro_add_ip_phpResponse/output</xpathQuery>
              </xpathFilter>
            </filters>
          </expression>
        </flowVariableAssignment>
      </assignments>
      <throttleSize>0</throttleSize>
    </step>
    <returnStep id="460bf678-81a8-418c-8c59-0a13e8750a98">
      <annotation></annotation>
      <name>Error : failure</name>
      <bounds>
        <x>150.0</x>
        <y>150.0</y>
      </bounds>
      <layer>-1</layer>
      <hideInbound>false</hideInbound>
      <addResultToRunContext>false</addResultToRunContext>
      <isCriticalStep>false</isCriticalStep>
      <isNonBlocking>false</isNonBlocking>
      <isParallelStep>false</isParallelStep>
      <isSingleResponse>false</isSingleResponse>
      <recordInHistory>false</recordInHistory>
      <recordRawOutput>true</recordRawOutput>
      <recordPrimaryOutput>true</recordPrimaryOutput>
      <checkPointStep>true</checkPointStep>
      <historyCheckPointStep>true</historyCheckPointStep>
      <scriptResultStep>false</scriptResultStep>
      <userPrompt></userPrompt>
      <bindings/>
      <transitions>
        <transition id="1c5fe790-1095-47fb-bd52-ff3236a52eb1">
          <annotation></annotation>
          <name>return</name>
          <command>NEXT</command>
          <linkMode>false</linkMode>
          <responseSymbol>failure</responseSymbol>
          <shouldHandoff>false</shouldHandoff>
          <transitionValue>0.0</transitionValue>
          <destination>
            <refId>460bf678-81a8-418c-8c59-0a13e8750a98</refId>
          </destination>
          <source>
            <refId>460bf678-81a8-418c-8c59-0a13e8750a98</refId>
          </source>
          <positions/>
        </transition>
      </transitions>
      <properties/>
      <returnStepType>ERROR</returnStepType>
      <assignments/>
    </returnStep>
    <returnStep id="d4866d9d-7124-45c2-8e5b-1bc19ad21320">
      <annotation></annotation>
      <name>Resolved : success</name>
      <bounds>
        <x>0.0</x>
        <y>150.0</y>
      </bounds>
      <layer>-1</layer>
      <hideInbound>false</hideInbound>
      <addResultToRunContext>false</addResultToRunContext>
      <isCriticalStep>false</isCriticalStep>
      <isNonBlocking>false</isNonBlocking>
      <isParallelStep>false</isParallelStep>
      <isSingleResponse>false</isSingleResponse>
      <recordInHistory>false</recordInHistory>
      <recordRawOutput>true</recordRawOutput>
      <recordPrimaryOutput>true</recordPrimaryOutput>
      <checkPointStep>true</checkPointStep>
      <historyCheckPointStep>true</historyCheckPointStep>
      <scriptResultStep>false</scriptResultStep>
      <userPrompt></userPrompt>
      <bindings/>
      <transitions>
        <transition id="77567297-e0a0-4e1d-bd99-3739734baad2">
          <annotation></annotation>
          <name>return</name>
          <command>NEXT</command>
          <linkMode>false</linkMode>
          <responseSymbol>success</responseSymbol>
          <shouldHandoff>false</shouldHandoff>
          <transitionValue>0.0</transitionValue>
          <destination>
            <refId>d4866d9d-7124-45c2-8e5b-1bc19ad21320</refId>
          </destination>
          <source>
            <refId>d4866d9d-7124-45c2-8e5b-1bc19ad21320</refId>
          </source>
          <positions/>
        </transition>
      </transitions>
      <properties/>
      <returnStepType>RESOLVED</returnStepType>
      <assignments/>
    </returnStep>
  </steps>
  <startSteps>02cd08bc-869d-4241-8af0-c7cfe894bba1</startSteps>
</flow>