<?xml version="1.0" encoding="UTF-8"?>
<flow id="534d63c8-92d1-44eb-8476-830f90e0f683">
  <annotation>534d63c8-92d1-44eb-8476-830f90e0f683.description</annotation>
  <name>MOE_PowerOffIOService</name>
  <categories/>
  <inputs>
    <userInputBinding id="f9d1ebe2-cd26-4f29-a50c-915b8c2a11fc">
      <annotation></annotation>
      <assignFromContext>true</assignFromContext>
      <assignToContext>true</assignToContext>
      <inputType>STRING</inputType>
      <isList>false</isList>
      <required>true</required>
      <isPersisted>true</isPersisted>
      <inputSymbol>url</inputSymbol>
      <listDelimiter>,</listDelimiter>
      <record>false</record>
      <prompt></prompt>
      <isMultiSelect>false</isMultiSelect>
      <sourceDelimiter>|</sourceDelimiter>
    </userInputBinding>
    <userInputBinding id="199b0e7f-e51a-437f-b2bb-6e1ca012be81">
      <annotation></annotation>
      <assignFromContext>true</assignFromContext>
      <assignToContext>true</assignToContext>
      <inputType>STRING</inputType>
      <isList>false</isList>
      <required>true</required>
      <isPersisted>true</isPersisted>
      <inputSymbol>username</inputSymbol>
      <listDelimiter>,</listDelimiter>
      <record>false</record>
      <prompt></prompt>
      <isMultiSelect>false</isMultiSelect>
      <sourceDelimiter>|</sourceDelimiter>
    </userInputBinding>
    <userInputBinding id="3a8c7ce9-370a-48b2-8c13-a8459b7408fd">
      <annotation></annotation>
      <assignFromContext>true</assignFromContext>
      <assignToContext>true</assignToContext>
      <inputType>ENCRYPTED</inputType>
      <isList>false</isList>
      <required>true</required>
      <isPersisted>true</isPersisted>
      <inputSymbol>password</inputSymbol>
      <listDelimiter>,</listDelimiter>
      <record>false</record>
      <prompt></prompt>
      <isMultiSelect>false</isMultiSelect>
      <sourceDelimiter>|</sourceDelimiter>
    </userInputBinding>
    <userInputBinding id="dd1a2345-740a-46c2-90eb-5063b71c0f68">
      <annotation></annotation>
      <assignFromContext>true</assignFromContext>
      <assignToContext>true</assignToContext>
      <inputType>STRING</inputType>
      <isList>false</isList>
      <required>true</required>
      <isPersisted>true</isPersisted>
      <inputSymbol>serviceName</inputSymbol>
      <listDelimiter>,</listDelimiter>
      <record>false</record>
      <prompt></prompt>
      <isMultiSelect>false</isMultiSelect>
      <sourceDelimiter>|</sourceDelimiter>
    </userInputBinding>
    <staticBinding id="15119373-cfe8-4ea7-ae61-ed09411f3482">
      <annotation></annotation>
      <assignFromContext>true</assignFromContext>
      <assignToContext>true</assignToContext>
      <inputType>STRING</inputType>
      <isList>false</isList>
      <required>false</required>
      <isPersisted>true</isPersisted>
      <inputSymbol>lobUser</inputSymbol>
      <listDelimiter>,</listDelimiter>
      <value>${username}</value>
      <record>false</record>
    </staticBinding>
    <userInputBinding id="b2976395-6fb9-485b-9085-dcd08942c6cf">
      <annotation></annotation>
      <assignFromContext>true</assignFromContext>
      <assignToContext>true</assignToContext>
      <inputType>STRING</inputType>
      <isList>false</isList>
      <required>false</required>
      <isPersisted>true</isPersisted>
      <inputSymbol>impersonationHeader</inputSymbol>
      <listDelimiter>,</listDelimiter>
      <record>false</record>
      <prompt></prompt>
      <isMultiSelect>false</isMultiSelect>
      <sourceDelimiter>|</sourceDelimiter>
    </userInputBinding>
  </inputs>
  <scriptlet id="dd5bb075-b30d-4381-94c3-853b667e0c7c">
    <annotation></annotation>
    <name>Operation MOE_PowerOffIOService (534d63c8-92d1-44eb-8476-830f90e0f683)</name>
    <type>RHINO</type>
  </scriptlet>
  <possibleResponses>
    <opResponse id="5eed4174-1a62-48c9-ae55-371343380ec5">
      <annotation></annotation>
      <name>success</name>
      <isDefault>true</isDefault>
      <onFailure>false</onFailure>
      <type>RESOLVED</type>
      <matchRules/>
    </opResponse>
    <opResponse id="1208670a-142d-4117-8bff-f87d22d80774">
      <annotation></annotation>
      <name>failure</name>
      <isDefault>false</isDefault>
      <onFailure>true</onFailure>
      <type>ERROR</type>
      <matchRules/>
    </opResponse>
  </possibleResponses>
  <availableResultExpressions/>
  <resultExpression id="a3678d98-1baa-4b9d-9c19-aa91c9986a0c">
    <annotation></annotation>
    <name>document</name>
    <fieldName>document</fieldName>
    <sourceType>RAWRESULT</sourceType>
    <filters/>
  </resultExpression>
  <iconSpec id="f49b519b-d8b7-4d3b-8dbb-38580f95234b">
    <baseIcon>flow.png</baseIcon>
    <basePath>System</basePath>
    <readOnly>false</readOnly>
    <layers/>
  </iconSpec>
  <callouts/>
  <checkPointFlow>true</checkPointFlow>
  <compatibleRuntimeContext>true</compatibleRuntimeContext>
  <historyCheckPointFlow>true</historyCheckPointFlow>
  <steps>
    <step id="dc77fc81-2343-44a5-97b4-5decbdb02b88">
      <annotation></annotation>
      <name>Get IO Soap Endpoint Info</name>
      <bounds>
        <x>0.0</x>
        <y>0.0</y>
      </bounds>
      <layer>-1</layer>
      <hideInbound>false</hideInbound>
      <addResultToRunContext>false</addResultToRunContext>
      <isCriticalStep>false</isCriticalStep>
      <isNonBlocking>false</isNonBlocking>
      <isParallelStep>false</isParallelStep>
      <isSingleResponse>false</isSingleResponse>
      <recordInHistory>false</recordInHistory>
      <recordRawOutput>true</recordRawOutput>
      <recordPrimaryOutput>true</recordPrimaryOutput>
      <checkPointStep>true</checkPointStep>
      <historyCheckPointStep>true</historyCheckPointStep>
      <scriptResultStep>false</scriptResultStep>
      <userPrompt></userPrompt>
      <bindings>
        <userInputBinding id="e6bd7d6b-6db9-423a-9d52-cb6dba48a83d">
          <annotation></annotation>
          <fromContextKey>url</fromContextKey>
          <assignFromContext>true</assignFromContext>
          <assignToContext>true</assignToContext>
          <inputType>STRING</inputType>
          <isList>false</isList>
          <required>true</required>
          <isPersisted>true</isPersisted>
          <inputSymbol>ioSoapEndPoint</inputSymbol>
          <listDelimiter>,</listDelimiter>
          <record>false</record>
          <prompt></prompt>
          <isMultiSelect>false</isMultiSelect>
          <sourceDelimiter>|</sourceDelimiter>
        </userInputBinding>
      </bindings>
      <transitions>
        <transition id="4ecd694f-6bf5-46b8-b01c-a06fe7a5ed21">
          <annotation></annotation>
          <name>success</name>
          <command>NEXT</command>
          <linkMode>false</linkMode>
          <responseSymbol>success</responseSymbol>
          <shouldHandoff>false</shouldHandoff>
          <transitionValue>0.0</transitionValue>
          <destination>
            <refId>5bbea058-9434-45a2-87be-3d7072821f2b</refId>
          </destination>
          <source>
            <refId>dc77fc81-2343-44a5-97b4-5decbdb02b88</refId>
          </source>
          <positions>
            <point>
              <x>50.0</x>
              <y>34.0</y>
            </point>
            <point>
              <x>50.0</x>
              <y>183.0</y>
            </point>
          </positions>
          <labelPosition>
            <x>333.0</x>
            <y>0.0</y>
          </labelPosition>
        </transition>
      </transitions>
      <properties/>
      <opRef>
        <refId>228833e1-0d51-4037-b7d0-cec2d362e376</refId>
      </opRef>
      <assignments>
        <flowVariableAssignment id="a3e7aeb0-4aee-4197-8cc2-2dbf4edfc38e">
          <annotation></annotation>
          <name>assignment</name>
          <action>OVERWRITE</action>
          <assignmentTargetType>FLOW_VARIABLE</assignmentTargetType>
          <contextKey>soapEndpoint</contextKey>
          <expression id="64cb8e04-03ae-47bb-8939-f594e03d14f2">
            <annotation></annotation>
            <name>Result Field: wsdlVersion</name>
            <fieldName>wsdlVersion</fieldName>
            <sourceType>RAWRESULT</sourceType>
            <filters/>
          </expression>
        </flowVariableAssignment>
      </assignments>
      <throttleSize>0</throttleSize>
    </step>
    <step id="0321cb99-14cc-4888-9c84-97cf610354d7">
      <annotation>534d63c8-92d1-44eb-8476-830f90e0f683.0321cb99-14cc-4888-9c84-97cf610354d7.description</annotation>
      <name>Get IO Service Details</name>
      <bounds>
        <x>321.0</x>
        <y>149.0</y>
      </bounds>
      <layer>-1</layer>
      <hideInbound>false</hideInbound>
      <addResultToRunContext>false</addResultToRunContext>
      <isCriticalStep>false</isCriticalStep>
      <isNonBlocking>false</isNonBlocking>
      <isParallelStep>false</isParallelStep>
      <isSingleResponse>false</isSingleResponse>
      <recordInHistory>false</recordInHistory>
      <recordRawOutput>true</recordRawOutput>
      <recordPrimaryOutput>true</recordPrimaryOutput>
      <checkPointStep>true</checkPointStep>
      <historyCheckPointStep>true</historyCheckPointStep>
      <scriptResultStep>false</scriptResultStep>
      <userPrompt></userPrompt>
      <bindings>
        <userInputBinding id="0696bac3-35df-4097-899d-af64e253d41c">
          <annotation></annotation>
          <assignFromContext>true</assignFromContext>
          <assignToContext>true</assignToContext>
          <inputType>STRING</inputType>
          <isList>false</isList>
          <required>true</required>
          <isPersisted>true</isPersisted>
          <inputSymbol>serviceName</inputSymbol>
          <listDelimiter>,</listDelimiter>
          <record>false</record>
          <prompt></prompt>
          <isMultiSelect>false</isMultiSelect>
          <sourceDelimiter>|</sourceDelimiter>
        </userInputBinding>
        <userInputBinding id="8b888b0b-3e67-4304-9360-f1aa8fdfa614">
          <annotation></annotation>
          <assignFromContext>true</assignFromContext>
          <assignToContext>true</assignToContext>
          <inputType>STRING</inputType>
          <isList>false</isList>
          <required>true</required>
          <isPersisted>true</isPersisted>
          <inputSymbol>username</inputSymbol>
          <listDelimiter>,</listDelimiter>
          <record>false</record>
          <prompt></prompt>
          <isMultiSelect>false</isMultiSelect>
          <sourceDelimiter>|</sourceDelimiter>
        </userInputBinding>
        <userInputBinding id="a0f6a734-9f40-4515-95cf-56f5a226ad23">
          <annotation></annotation>
          <assignFromContext>true</assignFromContext>
          <assignToContext>true</assignToContext>
          <inputType>ENCRYPTED</inputType>
          <isList>false</isList>
          <required>true</required>
          <isPersisted>true</isPersisted>
          <inputSymbol>password</inputSymbol>
          <listDelimiter>,</listDelimiter>
          <record>false</record>
          <prompt></prompt>
          <isMultiSelect>false</isMultiSelect>
          <sourceDelimiter>|</sourceDelimiter>
        </userInputBinding>
        <userInputBinding id="1dda7103-b23b-4891-a1d1-b107b0509984">
          <annotation></annotation>
          <assignFromContext>true</assignFromContext>
          <assignToContext>true</assignToContext>
          <inputType>STRING</inputType>
          <isList>false</isList>
          <required>true</required>
          <isPersisted>true</isPersisted>
          <inputSymbol>url</inputSymbol>
          <listDelimiter>,</listDelimiter>
          <record>false</record>
          <prompt></prompt>
          <isMultiSelect>false</isMultiSelect>
          <sourceDelimiter>|</sourceDelimiter>
        </userInputBinding>
        <userInputBinding id="f3d25fba-087e-4579-b6e2-85c2f9b1e13d">
          <annotation></annotation>
          <assignFromContext>true</assignFromContext>
          <assignToContext>true</assignToContext>
          <inputType>STRING</inputType>
          <isList>false</isList>
          <required>true</required>
          <isPersisted>true</isPersisted>
          <inputSymbol>soapEndpoint</inputSymbol>
          <listDelimiter>,</listDelimiter>
          <record>false</record>
          <prompt></prompt>
          <isMultiSelect>false</isMultiSelect>
          <sourceDelimiter>|</sourceDelimiter>
        </userInputBinding>
        <staticBinding id="5f257302-517c-4f46-a205-e640130b852f">
          <annotation></annotation>
          <assignFromContext>true</assignFromContext>
          <assignToContext>true</assignToContext>
          <inputType>STRING</inputType>
          <isList>false</isList>
          <required>false</required>
          <isPersisted>true</isPersisted>
          <inputSymbol>lobUser</inputSymbol>
          <listDelimiter>,</listDelimiter>
          <value>${username}</value>
          <record>false</record>
        </staticBinding>
        <staticBinding id="412fa197-412e-4769-9876-6e42ac2cab15">
          <annotation></annotation>
          <assignFromContext>true</assignFromContext>
          <assignToContext>true</assignToContext>
          <inputType>STRING</inputType>
          <isList>false</isList>
          <required>false</required>
          <isPersisted>true</isPersisted>
          <inputSymbol>impersonationHeader</inputSymbol>
          <listDelimiter>,</listDelimiter>
          <value></value>
          <record>false</record>
        </staticBinding>
      </bindings>
      <transitions>
        <transition id="ee7c0864-d806-439d-834c-396ed9c0c168">
          <annotation></annotation>
          <name>failure</name>
          <command>NEXT</command>
          <linkMode>false</linkMode>
          <responseSymbol>failure</responseSymbol>
          <shouldHandoff>false</shouldHandoff>
          <transitionValue>0.0</transitionValue>
          <destination>
            <refId>71d97322-db24-4a05-905a-faada9be28ee</refId>
          </destination>
          <source>
            <refId>0321cb99-14cc-4888-9c84-97cf610354d7</refId>
          </source>
          <positions>
            <point>
              <x>366.0</x>
              <y>34.0</y>
            </point>
            <point>
              <x>201.0</x>
              <y>204.0</y>
            </point>
          </positions>
          <labelPosition>
            <x>333.0</x>
            <y>0.0</y>
          </labelPosition>
        </transition>
        <transition id="d73e1c53-981a-4685-9492-85016d8413bc">
          <annotation></annotation>
          <name>success</name>
          <command>NEXT</command>
          <linkMode>false</linkMode>
          <responseSymbol>success</responseSymbol>
          <shouldHandoff>false</shouldHandoff>
          <transitionValue>0.0</transitionValue>
          <destination>
            <refId>849b2c53-6764-4297-bd06-e8ba004a4a01</refId>
          </destination>
          <source>
            <refId>0321cb99-14cc-4888-9c84-97cf610354d7</refId>
          </source>
          <positions>
            <point>
              <x>371.0</x>
              <y>183.0</y>
            </point>
            <point>
              <x>525.0</x>
              <y>235.0</y>
            </point>
          </positions>
          <labelPosition>
            <x>333.0</x>
            <y>0.0</y>
          </labelPosition>
        </transition>
      </transitions>
      <properties/>
      <opRef>
        <refId>863a459a-6647-4b90-a55c-4d4546db88b1</refId>
      </opRef>
      <assignments>
        <flowVariableAssignment id="88e6e0a6-9c06-4a70-896e-d2b7f08b9af7">
          <annotation></annotation>
          <name>assignment</name>
          <action>OVERWRITE</action>
          <assignmentTargetType>FLOW_VARIABLE</assignmentTargetType>
          <contextKey>document</contextKey>
          <expression id="9c44fbc1-8692-4260-be68-e630dda3b519">
            <annotation></annotation>
            <name>Result Field: documentStripped</name>
            <fieldName>documentStripped</fieldName>
            <sourceType>RAWRESULT</sourceType>
            <filters/>
          </expression>
        </flowVariableAssignment>
      </assignments>
      <throttleSize>0</throttleSize>
    </step>
    <step id="5bbea058-9434-45a2-87be-3d7072821f2b">
      <annotation>534d63c8-92d1-44eb-8476-830f90e0f683.5bbea058-9434-45a2-87be-3d7072821f2b.description</annotation>
      <name>Call Power Off Service</name>
      <bounds>
        <x>0.0</x>
        <y>149.0</y>
      </bounds>
      <layer>-1</layer>
      <hideInbound>false</hideInbound>
      <addResultToRunContext>false</addResultToRunContext>
      <isCriticalStep>false</isCriticalStep>
      <isNonBlocking>false</isNonBlocking>
      <isParallelStep>false</isParallelStep>
      <isSingleResponse>false</isSingleResponse>
      <recordInHistory>false</recordInHistory>
      <recordRawOutput>true</recordRawOutput>
      <recordPrimaryOutput>true</recordPrimaryOutput>
      <checkPointStep>true</checkPointStep>
      <historyCheckPointStep>true</historyCheckPointStep>
      <scriptResultStep>false</scriptResultStep>
      <userPrompt></userPrompt>
      <bindings>
        <staticBinding id="f87dc747-53b7-463b-aeff-c8fafc13b624">
          <annotation></annotation>
          <assignFromContext>false</assignFromContext>
          <assignToContext>false</assignToContext>
          <inputType>STRING</inputType>
          <isList>false</isList>
          <required>false</required>
          <isPersisted>true</isPersisted>
          <inputSymbol>xmlTemplate</inputSymbol>
          <listDelimiter>,</listDelimiter>
          <value>&lt;soapenv:Envelope xmlns:soapenv=&quot;http://schemas.xmlsoap.org/soap/envelope/&quot; xmlns:${soapEndpoint}=&quot;http://${soapEndpoint}.soap.io.hp.com/&quot;&gt;
   &lt;soapenv:Header/&gt;
   &lt;soapenv:Body&gt;
      &lt;${soapEndpoint}:powerOffService&gt;
         &lt;serviceName&gt;?&lt;/serviceName&gt;
      &lt;/${soapEndpoint}:powerOffService&gt;
   &lt;/soapenv:Body&gt;
&lt;/soapenv:Envelope&gt;</value>
          <record>false</record>
        </staticBinding>
        <staticBinding id="ac8bcfa9-3da4-4ae7-9e49-828f7f448aef">
          <annotation></annotation>
          <assignFromContext>false</assignFromContext>
          <assignToContext>false</assignToContext>
          <inputType>STRING</inputType>
          <isList>false</isList>
          <required>false</required>
          <isPersisted>true</isPersisted>
          <inputSymbol>inputMap</inputSymbol>
          <listDelimiter>,</listDelimiter>
          <value>powerOffService|serviceName=serviceName</value>
          <record>false</record>
        </staticBinding>
        <userInputBinding id="3a450e9b-30b1-4a8a-8dcf-7320832c4a08">
          <annotation></annotation>
          <assignFromContext>true</assignFromContext>
          <assignToContext>false</assignToContext>
          <inputType>STRING</inputType>
          <isList>false</isList>
          <required>false</required>
          <isPersisted>true</isPersisted>
          <inputSymbol>url</inputSymbol>
          <listDelimiter>,</listDelimiter>
          <record>false</record>
          <prompt></prompt>
          <isMultiSelect>false</isMultiSelect>
          <sourceDelimiter>|</sourceDelimiter>
        </userInputBinding>
        <staticBinding id="3b417ab6-7515-4494-889d-a8c491bd0a94">
          <annotation></annotation>
          <assignFromContext>false</assignFromContext>
          <assignToContext>true</assignToContext>
          <inputType>STRING</inputType>
          <isList>false</isList>
          <required>false</required>
          <isPersisted>true</isPersisted>
          <inputSymbol>header_SOAPAction</inputSymbol>
          <listDelimiter>,</listDelimiter>
          <value></value>
          <record>false</record>
        </staticBinding>
        <staticBinding id="994a3ae3-b72b-49ab-a431-791b023fb41d">
          <annotation></annotation>
          <assignFromContext>true</assignFromContext>
          <assignToContext>true</assignToContext>
          <inputType>STRING</inputType>
          <isList>false</isList>
          <required>true</required>
          <isPersisted>true</isPersisted>
          <inputSymbol>wswAuthenticationType</inputSymbol>
          <listDelimiter>,</listDelimiter>
          <value>ws-security text</value>
          <record>false</record>
        </staticBinding>
        <staticBinding id="55abb6fd-2ea0-4312-8143-1a6b7e20cbd9">
          <annotation></annotation>
          <assignFromContext>false</assignFromContext>
          <assignToContext>true</assignToContext>
          <inputType>STRING</inputType>
          <isList>false</isList>
          <required>false</required>
          <isPersisted>true</isPersisted>
          <inputSymbol>WSSecuritySignRequest</inputSymbol>
          <listDelimiter>,</listDelimiter>
          <value>false</value>
          <record>false</record>
        </staticBinding>
        <staticBinding id="abb4f8c3-8609-4b4a-b5e5-a34962c76afc">
          <annotation></annotation>
          <assignFromContext>false</assignFromContext>
          <assignToContext>true</assignToContext>
          <inputType>STRING</inputType>
          <isList>false</isList>
          <required>false</required>
          <isPersisted>true</isPersisted>
          <inputSymbol>WSSecurityEncryptRequest</inputSymbol>
          <listDelimiter>,</listDelimiter>
          <value>false</value>
          <record>false</record>
        </staticBinding>
        <staticBinding id="61e03c00-e120-4d42-aa49-3c41b8f4bd7a">
          <annotation></annotation>
          <assignFromContext>true</assignFromContext>
          <assignToContext>true</assignToContext>
          <inputType>STRING</inputType>
          <isList>false</isList>
          <required>false</required>
          <isPersisted>true</isPersisted>
          <inputSymbol>WSSecurityTimestampRequest</inputSymbol>
          <listDelimiter>,</listDelimiter>
          <value>true</value>
          <record>false</record>
        </staticBinding>
        <staticBinding id="1a1886b8-3d4b-4f2a-98e3-68619be546e6">
          <annotation></annotation>
          <assignFromContext>false</assignFromContext>
          <assignToContext>true</assignToContext>
          <inputType>STRING</inputType>
          <isList>false</isList>
          <required>false</required>
          <isPersisted>true</isPersisted>
          <inputSymbol>WSSecurityKeystore</inputSymbol>
          <listDelimiter>,</listDelimiter>
          <value></value>
          <record>false</record>
        </staticBinding>
        <staticBinding id="e9e72922-35f1-452a-86ab-9019d9c9f362">
          <annotation></annotation>
          <assignFromContext>false</assignFromContext>
          <assignToContext>true</assignToContext>
          <inputType>STRING</inputType>
          <isList>false</isList>
          <required>false</required>
          <isPersisted>true</isPersisted>
          <inputSymbol>WSSecurityKeystoreType</inputSymbol>
          <listDelimiter>,</listDelimiter>
          <value></value>
          <record>false</record>
        </staticBinding>
        <staticBinding id="01ddba59-e61a-4984-8b63-542556a4007d">
          <annotation></annotation>
          <assignFromContext>true</assignFromContext>
          <assignToContext>true</assignToContext>
          <inputType>ENCRYPTED</inputType>
          <isList>false</isList>
          <required>false</required>
          <isPersisted>true</isPersisted>
          <inputSymbol>WSSecurityKeystorePassword</inputSymbol>
          <listDelimiter>,</listDelimiter>
          <value></value>
          <record>false</record>
        </staticBinding>
        <staticBinding id="17567039-c827-446d-8d5e-85f6937523ef">
          <annotation></annotation>
          <assignFromContext>true</assignFromContext>
          <assignToContext>true</assignToContext>
          <inputType>STRING</inputType>
          <isList>false</isList>
          <required>false</required>
          <isPersisted>true</isPersisted>
          <inputSymbol>contentType</inputSymbol>
          <listDelimiter>,</listDelimiter>
          <value>text/xml; charset=utf-8</value>
          <record>false</record>
        </staticBinding>
        <userInputBinding id="5059f834-4363-40e0-af24-312850f70922">
          <annotation></annotation>
          <assignFromContext>true</assignFromContext>
          <assignToContext>true</assignToContext>
          <inputType>STRING</inputType>
          <isList>false</isList>
          <required>true</required>
          <isPersisted>true</isPersisted>
          <inputSymbol>username</inputSymbol>
          <listDelimiter>,</listDelimiter>
          <record>false</record>
          <prompt>534d63c8-92d1-44eb-8476-830f90e0f683.5059f834-4363-40e0-af24-312850f70922.prompt</prompt>
          <isMultiSelect>false</isMultiSelect>
          <sourceDelimiter>|</sourceDelimiter>
        </userInputBinding>
        <userInputBinding id="2ec2e7dc-20ba-4089-81d6-0a1ac1294a73">
          <annotation></annotation>
          <assignFromContext>true</assignFromContext>
          <assignToContext>true</assignToContext>
          <inputType>ENCRYPTED</inputType>
          <isList>false</isList>
          <required>true</required>
          <isPersisted>true</isPersisted>
          <inputSymbol>password</inputSymbol>
          <listDelimiter>,</listDelimiter>
          <record>false</record>
          <prompt>534d63c8-92d1-44eb-8476-830f90e0f683.2ec2e7dc-20ba-4089-81d6-0a1ac1294a73.prompt</prompt>
          <isMultiSelect>false</isMultiSelect>
          <sourceDelimiter>|</sourceDelimiter>
        </userInputBinding>
        <staticBinding id="ec6109ce-8632-488d-850b-374065fb3991">
          <annotation></annotation>
          <assignFromContext>true</assignFromContext>
          <assignToContext>true</assignToContext>
          <inputType>STRING</inputType>
          <isList>false</isList>
          <required>false</required>
          <isPersisted>true</isPersisted>
          <inputSymbol>trustAllRoots</inputSymbol>
          <listDelimiter>,</listDelimiter>
          <value>true</value>
          <record>false</record>
        </staticBinding>
        <staticBinding id="9b7c311c-0f9e-4f06-8caf-01194950092a">
          <annotation></annotation>
          <assignFromContext>true</assignFromContext>
          <assignToContext>true</assignToContext>
          <inputType>STRING</inputType>
          <isList>false</isList>
          <required>false</required>
          <isPersisted>true</isPersisted>
          <inputSymbol>useCookies</inputSymbol>
          <listDelimiter>,</listDelimiter>
          <value>true</value>
          <record>false</record>
        </staticBinding>
        <staticBinding id="1956462f-8b27-48ba-a00d-2a87fa165ccb">
          <annotation></annotation>
          <assignFromContext>true</assignFromContext>
          <assignToContext>true</assignToContext>
          <inputType>STRING</inputType>
          <isList>false</isList>
          <required>false</required>
          <isPersisted>true</isPersisted>
          <inputSymbol>timeout</inputSymbol>
          <listDelimiter>,</listDelimiter>
          <value></value>
          <record>false</record>
        </staticBinding>
        <staticBinding id="beae4988-8ef3-42b7-addb-2ca391b9d61e">
          <annotation></annotation>
          <assignFromContext>true</assignFromContext>
          <assignToContext>true</assignToContext>
          <inputType>STRING</inputType>
          <isList>false</isList>
          <required>false</required>
          <isPersisted>true</isPersisted>
          <inputSymbol>proxy</inputSymbol>
          <listDelimiter>,</listDelimiter>
          <value></value>
          <record>false</record>
        </staticBinding>
        <staticBinding id="0aa1d320-8912-4058-840e-c3422e8dc266">
          <annotation></annotation>
          <assignFromContext>true</assignFromContext>
          <assignToContext>true</assignToContext>
          <inputType>STRING</inputType>
          <isList>false</isList>
          <required>false</required>
          <isPersisted>true</isPersisted>
          <inputSymbol>proxyPort</inputSymbol>
          <listDelimiter>,</listDelimiter>
          <value></value>
          <record>false</record>
        </staticBinding>
        <staticBinding id="4a99dbc1-404d-4fb9-ab32-a4b8f41730e2">
          <annotation></annotation>
          <assignFromContext>true</assignFromContext>
          <assignToContext>true</assignToContext>
          <inputType>STRING</inputType>
          <isList>false</isList>
          <required>false</required>
          <isPersisted>true</isPersisted>
          <inputSymbol>proxyUsername</inputSymbol>
          <listDelimiter>,</listDelimiter>
          <value></value>
          <record>false</record>
        </staticBinding>
        <staticBinding id="3d99181d-82ba-4eca-8358-8f34fade04bf">
          <annotation></annotation>
          <assignFromContext>true</assignFromContext>
          <assignToContext>true</assignToContext>
          <inputType>ENCRYPTED</inputType>
          <isList>false</isList>
          <required>false</required>
          <isPersisted>true</isPersisted>
          <inputSymbol>proxyPassword</inputSymbol>
          <listDelimiter>,</listDelimiter>
          <value></value>
          <record>false</record>
        </staticBinding>
        <staticBinding id="b783f96c-841d-4972-905d-b58063d79502">
          <annotation></annotation>
          <assignFromContext>true</assignFromContext>
          <assignToContext>true</assignToContext>
          <inputType>STRING</inputType>
          <isList>false</isList>
          <required>false</required>
          <isPersisted>true</isPersisted>
          <inputSymbol>keystore</inputSymbol>
          <listDelimiter>,</listDelimiter>
          <value></value>
          <record>false</record>
        </staticBinding>
        <staticBinding id="524aa53a-27fb-4604-a7e8-173ab17fcff8">
          <annotation></annotation>
          <assignFromContext>true</assignFromContext>
          <assignToContext>true</assignToContext>
          <inputType>ENCRYPTED</inputType>
          <isList>false</isList>
          <required>false</required>
          <isPersisted>true</isPersisted>
          <inputSymbol>keystorePassword</inputSymbol>
          <listDelimiter>,</listDelimiter>
          <value></value>
          <record>false</record>
        </staticBinding>
        <staticBinding id="a51b0e40-4497-4206-8089-49876e4e0e92">
          <annotation></annotation>
          <assignFromContext>true</assignFromContext>
          <assignToContext>true</assignToContext>
          <inputType>STRING</inputType>
          <isList>false</isList>
          <required>false</required>
          <isPersisted>true</isPersisted>
          <inputSymbol>ICONCLUDE_WSW_VERSION</inputSymbol>
          <listDelimiter>,</listDelimiter>
          <value>2</value>
          <record>false</record>
        </staticBinding>
        <userInputBinding id="95aa1ba9-3c4d-4f9f-a5ff-4f438db59eb3">
          <annotation></annotation>
          <assignFromContext>true</assignFromContext>
          <assignToContext>true</assignToContext>
          <inputType>STRING</inputType>
          <isList>false</isList>
          <required>true</required>
          <isPersisted>true</isPersisted>
          <inputSymbol>serviceName</inputSymbol>
          <listDelimiter>,</listDelimiter>
          <record>false</record>
          <prompt>534d63c8-92d1-44eb-8476-830f90e0f683.95aa1ba9-3c4d-4f9f-a5ff-4f438db59eb3.prompt</prompt>
          <isMultiSelect>false</isMultiSelect>
          <sourceDelimiter>|</sourceDelimiter>
        </userInputBinding>
        <staticBinding id="507254ec-77e3-4166-abae-166811a45d52">
          <annotation></annotation>
          <fromContextKey>impersonationHeader</fromContextKey>
          <assignFromContext>true</assignFromContext>
          <assignToContext>true</assignToContext>
          <inputType>STRING</inputType>
          <isList>false</isList>
          <required>false</required>
          <isPersisted>true</isPersisted>
          <inputSymbol>header_Cookie</inputSymbol>
          <listDelimiter>,</listDelimiter>
          <value></value>
          <record>false</record>
        </staticBinding>
      </bindings>
      <transitions>
        <transition id="1ad64784-77cc-4e27-8575-6de76b7b3f2b">
          <annotation></annotation>
          <name>failure</name>
          <command>NEXT</command>
          <linkMode>false</linkMode>
          <responseSymbol>failure</responseSymbol>
          <shouldHandoff>false</shouldHandoff>
          <transitionValue>0.0</transitionValue>
          <destination>
            <refId>71d97322-db24-4a05-905a-faada9be28ee</refId>
          </destination>
          <source>
            <refId>5bbea058-9434-45a2-87be-3d7072821f2b</refId>
          </source>
          <positions>
            <point>
              <x>50.0</x>
              <y>34.0</y>
            </point>
            <point>
              <x>201.0</x>
              <y>204.0</y>
            </point>
          </positions>
          <labelPosition>
            <x>333.0</x>
            <y>0.0</y>
          </labelPosition>
        </transition>
        <transition id="75edf08f-f366-47c3-919d-a44c37fdfef4">
          <annotation></annotation>
          <name>success</name>
          <command>NEXT</command>
          <linkMode>false</linkMode>
          <responseSymbol>success</responseSymbol>
          <shouldHandoff>false</shouldHandoff>
          <transitionValue>0.0</transitionValue>
          <destination>
            <refId>7033f506-f2ec-4c22-b6ec-1e4a1143e23f</refId>
          </destination>
          <source>
            <refId>5bbea058-9434-45a2-87be-3d7072821f2b</refId>
          </source>
          <positions>
            <point>
              <x>50.0</x>
              <y>34.0</y>
            </point>
            <point>
              <x>201.0</x>
              <y>34.0</y>
            </point>
          </positions>
          <labelPosition>
            <x>333.0</x>
            <y>0.0</y>
          </labelPosition>
        </transition>
      </transitions>
      <properties/>
      <opRef>
        <refId>962ffbf8-4105-46bb-8c71-84f037c4de61</refId>
      </opRef>
      <assignments>
        <flowVariableAssignment id="894c295d-e938-4da4-9222-d247ed6184d2">
          <annotation></annotation>
          <name>documentStripped</name>
          <action>OVERWRITE</action>
          <assignmentTargetType>FLOW_VARIABLE</assignmentTargetType>
          <contextKey>requestId</contextKey>
          <expression id="dfe34640-5720-4f93-80f9-8cf897499dfb">
            <annotation></annotation>
            <name>documentStripped</name>
            <fieldName>documentStripped</fieldName>
            <sourceType>RAWRESULT</sourceType>
            <filters>
              <xpathFilter id="33d14b92-aaeb-439d-b7f2-7f120b1c03db">
                <annotation></annotation>
                <name>Config Item</name>
                <xpathQuery>/Envelope/Body/powerOffServiceResponse/requestId/text()</xpathQuery>
              </xpathFilter>
            </filters>
          </expression>
        </flowVariableAssignment>
        <flowVariableAssignment id="36df473d-4227-4f43-9fe7-d7a3943cd069">
          <annotation></annotation>
          <name>assignment</name>
          <action>OVERWRITE</action>
          <assignmentTargetType>FLOW_OUTPUT_FIELD</assignmentTargetType>
          <contextKey>errorMsg</contextKey>
          <expression id="651342fc-41b3-46bd-8a9d-0fa03218328a">
            <annotation></annotation>
            <name>Result Field: documentStripped</name>
            <fieldName>documentStripped</fieldName>
            <sourceType>RAWRESULT</sourceType>
            <filters/>
          </expression>
        </flowVariableAssignment>
      </assignments>
      <throttleSize>0</throttleSize>
    </step>
    <returnStep id="71d97322-db24-4a05-905a-faada9be28ee">
      <annotation></annotation>
      <name>Error : failure</name>
      <bounds>
        <x>151.0</x>
        <y>0.0</y>
      </bounds>
      <layer>-1</layer>
      <hideInbound>false</hideInbound>
      <addResultToRunContext>false</addResultToRunContext>
      <isCriticalStep>false</isCriticalStep>
      <isNonBlocking>false</isNonBlocking>
      <isParallelStep>false</isParallelStep>
      <isSingleResponse>false</isSingleResponse>
      <recordInHistory>false</recordInHistory>
      <recordRawOutput>true</recordRawOutput>
      <recordPrimaryOutput>true</recordPrimaryOutput>
      <checkPointStep>true</checkPointStep>
      <historyCheckPointStep>true</historyCheckPointStep>
      <scriptResultStep>false</scriptResultStep>
      <userPrompt></userPrompt>
      <bindings/>
      <transitions>
        <transition id="a198c1b6-9f72-4408-9654-be72083a27c7">
          <annotation></annotation>
          <name>return</name>
          <command>NEXT</command>
          <linkMode>false</linkMode>
          <responseSymbol>failure</responseSymbol>
          <shouldHandoff>false</shouldHandoff>
          <transitionValue>0.0</transitionValue>
          <destination>
            <refId>71d97322-db24-4a05-905a-faada9be28ee</refId>
          </destination>
          <source>
            <refId>71d97322-db24-4a05-905a-faada9be28ee</refId>
          </source>
          <positions/>
        </transition>
      </transitions>
      <properties/>
      <returnStepType>ERROR</returnStepType>
      <assignments/>
    </returnStep>
    <returnStep id="03d8f261-bd5c-46cb-8c42-031d116b9f94">
      <annotation></annotation>
      <name>Resolved : success</name>
      <bounds>
        <x>500.0</x>
        <y>0.0</y>
      </bounds>
      <layer>-1</layer>
      <hideInbound>false</hideInbound>
      <addResultToRunContext>false</addResultToRunContext>
      <isCriticalStep>false</isCriticalStep>
      <isNonBlocking>false</isNonBlocking>
      <isParallelStep>false</isParallelStep>
      <isSingleResponse>false</isSingleResponse>
      <recordInHistory>false</recordInHistory>
      <recordRawOutput>true</recordRawOutput>
      <recordPrimaryOutput>true</recordPrimaryOutput>
      <checkPointStep>true</checkPointStep>
      <historyCheckPointStep>true</historyCheckPointStep>
      <scriptResultStep>false</scriptResultStep>
      <userPrompt></userPrompt>
      <bindings/>
      <transitions>
        <transition id="df7429f3-138c-4a23-a734-7cae2af0e0f2">
          <annotation></annotation>
          <name>return</name>
          <command>NEXT</command>
          <linkMode>false</linkMode>
          <responseSymbol>success</responseSymbol>
          <shouldHandoff>false</shouldHandoff>
          <transitionValue>0.0</transitionValue>
          <destination>
            <refId>03d8f261-bd5c-46cb-8c42-031d116b9f94</refId>
          </destination>
          <source>
            <refId>03d8f261-bd5c-46cb-8c42-031d116b9f94</refId>
          </source>
          <positions/>
        </transition>
      </transitions>
      <properties/>
      <returnStepType>RESOLVED</returnStepType>
      <assignments/>
    </returnStep>
    <step id="849b2c53-6764-4297-bd06-e8ba004a4a01">
      <annotation></annotation>
      <name>Rename XML tag</name>
      <bounds>
        <x>321.0</x>
        <y>0.0</y>
      </bounds>
      <layer>-1</layer>
      <hideInbound>false</hideInbound>
      <addResultToRunContext>false</addResultToRunContext>
      <isCriticalStep>false</isCriticalStep>
      <isNonBlocking>false</isNonBlocking>
      <isParallelStep>false</isParallelStep>
      <isSingleResponse>false</isSingleResponse>
      <recordInHistory>false</recordInHistory>
      <recordRawOutput>true</recordRawOutput>
      <recordPrimaryOutput>true</recordPrimaryOutput>
      <checkPointStep>true</checkPointStep>
      <historyCheckPointStep>true</historyCheckPointStep>
      <scriptResultStep>false</scriptResultStep>
      <userPrompt></userPrompt>
      <bindings>
        <userInputBinding id="935ba340-7d28-4c9a-9e0f-6da99ce47f26">
          <annotation></annotation>
          <fromContextKey>document</fromContextKey>
          <assignFromContext>true</assignFromContext>
          <assignToContext>true</assignToContext>
          <inputType>STRING</inputType>
          <isList>false</isList>
          <required>true</required>
          <isPersisted>true</isPersisted>
          <inputSymbol>xml</inputSymbol>
          <listDelimiter>,</listDelimiter>
          <record>false</record>
          <prompt></prompt>
          <isMultiSelect>false</isMultiSelect>
          <sourceDelimiter>|</sourceDelimiter>
        </userInputBinding>
        <staticBinding id="d38442d4-bf42-4d0a-814b-c53ebce768d2">
          <annotation></annotation>
          <assignFromContext>false</assignFromContext>
          <assignToContext>false</assignToContext>
          <inputType>STRING</inputType>
          <isList>false</isList>
          <required>true</required>
          <isPersisted>true</isPersisted>
          <inputSymbol>existingTag</inputSymbol>
          <listDelimiter>,</listDelimiter>
          <value>service,basedOnTemplate,ownerName</value>
          <record>false</record>
        </staticBinding>
        <staticBinding id="65523649-1e33-4583-9b09-ecf79b02c983">
          <annotation></annotation>
          <assignFromContext>false</assignFromContext>
          <assignToContext>false</assignToContext>
          <inputType>STRING</inputType>
          <isList>false</isList>
          <required>true</required>
          <isPersisted>true</isPersisted>
          <inputSymbol>newTag</inputSymbol>
          <listDelimiter>,</listDelimiter>
          <value>ServiceDetails,template,owner</value>
          <record>false</record>
        </staticBinding>
        <staticBinding id="9164713f-e079-4185-be9f-ae8ec2999d6a">
          <annotation></annotation>
          <assignFromContext>true</assignFromContext>
          <assignToContext>true</assignToContext>
          <inputType>STRING</inputType>
          <isList>false</isList>
          <required>false</required>
          <isPersisted>true</isPersisted>
          <inputSymbol>delimiter</inputSymbol>
          <listDelimiter>,</listDelimiter>
          <value>,</value>
          <record>false</record>
        </staticBinding>
      </bindings>
      <transitions>
        <transition id="25852d68-d78a-4147-8fff-f8685a80cd45">
          <annotation></annotation>
          <name>failure</name>
          <command>NEXT</command>
          <linkMode>false</linkMode>
          <responseSymbol>failure</responseSymbol>
          <shouldHandoff>false</shouldHandoff>
          <transitionValue>0.0</transitionValue>
          <destination>
            <refId>71d97322-db24-4a05-905a-faada9be28ee</refId>
          </destination>
          <source>
            <refId>849b2c53-6764-4297-bd06-e8ba004a4a01</refId>
          </source>
          <positions>
            <point>
              <x>525.0</x>
              <y>235.0</y>
            </point>
            <point>
              <x>201.0</x>
              <y>34.0</y>
            </point>
          </positions>
          <labelPosition>
            <x>333.0</x>
            <y>0.0</y>
          </labelPosition>
        </transition>
        <transition id="a541875a-4876-4cbd-b69f-b5f40dce6ba3">
          <annotation></annotation>
          <name>success</name>
          <command>NEXT</command>
          <linkMode>false</linkMode>
          <responseSymbol>success</responseSymbol>
          <shouldHandoff>false</shouldHandoff>
          <transitionValue>0.0</transitionValue>
          <destination>
            <refId>03d8f261-bd5c-46cb-8c42-031d116b9f94</refId>
          </destination>
          <source>
            <refId>849b2c53-6764-4297-bd06-e8ba004a4a01</refId>
          </source>
          <positions>
            <point>
              <x>525.0</x>
              <y>235.0</y>
            </point>
            <point>
              <x>550.0</x>
              <y>34.0</y>
            </point>
          </positions>
          <labelPosition>
            <x>333.0</x>
            <y>0.0</y>
          </labelPosition>
        </transition>
      </transitions>
      <properties/>
      <opRef>
        <refId>f6eedc7e-f253-41d9-9f99-4552f737def0</refId>
      </opRef>
      <assignments>
        <flowVariableAssignment id="21d13702-5a7d-4df0-8a1c-17cbb27ef3d7">
          <annotation></annotation>
          <name>assignment</name>
          <action>OVERWRITE</action>
          <assignmentTargetType>FLOW_VARIABLE</assignmentTargetType>
          <contextKey>ioXml</contextKey>
          <expression id="992650c7-9109-41e2-bc22-ce306f8ad0d1">
            <annotation></annotation>
            <name>Result Field: ioXml</name>
            <fieldName>ioXml</fieldName>
            <sourceType>RAWRESULT</sourceType>
            <filters/>
          </expression>
        </flowVariableAssignment>
      </assignments>
      <throttleSize>0</throttleSize>
    </step>
    <step id="7033f506-f2ec-4c22-b6ec-1e4a1143e23f">
      <annotation></annotation>
      <name>Wait For IO Request To Complete</name>
      <bounds>
        <x>147.0</x>
        <y>149.0</y>
      </bounds>
      <layer>-1</layer>
      <hideInbound>false</hideInbound>
      <addResultToRunContext>false</addResultToRunContext>
      <isCriticalStep>false</isCriticalStep>
      <isNonBlocking>false</isNonBlocking>
      <isParallelStep>false</isParallelStep>
      <isSingleResponse>false</isSingleResponse>
      <recordInHistory>false</recordInHistory>
      <recordRawOutput>true</recordRawOutput>
      <recordPrimaryOutput>true</recordPrimaryOutput>
      <checkPointStep>true</checkPointStep>
      <historyCheckPointStep>true</historyCheckPointStep>
      <scriptResultStep>false</scriptResultStep>
      <userPrompt></userPrompt>
      <bindings>
        <userInputBinding id="29886a97-0cd4-4253-8485-ddf4e7cae2d4">
          <annotation></annotation>
          <assignFromContext>true</assignFromContext>
          <assignToContext>true</assignToContext>
          <inputType>STRING</inputType>
          <isList>false</isList>
          <required>true</required>
          <isPersisted>true</isPersisted>
          <inputSymbol>username</inputSymbol>
          <listDelimiter>,</listDelimiter>
          <record>false</record>
          <prompt></prompt>
          <isMultiSelect>false</isMultiSelect>
          <sourceDelimiter>|</sourceDelimiter>
        </userInputBinding>
        <userInputBinding id="388cba86-9fad-48f6-9bf9-9d43fd6d4e3c">
          <annotation></annotation>
          <assignFromContext>true</assignFromContext>
          <assignToContext>true</assignToContext>
          <inputType>ENCRYPTED</inputType>
          <isList>false</isList>
          <required>true</required>
          <isPersisted>true</isPersisted>
          <inputSymbol>password</inputSymbol>
          <listDelimiter>,</listDelimiter>
          <record>false</record>
          <prompt></prompt>
          <isMultiSelect>false</isMultiSelect>
          <sourceDelimiter>|</sourceDelimiter>
        </userInputBinding>
        <userInputBinding id="9c25d6b8-1e75-4a90-9a18-02f48054653e">
          <annotation></annotation>
          <assignFromContext>true</assignFromContext>
          <assignToContext>true</assignToContext>
          <inputType>STRING</inputType>
          <isList>false</isList>
          <required>true</required>
          <isPersisted>true</isPersisted>
          <inputSymbol>requestId</inputSymbol>
          <listDelimiter>,</listDelimiter>
          <record>false</record>
          <prompt></prompt>
          <isMultiSelect>false</isMultiSelect>
          <sourceDelimiter>|</sourceDelimiter>
        </userInputBinding>
        <userInputBinding id="86db0d6d-2198-4ed9-ab92-223894f0305d">
          <annotation></annotation>
          <assignFromContext>true</assignFromContext>
          <assignToContext>true</assignToContext>
          <inputType>STRING</inputType>
          <isList>false</isList>
          <required>true</required>
          <isPersisted>true</isPersisted>
          <inputSymbol>url</inputSymbol>
          <listDelimiter>,</listDelimiter>
          <record>false</record>
          <prompt></prompt>
          <isMultiSelect>false</isMultiSelect>
          <sourceDelimiter>|</sourceDelimiter>
        </userInputBinding>
        <userInputBinding id="25b540d1-81ec-4d44-a4f4-bc1447ab0902">
          <annotation></annotation>
          <assignFromContext>true</assignFromContext>
          <assignToContext>true</assignToContext>
          <inputType>STRING</inputType>
          <isList>false</isList>
          <required>true</required>
          <isPersisted>true</isPersisted>
          <inputSymbol>soapEndpoint</inputSymbol>
          <listDelimiter>,</listDelimiter>
          <record>false</record>
          <prompt></prompt>
          <isMultiSelect>false</isMultiSelect>
          <sourceDelimiter>|</sourceDelimiter>
        </userInputBinding>
        <staticBinding id="699e93ce-25a6-4dc3-a838-99954ba0f176">
          <annotation></annotation>
          <assignFromContext>true</assignFromContext>
          <assignToContext>true</assignToContext>
          <inputType>STRING</inputType>
          <isList>false</isList>
          <required>false</required>
          <isPersisted>true</isPersisted>
          <inputSymbol>lobUser</inputSymbol>
          <listDelimiter>,</listDelimiter>
          <value>${username}</value>
          <record>false</record>
        </staticBinding>
        <staticBinding id="45ff7784-8839-4291-97a2-c8864a7d875e">
          <annotation></annotation>
          <assignFromContext>true</assignFromContext>
          <assignToContext>true</assignToContext>
          <inputType>STRING</inputType>
          <isList>false</isList>
          <required>false</required>
          <isPersisted>true</isPersisted>
          <inputSymbol>impersonationHeader</inputSymbol>
          <listDelimiter>,</listDelimiter>
          <value></value>
          <record>false</record>
        </staticBinding>
      </bindings>
      <transitions>
        <transition id="1431acad-b611-4f16-aaa9-3fbb9bfc3c64">
          <annotation></annotation>
          <name>failure</name>
          <command>NEXT</command>
          <linkMode>false</linkMode>
          <responseSymbol>failure</responseSymbol>
          <shouldHandoff>false</shouldHandoff>
          <transitionValue>0.0</transitionValue>
          <destination>
            <refId>71d97322-db24-4a05-905a-faada9be28ee</refId>
          </destination>
          <source>
            <refId>7033f506-f2ec-4c22-b6ec-1e4a1143e23f</refId>
          </source>
          <positions>
            <point>
              <x>201.0</x>
              <y>34.0</y>
            </point>
            <point>
              <x>201.0</x>
              <y>204.0</y>
            </point>
          </positions>
          <labelPosition>
            <x>333.0</x>
            <y>0.0</y>
          </labelPosition>
        </transition>
        <transition id="9a5b2a23-c08f-4222-ae5e-59849bb5e6aa">
          <annotation></annotation>
          <name>success</name>
          <command>NEXT</command>
          <linkMode>false</linkMode>
          <responseSymbol>success</responseSymbol>
          <shouldHandoff>false</shouldHandoff>
          <transitionValue>0.0</transitionValue>
          <destination>
            <refId>0321cb99-14cc-4888-9c84-97cf610354d7</refId>
          </destination>
          <source>
            <refId>7033f506-f2ec-4c22-b6ec-1e4a1143e23f</refId>
          </source>
          <positions>
            <point>
              <x>201.0</x>
              <y>34.0</y>
            </point>
            <point>
              <x>366.0</x>
              <y>34.0</y>
            </point>
          </positions>
          <labelPosition>
            <x>333.0</x>
            <y>0.0</y>
          </labelPosition>
        </transition>
      </transitions>
      <properties/>
      <opRef>
        <refId>4400cc0c-0b7d-4b63-ae1e-8e896ba0e5cb</refId>
      </opRef>
      <assignments/>
      <throttleSize>0</throttleSize>
    </step>
  </steps>
  <startSteps>dc77fc81-2343-44a5-97b4-5decbdb02b88</startSteps>
</flow>