<?xml version="1.0" encoding="UTF-8"?>
<flow id="100f1cd3-50c3-4f52-9415-4820391e34a6">
  <annotation></annotation>
  <name>SCVMM_getMemorySize</name>
  <categories/>
  <inputs>
    <staticBinding id="14c86483-e691-4e39-950f-87e6e387e676">
      <annotation></annotation>
      <assignFromContext>true</assignFromContext>
      <assignToContext>false</assignToContext>
      <inputType>STRING</inputType>
      <isList>false</isList>
      <required>false</required>
      <isPersisted>true</isPersisted>
      <inputSymbol>host</inputSymbol>
      <listDelimiter>,</listDelimiter>
      <value>${host}</value>
      <record>false</record>
    </staticBinding>
    <staticBinding id="e6f38fee-f594-4f86-97f0-33f6c80c70b9">
      <annotation></annotation>
      <assignFromContext>false</assignFromContext>
      <assignToContext>false</assignToContext>
      <inputType>STRING</inputType>
      <isList>false</isList>
      <required>false</required>
      <isPersisted>true</isPersisted>
      <inputSymbol>vmName</inputSymbol>
      <listDelimiter>,</listDelimiter>
      <value>${vmName}</value>
      <record>false</record>
    </staticBinding>
  </inputs>
  <scriptlet id="cde55631-9f94-47be-9d5c-c081974ac280">
    <annotation></annotation>
    <name>Operation SCVMM_getMemorySize (100f1cd3-50c3-4f52-9415-4820391e34a6)</name>
    <type>RHINO</type>
  </scriptlet>
  <possibleResponses>
    <opResponse id="3d0c745d-83a9-42b0-b152-a46f82c27404">
      <annotation></annotation>
      <name>failure</name>
      <isDefault>false</isDefault>
      <onFailure>true</onFailure>
      <type>ERROR</type>
      <matchRules/>
    </opResponse>
    <opResponse id="41053403-e64d-4a8c-b5c0-a8d63a71571a">
      <annotation></annotation>
      <name>success</name>
      <isDefault>true</isDefault>
      <onFailure>false</onFailure>
      <type>RESOLVED</type>
      <matchRules/>
    </opResponse>
  </possibleResponses>
  <availableResultExpressions/>
  <resultExpression id="4bc57f6d-9183-456b-949a-30a6b7fbba54">
    <annotation></annotation>
    <name>FailureMessage</name>
    <fieldName>FailureMessage</fieldName>
    <sourceType>RAWRESULT</sourceType>
    <filters/>
  </resultExpression>
  <iconSpec id="dc40c7c5-c271-4526-a4cb-e3bea4ba60b3">
    <baseIcon>flow.png</baseIcon>
    <basePath>System</basePath>
    <readOnly>false</readOnly>
    <layers/>
  </iconSpec>
  <callouts/>
  <checkPointFlow>true</checkPointFlow>
  <compatibleRuntimeContext>false</compatibleRuntimeContext>
  <historyCheckPointFlow>true</historyCheckPointFlow>
  <steps>
    <step id="38a2e878-bb2f-4f6e-9d01-20fe42f1d2f5">
      <annotation>100f1cd3-50c3-4f52-9415-4820391e34a6.38a2e878-bb2f-4f6e-9d01-20fe42f1d2f5.description</annotation>
      <name>Set Flow Variable</name>
      <bounds>
        <x>268.0</x>
        <y>189.0</y>
      </bounds>
      <layer>-1</layer>
      <hideInbound>false</hideInbound>
      <iconSpec id="2fbc0087-6132-496d-b33b-f8a3dfb0f9a4">
        <baseIcon>jar.png</baseIcon>
        <basePath>Others/</basePath>
        <readOnly>false</readOnly>
        <layers>
          <iconSpec id="bcdfac7d-709d-46b3-b2d4-be14e4b27e09">
            <baseIcon>edit.png</baseIcon>
            <basePath>Annotations/</basePath>
            <readOnly>false</readOnly>
            <layers/>
          </iconSpec>
        </layers>
      </iconSpec>
      <addResultToRunContext>false</addResultToRunContext>
      <isCriticalStep>false</isCriticalStep>
      <isNonBlocking>false</isNonBlocking>
      <isParallelStep>false</isParallelStep>
      <isSingleResponse>false</isSingleResponse>
      <recordInHistory>false</recordInHistory>
      <recordRawOutput>false</recordRawOutput>
      <recordPrimaryOutput>false</recordPrimaryOutput>
      <checkPointStep>true</checkPointStep>
      <historyCheckPointStep>true</historyCheckPointStep>
      <scriptResultStep>false</scriptResultStep>
      <userPrompt></userPrompt>
      <scriptlet id="eb29bfa3-91a3-431b-8159-e300d237fc22">
        <annotation></annotation>
        <name>Step Set Flow Variable in Flow SCVMM_getMemorySize (38a2e878-bb2f-4f6e-9d01-20fe42f1d2f5)</name>
        <script>
/////  vlan params
var vmName=scriptletContext.getLocal(&quot;vmName&quot;);
var commands = [];

commands.push(&quot;Get-SCVirtualMachine | where { $_.Name -eq \&quot;&quot; + vmName + &quot;\&quot;} | select Memory&quot;);
                     

scriptletContext.put(&quot;commands&quot;,commands.join(&quot;\r\n&quot;));</script>
        <type>RHINO</type>
      </scriptlet>
      <bindings>
        <staticBinding id="284dfef5-ae0c-461d-9025-c93a9d53f9a7">
          <annotation></annotation>
          <assignFromContext>false</assignFromContext>
          <assignToContext>false</assignToContext>
          <inputType>STRING</inputType>
          <isList>false</isList>
          <required>true</required>
          <isPersisted>true</isPersisted>
          <inputSymbol>keyName</inputSymbol>
          <listDelimiter>,</listDelimiter>
          <value></value>
          <record>false</record>
        </staticBinding>
        <staticBinding id="cd85ae3c-f556-4434-be63-d51745b8e865">
          <annotation></annotation>
          <assignFromContext>false</assignFromContext>
          <assignToContext>false</assignToContext>
          <inputType>STRING</inputType>
          <isList>false</isList>
          <required>true</required>
          <isPersisted>true</isPersisted>
          <inputSymbol>myValue</inputSymbol>
          <listDelimiter>,</listDelimiter>
          <value></value>
          <record>false</record>
        </staticBinding>
        <staticBinding id="c7610026-a9f2-4542-8a8b-f775e80586dc">
          <annotation></annotation>
          <toContextKey></toContextKey>
          <fromContextKey></fromContextKey>
          <assignFromContext>false</assignFromContext>
          <assignToContext>false</assignToContext>
          <inputType>STRING</inputType>
          <recordKey></recordKey>
          <isList>false</isList>
          <required>false</required>
          <isPersisted>true</isPersisted>
          <inputSymbol>Field_1</inputSymbol>
          <listDelimiter></listDelimiter>
          <value>${keyName}</value>
          <record>false</record>
        </staticBinding>
        <staticBinding id="47bff226-f2f3-4e18-88da-ced318b66887">
          <annotation></annotation>
          <toContextKey></toContextKey>
          <fromContextKey></fromContextKey>
          <assignFromContext>false</assignFromContext>
          <assignToContext>false</assignToContext>
          <inputType>STRING</inputType>
          <recordKey></recordKey>
          <isList>false</isList>
          <required>false</required>
          <isPersisted>true</isPersisted>
          <inputSymbol>Field_2</inputSymbol>
          <listDelimiter></listDelimiter>
          <value>${myValue}</value>
          <record>false</record>
        </staticBinding>
      </bindings>
      <transitions>
        <transition id="3c50b804-5a2c-4ade-82de-0516e1233397">
          <annotation></annotation>
          <name>success</name>
          <command>NEXT</command>
          <linkMode>false</linkMode>
          <responseSymbol>success</responseSymbol>
          <shouldHandoff>false</shouldHandoff>
          <transitionValue>0.0</transitionValue>
          <destination>
            <refId>508aafa5-d5e7-465c-9309-686ff5624a95</refId>
          </destination>
          <source>
            <refId>38a2e878-bb2f-4f6e-9d01-20fe42f1d2f5</refId>
          </source>
          <positions>
            <point>
              <x>318.0</x>
              <y>223.0</y>
            </point>
            <point>
              <x>475.0</x>
              <y>219.0</y>
            </point>
          </positions>
          <labelPosition>
            <x>333.0</x>
            <y>0.0</y>
          </labelPosition>
        </transition>
      </transitions>
      <properties/>
      <opRef>
        <refId>f3112e9d-ed88-47bf-be86-2f99e8541a33</refId>
      </opRef>
      <assignments/>
      <throttleSize>0</throttleSize>
    </step>
    <returnStep id="1a47e90f-8deb-4a66-8c9c-1f241c0e4d4e">
      <annotation></annotation>
      <name>Resolved : success</name>
      <bounds>
        <x>707.0</x>
        <y>189.0</y>
      </bounds>
      <layer>-1</layer>
      <hideInbound>false</hideInbound>
      <addResultToRunContext>false</addResultToRunContext>
      <isCriticalStep>false</isCriticalStep>
      <isNonBlocking>false</isNonBlocking>
      <isParallelStep>false</isParallelStep>
      <isSingleResponse>false</isSingleResponse>
      <recordInHistory>false</recordInHistory>
      <recordRawOutput>false</recordRawOutput>
      <recordPrimaryOutput>false</recordPrimaryOutput>
      <checkPointStep>true</checkPointStep>
      <historyCheckPointStep>true</historyCheckPointStep>
      <scriptResultStep>false</scriptResultStep>
      <userPrompt></userPrompt>
      <bindings/>
      <transitions>
        <transition id="a74d1578-348f-4d25-ab46-f5bc0fec58e6">
          <annotation></annotation>
          <name>return</name>
          <command>NEXT</command>
          <linkMode>false</linkMode>
          <responseSymbol>success</responseSymbol>
          <shouldHandoff>false</shouldHandoff>
          <transitionValue>0.0</transitionValue>
          <destination>
            <refId>1a47e90f-8deb-4a66-8c9c-1f241c0e4d4e</refId>
          </destination>
          <source>
            <refId>1a47e90f-8deb-4a66-8c9c-1f241c0e4d4e</refId>
          </source>
          <positions/>
        </transition>
      </transitions>
      <properties/>
      <returnStepType>RESOLVED</returnStepType>
      <assignments/>
    </returnStep>
    <step id="508aafa5-d5e7-465c-9309-686ff5624a95">
      <annotation>100f1cd3-50c3-4f52-9415-4820391e34a6.508aafa5-d5e7-465c-9309-686ff5624a95.description</annotation>
      <name>Run SCVMM Commands</name>
      <bounds>
        <x>425.0</x>
        <y>189.0</y>
      </bounds>
      <layer>-1</layer>
      <hideInbound>false</hideInbound>
      <iconSpec id="4a1196ff-7797-422f-8b6a-26ea524ef73c">
        <baseIcon>PowerShell.png</baseIcon>
        <basePath>/Operating System/</basePath>
        <readOnly>false</readOnly>
        <layers/>
      </iconSpec>
      <addResultToRunContext>false</addResultToRunContext>
      <isCriticalStep>false</isCriticalStep>
      <isNonBlocking>false</isNonBlocking>
      <isParallelStep>false</isParallelStep>
      <isSingleResponse>false</isSingleResponse>
      <recordInHistory>false</recordInHistory>
      <recordRawOutput>true</recordRawOutput>
      <recordPrimaryOutput>true</recordPrimaryOutput>
      <checkPointStep>true</checkPointStep>
      <historyCheckPointStep>true</historyCheckPointStep>
      <scriptResultStep>false</scriptResultStep>
      <userPrompt></userPrompt>
      <bindings>
        <staticBinding id="2c078a71-5464-4d9e-81e0-e5fd895765ef">
          <annotation></annotation>
          <toContextKey></toContextKey>
          <assignFromContext>true</assignFromContext>
          <assignToContext>false</assignToContext>
          <inputType>STRING</inputType>
          <isList>false</isList>
          <required>true</required>
          <isPersisted>true</isPersisted>
          <inputSymbol>host</inputSymbol>
          <listDelimiter>,</listDelimiter>
          <value>${host}</value>
          <record>false</record>
        </staticBinding>
        <identityBinding id="44a54390-557c-40be-b6c0-d4b08c2e1963">
          <annotation></annotation>
          <toContextKey></toContextKey>
          <fromContextKey></fromContextKey>
          <assignFromContext>false</assignFromContext>
          <assignToContext>false</assignToContext>
          <inputType>STRING</inputType>
          <isList>false</isList>
          <required>false</required>
          <isPersisted>true</isPersisted>
          <inputSymbol>username</inputSymbol>
          <listDelimiter>,</listDelimiter>
          <record>false</record>
          <link>
            <refId>e8b51d39-ef4e-4960-945e-e21729456150</refId>
            <refName>pc.scvmm</refName>
          </link>
          <identityAttribute>USERNAME</identityAttribute>
        </identityBinding>
        <identityBinding id="fc8f431f-495c-49b7-b530-ed51835752ef">
          <annotation></annotation>
          <toContextKey></toContextKey>
          <fromContextKey></fromContextKey>
          <assignFromContext>false</assignFromContext>
          <assignToContext>false</assignToContext>
          <inputType>ENCRYPTED</inputType>
          <isList>false</isList>
          <required>false</required>
          <isPersisted>true</isPersisted>
          <inputSymbol>password</inputSymbol>
          <listDelimiter>,</listDelimiter>
          <record>false</record>
          <link>
            <refId>e8b51d39-ef4e-4960-945e-e21729456150</refId>
            <refName>pc.scvmm</refName>
          </link>
          <identityAttribute>PASSWORD</identityAttribute>
        </identityBinding>
        <staticBinding id="103f260b-1c17-419e-b7f7-d6a0fe16e326">
          <annotation></annotation>
          <toContextKey></toContextKey>
          <fromContextKey></fromContextKey>
          <assignFromContext>false</assignFromContext>
          <assignToContext>false</assignToContext>
          <inputType>STRING</inputType>
          <isList>false</isList>
          <required>false</required>
          <isPersisted>true</isPersisted>
          <inputSymbol>authType</inputSymbol>
          <listDelimiter>,</listDelimiter>
          <record>false</record>
        </staticBinding>
        <userInputBinding id="71479987-8c9d-4798-b250-bd192de27bf5">
          <annotation></annotation>
          <toContextKey></toContextKey>
          <assignFromContext>true</assignFromContext>
          <assignToContext>false</assignToContext>
          <inputType>STRING</inputType>
          <isList>false</isList>
          <required>true</required>
          <isPersisted>true</isPersisted>
          <inputSymbol>commands</inputSymbol>
          <listDelimiter>,</listDelimiter>
          <record>false</record>
          <prompt>100f1cd3-50c3-4f52-9415-4820391e34a6.71479987-8c9d-4798-b250-bd192de27bf5.prompt</prompt>
          <isMultiSelect>false</isMultiSelect>
          <sourceDelimiter>|</sourceDelimiter>
        </userInputBinding>
        <staticBinding id="5424aaf5-3e5f-415d-9c9a-551bcbfebc83">
          <annotation></annotation>
          <toContextKey></toContextKey>
          <fromContextKey></fromContextKey>
          <assignFromContext>false</assignFromContext>
          <assignToContext>false</assignToContext>
          <inputType>STRING</inputType>
          <isList>false</isList>
          <required>false</required>
          <isPersisted>true</isPersisted>
          <inputSymbol>delimiter</inputSymbol>
          <listDelimiter>,</listDelimiter>
          <record>false</record>
        </staticBinding>
        <staticBinding id="0a9a1d10-736b-4b68-bd12-155384be736d">
          <annotation></annotation>
          <toContextKey></toContextKey>
          <fromContextKey></fromContextKey>
          <assignFromContext>false</assignFromContext>
          <assignToContext>false</assignToContext>
          <inputType>STRING</inputType>
          <isList>false</isList>
          <required>false</required>
          <isPersisted>true</isPersisted>
          <inputSymbol>rowDelimiter</inputSymbol>
          <listDelimiter>,</listDelimiter>
          <record>false</record>
        </staticBinding>
        <staticBinding id="3b1d25c5-762e-4851-930f-62a136073821">
          <annotation></annotation>
          <toContextKey></toContextKey>
          <fromContextKey></fromContextKey>
          <assignFromContext>false</assignFromContext>
          <assignToContext>false</assignToContext>
          <inputType>STRING</inputType>
          <isList>false</isList>
          <required>false</required>
          <isPersisted>true</isPersisted>
          <inputSymbol>colDelimiter</inputSymbol>
          <listDelimiter>,</listDelimiter>
          <record>false</record>
        </staticBinding>
        <staticBinding id="372f1d2a-fbc8-4e5f-9a50-1ec4912d1bdd">
          <annotation></annotation>
          <assignFromContext>false</assignFromContext>
          <assignToContext>false</assignToContext>
          <inputType>STRING</inputType>
          <isList>false</isList>
          <required>false</required>
          <isPersisted>true</isPersisted>
          <inputSymbol>version</inputSymbol>
          <listDelimiter>,</listDelimiter>
          <value>2012 R2</value>
          <record>false</record>
        </staticBinding>
      </bindings>
      <transitions>
        <transition id="c3596c2f-c5e1-4e38-b7ca-be7a5569d205">
          <annotation></annotation>
          <name>success</name>
          <command>NEXT</command>
          <linkMode>false</linkMode>
          <responseSymbol>success</responseSymbol>
          <shouldHandoff>false</shouldHandoff>
          <transitionValue>0.0</transitionValue>
          <destination>
            <refId>1a47e90f-8deb-4a66-8c9c-1f241c0e4d4e</refId>
          </destination>
          <source>
            <refId>508aafa5-d5e7-465c-9309-686ff5624a95</refId>
          </source>
          <positions>
            <point>
              <x>475.0</x>
              <y>219.0</y>
            </point>
            <point>
              <x>799.0</x>
              <y>222.0</y>
            </point>
          </positions>
          <labelPosition>
            <x>333.0</x>
            <y>0.0</y>
          </labelPosition>
        </transition>
        <transition id="61b6ef9a-2790-432d-80e1-85236779a35b">
          <annotation></annotation>
          <name>failure</name>
          <command>NEXT</command>
          <linkMode>false</linkMode>
          <responseSymbol>failure</responseSymbol>
          <shouldHandoff>false</shouldHandoff>
          <transitionValue>0.0</transitionValue>
          <destination>
            <refId>2b108522-6b6b-489f-b992-fba5166226bf</refId>
          </destination>
          <source>
            <refId>508aafa5-d5e7-465c-9309-686ff5624a95</refId>
          </source>
          <positions>
            <point>
              <x>475.0</x>
              <y>219.0</y>
            </point>
            <point>
              <x>810.0</x>
              <y>398.0</y>
            </point>
          </positions>
          <labelPosition>
            <x>333.0</x>
            <y>0.0</y>
          </labelPosition>
        </transition>
      </transitions>
      <properties/>
      <opRef>
        <refId>1af7bf1f-fa0a-4b48-9a28-1fec4f74d7f5</refId>
      </opRef>
      <assignments>
        <flowVariableAssignment id="8f1836f7-0c88-4cea-ae72-553be2ff9f5a">
          <annotation></annotation>
          <name>assignment</name>
          <action>OVERWRITE</action>
          <assignmentTargetType>FLOW_OUTPUT_FIELD</assignmentTargetType>
          <contextKey>memory</contextKey>
          <expression id="c838542e-5c1c-4a85-b329-f4c1758d118d">
            <annotation></annotation>
            <name>Result Field: returnResult</name>
            <fieldName>returnResult</fieldName>
            <sourceType>RAWRESULT</sourceType>
            <filters>
              <scriptletFilter id="f6ffc4a6-cd42-4669-80ec-2447cd770f0c">
                <annotation></annotation>
                <name>Scriptlet</name>
                <scriptlet id="3b268fb8-7ee4-4090-bdf5-726ba04c950d">
                  <annotation></annotation>
                  <name>default</name>
                  <script> result = scriptletInput.split(&quot;:&quot;)
 if (result.length ==2 &amp;&amp; result[0] == &quot;Memory&quot;)
     scriptletResult = result[1]/1024
   else
      scriptletResult = &apos;&apos;</script>
                  <type>RHINO</type>
                </scriptlet>
              </scriptletFilter>
            </filters>
          </expression>
        </flowVariableAssignment>
      </assignments>
      <throttleSize>0</throttleSize>
    </step>
    <returnStep id="2b108522-6b6b-489f-b992-fba5166226bf">
      <annotation></annotation>
      <name>Error : failure</name>
      <bounds>
        <x>708.0</x>
        <y>329.0</y>
      </bounds>
      <layer>-1</layer>
      <hideInbound>false</hideInbound>
      <addResultToRunContext>false</addResultToRunContext>
      <isCriticalStep>false</isCriticalStep>
      <isNonBlocking>false</isNonBlocking>
      <isParallelStep>false</isParallelStep>
      <isSingleResponse>false</isSingleResponse>
      <recordInHistory>false</recordInHistory>
      <recordRawOutput>false</recordRawOutput>
      <recordPrimaryOutput>false</recordPrimaryOutput>
      <checkPointStep>true</checkPointStep>
      <historyCheckPointStep>true</historyCheckPointStep>
      <scriptResultStep>false</scriptResultStep>
      <userPrompt></userPrompt>
      <bindings/>
      <transitions>
        <transition id="a54d2918-4d95-4243-94fc-b56b9821ac70">
          <annotation></annotation>
          <name>return</name>
          <command>NEXT</command>
          <linkMode>false</linkMode>
          <responseSymbol>failure</responseSymbol>
          <shouldHandoff>false</shouldHandoff>
          <transitionValue>0.0</transitionValue>
          <destination>
            <refId>2b108522-6b6b-489f-b992-fba5166226bf</refId>
          </destination>
          <source>
            <refId>2b108522-6b6b-489f-b992-fba5166226bf</refId>
          </source>
          <positions/>
        </transition>
      </transitions>
      <properties/>
      <returnStepType>ERROR</returnStepType>
      <assignments/>
    </returnStep>
  </steps>
  <startSteps>38a2e878-bb2f-4f6e-9d01-20fe42f1d2f5</startSteps>
</flow>