<?xml version="1.0" encoding="UTF-8"?>
<flow id="ee3219d3-10a0-4135-9ab2-bc0075ce14a7">
  <annotation></annotation>
  <name>Get_SubNetMask</name>
  <categories/>
  <inputs>
    <staticBinding id="f54933d9-88d8-4734-9354-9520dd33b9d4">
      <annotation></annotation>
      <assignFromContext>true</assignFromContext>
      <assignToContext>true</assignToContext>
      <inputType>STRING</inputType>
      <isList>false</isList>
      <required>false</required>
      <isPersisted>true</isPersisted>
      <inputSymbol>backupIP</inputSymbol>
      <listDelimiter>,</listDelimiter>
      <value>10.121.3.10</value>
      <record>false</record>
    </staticBinding>
    <staticBinding id="64ad1ba5-19b3-4584-8f70-99b51eb50445">
      <annotation></annotation>
      <assignFromContext>true</assignFromContext>
      <assignToContext>true</assignToContext>
      <inputType>STRING</inputType>
      <isList>false</isList>
      <required>false</required>
      <isPersisted>true</isPersisted>
      <inputSymbol>IP1</inputSymbol>
      <listDelimiter>,</listDelimiter>
      <value>10.191.10.10</value>
      <record>false</record>
    </staticBinding>
    <staticBinding id="bdc3a163-5ea9-4214-8fe5-d04c7bf1813e">
      <annotation></annotation>
      <assignFromContext>true</assignFromContext>
      <assignToContext>true</assignToContext>
      <inputType>STRING</inputType>
      <isList>false</isList>
      <required>false</required>
      <isPersisted>true</isPersisted>
      <inputSymbol>IP2</inputSymbol>
      <listDelimiter>,</listDelimiter>
      <value></value>
      <record>false</record>
    </staticBinding>
  </inputs>
  <scriptlet id="d7a64ba5-0ed4-4329-9a74-030435ec6d7d">
    <annotation></annotation>
    <name>Operation Get_SubNetMask (ee3219d3-10a0-4135-9ab2-bc0075ce14a7)</name>
    <type>RHINO</type>
  </scriptlet>
  <possibleResponses>
    <opResponse id="6c0a2789-633a-46cd-8939-f639cdd21d6c">
      <annotation></annotation>
      <name>success</name>
      <isDefault>true</isDefault>
      <onFailure>false</onFailure>
      <type>RESOLVED</type>
      <matchRules/>
    </opResponse>
  </possibleResponses>
  <availableResultExpressions/>
  <resultExpression id="19fe85d9-41cd-4f89-ae55-46e8c2711f2f">
    <annotation></annotation>
    <name>FailureMessage</name>
    <fieldName>FailureMessage</fieldName>
    <sourceType>RAWRESULT</sourceType>
    <filters/>
  </resultExpression>
  <iconSpec id="6a07270e-c702-40a0-868c-73cb6c3498b1">
    <baseIcon>flow.png</baseIcon>
    <basePath>System</basePath>
    <readOnly>false</readOnly>
    <layers/>
  </iconSpec>
  <callouts/>
  <checkPointFlow>true</checkPointFlow>
  <compatibleRuntimeContext>false</compatibleRuntimeContext>
  <historyCheckPointFlow>true</historyCheckPointFlow>
  <steps>
    <parallelMultiStep id="e50bd3aa-535d-4bf7-ac60-13795ff3382c">
      <annotation></annotation>
      <name>Parallel Split</name>
      <bounds>
        <x>210.0</x>
        <y>11.0</y>
      </bounds>
      <layer>-1</layer>
      <hideInbound>false</hideInbound>
      <addResultToRunContext>false</addResultToRunContext>
      <isCriticalStep>false</isCriticalStep>
      <isNonBlocking>false</isNonBlocking>
      <isParallelStep>false</isParallelStep>
      <isSingleResponse>true</isSingleResponse>
      <recordInHistory>false</recordInHistory>
      <recordRawOutput>true</recordRawOutput>
      <recordPrimaryOutput>true</recordPrimaryOutput>
      <checkPointStep>true</checkPointStep>
      <historyCheckPointStep>true</historyCheckPointStep>
      <scriptResultStep>false</scriptResultStep>
      <userPrompt></userPrompt>
      <bindings/>
      <transitions>
        <transition id="a608d2c9-2f56-46f9-a67b-9fd0a99f751b">
          <annotation></annotation>
          <name>done</name>
          <command>NEXT</command>
          <linkMode>false</linkMode>
          <responseSymbol>done</responseSymbol>
          <shouldHandoff>false</shouldHandoff>
          <transitionValue>0.0</transitionValue>
          <destination>
            <refId>f266bf09-2b0a-4b27-9f84-db9d7c6184b3</refId>
          </destination>
          <source>
            <refId>e50bd3aa-535d-4bf7-ac60-13795ff3382c</refId>
          </source>
          <positions>
            <point>
              <x>260.0</x>
              <y>45.0</y>
            </point>
            <point>
              <x>743.0</x>
              <y>222.0</y>
            </point>
          </positions>
          <labelPosition>
            <x>333.0</x>
            <y>0.0</y>
          </labelPosition>
        </transition>
      </transitions>
      <properties/>
      <doneResponse>
        <refId>d92aab32-7b26-471d-8f85-a219f698cdd9</refId>
      </doneResponse>
      <steps>
        <step id="7336b781-da44-41b0-9f64-dea99e95cfa8">
          <annotation></annotation>
          <name>Get_IP_Info</name>
          <bounds>
            <x>318.0</x>
            <y>125.0</y>
          </bounds>
          <layer>-1</layer>
          <hideInbound>false</hideInbound>
          <addResultToRunContext>false</addResultToRunContext>
          <isCriticalStep>false</isCriticalStep>
          <isNonBlocking>false</isNonBlocking>
          <isParallelStep>false</isParallelStep>
          <isSingleResponse>false</isSingleResponse>
          <recordInHistory>false</recordInHistory>
          <recordRawOutput>true</recordRawOutput>
          <recordPrimaryOutput>true</recordPrimaryOutput>
          <checkPointStep>true</checkPointStep>
          <historyCheckPointStep>true</historyCheckPointStep>
          <scriptResultStep>false</scriptResultStep>
          <userPrompt></userPrompt>
          <bindings>
            <staticBinding id="5683d9b1-9ec0-44d5-af88-76c92c70f26f">
              <annotation></annotation>
              <assignFromContext>false</assignFromContext>
              <assignToContext>false</assignToContext>
              <inputType>STRING</inputType>
              <isList>false</isList>
              <required>false</required>
              <isPersisted>true</isPersisted>
              <inputSymbol>ip_address</inputSymbol>
              <listDelimiter>,</listDelimiter>
              <value>${IP1}</value>
              <record>false</record>
            </staticBinding>
          </bindings>
          <transitions>
            <transition id="6794aff5-326c-440b-9198-cba96e6f9259">
              <annotation></annotation>
              <name>success</name>
              <command>NEXT</command>
              <linkMode>false</linkMode>
              <responseSymbol>success</responseSymbol>
              <shouldHandoff>false</shouldHandoff>
              <transitionValue>0.0</transitionValue>
              <destination>
                <refId>b5473a71-1f33-450a-88be-1d2ee22ba985</refId>
              </destination>
              <source>
                <refId>7336b781-da44-41b0-9f64-dea99e95cfa8</refId>
              </source>
              <positions>
                <point>
                  <x>366.0</x>
                  <y>81.0</y>
                </point>
                <point>
                  <x>491.0</x>
                  <y>75.0</y>
                </point>
              </positions>
              <labelPosition>
                <x>333.0</x>
                <y>0.0</y>
              </labelPosition>
            </transition>
            <transition id="2e53fbb9-157f-40a5-a4bf-48ab0f06afda">
              <annotation></annotation>
              <name>failure</name>
              <command>NEXT</command>
              <linkMode>false</linkMode>
              <responseSymbol>failure</responseSymbol>
              <shouldHandoff>false</shouldHandoff>
              <transitionValue>0.0</transitionValue>
              <destination>
                <refId>b5473a71-1f33-450a-88be-1d2ee22ba985</refId>
              </destination>
              <source>
                <refId>7336b781-da44-41b0-9f64-dea99e95cfa8</refId>
              </source>
              <positions>
                <point>
                  <x>380.0</x>
                  <y>161.32743362831857</y>
                </point>
                <point>
                  <x>482.0</x>
                  <y>127.0</y>
                </point>
                <point>
                  <x>592.0</x>
                  <y>170.0</y>
                </point>
              </positions>
              <labelPosition>
                <x>546.0194724156147</x>
                <y>-21.155673322989223</y>
              </labelPosition>
            </transition>
          </transitions>
          <properties/>
          <opRef>
            <refId>105f2755-d8a3-42c2-b74d-4f3d147bfb24</refId>
          </opRef>
          <assignments>
            <flowVariableAssignment id="5d7e428a-fb11-4d6b-afd0-8659481be7fe">
              <annotation></annotation>
              <name>assignment</name>
              <action>OVERWRITE</action>
              <assignmentTargetType>FLOW_VARIABLE</assignmentTargetType>
              <contextKey>vlanglobalid</contextKey>
              <expression id="744a692f-3c9e-42b6-a57a-b68abd375b9a">
                <annotation></annotation>
                <name>Result Field: vlanglobalid</name>
                <fieldName>vlanglobalid</fieldName>
                <sourceType>RAWRESULT</sourceType>
                <filters/>
              </expression>
            </flowVariableAssignment>
            <flowVariableAssignment id="78499ac3-abfe-4d83-939e-b15e94e34ed8">
              <annotation></annotation>
              <name>assignment</name>
              <action>OVERWRITE</action>
              <assignmentTargetType>FLOW_VARIABLE</assignmentTargetType>
              <contextKey>errmsg</contextKey>
              <expression id="e09add32-81a1-4c3b-873e-2eba6fb51dcd">
                <annotation></annotation>
                <name>Result Field: errmsg</name>
                <fieldName>errmsg</fieldName>
                <sourceType>RAWRESULT</sourceType>
                <filters/>
              </expression>
            </flowVariableAssignment>
          </assignments>
          <throttleSize>0</throttleSize>
        </step>
        <step id="de6fd496-bb14-4024-9ed2-26006c6ec297">
          <annotation>ee3219d3-10a0-4135-9ab2-bc0075ce14a7.de6fd496-bb14-4024-9ed2-26006c6ec297.description</annotation>
          <name>Is Second IP 0.0.0.0?</name>
          <bounds>
            <x>354.0</x>
            <y>412.0</y>
          </bounds>
          <layer>-1</layer>
          <hideInbound>false</hideInbound>
          <addResultToRunContext>false</addResultToRunContext>
          <isCriticalStep>false</isCriticalStep>
          <isNonBlocking>false</isNonBlocking>
          <isParallelStep>false</isParallelStep>
          <isSingleResponse>false</isSingleResponse>
          <recordInHistory>false</recordInHistory>
          <recordRawOutput>true</recordRawOutput>
          <recordPrimaryOutput>true</recordPrimaryOutput>
          <checkPointStep>true</checkPointStep>
          <historyCheckPointStep>true</historyCheckPointStep>
          <scriptResultStep>false</scriptResultStep>
          <userPrompt></userPrompt>
          <bindings>
            <staticBinding id="0335666b-eb47-4b1d-bc8e-a815107df7ec">
              <annotation></annotation>
              <toContextKey>vm.isaccessible</toContextKey>
              <fromContextKey>vm.isaccessible</fromContextKey>
              <assignFromContext>false</assignFromContext>
              <assignToContext>false</assignToContext>
              <inputType>STRING</inputType>
              <isList>false</isList>
              <required>false</required>
              <isPersisted>true</isPersisted>
              <inputSymbol>string1</inputSymbol>
              <listDelimiter>,</listDelimiter>
              <value>${IP2}</value>
              <record>false</record>
            </staticBinding>
            <staticBinding id="0ee8a7f0-f004-438b-9951-1ff7b692b376">
              <annotation></annotation>
              <assignFromContext>false</assignFromContext>
              <assignToContext>false</assignToContext>
              <inputType>STRING</inputType>
              <isList>false</isList>
              <required>false</required>
              <isPersisted>true</isPersisted>
              <inputSymbol>string2</inputSymbol>
              <listDelimiter>,</listDelimiter>
              <value>0.0.0.0</value>
              <record>false</record>
            </staticBinding>
            <staticBinding id="4572eea5-67fb-4c55-aaf2-2f59aa1288e6">
              <annotation></annotation>
              <assignFromContext>false</assignFromContext>
              <assignToContext>false</assignToContext>
              <inputType>STRING</inputType>
              <isList>false</isList>
              <required>false</required>
              <isPersisted>true</isPersisted>
              <inputSymbol>ignoreCase</inputSymbol>
              <listDelimiter>,</listDelimiter>
              <value>true</value>
              <record>false</record>
            </staticBinding>
            <staticBinding id="68faf6ff-833f-4885-a561-4df8b883b6d2">
              <annotation></annotation>
              <toContextKey></toContextKey>
              <fromContextKey></fromContextKey>
              <assignFromContext>false</assignFromContext>
              <assignToContext>false</assignToContext>
              <inputType>STRING</inputType>
              <recordKey></recordKey>
              <isList>false</isList>
              <required>false</required>
              <isPersisted>true</isPersisted>
              <inputSymbol>Field_3</inputSymbol>
              <listDelimiter></listDelimiter>
              <value>${in3}</value>
              <record>false</record>
            </staticBinding>
            <staticBinding id="54010011-5ef3-492c-bfa2-ab630790464e">
              <annotation></annotation>
              <toContextKey></toContextKey>
              <fromContextKey></fromContextKey>
              <assignFromContext>false</assignFromContext>
              <assignToContext>false</assignToContext>
              <inputType>STRING</inputType>
              <recordKey></recordKey>
              <isList>false</isList>
              <required>false</required>
              <isPersisted>true</isPersisted>
              <inputSymbol>Field_4</inputSymbol>
              <listDelimiter></listDelimiter>
              <value>${in4}</value>
              <record>false</record>
            </staticBinding>
            <staticBinding id="88696d9c-3782-410b-a468-3a148b21b61c">
              <annotation></annotation>
              <toContextKey></toContextKey>
              <fromContextKey></fromContextKey>
              <assignFromContext>false</assignFromContext>
              <assignToContext>false</assignToContext>
              <inputType>STRING</inputType>
              <recordKey></recordKey>
              <isList>false</isList>
              <required>false</required>
              <isPersisted>true</isPersisted>
              <inputSymbol>Field_2</inputSymbol>
              <listDelimiter></listDelimiter>
              <value>${in2}</value>
              <record>false</record>
            </staticBinding>
            <staticBinding id="a0602e5e-704e-4e59-987a-1518b614293b">
              <annotation></annotation>
              <toContextKey></toContextKey>
              <fromContextKey></fromContextKey>
              <assignFromContext>false</assignFromContext>
              <assignToContext>false</assignToContext>
              <inputType>STRING</inputType>
              <recordKey></recordKey>
              <isList>false</isList>
              <required>false</required>
              <isPersisted>true</isPersisted>
              <inputSymbol>Field_1</inputSymbol>
              <listDelimiter></listDelimiter>
              <value>${in1}</value>
              <record>false</record>
            </staticBinding>
          </bindings>
          <transitions>
            <transition id="d59883b5-a5d0-4e7e-9405-ac12440b6786">
              <annotation></annotation>
              <name>false</name>
              <command>NEXT</command>
              <linkMode>false</linkMode>
              <responseSymbol>false</responseSymbol>
              <shouldHandoff>false</shouldHandoff>
              <transitionValue>0.0</transitionValue>
              <destination>
                <refId>2acc41b7-da52-45db-ab85-06bc3a5c27ec</refId>
              </destination>
              <source>
                <refId>de6fd496-bb14-4024-9ed2-26006c6ec297</refId>
              </source>
              <positions>
                <point>
                  <x>404.0</x>
                  <y>446.0</y>
                </point>
                <point>
                  <x>541.0</x>
                  <y>449.0</y>
                </point>
              </positions>
              <labelPosition>
                <x>479.2990355079757</x>
                <y>-2.0608789858357</y>
              </labelPosition>
            </transition>
            <transition id="bcfe0dfc-3f15-45bf-b061-a602c1b10904">
              <annotation></annotation>
              <name>true</name>
              <command>NEXT</command>
              <linkMode>false</linkMode>
              <responseSymbol>true</responseSymbol>
              <shouldHandoff>false</shouldHandoff>
              <transitionValue>0.0</transitionValue>
              <destination>
                <refId>d92aab32-7b26-471d-8f85-a219f698cdd9</refId>
              </destination>
              <source>
                <refId>de6fd496-bb14-4024-9ed2-26006c6ec297</refId>
              </source>
              <positions>
                <point>
                  <x>443.5</x>
                  <y>448.03794642857144</y>
                </point>
                <point>
                  <x>607.0</x>
                  <y>547.0</y>
                </point>
                <point>
                  <x>850.0</x>
                  <y>462.5</y>
                </point>
              </positions>
              <labelPosition>
                <x>447.1886666148285</x>
                <y>82.50119472468741</y>
              </labelPosition>
            </transition>
          </transitions>
          <properties/>
          <opRef>
            <refId>7c2f47aa-a4b3-4a7d-b3d4-007f285f7d29</refId>
          </opRef>
          <assignments/>
          <throttleSize>0</throttleSize>
        </step>
        <endBranchStep id="d92aab32-7b26-471d-8f85-a219f698cdd9">
          <annotation>ee3219d3-10a0-4135-9ab2-bc0075ce14a7.d92aab32-7b26-471d-8f85-a219f698cdd9.description</annotation>
          <name>End Branch</name>
          <bounds>
            <x>0.0</x>
            <y>0.0</y>
          </bounds>
          <layer>-1</layer>
          <hideInbound>false</hideInbound>
          <addResultToRunContext>false</addResultToRunContext>
          <isCriticalStep>false</isCriticalStep>
          <isNonBlocking>false</isNonBlocking>
          <isParallelStep>false</isParallelStep>
          <isSingleResponse>false</isSingleResponse>
          <recordInHistory>false</recordInHistory>
          <recordRawOutput>true</recordRawOutput>
          <recordPrimaryOutput>true</recordPrimaryOutput>
          <checkPointStep>true</checkPointStep>
          <historyCheckPointStep>true</historyCheckPointStep>
          <scriptResultStep>false</scriptResultStep>
          <userPrompt></userPrompt>
          <bindings/>
          <transitions>
            <transition id="a569ce28-4936-4064-a5a6-6a4bec0669b2">
              <annotation></annotation>
              <name>End Branch</name>
              <command>NEXT</command>
              <linkMode>false</linkMode>
              <responseSymbol>success</responseSymbol>
              <shouldHandoff>false</shouldHandoff>
              <transitionValue>0.0</transitionValue>
              <destination>
                <refId>d92aab32-7b26-471d-8f85-a219f698cdd9</refId>
              </destination>
              <source>
                <refId>d92aab32-7b26-471d-8f85-a219f698cdd9</refId>
              </source>
              <positions/>
            </transition>
          </transitions>
          <properties/>
        </endBranchStep>
        <step id="b5473a71-1f33-450a-88be-1d2ee22ba985">
          <annotation></annotation>
          <name>Get_VLAN</name>
          <bounds>
            <x>542.0</x>
            <y>120.0</y>
          </bounds>
          <layer>-1</layer>
          <hideInbound>false</hideInbound>
          <addResultToRunContext>false</addResultToRunContext>
          <isCriticalStep>false</isCriticalStep>
          <isNonBlocking>false</isNonBlocking>
          <isParallelStep>false</isParallelStep>
          <isSingleResponse>false</isSingleResponse>
          <recordInHistory>false</recordInHistory>
          <recordRawOutput>true</recordRawOutput>
          <recordPrimaryOutput>true</recordPrimaryOutput>
          <checkPointStep>true</checkPointStep>
          <historyCheckPointStep>true</historyCheckPointStep>
          <scriptResultStep>false</scriptResultStep>
          <userPrompt></userPrompt>
          <bindings>
            <staticBinding id="0848b35f-9fd5-434a-aea0-d8afed6b8a0c">
              <annotation></annotation>
              <assignFromContext>true</assignFromContext>
              <assignToContext>true</assignToContext>
              <inputType>STRING</inputType>
              <isList>false</isList>
              <required>false</required>
              <isPersisted>true</isPersisted>
              <inputSymbol>vlanglobalid</inputSymbol>
              <listDelimiter>,</listDelimiter>
              <value>${vlanglobalid}</value>
              <record>false</record>
            </staticBinding>
            <staticBinding id="dad0b5bc-3597-4530-9402-45d9027a186c">
              <annotation></annotation>
              <assignFromContext>true</assignFromContext>
              <assignToContext>true</assignToContext>
              <inputType>STRING</inputType>
              <isList>false</isList>
              <required>false</required>
              <isPersisted>true</isPersisted>
              <inputSymbol>port</inputSymbol>
              <listDelimiter>,</listDelimiter>
              <value>443</value>
              <record>false</record>
            </staticBinding>
          </bindings>
          <transitions>
            <transition id="05ec2b50-04f4-4a8d-becf-5bb4dccb6f78">
              <annotation></annotation>
              <name>success</name>
              <command>NEXT</command>
              <linkMode>false</linkMode>
              <responseSymbol>success</responseSymbol>
              <shouldHandoff>false</shouldHandoff>
              <transitionValue>0.0</transitionValue>
              <destination>
                <refId>d92aab32-7b26-471d-8f85-a219f698cdd9</refId>
              </destination>
              <source>
                <refId>b5473a71-1f33-450a-88be-1d2ee22ba985</refId>
              </source>
              <positions>
                <point>
                  <x>491.0</x>
                  <y>75.0</y>
                </point>
                <point>
                  <x>550.0</x>
                  <y>111.0</y>
                </point>
              </positions>
              <labelPosition>
                <x>333.0</x>
                <y>0.0</y>
              </labelPosition>
            </transition>
            <transition id="b9e1016d-4319-4a43-aa3e-83af945dc747">
              <annotation></annotation>
              <name>failure</name>
              <command>NEXT</command>
              <linkMode>false</linkMode>
              <responseSymbol>failure</responseSymbol>
              <shouldHandoff>false</shouldHandoff>
              <transitionValue>0.0</transitionValue>
              <destination>
                <refId>d92aab32-7b26-471d-8f85-a219f698cdd9</refId>
              </destination>
              <source>
                <refId>b5473a71-1f33-450a-88be-1d2ee22ba985</refId>
              </source>
              <positions>
                <point>
                  <x>604.0</x>
                  <y>156.15384615384616</y>
                </point>
                <point>
                  <x>714.0</x>
                  <y>120.0</y>
                </point>
                <point>
                  <x>850.0</x>
                  <y>165.0</y>
                </point>
              </positions>
              <labelPosition>
                <x>450.6659494226289</x>
                <y>-32.53120280685886</y>
              </labelPosition>
            </transition>
          </transitions>
          <properties/>
          <opRef>
            <refId>e9a20c11-22c6-4ff5-9c71-14321ab26896</refId>
          </opRef>
          <assignments>
            <flowVariableAssignment id="02e25db6-3810-4abd-a7f2-05f91a3b3844">
              <annotation></annotation>
              <name>assignment</name>
              <action>OVERWRITE</action>
              <assignmentTargetType>FLOW_OUTPUT_FIELD</assignmentTargetType>
              <contextKey>primary_dns_IP</contextKey>
              <expression id="952e5435-bbd7-4da4-86e2-5ddd854356dc">
                <annotation></annotation>
                <name>Result Field: primary_dns</name>
                <fieldName>primary_dns</fieldName>
                <sourceType>RAWRESULT</sourceType>
                <filters/>
              </expression>
            </flowVariableAssignment>
            <flowVariableAssignment id="fb211510-2749-419c-ace0-33e2a9116cef">
              <annotation></annotation>
              <name>assignment</name>
              <action>OVERWRITE</action>
              <assignmentTargetType>FLOW_OUTPUT_FIELD</assignmentTargetType>
              <contextKey>secondary_dns_IP</contextKey>
              <expression id="2a73aa84-caf9-4f7b-87ee-bea36a9b58f2">
                <annotation></annotation>
                <name>Result Field: secondary_dns</name>
                <fieldName>secondary_dns</fieldName>
                <sourceType>RAWRESULT</sourceType>
                <filters/>
              </expression>
            </flowVariableAssignment>
            <flowVariableAssignment id="d82b8369-7959-44cc-abf1-6819de9693a7">
              <annotation></annotation>
              <name>assignment</name>
              <action>OVERWRITE</action>
              <assignmentTargetType>FLOW_OUTPUT_FIELD</assignmentTargetType>
              <contextKey>subnet_mask_IP1</contextKey>
              <expression id="6add47bf-3372-4992-8d9a-36a805699c15">
                <annotation></annotation>
                <name>Result Field: subnet_mask</name>
                <fieldName>subnet_mask</fieldName>
                <sourceType>RAWRESULT</sourceType>
                <filters/>
              </expression>
            </flowVariableAssignment>
          </assignments>
          <throttleSize>0</throttleSize>
        </step>
        <step id="2e7e6ac2-e542-4521-962a-e1f4d6c30eb2">
          <annotation></annotation>
          <name>Get_VLAN</name>
          <bounds>
            <x>656.0</x>
            <y>418.0</y>
          </bounds>
          <layer>-1</layer>
          <hideInbound>false</hideInbound>
          <addResultToRunContext>false</addResultToRunContext>
          <isCriticalStep>false</isCriticalStep>
          <isNonBlocking>false</isNonBlocking>
          <isParallelStep>false</isParallelStep>
          <isSingleResponse>false</isSingleResponse>
          <recordInHistory>false</recordInHistory>
          <recordRawOutput>true</recordRawOutput>
          <recordPrimaryOutput>true</recordPrimaryOutput>
          <checkPointStep>true</checkPointStep>
          <historyCheckPointStep>true</historyCheckPointStep>
          <scriptResultStep>false</scriptResultStep>
          <userPrompt></userPrompt>
          <bindings>
            <staticBinding id="1bbf6080-8f2c-4964-8c9b-3ce9dd11abcf">
              <annotation></annotation>
              <assignFromContext>true</assignFromContext>
              <assignToContext>true</assignToContext>
              <inputType>STRING</inputType>
              <isList>false</isList>
              <required>false</required>
              <isPersisted>true</isPersisted>
              <inputSymbol>vlanglobalid</inputSymbol>
              <listDelimiter>,</listDelimiter>
              <value>${vlanglobalid}</value>
              <record>false</record>
            </staticBinding>
            <staticBinding id="1ccafd52-394e-4344-996e-8e2b35bbada0">
              <annotation></annotation>
              <assignFromContext>true</assignFromContext>
              <assignToContext>true</assignToContext>
              <inputType>STRING</inputType>
              <isList>false</isList>
              <required>false</required>
              <isPersisted>true</isPersisted>
              <inputSymbol>port</inputSymbol>
              <listDelimiter>,</listDelimiter>
              <value>443</value>
              <record>false</record>
            </staticBinding>
          </bindings>
          <transitions>
            <transition id="a89ad985-961e-45f2-9e9c-b83f9e6c9655">
              <annotation></annotation>
              <name>success</name>
              <command>NEXT</command>
              <linkMode>false</linkMode>
              <responseSymbol>success</responseSymbol>
              <shouldHandoff>false</shouldHandoff>
              <transitionValue>0.0</transitionValue>
              <destination>
                <refId>d92aab32-7b26-471d-8f85-a219f698cdd9</refId>
              </destination>
              <source>
                <refId>2e7e6ac2-e542-4521-962a-e1f4d6c30eb2</refId>
              </source>
              <positions>
                <point>
                  <x>491.0</x>
                  <y>343.0</y>
                </point>
                <point>
                  <x>550.0</x>
                  <y>379.0</y>
                </point>
              </positions>
              <labelPosition>
                <x>484.45089909259156</x>
                <y>-0.5293871311278967</y>
              </labelPosition>
            </transition>
            <transition id="17017c7b-64ac-4736-8073-a28e1bc6e5cb">
              <annotation></annotation>
              <name>failure</name>
              <command>NEXT</command>
              <linkMode>false</linkMode>
              <responseSymbol>failure</responseSymbol>
              <shouldHandoff>false</shouldHandoff>
              <transitionValue>0.0</transitionValue>
              <destination>
                <refId>d92aab32-7b26-471d-8f85-a219f698cdd9</refId>
              </destination>
              <source>
                <refId>2e7e6ac2-e542-4521-962a-e1f4d6c30eb2</refId>
              </source>
              <positions>
                <point>
                  <x>718.0</x>
                  <y>454.95205479452056</y>
                </point>
                <point>
                  <x>785.0</x>
                  <y>423.0</y>
                </point>
                <point>
                  <x>850.0</x>
                  <y>462.5</y>
                </point>
              </positions>
              <labelPosition>
                <x>478.281522076185</x>
                <y>-24.24172722228102</y>
              </labelPosition>
            </transition>
          </transitions>
          <properties/>
          <opRef>
            <refId>e9a20c11-22c6-4ff5-9c71-14321ab26896</refId>
          </opRef>
          <assignments>
            <flowVariableAssignment id="8abfba1c-162a-4081-a3ba-367e8c7426b6">
              <annotation></annotation>
              <name>assignment</name>
              <action>OVERWRITE</action>
              <assignmentTargetType>FLOW_OUTPUT_FIELD</assignmentTargetType>
              <contextKey>subnet_mask_IP2</contextKey>
              <expression id="7148bf67-2b1a-4e93-9d2b-2c6a3e3aad48">
                <annotation></annotation>
                <name>Result Field: subnet_mask</name>
                <fieldName>subnet_mask</fieldName>
                <sourceType>RAWRESULT</sourceType>
                <filters/>
              </expression>
            </flowVariableAssignment>
          </assignments>
          <throttleSize>0</throttleSize>
        </step>
        <step id="2acc41b7-da52-45db-ab85-06bc3a5c27ec">
          <annotation></annotation>
          <name>Get_IP_Info</name>
          <bounds>
            <x>491.0</x>
            <y>415.0</y>
          </bounds>
          <layer>-1</layer>
          <hideInbound>false</hideInbound>
          <addResultToRunContext>false</addResultToRunContext>
          <isCriticalStep>false</isCriticalStep>
          <isNonBlocking>false</isNonBlocking>
          <isParallelStep>false</isParallelStep>
          <isSingleResponse>false</isSingleResponse>
          <recordInHistory>false</recordInHistory>
          <recordRawOutput>true</recordRawOutput>
          <recordPrimaryOutput>true</recordPrimaryOutput>
          <checkPointStep>true</checkPointStep>
          <historyCheckPointStep>true</historyCheckPointStep>
          <scriptResultStep>false</scriptResultStep>
          <userPrompt></userPrompt>
          <bindings>
            <staticBinding id="701339ad-7354-4d3f-8ab7-410a1eb3b2b6">
              <annotation></annotation>
              <assignFromContext>false</assignFromContext>
              <assignToContext>false</assignToContext>
              <inputType>STRING</inputType>
              <isList>false</isList>
              <required>false</required>
              <isPersisted>true</isPersisted>
              <inputSymbol>ip_address</inputSymbol>
              <listDelimiter>,</listDelimiter>
              <value>${IP2}</value>
              <record>false</record>
            </staticBinding>
          </bindings>
          <transitions>
            <transition id="765619ef-4a74-4f38-aaa1-00a2b2f01e59">
              <annotation></annotation>
              <name>success</name>
              <command>NEXT</command>
              <linkMode>false</linkMode>
              <responseSymbol>success</responseSymbol>
              <shouldHandoff>false</shouldHandoff>
              <transitionValue>0.0</transitionValue>
              <destination>
                <refId>2e7e6ac2-e542-4521-962a-e1f4d6c30eb2</refId>
              </destination>
              <source>
                <refId>2acc41b7-da52-45db-ab85-06bc3a5c27ec</refId>
              </source>
              <positions>
                <point>
                  <x>593.5</x>
                  <y>453.23353293413174</y>
                </point>
                <point>
                  <x>620.0</x>
                  <y>486.0</y>
                </point>
                <point>
                  <x>706.0</x>
                  <y>468.0</y>
                </point>
              </positions>
              <labelPosition>
                <x>478.95310161449913</x>
                <y>20.973050401118304</y>
              </labelPosition>
            </transition>
            <transition id="62a9f0cd-e8f4-4fc9-a431-14f2178ff3ff">
              <annotation></annotation>
              <name>failure</name>
              <command>NEXT</command>
              <linkMode>false</linkMode>
              <responseSymbol>failure</responseSymbol>
              <shouldHandoff>false</shouldHandoff>
              <transitionValue>0.0</transitionValue>
              <destination>
                <refId>2e7e6ac2-e542-4521-962a-e1f4d6c30eb2</refId>
              </destination>
              <source>
                <refId>2acc41b7-da52-45db-ab85-06bc3a5c27ec</refId>
              </source>
              <positions>
                <point>
                  <x>553.0</x>
                  <y>453.23353293413174</y>
                </point>
                <point>
                  <x>615.0</x>
                  <y>424.0</y>
                </point>
                <point>
                  <x>706.0</x>
                  <y>468.0</y>
                </point>
              </positions>
              <labelPosition>
                <x>451.66595781480356</x>
                <y>-17.321746151566696</y>
              </labelPosition>
            </transition>
          </transitions>
          <properties/>
          <opRef>
            <refId>105f2755-d8a3-42c2-b74d-4f3d147bfb24</refId>
          </opRef>
          <assignments>
            <flowVariableAssignment id="2b466129-b424-449f-910f-243abbbffd09">
              <annotation></annotation>
              <name>assignment</name>
              <action>OVERWRITE</action>
              <assignmentTargetType>FLOW_VARIABLE</assignmentTargetType>
              <contextKey>vlanglobalid</contextKey>
              <expression id="acea4efc-c9d5-40a2-9b70-71fd846157ce">
                <annotation></annotation>
                <name>Result Field: vlanglobalid</name>
                <fieldName>vlanglobalid</fieldName>
                <sourceType>RAWRESULT</sourceType>
                <filters/>
              </expression>
            </flowVariableAssignment>
            <flowVariableAssignment id="8ee345e9-c055-4e08-a4cf-9f2fa98fe8d3">
              <annotation></annotation>
              <name>assignment</name>
              <action>OVERWRITE</action>
              <assignmentTargetType>FLOW_VARIABLE</assignmentTargetType>
              <contextKey>errmsg</contextKey>
              <expression id="77e45853-3354-401b-9a41-832aa3385d54">
                <annotation></annotation>
                <name>Result Field: errmsg</name>
                <fieldName>errmsg</fieldName>
                <sourceType>RAWRESULT</sourceType>
                <filters/>
              </expression>
            </flowVariableAssignment>
          </assignments>
          <throttleSize>0</throttleSize>
        </step>
      </steps>
      <startSteps>
        <refId>7336b781-da44-41b0-9f64-dea99e95cfa8</refId>
        <refId>de6fd496-bb14-4024-9ed2-26006c6ec297</refId>
      </startSteps>
      <lanes>
        <parallelLane id="abd51e98-876d-435f-ae28-a17c3e3d069b">
          <annotation></annotation>
          <name>Lane 2</name>
          <bounds>
            <x>0.0</x>
            <y>0.0</y>
            <width>548.0</width>
            <height>268.0</height>
          </bounds>
          <parallelSteps>
            <refId>7336b781-da44-41b0-9f64-dea99e95cfa8</refId>
            <refId>b5473a71-1f33-450a-88be-1d2ee22ba985</refId>
          </parallelSteps>
          <parallelStartStep>
            <refId>7336b781-da44-41b0-9f64-dea99e95cfa8</refId>
          </parallelStartStep>
        </parallelLane>
        <parallelLane id="2008ea97-f9d7-40fc-a52e-bcb40f1360c4">
          <annotation></annotation>
          <name>Lane 2</name>
          <bounds>
            <x>0.0</x>
            <y>0.0</y>
            <width>548.0</width>
            <height>319.0</height>
          </bounds>
          <parallelSteps>
            <refId>2e7e6ac2-e542-4521-962a-e1f4d6c30eb2</refId>
            <refId>2acc41b7-da52-45db-ab85-06bc3a5c27ec</refId>
            <refId>de6fd496-bb14-4024-9ed2-26006c6ec297</refId>
          </parallelSteps>
          <parallelStartStep>
            <refId>de6fd496-bb14-4024-9ed2-26006c6ec297</refId>
          </parallelStartStep>
        </parallelLane>
      </lanes>
      <callouts/>
    </parallelMultiStep>
    <returnStep id="f266bf09-2b0a-4b27-9f84-db9d7c6184b3">
      <annotation></annotation>
      <name>Resolved : success</name>
      <bounds>
        <x>979.0</x>
        <y>199.0</y>
      </bounds>
      <layer>-1</layer>
      <hideInbound>false</hideInbound>
      <addResultToRunContext>false</addResultToRunContext>
      <isCriticalStep>false</isCriticalStep>
      <isNonBlocking>false</isNonBlocking>
      <isParallelStep>false</isParallelStep>
      <isSingleResponse>false</isSingleResponse>
      <recordInHistory>false</recordInHistory>
      <recordRawOutput>true</recordRawOutput>
      <recordPrimaryOutput>true</recordPrimaryOutput>
      <checkPointStep>true</checkPointStep>
      <historyCheckPointStep>true</historyCheckPointStep>
      <scriptResultStep>false</scriptResultStep>
      <userPrompt></userPrompt>
      <bindings/>
      <transitions>
        <transition id="4fddb365-e82b-4cc0-9309-d43c834109cc">
          <annotation></annotation>
          <name>return</name>
          <command>NEXT</command>
          <linkMode>false</linkMode>
          <responseSymbol>success</responseSymbol>
          <shouldHandoff>false</shouldHandoff>
          <transitionValue>0.0</transitionValue>
          <destination>
            <refId>f266bf09-2b0a-4b27-9f84-db9d7c6184b3</refId>
          </destination>
          <source>
            <refId>f266bf09-2b0a-4b27-9f84-db9d7c6184b3</refId>
          </source>
          <positions/>
        </transition>
      </transitions>
      <properties/>
      <returnStepType>RESOLVED</returnStepType>
      <assignments/>
    </returnStep>
  </steps>
  <startSteps>e50bd3aa-535d-4bf7-ac60-13795ff3382c</startSteps>
</flow>