<?xml version="1.0" encoding="UTF-8"?>
<flow id="5702f44c-8326-4696-9454-e49787b2296b">
  <annotation></annotation>
  <name>ESL_UpdateCIStatus</name>
  <categories/>
  <inputs>
    <staticBinding id="6fa594e0-d08b-422f-b4b8-2bacf778cda8">
      <annotation></annotation>
      <assignFromContext>false</assignFromContext>
      <assignToContext>false</assignToContext>
      <inputType>STRING</inputType>
      <isList>false</isList>
      <required>true</required>
      <isPersisted>true</isPersisted>
      <inputSymbol>esl.attributes.primaryname</inputSymbol>
      <listDelimiter>,</listDelimiter>
      <value>${server.hostname}</value>
      <record>false</record>
    </staticBinding>
    <staticBinding id="5d269100-82d1-46b8-9893-b1e7fa304ec2">
      <annotation></annotation>
      <assignFromContext>false</assignFromContext>
      <assignToContext>false</assignToContext>
      <inputType>STRING</inputType>
      <isList>false</isList>
      <required>true</required>
      <isPersisted>true</isPersisted>
      <inputSymbol>esl.attributes.apradomain</inputSymbol>
      <listDelimiter>,</listDelimiter>
      <value>${pc.dns.nat.domain}</value>
      <record>false</record>
    </staticBinding>
    <staticBinding id="a40c835c-9623-4e5e-a9e1-9a742335c379">
      <annotation></annotation>
      <assignFromContext>false</assignFromContext>
      <assignToContext>false</assignToContext>
      <inputType>STRING</inputType>
      <isList>false</isList>
      <required>true</required>
      <isPersisted>true</isPersisted>
      <inputSymbol>esl.attributes.systemstatus</inputSymbol>
      <listDelimiter>,</listDelimiter>
      <value>${esl/pc.esl.attributes.status.deinstalled}</value>
      <record>false</record>
    </staticBinding>
  </inputs>
  <scriptlet id="e972015c-142a-454a-9a84-c37044488eed">
    <annotation></annotation>
    <name>Operation ESL_UpdateCIStatus (5702f44c-8326-4696-9454-e49787b2296b)</name>
    <type>RHINO</type>
  </scriptlet>
  <possibleResponses>
    <opResponse id="476035e8-35a6-45b6-907d-70c9ee36a481">
      <annotation></annotation>
      <name>success</name>
      <isDefault>true</isDefault>
      <onFailure>false</onFailure>
      <type>RESOLVED</type>
      <matchRules/>
    </opResponse>
    <opResponse id="f43ba1e4-e024-4d77-9974-f9438ffa7e33">
      <annotation></annotation>
      <name>failure</name>
      <isDefault>false</isDefault>
      <onFailure>true</onFailure>
      <type>ERROR</type>
      <matchRules/>
    </opResponse>
  </possibleResponses>
  <availableResultExpressions/>
  <resultExpression id="bb738f7f-f6dc-4020-9569-fb4a66496dde">
    <annotation></annotation>
    <name>FailureMessage</name>
    <fieldName>FailureMessage</fieldName>
    <sourceType>RAWRESULT</sourceType>
    <filters/>
  </resultExpression>
  <iconSpec id="ae04c09d-b9ca-489f-a731-b6d8804a71df">
    <baseIcon>flow.png</baseIcon>
    <basePath>System</basePath>
    <readOnly>false</readOnly>
    <layers/>
  </iconSpec>
  <callouts>
    <callout id="41c94698-26f2-442c-a7c3-695eaf977245">
      <text>5702f44c-8326-4696-9454-e49787b2296b.41c94698-26f2-442c-a7c3-695eaf977245.callout</text>
      <bounds>
        <x>62.0</x>
        <y>10.0</y>
        <width>254.0</width>
        <height>38.0</height>
      </bounds>
      <layer>-1</layer>
    </callout>
    <callout id="371ea566-4343-4b77-b1b3-86aa1158f548">
      <text>5702f44c-8326-4696-9454-e49787b2296b.371ea566-4343-4b77-b1b3-86aa1158f548.callout</text>
      <bounds>
        <x>617.0</x>
        <y>6.0</y>
        <width>133.0</width>
        <height>63.0</height>
      </bounds>
      <layer>-1</layer>
    </callout>
  </callouts>
  <checkPointFlow>true</checkPointFlow>
  <compatibleRuntimeContext>false</compatibleRuntimeContext>
  <historyCheckPointFlow>true</historyCheckPointFlow>
  <steps>
    <step id="1e0a318a-8a2f-44cc-a379-11128524de53">
      <annotation>5702f44c-8326-4696-9454-e49787b2296b.1e0a318a-8a2f-44cc-a379-11128524de53.description</annotation>
      <name>ESL_JsonPreprationFor Update CI</name>
      <bounds>
        <x>54.0</x>
        <y>56.0</y>
      </bounds>
      <layer>-1</layer>
      <hideInbound>false</hideInbound>
      <addResultToRunContext>false</addResultToRunContext>
      <isCriticalStep>false</isCriticalStep>
      <isNonBlocking>false</isNonBlocking>
      <isParallelStep>false</isParallelStep>
      <isSingleResponse>false</isSingleResponse>
      <recordInHistory>false</recordInHistory>
      <recordRawOutput>true</recordRawOutput>
      <recordPrimaryOutput>true</recordPrimaryOutput>
      <checkPointStep>true</checkPointStep>
      <historyCheckPointStep>true</historyCheckPointStep>
      <scriptResultStep>false</scriptResultStep>
      <userPrompt></userPrompt>
      <bindings>
        <staticBinding id="7b1db7fe-6e9b-43fd-8cc8-76c7c604f7b3">
          <annotation></annotation>
          <fromContextKey>esl_ciinfo</fromContextKey>
          <assignFromContext>false</assignFromContext>
          <assignToContext>false</assignToContext>
          <inputType>STRING</inputType>
          <isList>false</isList>
          <required>false</required>
          <isPersisted>true</isPersisted>
          <inputSymbol>field1</inputSymbol>
          <listDelimiter>,</listDelimiter>
          <value>${esl/pc.esl.updateci.jsontemplate}</value>
          <record>false</record>
        </staticBinding>
        <staticBinding id="15fda4fb-03f3-4b8d-8b24-beffb1974d47">
          <annotation></annotation>
          <assignFromContext>false</assignFromContext>
          <assignToContext>false</assignToContext>
          <inputType>STRING</inputType>
          <isList>false</isList>
          <required>false</required>
          <isPersisted>true</isPersisted>
          <inputSymbol>field2</inputSymbol>
          <listDelimiter>,</listDelimiter>
          <record>false</record>
        </staticBinding>
        <staticBinding id="061eef82-0fe9-452b-8c8f-1bbba0b0d706">
          <annotation></annotation>
          <assignFromContext>false</assignFromContext>
          <assignToContext>false</assignToContext>
          <inputType>STRING</inputType>
          <isList>false</isList>
          <required>false</required>
          <isPersisted>true</isPersisted>
          <inputSymbol>field3</inputSymbol>
          <listDelimiter>,</listDelimiter>
          <record>false</record>
        </staticBinding>
        <staticBinding id="be33b95f-ef5b-405f-8d81-bfb98b46da23">
          <annotation></annotation>
          <assignFromContext>false</assignFromContext>
          <assignToContext>false</assignToContext>
          <inputType>STRING</inputType>
          <isList>false</isList>
          <required>false</required>
          <isPersisted>true</isPersisted>
          <inputSymbol>field4</inputSymbol>
          <listDelimiter>,</listDelimiter>
          <record>false</record>
        </staticBinding>
      </bindings>
      <transitions>
        <transition id="35ed3a19-1e84-4b02-980c-bd06d0282dda">
          <annotation></annotation>
          <name>success</name>
          <command>NEXT</command>
          <linkMode>false</linkMode>
          <responseSymbol>success</responseSymbol>
          <shouldHandoff>false</shouldHandoff>
          <transitionValue>0.0</transitionValue>
          <destination>
            <refId>63ebcf68-fb19-4990-8746-75a3c16d640f</refId>
          </destination>
          <source>
            <refId>1e0a318a-8a2f-44cc-a379-11128524de53</refId>
          </source>
          <positions>
            <point>
              <x>104.0</x>
              <y>90.0</y>
            </point>
            <point>
              <x>300.0</x>
              <y>89.0</y>
            </point>
          </positions>
          <labelPosition>
            <x>333.0</x>
            <y>0.0</y>
          </labelPosition>
        </transition>
      </transitions>
      <properties/>
      <opRef>
        <refId>ddd79f22-8b1e-4605-88d5-d912bb2da2b9</refId>
      </opRef>
      <assignments>
        <flowVariableAssignment id="c1163dd8-1c9f-4e92-bee9-970f3a8475ea">
          <annotation></annotation>
          <name>assignment</name>
          <action>OVERWRITE</action>
          <assignmentTargetType>FLOW_VARIABLE</assignmentTargetType>
          <contextKey>ciinfoWithoutQuoteMark</contextKey>
          <expression id="469689a2-af7c-47c7-9846-6aae1b8ce071">
            <annotation></annotation>
            <name>Result Field: Result</name>
            <fieldName>Result</fieldName>
            <sourceType>RAWRESULT</sourceType>
            <filters/>
          </expression>
        </flowVariableAssignment>
        <flowVariableAssignment id="c10565d6-330e-40cc-967b-8c6c85ff8c80">
          <annotation></annotation>
          <name>assignment</name>
          <action>OVERWRITE</action>
          <assignmentTargetType>FLOW_VARIABLE</assignmentTargetType>
          <contextKey>ciinfo</contextKey>
          <expression id="4fede124-9390-4ebf-8af1-27f096369dc5">
            <annotation></annotation>
            <name>Result Field: Result</name>
            <fieldName>Result</fieldName>
            <sourceType>RAWRESULT</sourceType>
            <filters>
              <replaceAllFilter id="50c1db69-047e-43fe-a3ae-abb254ed3b8c">
                <annotation></annotation>
                <name>Replace</name>
                <ignoreCase>false</ignoreCase>
                <searchString>PrimaryName_value</searchString>
                <replaceString>${esl.attributes.primaryname}</replaceString>
                <replaceType>ALL</replaceType>
              </replaceAllFilter>
              <replaceAllFilter id="a5aee905-b331-49f3-b692-3ec064659a42">
                <annotation></annotation>
                <name>Replace</name>
                <ignoreCase>false</ignoreCase>
                <searchString>ArpaDomain_value</searchString>
                <replaceString>${esl.attributes.apradomain}</replaceString>
                <replaceType>ALL</replaceType>
              </replaceAllFilter>
              <replaceAllFilter id="4a4ccadb-6f7d-4b16-afbb-5511ec602c07">
                <annotation></annotation>
                <name>Replace</name>
                <ignoreCase>false</ignoreCase>
                <searchString>SystemStatus_value</searchString>
                <replaceString>${esl.attributes.systemstatus}</replaceString>
                <replaceType>ALL</replaceType>
              </replaceAllFilter>
            </filters>
          </expression>
        </flowVariableAssignment>
      </assignments>
      <throttleSize>0</throttleSize>
    </step>
    <step id="ccc00890-a18e-4d1f-8a6d-3b3a0cb30b14">
      <annotation>5702f44c-8326-4696-9454-e49787b2296b.ccc00890-a18e-4d1f-8a6d-3b3a0cb30b14.description</annotation>
      <name>Check if succeed</name>
      <bounds>
        <x>616.0</x>
        <y>56.0</y>
      </bounds>
      <layer>-1</layer>
      <hideInbound>false</hideInbound>
      <addResultToRunContext>false</addResultToRunContext>
      <isCriticalStep>false</isCriticalStep>
      <isNonBlocking>false</isNonBlocking>
      <isParallelStep>false</isParallelStep>
      <isSingleResponse>false</isSingleResponse>
      <recordInHistory>false</recordInHistory>
      <recordRawOutput>true</recordRawOutput>
      <recordPrimaryOutput>true</recordPrimaryOutput>
      <checkPointStep>true</checkPointStep>
      <historyCheckPointStep>true</historyCheckPointStep>
      <scriptResultStep>false</scriptResultStep>
      <userPrompt></userPrompt>
      <bindings>
        <staticBinding id="5800b04c-2898-4a13-b75f-0e225ff06e5b">
          <annotation></annotation>
          <assignFromContext>false</assignFromContext>
          <assignToContext>false</assignToContext>
          <inputType>STRING</inputType>
          <isList>false</isList>
          <required>false</required>
          <isPersisted>true</isPersisted>
          <inputSymbol>string1</inputSymbol>
          <listDelimiter>,</listDelimiter>
          <value>null</value>
          <record>false</record>
        </staticBinding>
        <staticBinding id="76925648-c01e-4f39-b04c-5348d5dc4960">
          <annotation></annotation>
          <assignFromContext>false</assignFromContext>
          <assignToContext>false</assignToContext>
          <inputType>STRING</inputType>
          <isList>false</isList>
          <required>false</required>
          <isPersisted>true</isPersisted>
          <inputSymbol>string2</inputSymbol>
          <listDelimiter>,</listDelimiter>
          <value>${createCIresponse}</value>
          <record>false</record>
        </staticBinding>
        <staticBinding id="84430970-7f65-4ca2-bc6f-2e4811e7be8b">
          <annotation></annotation>
          <assignFromContext>false</assignFromContext>
          <assignToContext>false</assignToContext>
          <inputType>STRING</inputType>
          <isList>false</isList>
          <required>false</required>
          <isPersisted>true</isPersisted>
          <inputSymbol>ignoreCase</inputSymbol>
          <listDelimiter>,</listDelimiter>
          <value>True</value>
          <record>false</record>
        </staticBinding>
      </bindings>
      <transitions>
        <transition id="586da7db-161c-4f4e-a775-61dc1bd226e6">
          <annotation></annotation>
          <name>true</name>
          <command>NEXT</command>
          <linkMode>false</linkMode>
          <responseSymbol>true</responseSymbol>
          <shouldHandoff>false</shouldHandoff>
          <transitionValue>0.0</transitionValue>
          <destination>
            <refId>e4cfbb81-6fbe-41f4-b659-7c6a522b288e</refId>
          </destination>
          <source>
            <refId>ccc00890-a18e-4d1f-8a6d-3b3a0cb30b14</refId>
          </source>
          <positions>
            <point>
              <x>475.0</x>
              <y>87.0</y>
            </point>
            <point>
              <x>662.0</x>
              <y>87.0</y>
            </point>
          </positions>
          <labelPosition>
            <x>333.0</x>
            <y>0.0</y>
          </labelPosition>
        </transition>
        <transition id="bbf39bfe-e8cd-463d-9790-657cd63d5164">
          <annotation></annotation>
          <name>false</name>
          <command>NEXT</command>
          <linkMode>false</linkMode>
          <responseSymbol>false</responseSymbol>
          <shouldHandoff>false</shouldHandoff>
          <transitionValue>0.0</transitionValue>
          <destination>
            <refId>a4fc60a9-331f-423d-8b2d-ba53de4acfda</refId>
          </destination>
          <source>
            <refId>ccc00890-a18e-4d1f-8a6d-3b3a0cb30b14</refId>
          </source>
          <positions>
            <point>
              <x>666.0</x>
              <y>90.0</y>
            </point>
            <point>
              <x>668.0</x>
              <y>367.0</y>
            </point>
          </positions>
          <labelPosition>
            <x>333.0</x>
            <y>0.0</y>
          </labelPosition>
        </transition>
      </transitions>
      <properties/>
      <opRef>
        <refId>7c2f47aa-a4b3-4a7d-b3d4-007f285f7d29</refId>
      </opRef>
      <assignments/>
      <throttleSize>0</throttleSize>
    </step>
    <returnStep id="e4cfbb81-6fbe-41f4-b659-7c6a522b288e">
      <annotation></annotation>
      <name>Resolved : success</name>
      <bounds>
        <x>797.0</x>
        <y>56.0</y>
      </bounds>
      <layer>-1</layer>
      <hideInbound>false</hideInbound>
      <addResultToRunContext>false</addResultToRunContext>
      <isCriticalStep>false</isCriticalStep>
      <isNonBlocking>false</isNonBlocking>
      <isParallelStep>false</isParallelStep>
      <isSingleResponse>false</isSingleResponse>
      <recordInHistory>false</recordInHistory>
      <recordRawOutput>true</recordRawOutput>
      <recordPrimaryOutput>true</recordPrimaryOutput>
      <checkPointStep>true</checkPointStep>
      <historyCheckPointStep>true</historyCheckPointStep>
      <scriptResultStep>false</scriptResultStep>
      <userPrompt></userPrompt>
      <bindings/>
      <transitions>
        <transition id="de6f70bf-022a-444d-aee2-996faf4fc661">
          <annotation></annotation>
          <name>return</name>
          <command>NEXT</command>
          <linkMode>false</linkMode>
          <responseSymbol>success</responseSymbol>
          <shouldHandoff>false</shouldHandoff>
          <transitionValue>0.0</transitionValue>
          <destination>
            <refId>e4cfbb81-6fbe-41f4-b659-7c6a522b288e</refId>
          </destination>
          <source>
            <refId>e4cfbb81-6fbe-41f4-b659-7c6a522b288e</refId>
          </source>
          <positions/>
        </transition>
      </transitions>
      <properties/>
      <returnStepType>RESOLVED</returnStepType>
      <assignments/>
    </returnStep>
    <step id="950aa741-c997-4ec4-9bf2-65ed1e0eda01">
      <annotation>5702f44c-8326-4696-9454-e49787b2296b.950aa741-c997-4ec4-9bf2-65ed1e0eda01.description</annotation>
      <name>Call ESL API to Update CI</name>
      <bounds>
        <x>437.0</x>
        <y>56.0</y>
      </bounds>
      <layer>-1</layer>
      <hideInbound>false</hideInbound>
      <iconSpec id="7992dafd-e549-4229-8867-754f6479ae84">
        <baseIcon>generic_server_plain.png</baseIcon>
        <basePath>Servers/</basePath>
        <readOnly>false</readOnly>
        <layers>
          <iconSpec id="929a38e3-39ef-4d74-8e9f-7129415b5d9d">
            <baseIcon>remote.png</baseIcon>
            <basePath>Annotations/</basePath>
            <readOnly>false</readOnly>
            <layers/>
          </iconSpec>
        </layers>
      </iconSpec>
      <addResultToRunContext>false</addResultToRunContext>
      <isCriticalStep>false</isCriticalStep>
      <isNonBlocking>false</isNonBlocking>
      <isParallelStep>false</isParallelStep>
      <isSingleResponse>false</isSingleResponse>
      <recordInHistory>false</recordInHistory>
      <recordRawOutput>true</recordRawOutput>
      <recordPrimaryOutput>true</recordPrimaryOutput>
      <checkPointStep>true</checkPointStep>
      <historyCheckPointStep>true</historyCheckPointStep>
      <scriptResultStep>false</scriptResultStep>
      <userPrompt></userPrompt>
      <bindings>
        <staticBinding id="40a91398-9f6e-4d4f-9f2e-984d6bfc1ed2">
          <annotation></annotation>
          <assignFromContext>false</assignFromContext>
          <assignToContext>false</assignToContext>
          <inputType>STRING</inputType>
          <isList>false</isList>
          <required>true</required>
          <isPersisted>true</isPersisted>
          <inputSymbol>xmlTemplate</inputSymbol>
          <listDelimiter>,</listDelimiter>
          <value>&lt;SOAP-ENV:Envelope xmlns:SOAP-ENV=&quot;http://schemas.xmlsoap.org/soap/envelope/&quot; xmlns:SOAP-ENC=&quot;http://schemas.xmlsoap.org/soap/encoding/&quot; xmlns:xsi=&quot;http://www.w3.org/2001/XMLSchema-instance&quot; xmlns:xsd=&quot;http://www.w3.org/2001/XMLSchema&quot;&gt;
    &lt;SOAP-ENV:Header&gt;   
        &lt;m:Username xmlns:m=&quot;http://www.hp.com&quot;&gt;${username}&lt;/m:Username&gt;
        &lt;m:Password xmlns:m=&quot;http://www.hp.com&quot;&gt;${password}&lt;/m:Password&gt;
    &lt;/SOAP-ENV:Header&gt;
    &lt;SOAP-ENV:Body&gt;
        &lt;m:UpdateCI xmlns:m=&quot;http://www.hp.com&quot;&gt;
            &lt;CIType xsi:type=&quot;xsd:string&quot;&gt;System&lt;/CIType&gt;
            &lt;CIInfo xsi:type=&quot;xsd:string&quot;&gt;${esl_ciinfo}&lt;/CIInfo&gt;
            &lt;OperType xsi:type=&quot;xsd:string&quot;&gt;update&lt;/OperType &gt;
        &lt;/m:UpdateCI&gt;
    &lt;/SOAP-ENV:Body&gt;
&lt;/SOAP-ENV:Envelope&gt;</value>
          <record>false</record>
        </staticBinding>
        <staticBinding id="8b396667-4aaa-4afc-af66-162f7ceee2d1">
          <annotation></annotation>
          <assignFromContext>false</assignFromContext>
          <assignToContext>false</assignToContext>
          <inputType>STRING</inputType>
          <isList>false</isList>
          <required>true</required>
          <isPersisted>true</isPersisted>
          <inputSymbol>inputMap</inputSymbol>
          <listDelimiter>,</listDelimiter>
          <value></value>
          <record>false</record>
        </staticBinding>
        <staticBinding id="2ee26f7b-f396-41eb-8704-5fc768b86081">
          <annotation></annotation>
          <fromContextKey>eslHost</fromContextKey>
          <assignFromContext>false</assignFromContext>
          <assignToContext>false</assignToContext>
          <inputType>STRING</inputType>
          <isList>false</isList>
          <required>true</required>
          <isPersisted>true</isPersisted>
          <inputSymbol>url</inputSymbol>
          <listDelimiter>,</listDelimiter>
          <value>${esl/pc.esl.webservice.address1}</value>
          <record>false</record>
        </staticBinding>
        <staticBinding id="ebf37e27-077f-4eb8-bd92-118fcc9af0e5">
          <annotation></annotation>
          <assignFromContext>false</assignFromContext>
          <assignToContext>false</assignToContext>
          <inputType>STRING</inputType>
          <isList>false</isList>
          <required>false</required>
          <isPersisted>true</isPersisted>
          <inputSymbol>header_SOAPAction</inputSymbol>
          <listDelimiter>,</listDelimiter>
          <record>false</record>
        </staticBinding>
        <staticBinding id="6a3eb82e-f7a8-4f30-aa1c-4c1a899218a5">
          <annotation></annotation>
          <assignFromContext>false</assignFromContext>
          <assignToContext>false</assignToContext>
          <inputType>STRING</inputType>
          <isList>false</isList>
          <required>true</required>
          <isPersisted>true</isPersisted>
          <inputSymbol>wswAuthenticationType</inputSymbol>
          <listDelimiter>,</listDelimiter>
          <value>http</value>
          <record>false</record>
        </staticBinding>
        <staticBinding id="dcd31996-b259-4318-b088-169c0500968d">
          <annotation></annotation>
          <assignFromContext>false</assignFromContext>
          <assignToContext>false</assignToContext>
          <inputType>STRING</inputType>
          <isList>false</isList>
          <required>false</required>
          <isPersisted>true</isPersisted>
          <inputSymbol>esl_ciinfo</inputSymbol>
          <listDelimiter>,</listDelimiter>
          <value>${esl_ciinfo}</value>
          <record>false</record>
        </staticBinding>
        <staticBinding id="0671afa4-21ba-4c7f-b6e4-44d6237c90f0">
          <annotation></annotation>
          <assignFromContext>false</assignFromContext>
          <assignToContext>false</assignToContext>
          <inputType>STRING</inputType>
          <isList>false</isList>
          <required>false</required>
          <isPersisted>true</isPersisted>
          <inputSymbol>WSSecuritySignRequest</inputSymbol>
          <listDelimiter>,</listDelimiter>
          <value>false</value>
          <record>false</record>
        </staticBinding>
        <staticBinding id="7a7ff067-96d7-45a4-a648-cf788303ed07">
          <annotation></annotation>
          <assignFromContext>false</assignFromContext>
          <assignToContext>false</assignToContext>
          <inputType>STRING</inputType>
          <isList>false</isList>
          <required>false</required>
          <isPersisted>true</isPersisted>
          <inputSymbol>WSSecurityEncryptRequest</inputSymbol>
          <listDelimiter>,</listDelimiter>
          <value>false</value>
          <record>false</record>
        </staticBinding>
        <staticBinding id="20521f66-a1c9-42b3-a72c-f138294fbec2">
          <annotation></annotation>
          <assignFromContext>false</assignFromContext>
          <assignToContext>false</assignToContext>
          <inputType>STRING</inputType>
          <isList>false</isList>
          <required>false</required>
          <isPersisted>true</isPersisted>
          <inputSymbol>WSSecurityTimestampRequest</inputSymbol>
          <listDelimiter>,</listDelimiter>
          <value>false</value>
          <record>false</record>
        </staticBinding>
        <staticBinding id="23eb0d4c-3ac3-4b3d-aa00-8fac617418f7">
          <annotation></annotation>
          <assignFromContext>false</assignFromContext>
          <assignToContext>false</assignToContext>
          <inputType>STRING</inputType>
          <isList>false</isList>
          <required>false</required>
          <isPersisted>true</isPersisted>
          <inputSymbol>WSSecurityKeystore</inputSymbol>
          <listDelimiter>,</listDelimiter>
          <record>false</record>
        </staticBinding>
        <staticBinding id="88d886f0-46c8-4789-b7ce-f423a1dcc627">
          <annotation></annotation>
          <assignFromContext>false</assignFromContext>
          <assignToContext>false</assignToContext>
          <inputType>STRING</inputType>
          <isList>false</isList>
          <required>false</required>
          <isPersisted>true</isPersisted>
          <inputSymbol>WSSecurityKeystoreType</inputSymbol>
          <listDelimiter>,</listDelimiter>
          <record>false</record>
        </staticBinding>
        <staticBinding id="61adeafd-8493-42c2-b01d-c6295dbad6ba">
          <annotation></annotation>
          <assignFromContext>false</assignFromContext>
          <assignToContext>false</assignToContext>
          <inputType>ENCRYPTED</inputType>
          <isList>false</isList>
          <required>false</required>
          <isPersisted>true</isPersisted>
          <inputSymbol>WSSecurityKeystorePassword</inputSymbol>
          <listDelimiter>,</listDelimiter>
          <record>false</record>
        </staticBinding>
        <staticBinding id="a9dfc17e-255f-4c46-bc9e-6b4120e29164">
          <annotation></annotation>
          <assignFromContext>false</assignFromContext>
          <assignToContext>false</assignToContext>
          <inputType>STRING</inputType>
          <isList>false</isList>
          <required>false</required>
          <isPersisted>true</isPersisted>
          <inputSymbol>contentType</inputSymbol>
          <listDelimiter>,</listDelimiter>
          <value>text/xml</value>
          <record>false</record>
        </staticBinding>
        <staticBinding id="34a2b34e-df62-49f9-94b1-ed271783fd4a">
          <annotation></annotation>
          <assignFromContext>false</assignFromContext>
          <assignToContext>false</assignToContext>
          <inputType>STRING</inputType>
          <isList>false</isList>
          <required>false</required>
          <isPersisted>true</isPersisted>
          <inputSymbol>characterSet</inputSymbol>
          <listDelimiter>,</listDelimiter>
          <value>UTF-8</value>
          <record>false</record>
        </staticBinding>
        <identityBinding id="4039d428-f486-4b75-95d0-16dfbf3c420c">
          <annotation></annotation>
          <assignFromContext>false</assignFromContext>
          <assignToContext>false</assignToContext>
          <inputType>STRING</inputType>
          <isList>false</isList>
          <required>true</required>
          <isPersisted>true</isPersisted>
          <inputSymbol>username</inputSymbol>
          <listDelimiter>,</listDelimiter>
          <record>false</record>
          <link>
            <refId>f9d48e5e-7b97-4970-bdf4-9b59d425443a</refId>
            <refName>pc.esl.webservice</refName>
          </link>
          <identityAttribute>USERNAME</identityAttribute>
        </identityBinding>
        <identityBinding id="fc655d82-7ce6-4354-94ee-a1be56bc97fc">
          <annotation></annotation>
          <assignFromContext>false</assignFromContext>
          <assignToContext>false</assignToContext>
          <inputType>ENCRYPTED</inputType>
          <isList>false</isList>
          <required>true</required>
          <isPersisted>true</isPersisted>
          <inputSymbol>password</inputSymbol>
          <listDelimiter>,</listDelimiter>
          <record>false</record>
          <link>
            <refId>f9d48e5e-7b97-4970-bdf4-9b59d425443a</refId>
            <refName>pc.esl.webservice</refName>
          </link>
          <identityAttribute>PASSWORD</identityAttribute>
        </identityBinding>
        <staticBinding id="c53087d7-3a6a-4eed-8bb6-2eef024608b6">
          <annotation></annotation>
          <assignFromContext>false</assignFromContext>
          <assignToContext>false</assignToContext>
          <inputType>STRING</inputType>
          <isList>false</isList>
          <required>false</required>
          <isPersisted>true</isPersisted>
          <inputSymbol>trustAllRoots</inputSymbol>
          <listDelimiter>,</listDelimiter>
          <value>true</value>
          <record>false</record>
        </staticBinding>
        <staticBinding id="a9c2d0d9-b49d-4761-8ad6-3f2380de5e5b">
          <annotation></annotation>
          <assignFromContext>false</assignFromContext>
          <assignToContext>false</assignToContext>
          <inputType>STRING</inputType>
          <isList>false</isList>
          <required>false</required>
          <isPersisted>true</isPersisted>
          <inputSymbol>useCookies</inputSymbol>
          <listDelimiter>,</listDelimiter>
          <value>true</value>
          <record>false</record>
        </staticBinding>
        <staticBinding id="2edf74eb-ffa6-4ae8-a642-7d5580ea3922">
          <annotation></annotation>
          <assignFromContext>false</assignFromContext>
          <assignToContext>false</assignToContext>
          <inputType>STRING</inputType>
          <isList>false</isList>
          <required>false</required>
          <isPersisted>true</isPersisted>
          <inputSymbol>usesJSON</inputSymbol>
          <listDelimiter>,</listDelimiter>
          <value>false</value>
          <record>false</record>
        </staticBinding>
        <staticBinding id="ccfc177a-50fb-4cd2-968f-3ea19ffcf497">
          <annotation></annotation>
          <assignFromContext>false</assignFromContext>
          <assignToContext>false</assignToContext>
          <inputType>STRING</inputType>
          <isList>false</isList>
          <required>true</required>
          <isPersisted>true</isPersisted>
          <inputSymbol>timeout</inputSymbol>
          <listDelimiter>,</listDelimiter>
          <value>${esl/pc.esl.webservice.timeout}</value>
          <record>false</record>
        </staticBinding>
        <staticBinding id="30a2812c-7a23-44d8-92b5-1a5d83849e90">
          <annotation></annotation>
          <assignFromContext>false</assignFromContext>
          <assignToContext>false</assignToContext>
          <inputType>STRING</inputType>
          <isList>false</isList>
          <required>false</required>
          <isPersisted>true</isPersisted>
          <inputSymbol>socketTimeout</inputSymbol>
          <listDelimiter>,</listDelimiter>
          <record>false</record>
        </staticBinding>
        <staticBinding id="2b0f5206-abc1-4747-a8d1-6f7e02c7e942">
          <annotation></annotation>
          <assignFromContext>false</assignFromContext>
          <assignToContext>false</assignToContext>
          <inputType>STRING</inputType>
          <isList>false</isList>
          <required>false</required>
          <isPersisted>true</isPersisted>
          <inputSymbol>proxy</inputSymbol>
          <listDelimiter>,</listDelimiter>
          <record>false</record>
        </staticBinding>
        <staticBinding id="d25de57a-bf97-4f2c-bb1a-180bdb956363">
          <annotation></annotation>
          <assignFromContext>false</assignFromContext>
          <assignToContext>false</assignToContext>
          <inputType>STRING</inputType>
          <isList>false</isList>
          <required>false</required>
          <isPersisted>true</isPersisted>
          <inputSymbol>proxyPort</inputSymbol>
          <listDelimiter>,</listDelimiter>
          <record>false</record>
        </staticBinding>
        <staticBinding id="dafb6a27-c3f5-4464-9d92-ae0a60142886">
          <annotation></annotation>
          <assignFromContext>false</assignFromContext>
          <assignToContext>false</assignToContext>
          <inputType>STRING</inputType>
          <isList>false</isList>
          <required>false</required>
          <isPersisted>true</isPersisted>
          <inputSymbol>proxyUsername</inputSymbol>
          <listDelimiter>,</listDelimiter>
          <record>false</record>
        </staticBinding>
        <staticBinding id="a3003298-9e67-4f5c-89f6-ec9012d6bf53">
          <annotation></annotation>
          <assignFromContext>false</assignFromContext>
          <assignToContext>false</assignToContext>
          <inputType>ENCRYPTED</inputType>
          <isList>false</isList>
          <required>false</required>
          <isPersisted>true</isPersisted>
          <inputSymbol>proxyPassword</inputSymbol>
          <listDelimiter>,</listDelimiter>
          <record>false</record>
        </staticBinding>
        <staticBinding id="5031aa9f-ce72-4b60-9641-849ddf98a38e">
          <annotation></annotation>
          <assignFromContext>false</assignFromContext>
          <assignToContext>false</assignToContext>
          <inputType>STRING</inputType>
          <isList>false</isList>
          <required>false</required>
          <isPersisted>true</isPersisted>
          <inputSymbol>keystore</inputSymbol>
          <listDelimiter>,</listDelimiter>
          <record>false</record>
        </staticBinding>
        <staticBinding id="4304e2b5-c8f6-4f60-95fd-94be6797458d">
          <annotation></annotation>
          <assignFromContext>false</assignFromContext>
          <assignToContext>false</assignToContext>
          <inputType>ENCRYPTED</inputType>
          <isList>false</isList>
          <required>false</required>
          <isPersisted>true</isPersisted>
          <inputSymbol>keystorePassword</inputSymbol>
          <listDelimiter>,</listDelimiter>
          <record>false</record>
        </staticBinding>
        <staticBinding id="e3889678-a318-4d1e-9425-5f834962c80b">
          <annotation></annotation>
          <assignFromContext>false</assignFromContext>
          <assignToContext>false</assignToContext>
          <inputType>STRING</inputType>
          <isList>false</isList>
          <required>false</required>
          <isPersisted>true</isPersisted>
          <inputSymbol>ICONCLUDE_WSW_VERSION</inputSymbol>
          <listDelimiter>,</listDelimiter>
          <value>2</value>
          <record>false</record>
        </staticBinding>
        <staticBinding id="bd56cf68-6ded-41fe-9ef7-28e6d8422e6a">
          <annotation></annotation>
          <assignFromContext>false</assignFromContext>
          <assignToContext>false</assignToContext>
          <inputType>STRING</inputType>
          <isList>false</isList>
          <required>false</required>
          <isPersisted>true</isPersisted>
          <inputSymbol>returnXMLRequest</inputSymbol>
          <listDelimiter>,</listDelimiter>
          <value>false</value>
          <record>false</record>
        </staticBinding>
      </bindings>
      <transitions>
        <transition id="bac9fed1-48fc-4794-ae8e-7c82c54ff31d">
          <annotation></annotation>
          <name>success</name>
          <command>NEXT</command>
          <linkMode>false</linkMode>
          <responseSymbol>success</responseSymbol>
          <shouldHandoff>false</shouldHandoff>
          <transitionValue>0.0</transitionValue>
          <destination>
            <refId>ccc00890-a18e-4d1f-8a6d-3b3a0cb30b14</refId>
          </destination>
          <source>
            <refId>950aa741-c997-4ec4-9bf2-65ed1e0eda01</refId>
          </source>
          <positions>
            <point>
              <x>296.0</x>
              <y>87.0</y>
            </point>
            <point>
              <x>475.0</x>
              <y>87.0</y>
            </point>
          </positions>
          <labelPosition>
            <x>333.0</x>
            <y>0.0</y>
          </labelPosition>
        </transition>
        <transition id="84706bbb-3fc2-48af-b04c-db2d4624963b">
          <annotation></annotation>
          <name>failure</name>
          <command>NEXT</command>
          <linkMode>false</linkMode>
          <responseSymbol>failure</responseSymbol>
          <shouldHandoff>false</shouldHandoff>
          <transitionValue>0.0</transitionValue>
          <destination>
            <refId>a4fc60a9-331f-423d-8b2d-ba53de4acfda</refId>
          </destination>
          <source>
            <refId>950aa741-c997-4ec4-9bf2-65ed1e0eda01</refId>
          </source>
          <positions>
            <point>
              <x>487.0</x>
              <y>90.0</y>
            </point>
            <point>
              <x>668.0</x>
              <y>367.0</y>
            </point>
          </positions>
          <labelPosition>
            <x>333.0</x>
            <y>0.0</y>
          </labelPosition>
        </transition>
      </transitions>
      <properties/>
      <opRef>
        <refId>962ffbf8-4105-46bb-8c71-84f037c4de61</refId>
      </opRef>
      <assignments>
        <flowVariableAssignment id="049ba9e9-f01b-494d-9950-c34ae6cabffb">
          <annotation></annotation>
          <name>assignment</name>
          <action>OVERWRITE</action>
          <assignmentTargetType>FLOW_VARIABLE</assignmentTargetType>
          <contextKey>document</contextKey>
          <expression id="324b8353-0c55-49b9-88db-70b1b6f18cca">
            <annotation></annotation>
            <name>Result Field: documentStripped</name>
            <fieldName>documentStripped</fieldName>
            <sourceType>RAWRESULT</sourceType>
            <filters/>
          </expression>
        </flowVariableAssignment>
        <flowVariableAssignment id="1031b6b9-bd63-4007-9a26-97f696cf8ea4">
          <annotation></annotation>
          <name>assignment</name>
          <action>OVERWRITE</action>
          <assignmentTargetType>FLOW_VARIABLE</assignmentTargetType>
          <contextKey>errorMsg</contextKey>
          <expression id="14d09821-8369-4dac-b297-35900ee03466">
            <annotation></annotation>
            <name>Result Field: documentStripped</name>
            <fieldName>documentStripped</fieldName>
            <sourceType>RAWRESULT</sourceType>
            <filters>
              <xpathFilter id="5f96d5a0-e9cc-4ddc-8e40-acc5f19dd16b">
                <annotation></annotation>
                <name>XPath Query</name>
                <xpathQuery>/Envelope/Body/Fault/faultstring/text()</xpathQuery>
              </xpathFilter>
            </filters>
          </expression>
        </flowVariableAssignment>
        <flowVariableAssignment id="78572951-00b1-45b6-8a54-0e69c173d4ef">
          <annotation></annotation>
          <name>assignment</name>
          <action>OVERWRITE</action>
          <assignmentTargetType>FLOW_VARIABLE</assignmentTargetType>
          <contextKey>returnResult</contextKey>
          <expression id="660fc5a1-f3ec-4483-ae3d-a9c21d3c689c">
            <annotation></annotation>
            <name>Result Field: returnResult</name>
            <fieldName>returnResult</fieldName>
            <sourceType>RAWRESULT</sourceType>
            <filters/>
          </expression>
        </flowVariableAssignment>
        <flowVariableAssignment id="7a6eb839-9efb-4930-acc9-a314a54c623c">
          <annotation></annotation>
          <name>assignment</name>
          <action>OVERWRITE</action>
          <assignmentTargetType>FLOW_VARIABLE</assignmentTargetType>
          <contextKey>createCIresponse</contextKey>
          <expression id="43cb84ec-f13d-4a77-b455-5de7bcff838d">
            <annotation></annotation>
            <name>Result Field: documentStripped</name>
            <fieldName>documentStripped</fieldName>
            <sourceType>RAWRESULT</sourceType>
            <filters>
              <xpathFilter id="5ada2414-0617-4965-9b01-830ec04ce320">
                <annotation></annotation>
                <name>XPath Query</name>
                <xpathQuery>/Envelope/Body/UpdateCIResponse/returnWord/text()</xpathQuery>
              </xpathFilter>
              <selectLineFilter id="f8791601-2acd-4eea-8c4b-31cd66ecdbc2">
                <annotation></annotation>
                <name>Select Line</name>
                <text>Response status</text>
                <type>FIRST_LINE_NOT_STARTING_WITH</type>
                <autoSelectLineEnding>true</autoSelectLineEnding>
                <windowsLineEnding>false</windowsLineEnding>
                <unixLineEnding>false</unixLineEnding>
              </selectLineFilter>
            </filters>
          </expression>
        </flowVariableAssignment>
      </assignments>
      <throttleSize>0</throttleSize>
    </step>
    <step id="63ebcf68-fb19-4990-8746-75a3c16d640f">
      <annotation>5702f44c-8326-4696-9454-e49787b2296b.63ebcf68-fb19-4990-8746-75a3c16d640f.description</annotation>
      <name>Format JSON for API Call</name>
      <bounds>
        <x>250.0</x>
        <y>55.0</y>
      </bounds>
      <layer>-1</layer>
      <hideInbound>false</hideInbound>
      <addResultToRunContext>false</addResultToRunContext>
      <isCriticalStep>false</isCriticalStep>
      <isNonBlocking>false</isNonBlocking>
      <isParallelStep>false</isParallelStep>
      <isSingleResponse>false</isSingleResponse>
      <recordInHistory>false</recordInHistory>
      <recordRawOutput>true</recordRawOutput>
      <recordPrimaryOutput>true</recordPrimaryOutput>
      <checkPointStep>true</checkPointStep>
      <historyCheckPointStep>true</historyCheckPointStep>
      <scriptResultStep>false</scriptResultStep>
      <userPrompt></userPrompt>
      <bindings>
        <staticBinding id="b360e7fd-3ad6-4a72-9b4f-0862f9d975dc">
          <annotation></annotation>
          <fromContextKey>esl_ciinfo</fromContextKey>
          <assignFromContext>false</assignFromContext>
          <assignToContext>false</assignToContext>
          <inputType>STRING</inputType>
          <isList>false</isList>
          <required>false</required>
          <isPersisted>true</isPersisted>
          <inputSymbol>field1</inputSymbol>
          <listDelimiter>,</listDelimiter>
          <value>${ciinfo}</value>
          <record>false</record>
        </staticBinding>
        <staticBinding id="c9d8ce02-642d-482c-a61e-59f5cb3b449c">
          <annotation></annotation>
          <assignFromContext>false</assignFromContext>
          <assignToContext>false</assignToContext>
          <inputType>STRING</inputType>
          <isList>false</isList>
          <required>false</required>
          <isPersisted>true</isPersisted>
          <inputSymbol>field2</inputSymbol>
          <listDelimiter>,</listDelimiter>
          <record>false</record>
        </staticBinding>
        <staticBinding id="b7f66cb5-e8e0-4a9b-82db-928cbd59d27b">
          <annotation></annotation>
          <assignFromContext>false</assignFromContext>
          <assignToContext>false</assignToContext>
          <inputType>STRING</inputType>
          <isList>false</isList>
          <required>false</required>
          <isPersisted>true</isPersisted>
          <inputSymbol>field3</inputSymbol>
          <listDelimiter>,</listDelimiter>
          <record>false</record>
        </staticBinding>
        <staticBinding id="35412619-a7f4-4e4c-a2e4-ca5865def58f">
          <annotation></annotation>
          <assignFromContext>false</assignFromContext>
          <assignToContext>false</assignToContext>
          <inputType>STRING</inputType>
          <isList>false</isList>
          <required>false</required>
          <isPersisted>true</isPersisted>
          <inputSymbol>field4</inputSymbol>
          <listDelimiter>,</listDelimiter>
          <record>false</record>
        </staticBinding>
      </bindings>
      <transitions>
        <transition id="fcdfe8a5-6ca6-4b78-a3d9-9485afbc88ef">
          <annotation></annotation>
          <name>success</name>
          <command>NEXT</command>
          <linkMode>false</linkMode>
          <responseSymbol>success</responseSymbol>
          <shouldHandoff>false</shouldHandoff>
          <transitionValue>0.0</transitionValue>
          <destination>
            <refId>950aa741-c997-4ec4-9bf2-65ed1e0eda01</refId>
          </destination>
          <source>
            <refId>63ebcf68-fb19-4990-8746-75a3c16d640f</refId>
          </source>
          <positions>
            <point>
              <x>109.0</x>
              <y>86.0</y>
            </point>
            <point>
              <x>296.0</x>
              <y>87.0</y>
            </point>
          </positions>
          <labelPosition>
            <x>333.0</x>
            <y>0.0</y>
          </labelPosition>
        </transition>
      </transitions>
      <properties/>
      <opRef>
        <refId>ddd79f22-8b1e-4605-88d5-d912bb2da2b9</refId>
      </opRef>
      <assignments>
        <flowVariableAssignment id="09392448-5784-465d-9da1-dbceb00ed3d7">
          <annotation></annotation>
          <name>assignment</name>
          <action>OVERWRITE</action>
          <assignmentTargetType>FLOW_VARIABLE</assignmentTargetType>
          <contextKey>esl_ciinfo</contextKey>
          <expression id="3327cc17-8612-47d8-9448-11788eebb504">
            <annotation></annotation>
            <name>Result Field: Result</name>
            <fieldName>Result</fieldName>
            <sourceType>RAWRESULT</sourceType>
            <filters>
              <concat id="e6b9c522-5b2e-42b1-a59d-53831b0a26c9">
                <annotation></annotation>
                <name>Format</name>
                <text>&lt;![CDATA[</text>
                <position>BEGINNING</position>
              </concat>
              <concat id="b51eeb57-922e-41af-9881-f6981571555a">
                <annotation></annotation>
                <name>Format</name>
                <text>]]&gt;</text>
                <position>END</position>
              </concat>
            </filters>
          </expression>
        </flowVariableAssignment>
      </assignments>
      <throttleSize>0</throttleSize>
    </step>
    <step id="a4fc60a9-331f-423d-8b2d-ba53de4acfda">
      <annotation>5702f44c-8326-4696-9454-e49787b2296b.a4fc60a9-331f-423d-8b2d-ba53de4acfda.description</annotation>
      <name>Send mail to report failure</name>
      <bounds>
        <x>616.0</x>
        <y>234.0</y>
      </bounds>
      <layer>-1</layer>
      <hideInbound>false</hideInbound>
      <addResultToRunContext>false</addResultToRunContext>
      <isCriticalStep>false</isCriticalStep>
      <isNonBlocking>false</isNonBlocking>
      <isParallelStep>false</isParallelStep>
      <isSingleResponse>false</isSingleResponse>
      <recordInHistory>false</recordInHistory>
      <recordRawOutput>true</recordRawOutput>
      <recordPrimaryOutput>true</recordPrimaryOutput>
      <checkPointStep>true</checkPointStep>
      <historyCheckPointStep>true</historyCheckPointStep>
      <scriptResultStep>false</scriptResultStep>
      <userPrompt></userPrompt>
      <bindings>
        <staticBinding id="7c52c090-a6b1-4d28-9346-c1eba72a0975">
          <annotation></annotation>
          <assignFromContext>true</assignFromContext>
          <assignToContext>true</assignToContext>
          <inputType>STRING</inputType>
          <isList>false</isList>
          <required>false</required>
          <isPersisted>true</isPersisted>
          <inputSymbol>template.name</inputSymbol>
          <listDelimiter>,</listDelimiter>
          <value>email_template_support_ESL_Err_3</value>
          <record>false</record>
        </staticBinding>
        <staticBinding id="076b1155-eba0-4fdc-8c28-0ecc60794728">
          <annotation></annotation>
          <assignFromContext>true</assignFromContext>
          <assignToContext>true</assignToContext>
          <inputType>STRING</inputType>
          <isList>false</isList>
          <required>true</required>
          <isPersisted>true</isPersisted>
          <inputSymbol>parameter</inputSymbol>
          <listDelimiter>,</listDelimiter>
          <value>[{&quot;server.hostname&quot;:&quot;${esl.attributes.primaryname}.${esl.attributes.apradomain}&quot;},{&quot;url&quot;:&quot;${esl/pc.esl.webservice.address1}&quot;},{&quot;returnResult&quot;:&quot;${returnResult}&quot;},{&quot;errorMsg&quot;:&quot;${errorMsg}&quot;},{&quot;ciinfo&quot;:&quot;${ciinfoWithoutQuoteMark}&quot;},{&quot;servicedesk.email&quot;:&quot;${pc.email.servicedesk}&quot;}]</value>
          <record>false</record>
        </staticBinding>
        <staticBinding id="076d1675-e092-461a-a0c6-58ecffcdfc06">
          <annotation></annotation>
          <assignFromContext>true</assignFromContext>
          <assignToContext>true</assignToContext>
          <inputType>STRING</inputType>
          <isList>false</isList>
          <required>true</required>
          <isPersisted>true</isPersisted>
          <inputSymbol>recipient</inputSymbol>
          <listDelimiter>,</listDelimiter>
          <value>${pc.email.delivery}</value>
          <record>false</record>
        </staticBinding>
      </bindings>
      <transitions>
        <transition id="991f6ba9-37da-4c49-b38d-03e529b66ddd">
          <annotation></annotation>
          <name>success</name>
          <command>NEXT</command>
          <linkMode>false</linkMode>
          <responseSymbol>success</responseSymbol>
          <shouldHandoff>false</shouldHandoff>
          <transitionValue>0.0</transitionValue>
          <destination>
            <refId>e4cfbb81-6fbe-41f4-b659-7c6a522b288e</refId>
          </destination>
          <source>
            <refId>a4fc60a9-331f-423d-8b2d-ba53de4acfda</refId>
          </source>
          <positions>
            <point>
              <x>670.0</x>
              <y>268.0</y>
            </point>
            <point>
              <x>847.0</x>
              <y>90.0</y>
            </point>
          </positions>
          <labelPosition>
            <x>333.0</x>
            <y>0.0</y>
          </labelPosition>
        </transition>
        <transition id="321f4ec9-7d3f-450a-bae2-641c8294a025">
          <annotation></annotation>
          <name>failure</name>
          <command>NEXT</command>
          <linkMode>false</linkMode>
          <responseSymbol>failure</responseSymbol>
          <shouldHandoff>false</shouldHandoff>
          <transitionValue>0.0</transitionValue>
          <destination>
            <refId>4276a9fd-78fd-428c-b37c-958df7f7ff73</refId>
          </destination>
          <source>
            <refId>a4fc60a9-331f-423d-8b2d-ba53de4acfda</refId>
          </source>
          <positions>
            <point>
              <x>670.0</x>
              <y>268.0</y>
            </point>
            <point>
              <x>847.0</x>
              <y>265.0</y>
            </point>
          </positions>
          <labelPosition>
            <x>333.0</x>
            <y>0.0</y>
          </labelPosition>
        </transition>
      </transitions>
      <properties/>
      <opRef>
        <refId>93d11783-54db-4d1e-b6f2-9e2acf3098a4</refId>
      </opRef>
      <assignments/>
      <throttleSize>0</throttleSize>
    </step>
    <returnStep id="4276a9fd-78fd-428c-b37c-958df7f7ff73">
      <annotation></annotation>
      <name>Error : failure</name>
      <bounds>
        <x>797.0</x>
        <y>234.0</y>
      </bounds>
      <layer>-1</layer>
      <hideInbound>false</hideInbound>
      <addResultToRunContext>false</addResultToRunContext>
      <isCriticalStep>false</isCriticalStep>
      <isNonBlocking>false</isNonBlocking>
      <isParallelStep>false</isParallelStep>
      <isSingleResponse>false</isSingleResponse>
      <recordInHistory>false</recordInHistory>
      <recordRawOutput>true</recordRawOutput>
      <recordPrimaryOutput>true</recordPrimaryOutput>
      <checkPointStep>true</checkPointStep>
      <historyCheckPointStep>true</historyCheckPointStep>
      <scriptResultStep>false</scriptResultStep>
      <userPrompt></userPrompt>
      <bindings/>
      <transitions>
        <transition id="1ef3f9e4-6101-41dd-861c-62a53d38367a">
          <annotation></annotation>
          <name>return</name>
          <command>NEXT</command>
          <linkMode>false</linkMode>
          <responseSymbol>failure</responseSymbol>
          <shouldHandoff>false</shouldHandoff>
          <transitionValue>0.0</transitionValue>
          <destination>
            <refId>4276a9fd-78fd-428c-b37c-958df7f7ff73</refId>
          </destination>
          <source>
            <refId>4276a9fd-78fd-428c-b37c-958df7f7ff73</refId>
          </source>
          <positions/>
        </transition>
      </transitions>
      <properties/>
      <returnStepType>ERROR</returnStepType>
      <assignments/>
    </returnStep>
  </steps>
  <startSteps>1e0a318a-8a2f-44cc-a379-11128524de53</startSteps>
</flow>