<?xml version="1.0" encoding="UTF-8"?>
<operation id="a3b87aa2-aaa1-4990-88c7-407563ec90fa">
  <annotation>a3b87aa2-aaa1-4990-88c7-407563ec90fa.description</annotation>
  <name>Get Template Name</name>
  <categories/>
  <inputs>
    <userInputBinding id="297f3ed3-b6cd-4d06-95d4-8d0b1b2468e9">
      <annotation></annotation>
      <toContextKey></toContextKey>
      <fromContextKey></fromContextKey>
      <assignFromContext>true</assignFromContext>
      <assignToContext>true</assignToContext>
      <inputType>STRING</inputType>
      <isList>false</isList>
      <required>true</required>
      <isPersisted>true</isPersisted>
      <inputSymbol>source</inputSymbol>
      <listDelimiter>,</listDelimiter>
      <record>false</record>
      <prompt>a3b87aa2-aaa1-4990-88c7-407563ec90fa.297f3ed3-b6cd-4d06-95d4-8d0b1b2468e9.prompt</prompt>
      <isMultiSelect>false</isMultiSelect>
      <sourceDelimiter>|</sourceDelimiter>
    </userInputBinding>
    <userInputBinding id="eb657eb8-7f9a-49ec-859a-8eafa627f785">
      <annotation></annotation>
      <toContextKey></toContextKey>
      <fromContextKey></fromContextKey>
      <assignFromContext>true</assignFromContext>
      <assignToContext>true</assignToContext>
      <inputType>STRING</inputType>
      <isList>false</isList>
      <required>false</required>
      <isPersisted>true</isPersisted>
      <inputSymbol>filter</inputSymbol>
      <listDelimiter>,</listDelimiter>
      <record>false</record>
      <prompt>a3b87aa2-aaa1-4990-88c7-407563ec90fa.eb657eb8-7f9a-49ec-859a-8eafa627f785.prompt</prompt>
      <isMultiSelect>false</isMultiSelect>
      <sourceDelimiter>|</sourceDelimiter>
    </userInputBinding>
    <staticBinding id="90b3127f-9c99-478b-a5c9-78caa200fb2c">
      <annotation></annotation>
      <toContextKey></toContextKey>
      <fromContextKey></fromContextKey>
      <assignFromContext>true</assignFromContext>
      <assignToContext>true</assignToContext>
      <inputType>STRING</inputType>
      <isList>false</isList>
      <required>true</required>
      <isPersisted>true</isPersisted>
      <inputSymbol>iterate</inputSymbol>
      <listDelimiter>,</listDelimiter>
      <value>true</value>
      <record>false</record>
    </staticBinding>
    <staticBinding id="cbd58ee0-edbb-4731-8073-79ba9e2c62f5">
      <annotation></annotation>
      <toContextKey></toContextKey>
      <fromContextKey></fromContextKey>
      <assignFromContext>true</assignFromContext>
      <assignToContext>true</assignToContext>
      <inputType>STRING</inputType>
      <isList>false</isList>
      <required>false</required>
      <isPersisted>true</isPersisted>
      <inputSymbol>delimiter</inputSymbol>
      <listDelimiter>,</listDelimiter>
      <value>
</value>
      <record>false</record>
    </staticBinding>
  </inputs>
  <scriptlet id="f1263221-2826-4de3-80eb-689efa898de7">
    <annotation></annotation>
    <name>Operation Get Template Name (a3b87aa2-aaa1-4990-88c7-407563ec90fa)</name>
    <script>scriptletContext.put(&quot;COUNT&quot;, scriptletRawResult[&apos;COUNT&apos;]);</script>
    <type>RHINO</type>
  </scriptlet>
  <possibleResponses>
    <opResponse id="815322cd-6d85-4990-8fba-215c5223d48b">
      <annotation></annotation>
      <name>failure</name>
      <isDefault>true</isDefault>
      <onFailure>true</onFailure>
      <type>ERROR</type>
      <matchRules>
        <expression id="2824131a-0d24-4266-809b-404b8dfc64a8">
          <annotation></annotation>
          <name></name>
          <fieldName>returnCode</fieldName>
          <sourceType>RAWRESULT</sourceType>
          <containsEvaluator id="837c1823-bee2-48af-8bc3-50df8559baa5">
            <annotation></annotation>
            <name>Config Item</name>
            <text>-1</text>
            <ignoreCase>true</ignoreCase>
            <matchType>EXACT_MATCH</matchType>
          </containsEvaluator>
          <filters/>
        </expression>
      </matchRules>
    </opResponse>
    <opResponse id="fd55fd92-678a-4ca8-9c67-e6dbb9f2ec72">
      <annotation></annotation>
      <name>no more items</name>
      <isDefault>false</isDefault>
      <onFailure>false</onFailure>
      <type>NO_ACTION_TAKEN</type>
      <matchRules>
        <expression id="f49f93af-8c6b-41f1-ab1b-361e5171c8fe">
          <annotation></annotation>
          <name></name>
          <fieldName>returnCode</fieldName>
          <sourceType>RAWRESULT</sourceType>
          <containsEvaluator id="19ddeda0-b2c7-47c0-beef-2df92c2af394">
            <annotation></annotation>
            <name>Config Item</name>
            <text>1</text>
            <ignoreCase>true</ignoreCase>
            <matchType>EXACT_MATCH</matchType>
          </containsEvaluator>
          <filters/>
        </expression>
      </matchRules>
    </opResponse>
    <opResponse id="dadfd9c3-ff20-40bf-85ca-7cc7f980b5d1">
      <annotation></annotation>
      <name>success</name>
      <isDefault>false</isDefault>
      <onFailure>false</onFailure>
      <type>RESOLVED</type>
      <matchRules>
        <expression id="0bc0a1ed-ad8e-46d7-914c-e00ebc2fdd8f">
          <annotation></annotation>
          <name></name>
          <fieldName>returnCode</fieldName>
          <sourceType>RAWRESULT</sourceType>
          <containsEvaluator id="2ce450c1-6208-4694-baaa-8004e3cf3555">
            <annotation></annotation>
            <name>Config Item</name>
            <text>0</text>
            <ignoreCase>true</ignoreCase>
            <matchType>EXACT_MATCH</matchType>
          </containsEvaluator>
          <filters/>
        </expression>
      </matchRules>
    </opResponse>
  </possibleResponses>
  <availableResultExpressions/>
  <resultExpression id="d70f25b4-8473-4fc8-8366-ba197e2f094e">
    <annotation></annotation>
    <name></name>
    <fieldName>returnResult</fieldName>
    <sourceType>RAWRESULT</sourceType>
    <filters/>
  </resultExpression>
  <iconSpec id="e6a8680b-2702-4d41-b645-bc408173a719">
    <baseIcon>document_text.png</baseIcon>
    <basePath>Operating System/</basePath>
    <readOnly>false</readOnly>
    <layers>
      <iconSpec id="6c6a3a88-1573-466b-9eb9-7b17a96ccd05">
        <baseIcon>view.png</baseIcon>
        <basePath>Annotations/</basePath>
        <readOnly>false</readOnly>
        <layers/>
      </iconSpec>
    </layers>
  </iconSpec>
  <opRef>
    <refId>023c9848-ce6d-4637-b16d-6cde4179d02a</refId>
  </opRef>
  <fieldValues/>
  <groupAliasRef>
    <refId>5233030c-af46-432b-a682-b326ca6bf2ae</refId>
    <refName>RAS_Operator_Path</refName>
  </groupAliasRef>
  <overrideGroupAlias>${overrideJRAS}</overrideGroupAlias>
</operation>