<?xml version="1.0" encoding="UTF-8"?>
<flow id="1e991ae5-46e1-4c99-92eb-40428948a5c3">
  <annotation></annotation>
  <name>DB_AddSnapshot</name>
  <categories/>
  <inputs>
    <staticBinding id="4f30ccb0-e856-4601-bf75-f2faf24f5013">
      <annotation></annotation>
      <assignFromContext>true</assignFromContext>
      <assignToContext>true</assignToContext>
      <inputType>STRING</inputType>
      <isList>false</isList>
      <required>false</required>
      <isPersisted>true</isPersisted>
      <inputSymbol>db.addsnapshot.hostname</inputSymbol>
      <listDelimiter>,</listDelimiter>
      <value>derlacm0056</value>
      <record>false</record>
    </staticBinding>
    <staticBinding id="5a1ddfe3-a640-4128-a3b2-551d0333959a">
      <annotation></annotation>
      <assignFromContext>true</assignFromContext>
      <assignToContext>true</assignToContext>
      <inputType>STRING</inputType>
      <isList>false</isList>
      <required>false</required>
      <isPersisted>true</isPersisted>
      <inputSymbol>db.addsnapshot.lifetime</inputSymbol>
      <listDelimiter>,</listDelimiter>
      <value>7</value>
      <record>false</record>
    </staticBinding>
  </inputs>
  <scriptlet id="5a9c2627-be10-48e9-8523-3c486ccc2c37">
    <annotation></annotation>
    <name>Operation DB_AddSnapshot (1e991ae5-46e1-4c99-92eb-40428948a5c3)</name>
    <type>RHINO</type>
  </scriptlet>
  <possibleResponses>
    <opResponse id="69fb9928-352d-49d7-b4a1-71c5712e7073">
      <annotation></annotation>
      <name>success</name>
      <isDefault>true</isDefault>
      <onFailure>false</onFailure>
      <type>RESOLVED</type>
      <matchRules/>
    </opResponse>
    <opResponse id="30948a28-3285-48e9-87a6-983393c32bd2">
      <annotation></annotation>
      <name>failure</name>
      <isDefault>false</isDefault>
      <onFailure>true</onFailure>
      <type>ERROR</type>
      <matchRules/>
    </opResponse>
  </possibleResponses>
  <availableResultExpressions/>
  <resultExpression id="98d7a0b0-1a39-431d-9b0e-a842551e7ad5">
    <annotation></annotation>
    <name>FailureMessage</name>
    <fieldName>FailureMessage</fieldName>
    <sourceType>RAWRESULT</sourceType>
    <filters/>
  </resultExpression>
  <iconSpec id="b8104c88-b31c-4815-8546-2443b8a2aa1f">
    <baseIcon>flow.png</baseIcon>
    <basePath>System</basePath>
    <readOnly>false</readOnly>
    <layers/>
  </iconSpec>
  <callouts/>
  <checkPointFlow>true</checkPointFlow>
  <compatibleRuntimeContext>false</compatibleRuntimeContext>
  <historyCheckPointFlow>true</historyCheckPointFlow>
  <steps>
    <step id="a4e28d0f-a3cc-4dce-ba8b-9895aee4a824">
      <annotation>1e991ae5-46e1-4c99-92eb-40428948a5c3.a4e28d0f-a3cc-4dce-ba8b-9895aee4a824.description</annotation>
      <name>TNS Names SQL Command</name>
      <bounds>
        <x>285.0</x>
        <y>232.0</y>
      </bounds>
      <layer>-1</layer>
      <hideInbound>false</hideInbound>
      <addResultToRunContext>false</addResultToRunContext>
      <isCriticalStep>false</isCriticalStep>
      <isNonBlocking>false</isNonBlocking>
      <isParallelStep>false</isParallelStep>
      <isSingleResponse>false</isSingleResponse>
      <recordInHistory>false</recordInHistory>
      <recordRawOutput>true</recordRawOutput>
      <recordPrimaryOutput>true</recordPrimaryOutput>
      <checkPointStep>true</checkPointStep>
      <historyCheckPointStep>true</historyCheckPointStep>
      <scriptResultStep>false</scriptResultStep>
      <userPrompt></userPrompt>
      <bindings>
        <staticBinding id="50d59995-3008-49b0-9c1f-f86ec0093027">
          <annotation></annotation>
          <toContextKey></toContextKey>
          <fromContextKey></fromContextKey>
          <assignFromContext>false</assignFromContext>
          <assignToContext>false</assignToContext>
          <inputType>STRING</inputType>
          <isList>false</isList>
          <required>true</required>
          <isPersisted>true</isPersisted>
          <inputSymbol>TNSPath</inputSymbol>
          <listDelimiter>,</listDelimiter>
          <value>${pc.infradb.tns.path}</value>
          <record>false</record>
        </staticBinding>
        <staticBinding id="514759f1-7827-49f5-b27f-bdafdd4165b2">
          <annotation></annotation>
          <toContextKey></toContextKey>
          <fromContextKey></fromContextKey>
          <assignFromContext>false</assignFromContext>
          <assignToContext>false</assignToContext>
          <inputType>STRING</inputType>
          <isList>false</isList>
          <required>true</required>
          <isPersisted>true</isPersisted>
          <inputSymbol>TNSEntry</inputSymbol>
          <listDelimiter>,</listDelimiter>
          <value>${pc.infradb.tns.entry}</value>
          <record>false</record>
        </staticBinding>
        <identityBinding id="a69cc6ea-02a4-4bbf-81c2-75b01b3443f0">
          <annotation></annotation>
          <toContextKey></toContextKey>
          <fromContextKey></fromContextKey>
          <assignFromContext>false</assignFromContext>
          <assignToContext>false</assignToContext>
          <inputType>ENCRYPTED</inputType>
          <isList>false</isList>
          <required>true</required>
          <isPersisted>true</isPersisted>
          <inputSymbol>Username</inputSymbol>
          <listDelimiter>,</listDelimiter>
          <record>false</record>
          <link>
            <refId>881ee06f-89ad-4af6-a00d-06654eadccaa</refId>
            <refName>pc.infradb</refName>
          </link>
          <identityAttribute>USERNAME</identityAttribute>
        </identityBinding>
        <identityBinding id="9e56c2a4-ac09-43ec-a314-cf58a0e647a1">
          <annotation></annotation>
          <toContextKey></toContextKey>
          <fromContextKey></fromContextKey>
          <assignFromContext>false</assignFromContext>
          <assignToContext>false</assignToContext>
          <inputType>ENCRYPTED</inputType>
          <isList>false</isList>
          <required>true</required>
          <isPersisted>true</isPersisted>
          <inputSymbol>Password</inputSymbol>
          <listDelimiter>,</listDelimiter>
          <record>false</record>
          <link>
            <refId>881ee06f-89ad-4af6-a00d-06654eadccaa</refId>
            <refName>pc.infradb</refName>
          </link>
          <identityAttribute>PASSWORD</identityAttribute>
        </identityBinding>
        <staticBinding id="6f840283-6926-4a59-bbb9-1905c84179bc">
          <annotation></annotation>
          <toContextKey></toContextKey>
          <fromContextKey></fromContextKey>
          <assignFromContext>false</assignFromContext>
          <assignToContext>false</assignToContext>
          <inputType>STRING</inputType>
          <isList>false</isList>
          <required>true</required>
          <isPersisted>true</isPersisted>
          <inputSymbol>Command</inputSymbol>
          <listDelimiter>,</listDelimiter>
          <value>{CALL RSP_ADDSNAPSHOT(&apos;${db.addsnapshot.hostname}&apos;,&apos;${db.addsnapshot.lifetime}&apos;)}</value>
          <record>false</record>
        </staticBinding>
      </bindings>
      <transitions>
        <transition id="b01bd905-bdb8-4a42-af5f-179aa1a263a3">
          <annotation></annotation>
          <name>more items</name>
          <command>NEXT</command>
          <linkMode>false</linkMode>
          <responseSymbol>more items</responseSymbol>
          <shouldHandoff>false</shouldHandoff>
          <transitionValue>0.0</transitionValue>
          <destination>
            <refId>7b1ed379-175f-4e2a-b146-2eb1b114be0a</refId>
          </destination>
          <source>
            <refId>a4e28d0f-a3cc-4dce-ba8b-9895aee4a824</refId>
          </source>
          <positions>
            <point>
              <x>190.0</x>
              <y>273.0</y>
            </point>
            <point>
              <x>170.0</x>
              <y>454.0</y>
            </point>
          </positions>
          <labelPosition>
            <x>333.0</x>
            <y>0.0</y>
          </labelPosition>
        </transition>
        <transition id="16dfc7d7-0663-4958-bd10-f0692a71ed08">
          <annotation></annotation>
          <name>failure</name>
          <command>NEXT</command>
          <linkMode>false</linkMode>
          <responseSymbol>failure</responseSymbol>
          <shouldHandoff>false</shouldHandoff>
          <transitionValue>0.0</transitionValue>
          <destination>
            <refId>617416cd-a9cb-4f7f-9823-37aaef240271</refId>
          </destination>
          <source>
            <refId>a4e28d0f-a3cc-4dce-ba8b-9895aee4a824</refId>
          </source>
          <positions>
            <point>
              <x>190.0</x>
              <y>273.0</y>
            </point>
            <point>
              <x>170.0</x>
              <y>115.0</y>
            </point>
          </positions>
          <labelPosition>
            <x>333.0</x>
            <y>0.0</y>
          </labelPosition>
        </transition>
      </transitions>
      <properties/>
      <opRef>
        <refId>c081c558-b08f-48e0-b994-24d1a6674002</refId>
      </opRef>
      <assignments>
        <flowVariableAssignment id="b68a774c-e19d-470d-a356-e5bd52a51481">
          <annotation></annotation>
          <name>assignment</name>
          <action>OVERWRITE</action>
          <assignmentTargetType>FLOW_OUTPUT_FIELD</assignmentTargetType>
          <contextKey>db.gethostname.hostname</contextKey>
          <expression id="d51fdbd3-056e-420a-a818-05df33c435cb">
            <annotation></annotation>
            <name>Result Field: outputText</name>
            <fieldName>outputText</fieldName>
            <sourceType>RAWRESULT</sourceType>
            <filters/>
          </expression>
        </flowVariableAssignment>
      </assignments>
      <throttleSize>0</throttleSize>
    </step>
    <returnStep id="617416cd-a9cb-4f7f-9823-37aaef240271">
      <annotation></annotation>
      <name>Error : failure</name>
      <bounds>
        <x>284.0</x>
        <y>23.0</y>
      </bounds>
      <layer>-1</layer>
      <hideInbound>false</hideInbound>
      <addResultToRunContext>false</addResultToRunContext>
      <isCriticalStep>false</isCriticalStep>
      <isNonBlocking>false</isNonBlocking>
      <isParallelStep>false</isParallelStep>
      <isSingleResponse>false</isSingleResponse>
      <recordInHistory>false</recordInHistory>
      <recordRawOutput>true</recordRawOutput>
      <recordPrimaryOutput>true</recordPrimaryOutput>
      <checkPointStep>true</checkPointStep>
      <historyCheckPointStep>true</historyCheckPointStep>
      <scriptResultStep>false</scriptResultStep>
      <userPrompt></userPrompt>
      <bindings/>
      <transitions>
        <transition id="1f618a1b-ac19-472b-bb65-a85755b1cc13">
          <annotation></annotation>
          <name>return</name>
          <command>NEXT</command>
          <linkMode>false</linkMode>
          <responseSymbol>failure</responseSymbol>
          <shouldHandoff>false</shouldHandoff>
          <transitionValue>0.0</transitionValue>
          <destination>
            <refId>617416cd-a9cb-4f7f-9823-37aaef240271</refId>
          </destination>
          <source>
            <refId>617416cd-a9cb-4f7f-9823-37aaef240271</refId>
          </source>
          <positions/>
        </transition>
      </transitions>
      <properties/>
      <returnStepType>ERROR</returnStepType>
      <assignments/>
    </returnStep>
    <returnStep id="7b1ed379-175f-4e2a-b146-2eb1b114be0a">
      <annotation></annotation>
      <name>Resolved : success</name>
      <bounds>
        <x>474.0</x>
        <y>227.0</y>
      </bounds>
      <layer>-1</layer>
      <hideInbound>false</hideInbound>
      <addResultToRunContext>false</addResultToRunContext>
      <isCriticalStep>false</isCriticalStep>
      <isNonBlocking>false</isNonBlocking>
      <isParallelStep>false</isParallelStep>
      <isSingleResponse>false</isSingleResponse>
      <recordInHistory>false</recordInHistory>
      <recordRawOutput>true</recordRawOutput>
      <recordPrimaryOutput>true</recordPrimaryOutput>
      <checkPointStep>true</checkPointStep>
      <historyCheckPointStep>true</historyCheckPointStep>
      <scriptResultStep>false</scriptResultStep>
      <userPrompt></userPrompt>
      <bindings/>
      <transitions>
        <transition id="b08d6a7e-c7ea-435d-bcf4-3a0003eddd5b">
          <annotation></annotation>
          <name>return</name>
          <command>NEXT</command>
          <linkMode>false</linkMode>
          <responseSymbol>success</responseSymbol>
          <shouldHandoff>false</shouldHandoff>
          <transitionValue>0.0</transitionValue>
          <destination>
            <refId>7b1ed379-175f-4e2a-b146-2eb1b114be0a</refId>
          </destination>
          <source>
            <refId>7b1ed379-175f-4e2a-b146-2eb1b114be0a</refId>
          </source>
          <positions/>
        </transition>
      </transitions>
      <properties/>
      <returnStepType>RESOLVED</returnStepType>
      <assignments/>
    </returnStep>
  </steps>
  <startSteps>a4e28d0f-a3cc-4dce-ba8b-9895aee4a824</startSteps>
</flow>