<?xml version="1.0" encoding="UTF-8"?>
<flow id="a33c8eaa-0e3a-4cd1-9bdb-64aab4be92d2">
  <annotation>a33c8eaa-0e3a-4cd1-9bdb-64aab4be92d2.description</annotation>
  <name>WIN_ClientSuppliedConfig</name>
  <categories/>
  <inputs>
    <staticBinding id="f14d3433-112b-4c9d-bf5e-17321606428f">
      <annotation></annotation>
      <assignFromContext>true</assignFromContext>
      <assignToContext>true</assignToContext>
      <inputType>STRING</inputType>
      <isList>false</isList>
      <required>false</required>
      <isPersisted>true</isPersisted>
      <inputSymbol>server.ip.primary</inputSymbol>
      <listDelimiter>,</listDelimiter>
      <value></value>
      <record>false</record>
    </staticBinding>
    <staticBinding id="77e98b94-0bae-4213-a958-3020ee9f4070">
      <annotation></annotation>
      <assignFromContext>true</assignFromContext>
      <assignToContext>true</assignToContext>
      <inputType>STRING</inputType>
      <isList>false</isList>
      <required>false</required>
      <isPersisted>true</isPersisted>
      <inputSymbol>server.ip.backup</inputSymbol>
      <listDelimiter>,</listDelimiter>
      <value></value>
      <record>false</record>
    </staticBinding>
    <staticBinding id="25458063-9079-4b02-9141-0881cb2bf252">
      <annotation></annotation>
      <assignFromContext>true</assignFromContext>
      <assignToContext>true</assignToContext>
      <inputType>STRING</inputType>
      <isList>false</isList>
      <required>false</required>
      <isPersisted>true</isPersisted>
      <inputSymbol>server.hostname</inputSymbol>
      <listDelimiter>,</listDelimiter>
      <value></value>
      <record>false</record>
    </staticBinding>
    <staticBinding id="2cb8e962-2218-4f0d-8fc3-8e6f8a58487c">
      <annotation></annotation>
      <assignFromContext>true</assignFromContext>
      <assignToContext>true</assignToContext>
      <inputType>STRING</inputType>
      <isList>false</isList>
      <required>false</required>
      <isPersisted>true</isPersisted>
      <inputSymbol>server.oo.ras</inputSymbol>
      <listDelimiter>,</listDelimiter>
      <value></value>
      <record>false</record>
    </staticBinding>
    <staticBinding id="e19babf2-f593-487a-bb63-d43538aa4a5c">
      <annotation></annotation>
      <assignFromContext>true</assignFromContext>
      <assignToContext>true</assignToContext>
      <inputType>STRING</inputType>
      <isList>false</isList>
      <required>false</required>
      <isPersisted>true</isPersisted>
      <inputSymbol>server.isclientsupplied</inputSymbol>
      <listDelimiter>,</listDelimiter>
      <value></value>
      <record>false</record>
    </staticBinding>
  </inputs>
  <scriptlet id="faba8f6d-f4c7-4656-936d-2e33f728b450">
    <annotation></annotation>
    <name>Operation WIN_ClientSuppliedConfig (a33c8eaa-0e3a-4cd1-9bdb-64aab4be92d2)</name>
    <type>RHINO</type>
  </scriptlet>
  <possibleResponses>
    <opResponse id="1d500a2d-1ce6-4bbd-a9ff-1b83ec99a79c">
      <annotation></annotation>
      <name>failure</name>
      <isDefault>false</isDefault>
      <onFailure>true</onFailure>
      <type>ERROR</type>
      <matchRules/>
    </opResponse>
    <opResponse id="7f6e67cb-56a7-4afb-bcaa-ae8d4419492d">
      <annotation></annotation>
      <name>success</name>
      <isDefault>true</isDefault>
      <onFailure>false</onFailure>
      <type>RESOLVED</type>
      <matchRules/>
    </opResponse>
  </possibleResponses>
  <availableResultExpressions/>
  <resultExpression id="18bf26c0-df51-4e2b-be4d-e11b411d6187">
    <annotation></annotation>
    <name>FailureMessage</name>
    <fieldName>FailureMessage</fieldName>
    <sourceType>RAWRESULT</sourceType>
    <filters/>
  </resultExpression>
  <iconSpec id="bc6daabb-8f83-4231-acd3-4933063a16ce">
    <baseIcon>flow.png</baseIcon>
    <basePath>System</basePath>
    <readOnly>false</readOnly>
    <layers/>
  </iconSpec>
  <callouts/>
  <checkPointFlow>true</checkPointFlow>
  <compatibleRuntimeContext>false</compatibleRuntimeContext>
  <historyCheckPointFlow>true</historyCheckPointFlow>
  <steps>
    <step id="417f1a90-de55-40ef-9084-b001e8b872fe">
      <annotation>a33c8eaa-0e3a-4cd1-9bdb-64aab4be92d2.417f1a90-de55-40ef-9084-b001e8b872fe.description</annotation>
      <name>Is ClientSupplied?</name>
      <bounds>
        <x>6.0</x>
        <y>37.0</y>
      </bounds>
      <layer>-1</layer>
      <hideInbound>false</hideInbound>
      <iconSpec id="b22c3f5d-fa9b-45e3-bf46-520917cd442f">
        <baseIcon>compare.png</baseIcon>
        <basePath>Utilities/</basePath>
        <readOnly>false</readOnly>
        <layers/>
      </iconSpec>
      <addResultToRunContext>false</addResultToRunContext>
      <isCriticalStep>false</isCriticalStep>
      <isNonBlocking>false</isNonBlocking>
      <isParallelStep>false</isParallelStep>
      <isSingleResponse>false</isSingleResponse>
      <recordInHistory>false</recordInHistory>
      <recordRawOutput>true</recordRawOutput>
      <recordPrimaryOutput>true</recordPrimaryOutput>
      <checkPointStep>true</checkPointStep>
      <historyCheckPointStep>true</historyCheckPointStep>
      <scriptResultStep>false</scriptResultStep>
      <userPrompt></userPrompt>
      <bindings>
        <staticBinding id="2db5693f-806b-4cc4-b5f7-365b35f42be1">
          <annotation></annotation>
          <toContextKey>vm.managed</toContextKey>
          <fromContextKey>vm.managed</fromContextKey>
          <assignFromContext>false</assignFromContext>
          <assignToContext>false</assignToContext>
          <inputType>STRING</inputType>
          <isList>false</isList>
          <required>false</required>
          <isPersisted>true</isPersisted>
          <inputSymbol>string1</inputSymbol>
          <listDelimiter>,</listDelimiter>
          <value>${server.isclientsupplied}</value>
          <record>false</record>
        </staticBinding>
        <staticBinding id="dc950d60-0c5c-4ca3-b4e9-4bb528c9bb43">
          <annotation></annotation>
          <assignFromContext>false</assignFromContext>
          <assignToContext>false</assignToContext>
          <inputType>STRING</inputType>
          <isList>false</isList>
          <required>false</required>
          <isPersisted>true</isPersisted>
          <inputSymbol>string2</inputSymbol>
          <listDelimiter>,</listDelimiter>
          <value>Y</value>
          <record>false</record>
        </staticBinding>
        <staticBinding id="3d157d45-c741-4713-8c75-ec4b1aa145fc">
          <annotation></annotation>
          <assignFromContext>false</assignFromContext>
          <assignToContext>false</assignToContext>
          <inputType>STRING</inputType>
          <isList>false</isList>
          <required>false</required>
          <isPersisted>true</isPersisted>
          <inputSymbol>ignoreCase</inputSymbol>
          <listDelimiter>,</listDelimiter>
          <value>true</value>
          <record>false</record>
        </staticBinding>
        <staticBinding id="3a692e71-7b05-4fa8-9523-7fd80b2f9981">
          <annotation></annotation>
          <toContextKey></toContextKey>
          <fromContextKey></fromContextKey>
          <assignFromContext>false</assignFromContext>
          <assignToContext>false</assignToContext>
          <inputType>STRING</inputType>
          <recordKey></recordKey>
          <isList>false</isList>
          <required>false</required>
          <isPersisted>true</isPersisted>
          <inputSymbol>Field_3</inputSymbol>
          <listDelimiter></listDelimiter>
          <value>${in3}</value>
          <record>false</record>
        </staticBinding>
        <staticBinding id="792e4ef9-ec37-4bd6-a0ef-c01f603715e8">
          <annotation></annotation>
          <toContextKey></toContextKey>
          <fromContextKey></fromContextKey>
          <assignFromContext>false</assignFromContext>
          <assignToContext>false</assignToContext>
          <inputType>STRING</inputType>
          <recordKey></recordKey>
          <isList>false</isList>
          <required>false</required>
          <isPersisted>true</isPersisted>
          <inputSymbol>Field_4</inputSymbol>
          <listDelimiter></listDelimiter>
          <value>${in4}</value>
          <record>false</record>
        </staticBinding>
        <staticBinding id="13859e3d-db2d-4589-b099-f26568829b83">
          <annotation></annotation>
          <toContextKey></toContextKey>
          <fromContextKey></fromContextKey>
          <assignFromContext>false</assignFromContext>
          <assignToContext>false</assignToContext>
          <inputType>STRING</inputType>
          <recordKey></recordKey>
          <isList>false</isList>
          <required>false</required>
          <isPersisted>true</isPersisted>
          <inputSymbol>Field_2</inputSymbol>
          <listDelimiter></listDelimiter>
          <value>${in2}</value>
          <record>false</record>
        </staticBinding>
        <staticBinding id="e8da08ad-20cf-4972-8feb-b8fb8e02ec94">
          <annotation></annotation>
          <toContextKey></toContextKey>
          <fromContextKey></fromContextKey>
          <assignFromContext>false</assignFromContext>
          <assignToContext>false</assignToContext>
          <inputType>STRING</inputType>
          <recordKey></recordKey>
          <isList>false</isList>
          <required>false</required>
          <isPersisted>true</isPersisted>
          <inputSymbol>Field_1</inputSymbol>
          <listDelimiter></listDelimiter>
          <value>${in1}</value>
          <record>false</record>
        </staticBinding>
      </bindings>
      <transitions>
        <transition id="1374c4c5-e5da-45be-a31c-ba21d071e112">
          <annotation></annotation>
          <name>false</name>
          <command>NEXT</command>
          <linkMode>false</linkMode>
          <responseSymbol>false</responseSymbol>
          <shouldHandoff>false</shouldHandoff>
          <transitionValue>0.0</transitionValue>
          <destination>
            <refId>470f2d12-e866-479e-924f-09253dd3e326</refId>
          </destination>
          <source>
            <refId>417f1a90-de55-40ef-9084-b001e8b872fe</refId>
          </source>
          <positions>
            <point>
              <x>68.0</x>
              <y>291.0</y>
            </point>
            <point>
              <x>56.0</x>
              <y>518.0</y>
            </point>
          </positions>
          <labelPosition>
            <x>333.0</x>
            <y>0.0</y>
          </labelPosition>
        </transition>
        <transition id="5b0c7a91-faa3-4dee-ae62-47a14e0a007e">
          <annotation></annotation>
          <name>true</name>
          <command>NEXT</command>
          <linkMode>false</linkMode>
          <responseSymbol>true</responseSymbol>
          <shouldHandoff>false</shouldHandoff>
          <transitionValue>0.0</transitionValue>
          <destination>
            <refId>060ba93c-e887-4ac6-b49b-37942e137598</refId>
          </destination>
          <source>
            <refId>417f1a90-de55-40ef-9084-b001e8b872fe</refId>
          </source>
          <positions>
            <point>
              <x>56.0</x>
              <y>71.0</y>
            </point>
            <point>
              <x>187.0</x>
              <y>69.0</y>
            </point>
          </positions>
          <labelPosition>
            <x>333.0</x>
            <y>0.0</y>
          </labelPosition>
        </transition>
      </transitions>
      <properties/>
      <opRef>
        <refId>7c2f47aa-a4b3-4a7d-b3d4-007f285f7d29</refId>
      </opRef>
      <assignments/>
      <throttleSize>0</throttleSize>
    </step>
    <returnStep id="1661f84c-f3a5-4587-81a2-cbcbffff61b1">
      <annotation></annotation>
      <name>Error : failure</name>
      <bounds>
        <x>507.0</x>
        <y>347.0</y>
      </bounds>
      <layer>-1</layer>
      <hideInbound>false</hideInbound>
      <addResultToRunContext>false</addResultToRunContext>
      <isCriticalStep>false</isCriticalStep>
      <isNonBlocking>false</isNonBlocking>
      <isParallelStep>false</isParallelStep>
      <isSingleResponse>false</isSingleResponse>
      <recordInHistory>false</recordInHistory>
      <recordRawOutput>true</recordRawOutput>
      <recordPrimaryOutput>true</recordPrimaryOutput>
      <checkPointStep>true</checkPointStep>
      <historyCheckPointStep>true</historyCheckPointStep>
      <scriptResultStep>false</scriptResultStep>
      <userPrompt></userPrompt>
      <bindings/>
      <transitions>
        <transition id="3d005625-2b2a-4a8a-90be-c56be85d9d29">
          <annotation></annotation>
          <name>return</name>
          <command>NEXT</command>
          <linkMode>false</linkMode>
          <responseSymbol>failure</responseSymbol>
          <shouldHandoff>false</shouldHandoff>
          <transitionValue>0.0</transitionValue>
          <destination>
            <refId>1661f84c-f3a5-4587-81a2-cbcbffff61b1</refId>
          </destination>
          <source>
            <refId>1661f84c-f3a5-4587-81a2-cbcbffff61b1</refId>
          </source>
          <positions/>
        </transition>
      </transitions>
      <properties/>
      <returnStepType>ERROR</returnStepType>
      <assignments/>
    </returnStep>
    <returnStep id="48e0e73e-bdf8-4f8f-a459-2d44f0c7bcab">
      <annotation></annotation>
      <name>Error : failure</name>
      <bounds>
        <x>137.0</x>
        <y>384.0</y>
      </bounds>
      <layer>-1</layer>
      <hideInbound>false</hideInbound>
      <addResultToRunContext>false</addResultToRunContext>
      <isCriticalStep>false</isCriticalStep>
      <isNonBlocking>false</isNonBlocking>
      <isParallelStep>false</isParallelStep>
      <isSingleResponse>false</isSingleResponse>
      <recordInHistory>false</recordInHistory>
      <recordRawOutput>true</recordRawOutput>
      <recordPrimaryOutput>true</recordPrimaryOutput>
      <checkPointStep>true</checkPointStep>
      <historyCheckPointStep>true</historyCheckPointStep>
      <scriptResultStep>false</scriptResultStep>
      <userPrompt></userPrompt>
      <bindings/>
      <transitions>
        <transition id="07cc125f-7840-407c-b4ef-36102c3bffac">
          <annotation></annotation>
          <name>return</name>
          <command>NEXT</command>
          <linkMode>false</linkMode>
          <responseSymbol>failure</responseSymbol>
          <shouldHandoff>false</shouldHandoff>
          <transitionValue>0.0</transitionValue>
          <destination>
            <refId>48e0e73e-bdf8-4f8f-a459-2d44f0c7bcab</refId>
          </destination>
          <source>
            <refId>48e0e73e-bdf8-4f8f-a459-2d44f0c7bcab</refId>
          </source>
          <positions/>
        </transition>
      </transitions>
      <properties/>
      <returnStepType>ERROR</returnStepType>
      <assignments/>
    </returnStep>
    <step id="1fc8ee12-c6c8-4903-94d5-e20997972c81">
      <annotation>a33c8eaa-0e3a-4cd1-9bdb-64aab4be92d2.1fc8ee12-c6c8-4903-94d5-e20997972c81.description</annotation>
      <name>Loop</name>
      <bounds>
        <x>322.0</x>
        <y>192.0</y>
      </bounds>
      <layer>-1</layer>
      <hideInbound>false</hideInbound>
      <addResultToRunContext>false</addResultToRunContext>
      <isCriticalStep>false</isCriticalStep>
      <isNonBlocking>false</isNonBlocking>
      <isParallelStep>false</isParallelStep>
      <isSingleResponse>false</isSingleResponse>
      <recordInHistory>false</recordInHistory>
      <recordRawOutput>true</recordRawOutput>
      <recordPrimaryOutput>true</recordPrimaryOutput>
      <checkPointStep>true</checkPointStep>
      <historyCheckPointStep>true</historyCheckPointStep>
      <scriptResultStep>false</scriptResultStep>
      <userPrompt></userPrompt>
      <bindings>
        <staticBinding id="f9f32073-9b4a-4f4d-aaaf-552eb0cc4080">
          <annotation></annotation>
          <assignFromContext>true</assignFromContext>
          <assignToContext>true</assignToContext>
          <inputType>STRING</inputType>
          <isList>false</isList>
          <required>true</required>
          <isPersisted>true</isPersisted>
          <inputSymbol>count</inputSymbol>
          <listDelimiter>,</listDelimiter>
          <value>30</value>
          <record>false</record>
        </staticBinding>
        <staticBinding id="8f1544f5-c0c9-447f-9378-8f823ad4385f">
          <annotation></annotation>
          <toContextKey></toContextKey>
          <fromContextKey></fromContextKey>
          <assignFromContext>false</assignFromContext>
          <assignToContext>false</assignToContext>
          <inputType>STRING</inputType>
          <recordKey></recordKey>
          <isList>false</isList>
          <required>false</required>
          <isPersisted>true</isPersisted>
          <inputSymbol>incrementBy</inputSymbol>
          <listDelimiter></listDelimiter>
          <value>1</value>
          <record>false</record>
        </staticBinding>
        <staticBinding id="18362862-d213-43df-b6f2-d44eeb91f262">
          <annotation></annotation>
          <toContextKey></toContextKey>
          <fromContextKey></fromContextKey>
          <assignFromContext>false</assignFromContext>
          <assignToContext>false</assignToContext>
          <inputType>STRING</inputType>
          <recordKey></recordKey>
          <isList>false</isList>
          <required>false</required>
          <isPersisted>true</isPersisted>
          <inputSymbol>from</inputSymbol>
          <listDelimiter></listDelimiter>
          <value>1</value>
          <record>false</record>
        </staticBinding>
        <staticBinding id="ade24238-75a8-488d-b88b-3b4f440e2e64">
          <annotation></annotation>
          <toContextKey></toContextKey>
          <fromContextKey></fromContextKey>
          <assignFromContext>false</assignFromContext>
          <assignToContext>false</assignToContext>
          <inputType>STRING</inputType>
          <recordKey></recordKey>
          <isList>false</isList>
          <required>false</required>
          <isPersisted>true</isPersisted>
          <inputSymbol>reset</inputSymbol>
          <listDelimiter></listDelimiter>
          <value>false</value>
          <record>false</record>
        </staticBinding>
        <staticBinding id="123f26ec-0d9a-4995-83b7-5a4871d23286">
          <annotation></annotation>
          <toContextKey></toContextKey>
          <fromContextKey></fromContextKey>
          <assignFromContext>false</assignFromContext>
          <assignToContext>false</assignToContext>
          <inputType>STRING</inputType>
          <recordKey></recordKey>
          <isList>false</isList>
          <required>false</required>
          <isPersisted>true</isPersisted>
          <inputSymbol>to</inputSymbol>
          <listDelimiter></listDelimiter>
          <value>${count}</value>
          <record>false</record>
        </staticBinding>
      </bindings>
      <transitions>
        <transition id="ac7901d0-8795-4c23-81b2-60126fdc57b1">
          <annotation></annotation>
          <name>has more</name>
          <command>NEXT</command>
          <linkMode>false</linkMode>
          <responseSymbol>has more</responseSymbol>
          <shouldHandoff>false</shouldHandoff>
          <transitionValue>0.0</transitionValue>
          <destination>
            <refId>b9359a7e-cedb-4dcd-9029-ba1662db8953</refId>
          </destination>
          <source>
            <refId>1fc8ee12-c6c8-4903-94d5-e20997972c81</refId>
          </source>
          <positions>
            <point>
              <x>278.0</x>
              <y>254.0</y>
            </point>
            <point>
              <x>397.0</x>
              <y>145.0</y>
            </point>
          </positions>
          <labelPosition>
            <x>333.0</x>
            <y>0.0</y>
          </labelPosition>
        </transition>
        <transition id="c32c319a-8189-41d3-9a57-fea6b91529f6">
          <annotation></annotation>
          <name>failure</name>
          <command>NEXT</command>
          <linkMode>false</linkMode>
          <responseSymbol>failure</responseSymbol>
          <shouldHandoff>false</shouldHandoff>
          <transitionValue>0.0</transitionValue>
          <destination>
            <refId>48e0e73e-bdf8-4f8f-a459-2d44f0c7bcab</refId>
          </destination>
          <source>
            <refId>1fc8ee12-c6c8-4903-94d5-e20997972c81</refId>
          </source>
          <positions>
            <point>
              <x>278.0</x>
              <y>254.0</y>
            </point>
            <point>
              <x>474.0</x>
              <y>48.0</y>
            </point>
          </positions>
          <labelPosition>
            <x>333.0</x>
            <y>0.0</y>
          </labelPosition>
        </transition>
        <transition id="e494679b-b41e-4cf1-82c4-639430d94b2f">
          <annotation></annotation>
          <name>no more</name>
          <command>NEXT</command>
          <linkMode>false</linkMode>
          <responseSymbol>no more</responseSymbol>
          <shouldHandoff>false</shouldHandoff>
          <transitionValue>0.0</transitionValue>
          <destination>
            <refId>48e0e73e-bdf8-4f8f-a459-2d44f0c7bcab</refId>
          </destination>
          <source>
            <refId>1fc8ee12-c6c8-4903-94d5-e20997972c81</refId>
          </source>
          <positions>
            <point>
              <x>545.0</x>
              <y>418.0</y>
            </point>
            <point>
              <x>513.0</x>
              <y>548.0</y>
            </point>
          </positions>
          <labelPosition>
            <x>282.2172979638128</x>
            <y>-24.256824944071912</y>
          </labelPosition>
        </transition>
      </transitions>
      <properties/>
      <opRef>
        <refId>1f0d93cd-2692-4339-81d7-9b3c6de46029</refId>
      </opRef>
      <assignments/>
      <throttleSize>0</throttleSize>
    </step>
    <returnStep id="ed64f769-725b-42a6-8fd3-c5fe7ff757b3">
      <annotation></annotation>
      <name>Resolved : success</name>
      <bounds>
        <x>881.0</x>
        <y>37.0</y>
      </bounds>
      <layer>-1</layer>
      <hideInbound>false</hideInbound>
      <addResultToRunContext>false</addResultToRunContext>
      <isCriticalStep>false</isCriticalStep>
      <isNonBlocking>false</isNonBlocking>
      <isParallelStep>false</isParallelStep>
      <isSingleResponse>false</isSingleResponse>
      <recordInHistory>false</recordInHistory>
      <recordRawOutput>true</recordRawOutput>
      <recordPrimaryOutput>true</recordPrimaryOutput>
      <checkPointStep>true</checkPointStep>
      <historyCheckPointStep>true</historyCheckPointStep>
      <scriptResultStep>false</scriptResultStep>
      <userPrompt></userPrompt>
      <bindings/>
      <transitions>
        <transition id="a54d4cab-5fa2-4efb-9dba-01df25437893">
          <annotation></annotation>
          <name>return</name>
          <command>NEXT</command>
          <linkMode>false</linkMode>
          <responseSymbol>success</responseSymbol>
          <shouldHandoff>false</shouldHandoff>
          <transitionValue>0.0</transitionValue>
          <destination>
            <refId>ed64f769-725b-42a6-8fd3-c5fe7ff757b3</refId>
          </destination>
          <source>
            <refId>ed64f769-725b-42a6-8fd3-c5fe7ff757b3</refId>
          </source>
          <positions/>
        </transition>
      </transitions>
      <properties/>
      <returnStepType>RESOLVED</returnStepType>
      <assignments/>
    </returnStep>
    <step id="b9359a7e-cedb-4dcd-9029-ba1662db8953">
      <annotation>a33c8eaa-0e3a-4cd1-9bdb-64aab4be92d2.b9359a7e-cedb-4dcd-9029-ba1662db8953.description</annotation>
      <name>Wait to CheckPort 135 Accessible</name>
      <bounds>
        <x>137.0</x>
        <y>192.0</y>
      </bounds>
      <layer>-1</layer>
      <hideInbound>false</hideInbound>
      <addResultToRunContext>false</addResultToRunContext>
      <isCriticalStep>false</isCriticalStep>
      <isNonBlocking>false</isNonBlocking>
      <isParallelStep>false</isParallelStep>
      <isSingleResponse>false</isSingleResponse>
      <recordInHistory>false</recordInHistory>
      <recordRawOutput>true</recordRawOutput>
      <recordPrimaryOutput>true</recordPrimaryOutput>
      <checkPointStep>true</checkPointStep>
      <historyCheckPointStep>true</historyCheckPointStep>
      <scriptResultStep>false</scriptResultStep>
      <userPrompt></userPrompt>
      <bindings>
        <staticBinding id="04a17b41-7d84-4849-870a-9862590d2385">
          <annotation></annotation>
          <assignFromContext>false</assignFromContext>
          <assignToContext>false</assignToContext>
          <inputType>STRING</inputType>
          <isList>false</isList>
          <required>true</required>
          <isPersisted>true</isPersisted>
          <inputSymbol>seconds</inputSymbol>
          <listDelimiter>,</listDelimiter>
          <value>20</value>
          <record>false</record>
        </staticBinding>
      </bindings>
      <transitions>
        <transition id="70ee3940-b86f-4650-8bb5-909419919ced">
          <annotation></annotation>
          <name>success</name>
          <command>NEXT</command>
          <linkMode>false</linkMode>
          <responseSymbol>success</responseSymbol>
          <shouldHandoff>false</shouldHandoff>
          <transitionValue>0.0</transitionValue>
          <destination>
            <refId>060ba93c-e887-4ac6-b49b-37942e137598</refId>
          </destination>
          <source>
            <refId>b9359a7e-cedb-4dcd-9029-ba1662db8953</refId>
          </source>
          <positions>
            <point>
              <x>397.0</x>
              <y>145.0</y>
            </point>
            <point>
              <x>514.0</x>
              <y>148.0</y>
            </point>
          </positions>
          <labelPosition>
            <x>333.0</x>
            <y>0.0</y>
          </labelPosition>
        </transition>
        <transition id="fd3d08cc-56a5-4808-935c-88522ceed809">
          <annotation></annotation>
          <name>failure</name>
          <command>NEXT</command>
          <linkMode>false</linkMode>
          <responseSymbol>failure</responseSymbol>
          <shouldHandoff>false</shouldHandoff>
          <transitionValue>0.0</transitionValue>
          <destination>
            <refId>48e0e73e-bdf8-4f8f-a459-2d44f0c7bcab</refId>
          </destination>
          <source>
            <refId>b9359a7e-cedb-4dcd-9029-ba1662db8953</refId>
          </source>
          <positions>
            <point>
              <x>397.0</x>
              <y>145.0</y>
            </point>
            <point>
              <x>474.0</x>
              <y>48.0</y>
            </point>
          </positions>
          <labelPosition>
            <x>333.0</x>
            <y>0.0</y>
          </labelPosition>
        </transition>
      </transitions>
      <properties/>
      <opRef>
        <refId>d1bbf441-824a-450e-afae-2ddec0e0f35e</refId>
      </opRef>
      <assignments/>
      <throttleSize>0</throttleSize>
    </step>
    <step id="9f26f2a4-a3db-4af0-b3d2-bef7e3644146">
      <annotation>a33c8eaa-0e3a-4cd1-9bdb-64aab4be92d2.9f26f2a4-a3db-4af0-b3d2-bef7e3644146.description</annotation>
      <name>Is Accessible?</name>
      <bounds>
        <x>322.0</x>
        <y>37.0</y>
      </bounds>
      <layer>-1</layer>
      <hideInbound>false</hideInbound>
      <iconSpec id="b9ced4bb-4634-4479-853b-3dccf7823386">
        <baseIcon>compare.png</baseIcon>
        <basePath>Utilities/</basePath>
        <readOnly>false</readOnly>
        <layers/>
      </iconSpec>
      <addResultToRunContext>false</addResultToRunContext>
      <isCriticalStep>false</isCriticalStep>
      <isNonBlocking>false</isNonBlocking>
      <isParallelStep>false</isParallelStep>
      <isSingleResponse>false</isSingleResponse>
      <recordInHistory>false</recordInHistory>
      <recordRawOutput>true</recordRawOutput>
      <recordPrimaryOutput>true</recordPrimaryOutput>
      <checkPointStep>true</checkPointStep>
      <historyCheckPointStep>true</historyCheckPointStep>
      <scriptResultStep>false</scriptResultStep>
      <userPrompt></userPrompt>
      <bindings>
        <staticBinding id="86848884-668e-4c0f-af8f-58cf6b036ed3">
          <annotation></annotation>
          <toContextKey>vm.isaccessible</toContextKey>
          <fromContextKey>vm.isaccessible</fromContextKey>
          <assignFromContext>true</assignFromContext>
          <assignToContext>true</assignToContext>
          <inputType>STRING</inputType>
          <isList>false</isList>
          <required>false</required>
          <isPersisted>true</isPersisted>
          <inputSymbol>string1</inputSymbol>
          <listDelimiter>,</listDelimiter>
          <value>${vm.isaccessible}</value>
          <record>false</record>
        </staticBinding>
        <staticBinding id="d7fcc162-d997-4bd7-ad9c-c5c4efb1dc9f">
          <annotation></annotation>
          <assignFromContext>false</assignFromContext>
          <assignToContext>false</assignToContext>
          <inputType>STRING</inputType>
          <isList>false</isList>
          <required>false</required>
          <isPersisted>true</isPersisted>
          <inputSymbol>string2</inputSymbol>
          <listDelimiter>,</listDelimiter>
          <value>true</value>
          <record>false</record>
        </staticBinding>
        <staticBinding id="d33c4ec5-295d-4e3c-bd8a-6b592239dd6d">
          <annotation></annotation>
          <assignFromContext>false</assignFromContext>
          <assignToContext>false</assignToContext>
          <inputType>STRING</inputType>
          <isList>false</isList>
          <required>false</required>
          <isPersisted>true</isPersisted>
          <inputSymbol>ignoreCase</inputSymbol>
          <listDelimiter>,</listDelimiter>
          <value>true</value>
          <record>false</record>
        </staticBinding>
        <staticBinding id="6b85e3ff-3c6e-42a5-8646-a8f3a65bed7c">
          <annotation></annotation>
          <toContextKey></toContextKey>
          <fromContextKey></fromContextKey>
          <assignFromContext>false</assignFromContext>
          <assignToContext>false</assignToContext>
          <inputType>STRING</inputType>
          <recordKey></recordKey>
          <isList>false</isList>
          <required>false</required>
          <isPersisted>true</isPersisted>
          <inputSymbol>Field_3</inputSymbol>
          <listDelimiter></listDelimiter>
          <value>${in3}</value>
          <record>false</record>
        </staticBinding>
        <staticBinding id="9a7c9f81-9074-439a-87a6-6b470bf0d772">
          <annotation></annotation>
          <toContextKey></toContextKey>
          <fromContextKey></fromContextKey>
          <assignFromContext>false</assignFromContext>
          <assignToContext>false</assignToContext>
          <inputType>STRING</inputType>
          <recordKey></recordKey>
          <isList>false</isList>
          <required>false</required>
          <isPersisted>true</isPersisted>
          <inputSymbol>Field_4</inputSymbol>
          <listDelimiter></listDelimiter>
          <value>${in4}</value>
          <record>false</record>
        </staticBinding>
        <staticBinding id="0275f24b-ad58-4a9c-b241-2e2263a34f47">
          <annotation></annotation>
          <toContextKey></toContextKey>
          <fromContextKey></fromContextKey>
          <assignFromContext>false</assignFromContext>
          <assignToContext>false</assignToContext>
          <inputType>STRING</inputType>
          <recordKey></recordKey>
          <isList>false</isList>
          <required>false</required>
          <isPersisted>true</isPersisted>
          <inputSymbol>Field_2</inputSymbol>
          <listDelimiter></listDelimiter>
          <value>${in2}</value>
          <record>false</record>
        </staticBinding>
        <staticBinding id="b2f54f71-7408-47b6-ade1-80534d857a46">
          <annotation></annotation>
          <toContextKey></toContextKey>
          <fromContextKey></fromContextKey>
          <assignFromContext>false</assignFromContext>
          <assignToContext>false</assignToContext>
          <inputType>STRING</inputType>
          <recordKey></recordKey>
          <isList>false</isList>
          <required>false</required>
          <isPersisted>true</isPersisted>
          <inputSymbol>Field_1</inputSymbol>
          <listDelimiter></listDelimiter>
          <value>${in1}</value>
          <record>false</record>
        </staticBinding>
      </bindings>
      <transitions>
        <transition id="6777a282-5657-4bab-ad0b-414fc0f465a3">
          <annotation></annotation>
          <name>false</name>
          <command>NEXT</command>
          <linkMode>false</linkMode>
          <responseSymbol>false</responseSymbol>
          <shouldHandoff>false</shouldHandoff>
          <transitionValue>0.0</transitionValue>
          <destination>
            <refId>1fc8ee12-c6c8-4903-94d5-e20997972c81</refId>
          </destination>
          <source>
            <refId>9f26f2a4-a3db-4af0-b3d2-bef7e3644146</refId>
          </source>
          <positions>
            <point>
              <x>617.0</x>
              <y>181.0</y>
            </point>
            <point>
              <x>278.0</x>
              <y>254.0</y>
            </point>
          </positions>
          <labelPosition>
            <x>333.0</x>
            <y>0.0</y>
          </labelPosition>
        </transition>
        <transition id="cd2d6fbe-d0d4-4056-8188-fe59a3b743f9">
          <annotation></annotation>
          <name>true</name>
          <command>NEXT</command>
          <linkMode>false</linkMode>
          <responseSymbol>true</responseSymbol>
          <shouldHandoff>false</shouldHandoff>
          <transitionValue>0.0</transitionValue>
          <destination>
            <refId>a61f9856-f878-47b7-8f8e-cc9d64088803</refId>
          </destination>
          <source>
            <refId>9f26f2a4-a3db-4af0-b3d2-bef7e3644146</refId>
          </source>
          <positions>
            <point>
              <x>372.0</x>
              <y>71.0</y>
            </point>
            <point>
              <x>681.0</x>
              <y>545.0</y>
            </point>
          </positions>
          <labelPosition>
            <x>333.0</x>
            <y>0.0</y>
          </labelPosition>
        </transition>
      </transitions>
      <properties/>
      <opRef>
        <refId>7c2f47aa-a4b3-4a7d-b3d4-007f285f7d29</refId>
      </opRef>
      <assignments/>
      <throttleSize>0</throttleSize>
    </step>
    <step id="facab068-f750-4f46-9aff-05d4c9a231a6">
      <annotation>a33c8eaa-0e3a-4cd1-9bdb-64aab4be92d2.facab068-f750-4f46-9aff-05d4c9a231a6.description</annotation>
      <name>Rename Admin Account</name>
      <bounds>
        <x>688.0</x>
        <y>37.0</y>
      </bounds>
      <layer>-1</layer>
      <hideInbound>false</hideInbound>
      <iconSpec id="e3b5619a-1f11-4371-8383-cff0818bd0c2">
        <baseIcon>workstation_network.png</baseIcon>
        <basePath>/Others/</basePath>
        <readOnly>false</readOnly>
        <layers>
          <iconSpec id="c24b1951-7ea5-4dfb-b933-4f8c96cd4cee">
            <baseIcon>remote.png</baseIcon>
            <basePath>/Annotations/</basePath>
            <readOnly>false</readOnly>
            <layers/>
          </iconSpec>
        </layers>
      </iconSpec>
      <addResultToRunContext>false</addResultToRunContext>
      <isCriticalStep>false</isCriticalStep>
      <isNonBlocking>false</isNonBlocking>
      <isParallelStep>false</isParallelStep>
      <isSingleResponse>false</isSingleResponse>
      <recordInHistory>false</recordInHistory>
      <recordRawOutput>true</recordRawOutput>
      <recordPrimaryOutput>true</recordPrimaryOutput>
      <checkPointStep>true</checkPointStep>
      <historyCheckPointStep>true</historyCheckPointStep>
      <scriptResultStep>false</scriptResultStep>
      <userPrompt></userPrompt>
      <bindings>
        <staticBinding id="6d3e299e-dafc-4560-8ce8-68c072ca093b">
          <annotation></annotation>
          <toContextKey>vm.ip.backup</toContextKey>
          <fromContextKey>vm.ip.backup</fromContextKey>
          <assignFromContext>false</assignFromContext>
          <assignToContext>false</assignToContext>
          <inputType>STRING</inputType>
          <isList>false</isList>
          <required>true</required>
          <isPersisted>true</isPersisted>
          <inputSymbol>host</inputSymbol>
          <listDelimiter>,</listDelimiter>
          <value>${server.ip.backup}</value>
          <record>false</record>
        </staticBinding>
        <staticBinding id="238f025b-85fb-4eba-b2f5-0a0e6e1f058b">
          <annotation></annotation>
          <toContextKey></toContextKey>
          <fromContextKey></fromContextKey>
          <assignFromContext>false</assignFromContext>
          <assignToContext>false</assignToContext>
          <inputType>STRING</inputType>
          <isList>false</isList>
          <required>true</required>
          <isPersisted>true</isPersisted>
          <inputSymbol>command</inputSymbol>
          <listDelimiter>,</listDelimiter>
          <value>wmic useraccount where name=&apos;Administrator&apos; rename localadmin</value>
          <record>false</record>
        </staticBinding>
        <identityBinding id="38ada615-5b7a-4a7c-a254-fe26915a970f">
          <annotation></annotation>
          <toContextKey></toContextKey>
          <fromContextKey></fromContextKey>
          <assignFromContext>false</assignFromContext>
          <assignToContext>false</assignToContext>
          <inputType>ENCRYPTED</inputType>
          <isList>false</isList>
          <required>true</required>
          <isPersisted>true</isPersisted>
          <inputSymbol>user</inputSymbol>
          <listDelimiter>,</listDelimiter>
          <record>false</record>
          <link>
            <refId>5bb1f710-8bfa-41ad-a307-62fb2fb52479</refId>
            <refName>pc.vm.win.Administrator</refName>
          </link>
          <identityAttribute>USERNAME</identityAttribute>
        </identityBinding>
        <identityBinding id="7b4e650c-145f-4d51-bb57-55f7583a3445">
          <annotation></annotation>
          <toContextKey></toContextKey>
          <fromContextKey></fromContextKey>
          <assignFromContext>false</assignFromContext>
          <assignToContext>false</assignToContext>
          <inputType>ENCRYPTED</inputType>
          <isList>false</isList>
          <required>true</required>
          <isPersisted>true</isPersisted>
          <inputSymbol>password</inputSymbol>
          <listDelimiter>,</listDelimiter>
          <record>false</record>
          <link>
            <refId>5bb1f710-8bfa-41ad-a307-62fb2fb52479</refId>
            <refName>pc.vm.win.Administrator</refName>
          </link>
          <identityAttribute>PASSWORD</identityAttribute>
        </identityBinding>
        <staticBinding id="6bab16d4-038d-440e-bc1b-93e88c3aaba7">
          <annotation></annotation>
          <assignFromContext>false</assignFromContext>
          <assignToContext>false</assignToContext>
          <inputType>STRING</inputType>
          <isList>false</isList>
          <required>false</required>
          <isPersisted>true</isPersisted>
          <inputSymbol>overrideNRAS</inputSymbol>
          <listDelimiter>,</listDelimiter>
          <value>${server.oo.ras}</value>
          <record>false</record>
        </staticBinding>
        <staticBinding id="eb506419-d84a-44ee-8ff2-ab413748aa9a">
          <annotation></annotation>
          <assignFromContext>false</assignFromContext>
          <assignToContext>false</assignToContext>
          <inputType>STRING</inputType>
          <isList>false</isList>
          <required>false</required>
          <isPersisted>true</isPersisted>
          <inputSymbol>overrideJRAS</inputSymbol>
          <listDelimiter>,</listDelimiter>
          <value>${server.oo.ras}</value>
          <record>false</record>
        </staticBinding>
      </bindings>
      <transitions>
        <transition id="11e60071-506c-468d-90bc-0e1ffb8efa3d">
          <annotation></annotation>
          <name>success</name>
          <command>NEXT</command>
          <linkMode>false</linkMode>
          <responseSymbol>success</responseSymbol>
          <shouldHandoff>false</shouldHandoff>
          <transitionValue>0.0</transitionValue>
          <destination>
            <refId>ed64f769-725b-42a6-8fd3-c5fe7ff757b3</refId>
          </destination>
          <source>
            <refId>facab068-f750-4f46-9aff-05d4c9a231a6</refId>
          </source>
          <positions>
            <point>
              <x>560.0</x>
              <y>76.0</y>
            </point>
            <point>
              <x>821.0</x>
              <y>82.0</y>
            </point>
          </positions>
          <labelPosition>
            <x>333.0</x>
            <y>0.0</y>
          </labelPosition>
        </transition>
        <transition id="864186c4-0390-40d7-9aea-6cf6514ce959">
          <annotation></annotation>
          <name>failure</name>
          <command>NEXT</command>
          <linkMode>false</linkMode>
          <responseSymbol>failure</responseSymbol>
          <shouldHandoff>false</shouldHandoff>
          <transitionValue>0.0</transitionValue>
          <destination>
            <refId>5ddf1aea-75cf-4002-84a2-3cff44686950</refId>
          </destination>
          <source>
            <refId>facab068-f750-4f46-9aff-05d4c9a231a6</refId>
          </source>
          <positions>
            <point>
              <x>738.0</x>
              <y>71.0</y>
            </point>
            <point>
              <x>783.0</x>
              <y>217.0</y>
            </point>
          </positions>
          <labelPosition>
            <x>333.0</x>
            <y>0.0</y>
          </labelPosition>
        </transition>
      </transitions>
      <properties/>
      <opRef>
        <refId>632830d9-d5be-47b3-9768-efa99decb443</refId>
      </opRef>
      <assignments>
        <flowVariableAssignment id="46b69ce8-cfbb-43b1-96c2-4cf88d11d01d">
          <annotation></annotation>
          <name>assignment</name>
          <action>OVERWRITE</action>
          <assignmentTargetType>FLOW_VARIABLE</assignmentTargetType>
          <contextKey>FailureMessage</contextKey>
          <expression id="324cfdd8-4485-455a-868e-19958dcf82fc">
            <annotation></annotation>
            <name>Result Field: FailureMessage</name>
            <fieldName>FailureMessage</fieldName>
            <sourceType>RAWRESULT</sourceType>
            <filters/>
          </expression>
        </flowVariableAssignment>
        <flowVariableAssignment id="e5bf3777-1f08-4505-b1cf-ad3232edfbed">
          <annotation></annotation>
          <name>assignment</name>
          <action>OVERWRITE</action>
          <assignmentTargetType>FLOW_VARIABLE</assignmentTargetType>
          <contextKey>StdOut</contextKey>
          <expression id="d0f6a1c4-0b9e-4486-b33a-ddc5d1f93e6c">
            <annotation></annotation>
            <name>Result Field: StdOut</name>
            <fieldName>StdOut</fieldName>
            <sourceType>RAWRESULT</sourceType>
            <filters/>
          </expression>
        </flowVariableAssignment>
        <flowVariableAssignment id="ce8ca986-95fb-48e9-b9f0-fbf225874582">
          <annotation></annotation>
          <name>assignment</name>
          <action>OVERWRITE</action>
          <assignmentTargetType>FLOW_VARIABLE</assignmentTargetType>
          <contextKey>returnResult</contextKey>
          <expression id="39570603-da0d-470c-a039-149b52c300e4">
            <annotation></annotation>
            <name>Result Field: returnResult</name>
            <fieldName>returnResult</fieldName>
            <sourceType>RAWRESULT</sourceType>
            <filters/>
          </expression>
        </flowVariableAssignment>
        <flowVariableAssignment id="15b7c01c-1c2f-47f6-b1e5-296273cbe180">
          <annotation></annotation>
          <name>assignment</name>
          <action>OVERWRITE</action>
          <assignmentTargetType>FLOW_VARIABLE</assignmentTargetType>
          <contextKey>exception</contextKey>
          <expression id="d80e064a-7d2e-4e69-826f-c782aec02585">
            <annotation></annotation>
            <name>Result Field: exception</name>
            <fieldName>exception</fieldName>
            <sourceType>RAWRESULT</sourceType>
            <filters/>
          </expression>
        </flowVariableAssignment>
      </assignments>
      <throttleSize>0</throttleSize>
    </step>
    <returnStep id="470f2d12-e866-479e-924f-09253dd3e326">
      <annotation></annotation>
      <name>Resolved : success</name>
      <bounds>
        <x>6.0</x>
        <y>192.0</y>
      </bounds>
      <layer>-1</layer>
      <hideInbound>false</hideInbound>
      <addResultToRunContext>false</addResultToRunContext>
      <isCriticalStep>false</isCriticalStep>
      <isNonBlocking>false</isNonBlocking>
      <isParallelStep>false</isParallelStep>
      <isSingleResponse>false</isSingleResponse>
      <recordInHistory>false</recordInHistory>
      <recordRawOutput>true</recordRawOutput>
      <recordPrimaryOutput>true</recordPrimaryOutput>
      <checkPointStep>true</checkPointStep>
      <historyCheckPointStep>true</historyCheckPointStep>
      <scriptResultStep>false</scriptResultStep>
      <userPrompt></userPrompt>
      <bindings/>
      <transitions>
        <transition id="9a26522b-2410-4a3a-9a62-2e2979340e9b">
          <annotation></annotation>
          <name>return</name>
          <command>NEXT</command>
          <linkMode>false</linkMode>
          <responseSymbol>success</responseSymbol>
          <shouldHandoff>false</shouldHandoff>
          <transitionValue>0.0</transitionValue>
          <destination>
            <refId>470f2d12-e866-479e-924f-09253dd3e326</refId>
          </destination>
          <source>
            <refId>470f2d12-e866-479e-924f-09253dd3e326</refId>
          </source>
          <positions/>
        </transition>
      </transitions>
      <properties/>
      <returnStepType>RESOLVED</returnStepType>
      <assignments/>
    </returnStep>
    <step id="060ba93c-e887-4ac6-b49b-37942e137598">
      <annotation>a33c8eaa-0e3a-4cd1-9bdb-64aab4be92d2.060ba93c-e887-4ac6-b49b-37942e137598.description</annotation>
      <name>WMI Port Check</name>
      <bounds>
        <x>137.0</x>
        <y>37.0</y>
      </bounds>
      <layer>-1</layer>
      <hideInbound>false</hideInbound>
      <iconSpec id="e4cbe7b2-9bc6-4557-b6ca-65b68a64f0bf">
        <baseIcon>monitoring.png</baseIcon>
        <basePath>/Integrations/</basePath>
        <readOnly>false</readOnly>
        <layers/>
      </iconSpec>
      <addResultToRunContext>false</addResultToRunContext>
      <isCriticalStep>false</isCriticalStep>
      <isNonBlocking>false</isNonBlocking>
      <isParallelStep>false</isParallelStep>
      <isSingleResponse>false</isSingleResponse>
      <recordInHistory>false</recordInHistory>
      <recordRawOutput>true</recordRawOutput>
      <recordPrimaryOutput>true</recordPrimaryOutput>
      <checkPointStep>true</checkPointStep>
      <historyCheckPointStep>true</historyCheckPointStep>
      <scriptResultStep>false</scriptResultStep>
      <userPrompt></userPrompt>
      <bindings>
        <staticBinding id="6869ebc7-cb05-44f8-b6c4-4dca4d8a5666">
          <annotation></annotation>
          <assignFromContext>true</assignFromContext>
          <assignToContext>true</assignToContext>
          <inputType>STRING</inputType>
          <isList>false</isList>
          <required>true</required>
          <isPersisted>true</isPersisted>
          <inputSymbol>host</inputSymbol>
          <listDelimiter>,</listDelimiter>
          <value>${server.ip.backup}</value>
          <record>false</record>
        </staticBinding>
        <staticBinding id="38baf497-6e16-4940-8608-b840a3e6dab1">
          <annotation></annotation>
          <assignFromContext>true</assignFromContext>
          <assignToContext>true</assignToContext>
          <inputType>STRING</inputType>
          <isList>false</isList>
          <required>true</required>
          <isPersisted>true</isPersisted>
          <inputSymbol>lowestPort</inputSymbol>
          <listDelimiter>,</listDelimiter>
          <value>135</value>
          <record>false</record>
        </staticBinding>
        <staticBinding id="43f70d59-3971-4dfc-b25c-fecbdaaf0236">
          <annotation></annotation>
          <assignFromContext>true</assignFromContext>
          <assignToContext>true</assignToContext>
          <inputType>STRING</inputType>
          <isList>false</isList>
          <required>true</required>
          <isPersisted>true</isPersisted>
          <inputSymbol>highestPort</inputSymbol>
          <listDelimiter>,</listDelimiter>
          <value>135</value>
          <record>false</record>
        </staticBinding>
        <staticBinding id="3f16c885-6464-4309-af36-1fd2ecb07721">
          <annotation></annotation>
          <assignFromContext>true</assignFromContext>
          <assignToContext>true</assignToContext>
          <inputType>STRING</inputType>
          <isList>false</isList>
          <required>false</required>
          <isPersisted>true</isPersisted>
          <inputSymbol>portType</inputSymbol>
          <listDelimiter>,</listDelimiter>
          <value>TCP</value>
          <record>false</record>
        </staticBinding>
        <staticBinding id="68bc9cc6-fd9f-435f-b593-95b7776c9872">
          <annotation></annotation>
          <assignFromContext>true</assignFromContext>
          <assignToContext>true</assignToContext>
          <inputType>STRING</inputType>
          <isList>false</isList>
          <required>false</required>
          <isPersisted>true</isPersisted>
          <inputSymbol>overrideNRAS</inputSymbol>
          <listDelimiter>,</listDelimiter>
          <value>${server.oo.ras}</value>
          <record>false</record>
        </staticBinding>
        <staticBinding id="915f7e9d-3ed8-4097-8ab6-1e605e301b9e">
          <annotation></annotation>
          <assignFromContext>true</assignFromContext>
          <assignToContext>true</assignToContext>
          <inputType>STRING</inputType>
          <isList>false</isList>
          <required>false</required>
          <isPersisted>true</isPersisted>
          <inputSymbol>overrideJRAS</inputSymbol>
          <listDelimiter>,</listDelimiter>
          <value>${server.oo.ras}</value>
          <record>false</record>
        </staticBinding>
      </bindings>
      <transitions>
        <transition id="9b80e82c-8d0f-4483-a6b6-55ae25aa5295">
          <annotation></annotation>
          <name>success</name>
          <command>NEXT</command>
          <linkMode>false</linkMode>
          <responseSymbol>success</responseSymbol>
          <shouldHandoff>false</shouldHandoff>
          <transitionValue>0.0</transitionValue>
          <destination>
            <refId>9f26f2a4-a3db-4af0-b3d2-bef7e3644146</refId>
          </destination>
          <source>
            <refId>060ba93c-e887-4ac6-b49b-37942e137598</refId>
          </source>
          <positions>
            <point>
              <x>514.0</x>
              <y>148.0</y>
            </point>
            <point>
              <x>617.0</x>
              <y>181.0</y>
            </point>
          </positions>
          <labelPosition>
            <x>333.0</x>
            <y>0.0</y>
          </labelPosition>
        </transition>
        <transition id="3f4fcd61-3337-4e40-8091-c85150d1e7a4">
          <annotation></annotation>
          <name>failure</name>
          <command>NEXT</command>
          <linkMode>false</linkMode>
          <responseSymbol>failure</responseSymbol>
          <shouldHandoff>false</shouldHandoff>
          <transitionValue>0.0</transitionValue>
          <destination>
            <refId>1fc8ee12-c6c8-4903-94d5-e20997972c81</refId>
          </destination>
          <source>
            <refId>060ba93c-e887-4ac6-b49b-37942e137598</refId>
          </source>
          <positions>
            <point>
              <x>339.0</x>
              <y>281.0</y>
            </point>
            <point>
              <x>545.0</x>
              <y>418.0</y>
            </point>
          </positions>
          <labelPosition>
            <x>333.0</x>
            <y>0.0</y>
          </labelPosition>
        </transition>
      </transitions>
      <properties/>
      <opRef>
        <refId>05099c46-a561-45cb-9b32-cad229b2489d</refId>
      </opRef>
      <assignments>
        <flowVariableAssignment id="abb38a65-7afa-449a-903b-ffac22663ab4">
          <annotation></annotation>
          <name>assignment</name>
          <action>OVERWRITE</action>
          <assignmentTargetType>FLOW_VARIABLE</assignmentTargetType>
          <contextKey>vm.isaccessible</contextKey>
          <expression id="85539507-f2b1-4b96-b90e-4f250efdd32b">
            <annotation></annotation>
            <name>Result Field: opened</name>
            <fieldName>opened</fieldName>
            <sourceType>RAWRESULT</sourceType>
            <filters>
              <scriptletFilter id="57aaddaf-b5ae-4871-97e7-e2c7bf64758d">
                <annotation></annotation>
                <name>Scriptlet</name>
                <scriptlet id="bc13d4e9-eae8-4e65-9b76-de1e5fbcc570">
                  <annotation></annotation>
                  <name>default</name>
                  <script>if (scriptletInput == &apos;1&apos;) 
    scriptletResult = &apos;true&apos;
else 
    scriptletResult = &apos;false&apos;
</script>
                  <type>RHINO</type>
                </scriptlet>
              </scriptletFilter>
            </filters>
          </expression>
        </flowVariableAssignment>
      </assignments>
      <throttleSize>0</throttleSize>
    </step>
    <step id="a61f9856-f878-47b7-8f8e-cc9d64088803">
      <annotation>a33c8eaa-0e3a-4cd1-9bdb-64aab4be92d2.a61f9856-f878-47b7-8f8e-cc9d64088803.description</annotation>
      <name>Wait to make sure</name>
      <bounds>
        <x>507.0</x>
        <y>37.0</y>
      </bounds>
      <layer>-1</layer>
      <hideInbound>false</hideInbound>
      <addResultToRunContext>false</addResultToRunContext>
      <isCriticalStep>false</isCriticalStep>
      <isNonBlocking>false</isNonBlocking>
      <isParallelStep>false</isParallelStep>
      <isSingleResponse>false</isSingleResponse>
      <recordInHistory>false</recordInHistory>
      <recordRawOutput>true</recordRawOutput>
      <recordPrimaryOutput>true</recordPrimaryOutput>
      <checkPointStep>true</checkPointStep>
      <historyCheckPointStep>true</historyCheckPointStep>
      <scriptResultStep>false</scriptResultStep>
      <userPrompt></userPrompt>
      <bindings>
        <staticBinding id="6cb01824-484d-4cc2-9d1c-51043ad78668">
          <annotation></annotation>
          <assignFromContext>false</assignFromContext>
          <assignToContext>false</assignToContext>
          <inputType>STRING</inputType>
          <isList>false</isList>
          <required>true</required>
          <isPersisted>true</isPersisted>
          <inputSymbol>seconds</inputSymbol>
          <listDelimiter>,</listDelimiter>
          <value>10</value>
          <record>false</record>
        </staticBinding>
      </bindings>
      <transitions>
        <transition id="6866b1b3-ceb6-4050-9646-73b98509697d">
          <annotation></annotation>
          <name>success</name>
          <command>NEXT</command>
          <linkMode>false</linkMode>
          <responseSymbol>success</responseSymbol>
          <shouldHandoff>false</shouldHandoff>
          <transitionValue>0.0</transitionValue>
          <destination>
            <refId>facab068-f750-4f46-9aff-05d4c9a231a6</refId>
          </destination>
          <source>
            <refId>a61f9856-f878-47b7-8f8e-cc9d64088803</refId>
          </source>
          <positions>
            <point>
              <x>557.0</x>
              <y>73.0</y>
            </point>
            <point>
              <x>738.0</x>
              <y>71.0</y>
            </point>
          </positions>
          <labelPosition>
            <x>333.0</x>
            <y>0.0</y>
          </labelPosition>
        </transition>
        <transition id="24570b18-03d9-4e94-8133-c58aefd0d9ce">
          <annotation></annotation>
          <name>failure</name>
          <command>NEXT</command>
          <linkMode>false</linkMode>
          <responseSymbol>failure</responseSymbol>
          <shouldHandoff>false</shouldHandoff>
          <transitionValue>0.0</transitionValue>
          <destination>
            <refId>1661f84c-f3a5-4587-81a2-cbcbffff61b1</refId>
          </destination>
          <source>
            <refId>a61f9856-f878-47b7-8f8e-cc9d64088803</refId>
          </source>
          <positions>
            <point>
              <x>557.0</x>
              <y>73.0</y>
            </point>
            <point>
              <x>738.0</x>
              <y>226.0</y>
            </point>
          </positions>
          <labelPosition>
            <x>333.0</x>
            <y>0.0</y>
          </labelPosition>
        </transition>
      </transitions>
      <properties/>
      <opRef>
        <refId>d1bbf441-824a-450e-afae-2ddec0e0f35e</refId>
      </opRef>
      <assignments/>
      <throttleSize>0</throttleSize>
    </step>
    <step id="5ddf1aea-75cf-4002-84a2-3cff44686950">
      <annotation>a33c8eaa-0e3a-4cd1-9bdb-64aab4be92d2.5ddf1aea-75cf-4002-84a2-3cff44686950.description</annotation>
      <name>Loop</name>
      <bounds>
        <x>688.0</x>
        <y>202.0</y>
      </bounds>
      <layer>-1</layer>
      <hideInbound>false</hideInbound>
      <addResultToRunContext>false</addResultToRunContext>
      <isCriticalStep>false</isCriticalStep>
      <isNonBlocking>false</isNonBlocking>
      <isParallelStep>false</isParallelStep>
      <isSingleResponse>false</isSingleResponse>
      <recordInHistory>false</recordInHistory>
      <recordRawOutput>true</recordRawOutput>
      <recordPrimaryOutput>true</recordPrimaryOutput>
      <checkPointStep>true</checkPointStep>
      <historyCheckPointStep>true</historyCheckPointStep>
      <scriptResultStep>false</scriptResultStep>
      <userPrompt></userPrompt>
      <bindings>
        <staticBinding id="5e396f2e-356c-45f0-b0ea-06ee602650cc">
          <annotation></annotation>
          <assignFromContext>true</assignFromContext>
          <assignToContext>true</assignToContext>
          <inputType>STRING</inputType>
          <isList>false</isList>
          <required>true</required>
          <isPersisted>true</isPersisted>
          <inputSymbol>count</inputSymbol>
          <listDelimiter>,</listDelimiter>
          <value>10</value>
          <record>false</record>
        </staticBinding>
        <staticBinding id="32967c02-dd43-4afb-96f5-47714322e171">
          <annotation></annotation>
          <toContextKey></toContextKey>
          <fromContextKey></fromContextKey>
          <assignFromContext>false</assignFromContext>
          <assignToContext>false</assignToContext>
          <inputType>STRING</inputType>
          <recordKey></recordKey>
          <isList>false</isList>
          <required>false</required>
          <isPersisted>true</isPersisted>
          <inputSymbol>incrementBy</inputSymbol>
          <listDelimiter></listDelimiter>
          <value>1</value>
          <record>false</record>
        </staticBinding>
        <staticBinding id="fa9214a0-5494-48ed-850d-179fb28d5b72">
          <annotation></annotation>
          <toContextKey></toContextKey>
          <fromContextKey></fromContextKey>
          <assignFromContext>false</assignFromContext>
          <assignToContext>false</assignToContext>
          <inputType>STRING</inputType>
          <recordKey></recordKey>
          <isList>false</isList>
          <required>false</required>
          <isPersisted>true</isPersisted>
          <inputSymbol>from</inputSymbol>
          <listDelimiter></listDelimiter>
          <value>1</value>
          <record>false</record>
        </staticBinding>
        <staticBinding id="54d7c683-122d-4574-b93d-520505ea2e35">
          <annotation></annotation>
          <toContextKey></toContextKey>
          <fromContextKey></fromContextKey>
          <assignFromContext>false</assignFromContext>
          <assignToContext>false</assignToContext>
          <inputType>STRING</inputType>
          <recordKey></recordKey>
          <isList>false</isList>
          <required>false</required>
          <isPersisted>true</isPersisted>
          <inputSymbol>reset</inputSymbol>
          <listDelimiter></listDelimiter>
          <value>false</value>
          <record>false</record>
        </staticBinding>
        <staticBinding id="65176118-070e-48a6-b486-0179d130d1c5">
          <annotation></annotation>
          <toContextKey></toContextKey>
          <fromContextKey></fromContextKey>
          <assignFromContext>false</assignFromContext>
          <assignToContext>false</assignToContext>
          <inputType>STRING</inputType>
          <recordKey></recordKey>
          <isList>false</isList>
          <required>false</required>
          <isPersisted>true</isPersisted>
          <inputSymbol>to</inputSymbol>
          <listDelimiter></listDelimiter>
          <value>${count}</value>
          <record>false</record>
        </staticBinding>
      </bindings>
      <transitions>
        <transition id="d05cad72-2994-4061-8e9f-0f5896ef2057">
          <annotation></annotation>
          <name>has more</name>
          <command>NEXT</command>
          <linkMode>false</linkMode>
          <responseSymbol>has more</responseSymbol>
          <shouldHandoff>false</shouldHandoff>
          <transitionValue>0.0</transitionValue>
          <destination>
            <refId>a61f9856-f878-47b7-8f8e-cc9d64088803</refId>
          </destination>
          <source>
            <refId>5ddf1aea-75cf-4002-84a2-3cff44686950</refId>
          </source>
          <positions>
            <point>
              <x>758.0</x>
              <y>236.0</y>
            </point>
            <point>
              <x>557.0</x>
              <y>73.0</y>
            </point>
          </positions>
          <labelPosition>
            <x>333.0</x>
            <y>0.0</y>
          </labelPosition>
        </transition>
        <transition id="72813b29-3f3b-4e2c-9b88-029abd53b93f">
          <annotation></annotation>
          <name>no more</name>
          <command>NEXT</command>
          <linkMode>false</linkMode>
          <responseSymbol>no more</responseSymbol>
          <shouldHandoff>false</shouldHandoff>
          <transitionValue>0.0</transitionValue>
          <destination>
            <refId>1661f84c-f3a5-4587-81a2-cbcbffff61b1</refId>
          </destination>
          <source>
            <refId>5ddf1aea-75cf-4002-84a2-3cff44686950</refId>
          </source>
          <positions>
            <point>
              <x>758.0</x>
              <y>236.0</y>
            </point>
            <point>
              <x>566.0</x>
              <y>381.0</y>
            </point>
          </positions>
          <labelPosition>
            <x>333.0</x>
            <y>0.0</y>
          </labelPosition>
        </transition>
        <transition id="c244f1a9-07fd-4021-80b1-0776ea7d0dbc">
          <annotation></annotation>
          <name>failure</name>
          <command>NEXT</command>
          <linkMode>false</linkMode>
          <responseSymbol>failure</responseSymbol>
          <shouldHandoff>false</shouldHandoff>
          <transitionValue>0.0</transitionValue>
          <destination>
            <refId>1661f84c-f3a5-4587-81a2-cbcbffff61b1</refId>
          </destination>
          <source>
            <refId>5ddf1aea-75cf-4002-84a2-3cff44686950</refId>
          </source>
          <positions>
            <point>
              <x>758.0</x>
              <y>236.0</y>
            </point>
            <point>
              <x>725.186382553048</x>
              <y>292.10941552043727</y>
            </point>
            <point>
              <x>628.9464517079276</x>
              <y>364.79061329409586</y>
            </point>
            <point>
              <x>566.0</x>
              <y>381.0</y>
            </point>
          </positions>
          <labelPosition>
            <x>333.0</x>
            <y>0.0</y>
          </labelPosition>
        </transition>
      </transitions>
      <properties/>
      <opRef>
        <refId>1f0d93cd-2692-4339-81d7-9b3c6de46029</refId>
      </opRef>
      <assignments/>
      <throttleSize>0</throttleSize>
    </step>
  </steps>
  <startSteps>417f1a90-de55-40ef-9084-b001e8b872fe</startSteps>
</flow>