<?xml version="1.0" encoding="UTF-8"?>
<flow id="6b336eb1-3765-4065-be44-92415d1c7b7c">
  <annotation></annotation>
  <name>RemoveSnapshot</name>
  <categories/>
  <inputs>
    <staticBinding id="252ec76d-9cdc-45a0-ac8f-8dcb841cee43">
      <annotation></annotation>
      <assignFromContext>true</assignFromContext>
      <assignToContext>true</assignToContext>
      <inputType>STRING</inputType>
      <isList>false</isList>
      <required>false</required>
      <isPersisted>true</isPersisted>
      <inputSymbol>hostname</inputSymbol>
      <listDelimiter>,</listDelimiter>
      <value>derlacm0057</value>
      <record>false</record>
    </staticBinding>
  </inputs>
  <scriptlet id="fbf95c59-8ed5-49ff-86b6-def3871d1238">
    <annotation></annotation>
    <name>Operation RemoveSnapshot (6b336eb1-3765-4065-be44-92415d1c7b7c)</name>
    <type>RHINO</type>
  </scriptlet>
  <possibleResponses>
    <opResponse id="9fff0f37-ec11-46e3-a43a-1d69e418636f">
      <annotation></annotation>
      <name>success</name>
      <isDefault>true</isDefault>
      <onFailure>false</onFailure>
      <type>RESOLVED</type>
      <matchRules/>
    </opResponse>
    <opResponse id="b25cbdcf-026c-4f1b-b946-a35000d826f1">
      <annotation></annotation>
      <name>failure</name>
      <isDefault>false</isDefault>
      <onFailure>true</onFailure>
      <type>ERROR</type>
      <matchRules/>
    </opResponse>
  </possibleResponses>
  <availableResultExpressions/>
  <resultExpression id="9e6abe1d-74b0-42e8-9b83-f3e0d7d7c36d">
    <annotation></annotation>
    <name>FailureMessage</name>
    <fieldName>FailureMessage</fieldName>
    <sourceType>RAWRESULT</sourceType>
    <filters/>
  </resultExpression>
  <iconSpec id="26f32f6b-83c1-4a39-98a4-68670dfd3bde">
    <baseIcon>flow.png</baseIcon>
    <basePath>System</basePath>
    <readOnly>false</readOnly>
    <layers/>
  </iconSpec>
  <callouts/>
  <checkPointFlow>true</checkPointFlow>
  <compatibleRuntimeContext>false</compatibleRuntimeContext>
  <historyCheckPointFlow>true</historyCheckPointFlow>
  <steps>
    <step id="f161bd40-887e-401d-8f47-82200a955150">
      <annotation></annotation>
      <name>DB_RemoveSnapshot</name>
      <bounds>
        <x>68.0</x>
        <y>38.0</y>
      </bounds>
      <layer>-1</layer>
      <hideInbound>false</hideInbound>
      <addResultToRunContext>false</addResultToRunContext>
      <isCriticalStep>false</isCriticalStep>
      <isNonBlocking>false</isNonBlocking>
      <isParallelStep>false</isParallelStep>
      <isSingleResponse>false</isSingleResponse>
      <recordInHistory>false</recordInHistory>
      <recordRawOutput>true</recordRawOutput>
      <recordPrimaryOutput>true</recordPrimaryOutput>
      <checkPointStep>true</checkPointStep>
      <historyCheckPointStep>true</historyCheckPointStep>
      <scriptResultStep>false</scriptResultStep>
      <userPrompt></userPrompt>
      <bindings>
        <staticBinding id="445c5e9b-9fd0-4747-bccb-df67390ede68">
          <annotation></annotation>
          <assignFromContext>true</assignFromContext>
          <assignToContext>true</assignToContext>
          <inputType>STRING</inputType>
          <isList>false</isList>
          <required>false</required>
          <isPersisted>true</isPersisted>
          <inputSymbol>db.removesnapshot.hostname</inputSymbol>
          <listDelimiter>,</listDelimiter>
          <value>${hostname}</value>
          <record>false</record>
        </staticBinding>
      </bindings>
      <transitions>
        <transition id="0a9935aa-8d06-407b-8d6f-ee428f5de212">
          <annotation></annotation>
          <name>success</name>
          <command>NEXT</command>
          <linkMode>false</linkMode>
          <responseSymbol>success</responseSymbol>
          <shouldHandoff>false</shouldHandoff>
          <transitionValue>0.0</transitionValue>
          <destination>
            <refId>72a46a6b-2b03-4236-94dc-1393db5e2c09</refId>
          </destination>
          <source>
            <refId>f161bd40-887e-401d-8f47-82200a955150</refId>
          </source>
          <positions>
            <point>
              <x>125.0</x>
              <y>74.0</y>
            </point>
            <point>
              <x>281.0</x>
              <y>67.0</y>
            </point>
          </positions>
          <labelPosition>
            <x>333.0</x>
            <y>0.0</y>
          </labelPosition>
        </transition>
        <transition id="eeb2862b-f2cf-44db-814b-609e86a3befd">
          <annotation></annotation>
          <name>failure</name>
          <command>NEXT</command>
          <linkMode>false</linkMode>
          <responseSymbol>failure</responseSymbol>
          <shouldHandoff>false</shouldHandoff>
          <transitionValue>0.0</transitionValue>
          <destination>
            <refId>c737f762-7d21-4d37-95f4-c5627935f5a4</refId>
          </destination>
          <source>
            <refId>f161bd40-887e-401d-8f47-82200a955150</refId>
          </source>
          <positions>
            <point>
              <x>125.0</x>
              <y>74.0</y>
            </point>
            <point>
              <x>118.0</x>
              <y>213.0</y>
            </point>
          </positions>
          <labelPosition>
            <x>333.0</x>
            <y>0.0</y>
          </labelPosition>
        </transition>
      </transitions>
      <properties/>
      <opRef>
        <refId>851f1878-8470-4ffe-80fa-3fafb4319711</refId>
      </opRef>
      <assignments/>
      <throttleSize>0</throttleSize>
    </step>
    <returnStep id="72a46a6b-2b03-4236-94dc-1393db5e2c09">
      <annotation></annotation>
      <name>Resolved : success</name>
      <bounds>
        <x>231.0</x>
        <y>33.0</y>
      </bounds>
      <layer>-1</layer>
      <hideInbound>false</hideInbound>
      <addResultToRunContext>false</addResultToRunContext>
      <isCriticalStep>false</isCriticalStep>
      <isNonBlocking>false</isNonBlocking>
      <isParallelStep>false</isParallelStep>
      <isSingleResponse>false</isSingleResponse>
      <recordInHistory>false</recordInHistory>
      <recordRawOutput>true</recordRawOutput>
      <recordPrimaryOutput>true</recordPrimaryOutput>
      <checkPointStep>true</checkPointStep>
      <historyCheckPointStep>true</historyCheckPointStep>
      <scriptResultStep>false</scriptResultStep>
      <userPrompt></userPrompt>
      <bindings/>
      <transitions>
        <transition id="ef2e1561-a406-4e4c-8483-00d4e9c53254">
          <annotation></annotation>
          <name>return</name>
          <command>NEXT</command>
          <linkMode>false</linkMode>
          <responseSymbol>success</responseSymbol>
          <shouldHandoff>false</shouldHandoff>
          <transitionValue>0.0</transitionValue>
          <destination>
            <refId>72a46a6b-2b03-4236-94dc-1393db5e2c09</refId>
          </destination>
          <source>
            <refId>72a46a6b-2b03-4236-94dc-1393db5e2c09</refId>
          </source>
          <positions/>
        </transition>
      </transitions>
      <properties/>
      <returnStepType>RESOLVED</returnStepType>
      <assignments/>
    </returnStep>
    <returnStep id="c737f762-7d21-4d37-95f4-c5627935f5a4">
      <annotation></annotation>
      <name>Error : failure</name>
      <bounds>
        <x>68.0</x>
        <y>179.0</y>
      </bounds>
      <layer>-1</layer>
      <hideInbound>false</hideInbound>
      <addResultToRunContext>false</addResultToRunContext>
      <isCriticalStep>false</isCriticalStep>
      <isNonBlocking>false</isNonBlocking>
      <isParallelStep>false</isParallelStep>
      <isSingleResponse>false</isSingleResponse>
      <recordInHistory>false</recordInHistory>
      <recordRawOutput>true</recordRawOutput>
      <recordPrimaryOutput>true</recordPrimaryOutput>
      <checkPointStep>true</checkPointStep>
      <historyCheckPointStep>true</historyCheckPointStep>
      <scriptResultStep>false</scriptResultStep>
      <userPrompt></userPrompt>
      <bindings/>
      <transitions>
        <transition id="339696b9-f394-48f6-8c85-b9edb35eafed">
          <annotation></annotation>
          <name>return</name>
          <command>NEXT</command>
          <linkMode>false</linkMode>
          <responseSymbol>failure</responseSymbol>
          <shouldHandoff>false</shouldHandoff>
          <transitionValue>0.0</transitionValue>
          <destination>
            <refId>c737f762-7d21-4d37-95f4-c5627935f5a4</refId>
          </destination>
          <source>
            <refId>c737f762-7d21-4d37-95f4-c5627935f5a4</refId>
          </source>
          <positions/>
        </transition>
      </transitions>
      <properties/>
      <returnStepType>ERROR</returnStepType>
      <assignments/>
    </returnStep>
  </steps>
  <startSteps>f161bd40-887e-401d-8f47-82200a955150</startSteps>
</flow>