<?xml version="1.0" encoding="UTF-8"?>
<operation id="851053da-e750-4962-a942-2ed9a3fcc2f0">
  <annotation>851053da-e750-4962-a942-2ed9a3fcc2f0.description</annotation>
  <name>Get Values</name>
  <categories/>
  <inputs>
    <staticBinding id="46945f09-ef99-479b-827c-43f25a8e860f">
      <annotation></annotation>
      <assignFromContext>true</assignFromContext>
      <assignToContext>true</assignToContext>
      <inputType>STRING</inputType>
      <isList>false</isList>
      <required>false</required>
      <isPersisted>true</isPersisted>
      <inputSymbol>field1</inputSymbol>
      <listDelimiter>,</listDelimiter>
      <value></value>
      <record>false</record>
    </staticBinding>
    <staticBinding id="88d20135-2d08-49ae-95fa-4ecfc7f320a0">
      <annotation></annotation>
      <assignFromContext>true</assignFromContext>
      <assignToContext>true</assignToContext>
      <inputType>STRING</inputType>
      <isList>false</isList>
      <required>false</required>
      <isPersisted>true</isPersisted>
      <inputSymbol>field2</inputSymbol>
      <listDelimiter>,</listDelimiter>
      <value></value>
      <record>false</record>
    </staticBinding>
    <staticBinding id="89707adf-3ceb-4014-a18f-b5223f48ea11">
      <annotation></annotation>
      <assignFromContext>true</assignFromContext>
      <assignToContext>true</assignToContext>
      <inputType>STRING</inputType>
      <isList>false</isList>
      <required>false</required>
      <isPersisted>true</isPersisted>
      <inputSymbol>field3</inputSymbol>
      <listDelimiter>,</listDelimiter>
      <value></value>
      <record>false</record>
    </staticBinding>
    <staticBinding id="1c11998d-c0c5-42b8-8043-a903898f397f">
      <annotation></annotation>
      <assignFromContext>true</assignFromContext>
      <assignToContext>true</assignToContext>
      <inputType>STRING</inputType>
      <isList>false</isList>
      <required>false</required>
      <isPersisted>true</isPersisted>
      <inputSymbol>field4</inputSymbol>
      <listDelimiter>,</listDelimiter>
      <value></value>
      <record>false</record>
    </staticBinding>
    <staticBinding id="122835fd-b66f-43d7-ba82-ee2f940e6bf2">
      <annotation></annotation>
      <toContextKey></toContextKey>
      <fromContextKey></fromContextKey>
      <assignFromContext>false</assignFromContext>
      <assignToContext>false</assignToContext>
      <inputType>STRING</inputType>
      <recordKey></recordKey>
      <isList>false</isList>
      <required>false</required>
      <isPersisted>true</isPersisted>
      <inputSymbol>Field_1</inputSymbol>
      <listDelimiter></listDelimiter>
      <value>${field1}</value>
      <record>false</record>
    </staticBinding>
    <staticBinding id="f6bd2b29-9236-4fb8-97e0-fcdf25c9c250">
      <annotation></annotation>
      <toContextKey></toContextKey>
      <fromContextKey></fromContextKey>
      <assignFromContext>false</assignFromContext>
      <assignToContext>false</assignToContext>
      <inputType>STRING</inputType>
      <recordKey></recordKey>
      <isList>false</isList>
      <required>false</required>
      <isPersisted>true</isPersisted>
      <inputSymbol>Field_2</inputSymbol>
      <listDelimiter></listDelimiter>
      <value>${field2}</value>
      <record>false</record>
    </staticBinding>
    <staticBinding id="991ed220-2b71-4c6a-b167-95fd7e6803aa">
      <annotation></annotation>
      <toContextKey></toContextKey>
      <fromContextKey></fromContextKey>
      <assignFromContext>false</assignFromContext>
      <assignToContext>false</assignToContext>
      <inputType>STRING</inputType>
      <recordKey></recordKey>
      <isList>false</isList>
      <required>false</required>
      <isPersisted>true</isPersisted>
      <inputSymbol>Field_3</inputSymbol>
      <listDelimiter></listDelimiter>
      <value>${field3}</value>
      <record>false</record>
    </staticBinding>
    <staticBinding id="14be936a-0db2-471e-bb71-18d7e0cc8912">
      <annotation></annotation>
      <toContextKey></toContextKey>
      <fromContextKey></fromContextKey>
      <assignFromContext>false</assignFromContext>
      <assignToContext>false</assignToContext>
      <inputType>STRING</inputType>
      <recordKey></recordKey>
      <isList>false</isList>
      <required>false</required>
      <isPersisted>true</isPersisted>
      <inputSymbol>Field_4</inputSymbol>
      <listDelimiter></listDelimiter>
      <value>${field4}</value>
      <record>false</record>
    </staticBinding>
  </inputs>
  <scriptlet id="18124bbb-fef9-4f19-88d4-36db8c0794eb">
    <annotation></annotation>
    <name>Operation Get Values (851053da-e750-4962-a942-2ed9a3fcc2f0)</name>
    <type>RHINO</type>
  </scriptlet>
  <possibleResponses>
    <opResponse id="b019b736-7ae1-483d-b2cb-d8d4931e6013">
      <annotation></annotation>
      <name>success</name>
      <isDefault>true</isDefault>
      <onFailure>false</onFailure>
      <type>RESOLVED</type>
      <matchRules/>
    </opResponse>
  </possibleResponses>
  <availableResultExpressions/>
  <resultExpression id="5872a6fd-52ce-41e3-acf5-98e07e248ea2">
    <annotation></annotation>
    <name></name>
    <fieldName>Field_1</fieldName>
    <sourceType>RAWRESULT</sourceType>
    <filters/>
  </resultExpression>
  <iconSpec id="3251a900-5750-4287-94b4-ebe2502bfd14">
    <baseIcon>display_report.png</baseIcon>
    <basePath>Utilities/</basePath>
    <readOnly>false</readOnly>
    <layers/>
  </iconSpec>
  <opRef>
    <refId>ddd79f22-8b1e-4605-88d5-d912bb2da2b9</refId>
  </opRef>
  <fieldValues/>
  <groupAliasRef>
    <refId>5233030c-af46-432b-a682-b326ca6bf2ae</refId>
    <refName>RAS_Operator_Path</refName>
  </groupAliasRef>
</operation>