<?xml version="1.0" encoding="UTF-8"?>
<flow id="a88f1cf0-b57f-4a25-b603-58292b68f72e">
  <annotation>a88f1cf0-b57f-4a25-b603-58292b68f72e.description</annotation>
  <name>VM_serverRestart</name>
  <categories/>
  <inputs>
    <userInputBinding id="d618623f-5a68-489a-a635-a8a7e3541673">
      <annotation></annotation>
      <assignFromContext>true</assignFromContext>
      <assignToContext>false</assignToContext>
      <inputType>STRING</inputType>
      <isList>false</isList>
      <required>false</required>
      <isPersisted>true</isPersisted>
      <inputSymbol>vmmp.host</inputSymbol>
      <listDelimiter>,</listDelimiter>
      <record>false</record>
      <prompt></prompt>
      <isMultiSelect>false</isMultiSelect>
      <sourceDelimiter>|</sourceDelimiter>
    </userInputBinding>
    <userInputBinding id="d1176d5c-db87-4407-ac2b-eea1ff2a7d6d">
      <annotation></annotation>
      <assignFromContext>true</assignFromContext>
      <assignToContext>false</assignToContext>
      <inputType>STRING</inputType>
      <isList>false</isList>
      <required>true</required>
      <isPersisted>true</isPersisted>
      <inputSymbol>server.resourcepool</inputSymbol>
      <listDelimiter>,</listDelimiter>
      <record>false</record>
      <prompt></prompt>
      <isMultiSelect>false</isMultiSelect>
      <sourceDelimiter>|</sourceDelimiter>
    </userInputBinding>
    <userInputBinding id="92454538-bd41-4d72-bdb2-72c9f497ab0c">
      <annotation></annotation>
      <assignFromContext>true</assignFromContext>
      <assignToContext>true</assignToContext>
      <inputType>STRING</inputType>
      <isList>false</isList>
      <required>true</required>
      <isPersisted>true</isPersisted>
      <inputSymbol>vmName</inputSymbol>
      <listDelimiter>,</listDelimiter>
      <record>false</record>
      <prompt></prompt>
      <isMultiSelect>false</isMultiSelect>
      <sourceDelimiter>|</sourceDelimiter>
    </userInputBinding>
    <userInputBinding id="bae19dfc-fbd4-4b0d-9b5c-166bc96613a9">
      <annotation></annotation>
      <assignFromContext>true</assignFromContext>
      <assignToContext>true</assignToContext>
      <inputType>STRING</inputType>
      <isList>false</isList>
      <required>false</required>
      <isPersisted>true</isPersisted>
      <inputSymbol>server.hostname</inputSymbol>
      <listDelimiter>,</listDelimiter>
      <record>false</record>
      <prompt></prompt>
      <isMultiSelect>false</isMultiSelect>
      <sourceDelimiter>|</sourceDelimiter>
    </userInputBinding>
  </inputs>
  <scriptlet id="254a2d64-bb5f-451c-96b9-b8d74d8a927c">
    <annotation></annotation>
    <name>Operation VM_serverRestart (a88f1cf0-b57f-4a25-b603-58292b68f72e)</name>
    <type>RHINO</type>
  </scriptlet>
  <possibleResponses>
    <opResponse id="834a97bd-2e8d-442b-bf4f-b3218f900e5f">
      <annotation></annotation>
      <name>failure</name>
      <isDefault>false</isDefault>
      <onFailure>true</onFailure>
      <type>ERROR</type>
      <matchRules/>
    </opResponse>
    <opResponse id="011265a9-0b47-4daa-98d1-675d78463397">
      <annotation></annotation>
      <name>success</name>
      <isDefault>true</isDefault>
      <onFailure>false</onFailure>
      <type>RESOLVED</type>
      <matchRules/>
    </opResponse>
  </possibleResponses>
  <availableResultExpressions/>
  <resultExpression id="c4e81fdf-a1b1-4245-aaa0-c76881bdc981">
    <annotation></annotation>
    <name>FailureMessage</name>
    <fieldName>FailureMessage</fieldName>
    <sourceType>RAWRESULT</sourceType>
    <filters/>
  </resultExpression>
  <iconSpec id="81373be6-9dbd-4b3b-b14f-5f6ecc45bcba">
    <baseIcon>flow.png</baseIcon>
    <basePath>System</basePath>
    <readOnly>false</readOnly>
    <layers/>
  </iconSpec>
  <callouts/>
  <checkPointFlow>true</checkPointFlow>
  <compatibleRuntimeContext>false</compatibleRuntimeContext>
  <historyCheckPointFlow>true</historyCheckPointFlow>
  <steps>
    <step id="a4142740-235c-413b-849a-846d0c9f793c">
      <annotation></annotation>
      <name>DB_GetVMMPByResourcePool</name>
      <bounds>
        <x>149.0</x>
        <y>188.0</y>
      </bounds>
      <layer>-1</layer>
      <hideInbound>false</hideInbound>
      <iconSpec id="fd9b6b34-787a-4773-acd8-62f2ff032007">
        <baseIcon>flow.png</baseIcon>
        <basePath>System</basePath>
        <readOnly>false</readOnly>
        <layers/>
      </iconSpec>
      <addResultToRunContext>false</addResultToRunContext>
      <isCriticalStep>false</isCriticalStep>
      <isNonBlocking>false</isNonBlocking>
      <isParallelStep>false</isParallelStep>
      <isSingleResponse>false</isSingleResponse>
      <recordInHistory>false</recordInHistory>
      <recordRawOutput>true</recordRawOutput>
      <recordPrimaryOutput>true</recordPrimaryOutput>
      <checkPointStep>true</checkPointStep>
      <historyCheckPointStep>true</historyCheckPointStep>
      <scriptResultStep>false</scriptResultStep>
      <userPrompt></userPrompt>
      <bindings>
        <userInputBinding id="e7de1874-56a3-4a1a-b90b-3b80f6e23db7">
          <annotation></annotation>
          <fromContextKey>server.resourcepool</fromContextKey>
          <assignFromContext>true</assignFromContext>
          <assignToContext>false</assignToContext>
          <inputType>STRING</inputType>
          <isList>false</isList>
          <required>true</required>
          <isPersisted>true</isPersisted>
          <inputSymbol>db.vmmp.resourcepool</inputSymbol>
          <listDelimiter>,</listDelimiter>
          <record>false</record>
          <prompt></prompt>
          <isMultiSelect>false</isMultiSelect>
          <sourceDelimiter>|</sourceDelimiter>
        </userInputBinding>
      </bindings>
      <transitions>
        <transition id="8b92ac48-56f6-494c-bb82-922f54b793f4">
          <annotation></annotation>
          <name>success</name>
          <command>NEXT</command>
          <linkMode>false</linkMode>
          <responseSymbol>success</responseSymbol>
          <shouldHandoff>false</shouldHandoff>
          <transitionValue>0.0</transitionValue>
          <destination>
            <refId>9be35a16-dde3-4fb5-ae40-13b0555d7a60</refId>
          </destination>
          <source>
            <refId>a4142740-235c-413b-849a-846d0c9f793c</refId>
          </source>
          <positions>
            <point>
              <x>193.0</x>
              <y>231.0</y>
            </point>
            <point>
              <x>435.0</x>
              <y>226.0</y>
            </point>
          </positions>
          <labelPosition>
            <x>333.0</x>
            <y>0.0</y>
          </labelPosition>
        </transition>
        <transition id="01f4c402-0937-4f3e-9556-783a77b32160">
          <annotation></annotation>
          <name>failure</name>
          <command>NEXT</command>
          <linkMode>false</linkMode>
          <responseSymbol>failure</responseSymbol>
          <shouldHandoff>false</shouldHandoff>
          <transitionValue>0.0</transitionValue>
          <destination>
            <refId>a5e80dfc-99b5-4b0f-ae11-3e95f4b54df1</refId>
          </destination>
          <source>
            <refId>a4142740-235c-413b-849a-846d0c9f793c</refId>
          </source>
          <positions>
            <point>
              <x>193.0</x>
              <y>231.0</y>
            </point>
            <point>
              <x>282.0</x>
              <y>442.0</y>
            </point>
          </positions>
          <labelPosition>
            <x>333.0</x>
            <y>0.0</y>
          </labelPosition>
        </transition>
      </transitions>
      <properties/>
      <opRef>
        <refId>2d28b788-0a50-41e3-bdbc-f2378110a213</refId>
      </opRef>
      <assignments>
        <flowVariableAssignment id="8059059f-780c-4cd8-9050-4add867f8044">
          <annotation></annotation>
          <name>assignment</name>
          <action>OVERWRITE</action>
          <assignmentTargetType>FLOW_VARIABLE</assignmentTargetType>
          <contextKey>vmmp.type</contextKey>
          <expression id="6bed4fd4-e76c-4eba-913f-5f1b3aeba939">
            <annotation></annotation>
            <name>Result: vmmp.type</name>
            <fieldName>vmmp.type</fieldName>
            <sourceType>AVAILABLE_RESULT</sourceType>
            <filters/>
          </expression>
        </flowVariableAssignment>
      </assignments>
      <throttleSize>0</throttleSize>
    </step>
    <returnStep id="47d9b1fe-0e84-4969-8b1a-470b4cb4ff43">
      <annotation></annotation>
      <name>Error : failure</name>
      <bounds>
        <x>940.0</x>
        <y>272.0</y>
      </bounds>
      <layer>-1</layer>
      <hideInbound>false</hideInbound>
      <addResultToRunContext>false</addResultToRunContext>
      <isCriticalStep>false</isCriticalStep>
      <isNonBlocking>false</isNonBlocking>
      <isParallelStep>false</isParallelStep>
      <isSingleResponse>false</isSingleResponse>
      <recordInHistory>false</recordInHistory>
      <recordRawOutput>true</recordRawOutput>
      <recordPrimaryOutput>true</recordPrimaryOutput>
      <checkPointStep>true</checkPointStep>
      <historyCheckPointStep>true</historyCheckPointStep>
      <scriptResultStep>false</scriptResultStep>
      <userPrompt></userPrompt>
      <bindings/>
      <transitions>
        <transition id="33b761fa-0d99-4b61-8b92-a9033b0e3c30">
          <annotation></annotation>
          <name>return</name>
          <command>NEXT</command>
          <linkMode>false</linkMode>
          <responseSymbol>failure</responseSymbol>
          <shouldHandoff>false</shouldHandoff>
          <transitionValue>0.0</transitionValue>
          <destination>
            <refId>47d9b1fe-0e84-4969-8b1a-470b4cb4ff43</refId>
          </destination>
          <source>
            <refId>47d9b1fe-0e84-4969-8b1a-470b4cb4ff43</refId>
          </source>
          <positions/>
        </transition>
      </transitions>
      <properties/>
      <returnStepType>ERROR</returnStepType>
      <assignments/>
    </returnStep>
    <returnStep id="a5e80dfc-99b5-4b0f-ae11-3e95f4b54df1">
      <annotation></annotation>
      <name>Error : failure</name>
      <bounds>
        <x>273.0</x>
        <y>407.0</y>
      </bounds>
      <layer>-1</layer>
      <hideInbound>false</hideInbound>
      <addResultToRunContext>false</addResultToRunContext>
      <isCriticalStep>false</isCriticalStep>
      <isNonBlocking>false</isNonBlocking>
      <isParallelStep>false</isParallelStep>
      <isSingleResponse>false</isSingleResponse>
      <recordInHistory>false</recordInHistory>
      <recordRawOutput>true</recordRawOutput>
      <recordPrimaryOutput>true</recordPrimaryOutput>
      <checkPointStep>true</checkPointStep>
      <historyCheckPointStep>true</historyCheckPointStep>
      <scriptResultStep>false</scriptResultStep>
      <userPrompt></userPrompt>
      <bindings/>
      <transitions>
        <transition id="b522c5f4-fd26-4c45-934b-ef6285694f98">
          <annotation></annotation>
          <name>return</name>
          <command>NEXT</command>
          <linkMode>false</linkMode>
          <responseSymbol>failure</responseSymbol>
          <shouldHandoff>false</shouldHandoff>
          <transitionValue>0.0</transitionValue>
          <destination>
            <refId>a5e80dfc-99b5-4b0f-ae11-3e95f4b54df1</refId>
          </destination>
          <source>
            <refId>a5e80dfc-99b5-4b0f-ae11-3e95f4b54df1</refId>
          </source>
          <positions/>
        </transition>
      </transitions>
      <properties/>
      <returnStepType>ERROR</returnStepType>
      <assignments/>
    </returnStep>
    <step id="8dfcc233-460d-48c2-b6ad-85a14632e0a6">
      <annotation></annotation>
      <name>VCenter_GraceFullShutdown</name>
      <bounds>
        <x>596.0</x>
        <y>72.0</y>
      </bounds>
      <layer>-1</layer>
      <hideInbound>false</hideInbound>
      <addResultToRunContext>false</addResultToRunContext>
      <isCriticalStep>false</isCriticalStep>
      <isNonBlocking>false</isNonBlocking>
      <isParallelStep>false</isParallelStep>
      <isSingleResponse>false</isSingleResponse>
      <recordInHistory>false</recordInHistory>
      <recordRawOutput>true</recordRawOutput>
      <recordPrimaryOutput>true</recordPrimaryOutput>
      <checkPointStep>true</checkPointStep>
      <historyCheckPointStep>true</historyCheckPointStep>
      <scriptResultStep>false</scriptResultStep>
      <userPrompt></userPrompt>
      <bindings>
        <staticBinding id="caa4afce-b5c3-4830-b631-367d1842de76">
          <annotation></annotation>
          <fromContextKey>vmmp.host</fromContextKey>
          <assignFromContext>true</assignFromContext>
          <assignToContext>true</assignToContext>
          <inputType>STRING</inputType>
          <isList>false</isList>
          <required>true</required>
          <isPersisted>true</isPersisted>
          <inputSymbol>host</inputSymbol>
          <listDelimiter>,</listDelimiter>
          <value></value>
          <record>false</record>
        </staticBinding>
        <identityBinding id="7484326f-6e9e-4dc0-8bce-9b16d69c78b6">
          <annotation></annotation>
          <assignFromContext>false</assignFromContext>
          <assignToContext>false</assignToContext>
          <inputType>ENCRYPTED</inputType>
          <isList>false</isList>
          <required>true</required>
          <isPersisted>true</isPersisted>
          <inputSymbol>user</inputSymbol>
          <listDelimiter>,</listDelimiter>
          <record>false</record>
          <link>
            <refId>175fb5fb-15e2-4aa9-a31b-3907e8c9cdcf</refId>
            <refName>pc.vcenter</refName>
          </link>
          <identityAttribute>USERNAME</identityAttribute>
        </identityBinding>
        <identityBinding id="92cd3b48-cf4e-4b0e-adaa-a5a68b8da397">
          <annotation></annotation>
          <assignFromContext>false</assignFromContext>
          <assignToContext>false</assignToContext>
          <inputType>ENCRYPTED</inputType>
          <isList>false</isList>
          <required>true</required>
          <isPersisted>true</isPersisted>
          <inputSymbol>password</inputSymbol>
          <listDelimiter>,</listDelimiter>
          <record>false</record>
          <link>
            <refId>175fb5fb-15e2-4aa9-a31b-3907e8c9cdcf</refId>
            <refName>pc.vcenter</refName>
          </link>
          <identityAttribute>PASSWORD</identityAttribute>
        </identityBinding>
        <staticBinding id="092e461e-a986-4e38-b3bc-e16e6320edab">
          <annotation></annotation>
          <fromContextKey>pc.vcenter.port</fromContextKey>
          <assignFromContext>true</assignFromContext>
          <assignToContext>false</assignToContext>
          <inputType>STRING</inputType>
          <isList>false</isList>
          <required>true</required>
          <isPersisted>true</isPersisted>
          <inputSymbol>port</inputSymbol>
          <listDelimiter>,</listDelimiter>
          <value>443</value>
          <record>false</record>
        </staticBinding>
        <staticBinding id="bd7fc1a7-4d7b-4c1f-a54e-27f9fe860e5d">
          <annotation></annotation>
          <fromContextKey>pc.vcenter.protocol</fromContextKey>
          <assignFromContext>true</assignFromContext>
          <assignToContext>false</assignToContext>
          <inputType>STRING</inputType>
          <isList>false</isList>
          <required>true</required>
          <isPersisted>true</isPersisted>
          <inputSymbol>protocol</inputSymbol>
          <listDelimiter>,</listDelimiter>
          <value>https</value>
          <record>false</record>
        </staticBinding>
        <staticBinding id="3794277c-a5ea-43ee-a458-afc9654e4cab">
          <annotation></annotation>
          <assignFromContext>false</assignFromContext>
          <assignToContext>false</assignToContext>
          <inputType>STRING</inputType>
          <isList>false</isList>
          <required>true</required>
          <isPersisted>true</isPersisted>
          <inputSymbol>closeSession</inputSymbol>
          <listDelimiter>,</listDelimiter>
          <value>true</value>
          <record>false</record>
        </staticBinding>
        <staticBinding id="c5eb6f0f-3132-4dec-87f7-832106d5d373">
          <annotation></annotation>
          <assignFromContext>false</assignFromContext>
          <assignToContext>false</assignToContext>
          <inputType>STRING</inputType>
          <isList>false</isList>
          <required>true</required>
          <isPersisted>true</isPersisted>
          <inputSymbol>vmIdentifierType</inputSymbol>
          <listDelimiter>,</listDelimiter>
          <value>NAME</value>
          <record>false</record>
        </staticBinding>
        <staticBinding id="369b66da-bd0f-4777-a380-2ef54a499309">
          <annotation></annotation>
          <fromContextKey>vmName</fromContextKey>
          <assignFromContext>true</assignFromContext>
          <assignToContext>false</assignToContext>
          <inputType>STRING</inputType>
          <isList>false</isList>
          <required>true</required>
          <isPersisted>true</isPersisted>
          <inputSymbol>virtualMachine</inputSymbol>
          <listDelimiter>,</listDelimiter>
          <value></value>
          <record>false</record>
        </staticBinding>
      </bindings>
      <transitions>
        <transition id="16766c02-1dcb-4ac8-b8e9-79545cb7dd16">
          <annotation></annotation>
          <name>success</name>
          <command>NEXT</command>
          <linkMode>false</linkMode>
          <responseSymbol>success</responseSymbol>
          <shouldHandoff>false</shouldHandoff>
          <transitionValue>0.0</transitionValue>
          <destination>
            <refId>e192493c-a811-4167-9ee7-e1200aef07c0</refId>
          </destination>
          <source>
            <refId>8dfcc233-460d-48c2-b6ad-85a14632e0a6</refId>
          </source>
          <positions>
            <point>
              <x>598.0</x>
              <y>109.0</y>
            </point>
            <point>
              <x>749.0</x>
              <y>191.0</y>
            </point>
          </positions>
          <labelPosition>
            <x>333.0</x>
            <y>0.0</y>
          </labelPosition>
        </transition>
        <transition id="909dae2f-905e-4142-a229-825c6dee20a4">
          <annotation></annotation>
          <name>failure</name>
          <command>NEXT</command>
          <linkMode>false</linkMode>
          <responseSymbol>failure</responseSymbol>
          <shouldHandoff>false</shouldHandoff>
          <transitionValue>0.0</transitionValue>
          <destination>
            <refId>47d9b1fe-0e84-4969-8b1a-470b4cb4ff43</refId>
          </destination>
          <source>
            <refId>8dfcc233-460d-48c2-b6ad-85a14632e0a6</refId>
          </source>
          <positions>
            <point>
              <x>598.0</x>
              <y>109.0</y>
            </point>
            <point>
              <x>958.0</x>
              <y>306.0</y>
            </point>
          </positions>
          <labelPosition>
            <x>333.0</x>
            <y>0.0</y>
          </labelPosition>
        </transition>
      </transitions>
      <properties/>
      <opRef>
        <refId>1d3ed6c9-a735-454c-ad04-08f02718781e</refId>
      </opRef>
      <assignments/>
      <throttleSize>0</throttleSize>
    </step>
    <step id="3dd9b620-b281-4eca-9920-7ce564c92a93">
      <annotation></annotation>
      <name>SCVMM_restartVM</name>
      <bounds>
        <x>596.0</x>
        <y>376.0</y>
      </bounds>
      <layer>-1</layer>
      <hideInbound>false</hideInbound>
      <addResultToRunContext>false</addResultToRunContext>
      <isCriticalStep>false</isCriticalStep>
      <isNonBlocking>false</isNonBlocking>
      <isParallelStep>false</isParallelStep>
      <isSingleResponse>false</isSingleResponse>
      <recordInHistory>false</recordInHistory>
      <recordRawOutput>true</recordRawOutput>
      <recordPrimaryOutput>true</recordPrimaryOutput>
      <checkPointStep>true</checkPointStep>
      <historyCheckPointStep>true</historyCheckPointStep>
      <scriptResultStep>false</scriptResultStep>
      <userPrompt></userPrompt>
      <bindings>
        <userInputBinding id="6d3b4f70-e95c-48eb-bd70-6b10d1f9499f">
          <annotation></annotation>
          <assignFromContext>true</assignFromContext>
          <assignToContext>false</assignToContext>
          <inputType>STRING</inputType>
          <isList>false</isList>
          <required>false</required>
          <isPersisted>true</isPersisted>
          <inputSymbol>vmName</inputSymbol>
          <listDelimiter>,</listDelimiter>
          <record>false</record>
          <prompt></prompt>
          <isMultiSelect>false</isMultiSelect>
          <sourceDelimiter>|</sourceDelimiter>
        </userInputBinding>
        <staticBinding id="8c08d926-d810-4e2d-ba6f-f97e7303f87f">
          <annotation></annotation>
          <fromContextKey>vmmp.host</fromContextKey>
          <assignFromContext>true</assignFromContext>
          <assignToContext>false</assignToContext>
          <inputType>STRING</inputType>
          <isList>false</isList>
          <required>true</required>
          <isPersisted>true</isPersisted>
          <inputSymbol>host</inputSymbol>
          <listDelimiter>,</listDelimiter>
          <value></value>
          <record>false</record>
        </staticBinding>
      </bindings>
      <transitions>
        <transition id="284aee55-e8cc-4bc0-93b5-6c1067ede4e6">
          <annotation></annotation>
          <name>success</name>
          <command>NEXT</command>
          <linkMode>false</linkMode>
          <responseSymbol>success</responseSymbol>
          <shouldHandoff>false</shouldHandoff>
          <transitionValue>0.0</transitionValue>
          <destination>
            <refId>e46e362d-4ef3-4639-8fbe-a7b94e80e297</refId>
          </destination>
          <source>
            <refId>3dd9b620-b281-4eca-9920-7ce564c92a93</refId>
          </source>
          <positions>
            <point>
              <x>717.0</x>
              <y>410.0</y>
            </point>
            <point>
              <x>1132.0</x>
              <y>302.0</y>
            </point>
          </positions>
          <labelPosition>
            <x>333.0</x>
            <y>0.0</y>
          </labelPosition>
        </transition>
        <transition id="01489093-fa51-4744-abc0-17925b1e0b80">
          <annotation></annotation>
          <name>failure</name>
          <command>NEXT</command>
          <linkMode>false</linkMode>
          <responseSymbol>failure</responseSymbol>
          <shouldHandoff>false</shouldHandoff>
          <transitionValue>0.0</transitionValue>
          <destination>
            <refId>47d9b1fe-0e84-4969-8b1a-470b4cb4ff43</refId>
          </destination>
          <source>
            <refId>3dd9b620-b281-4eca-9920-7ce564c92a93</refId>
          </source>
          <positions>
            <point>
              <x>717.0</x>
              <y>410.0</y>
            </point>
            <point>
              <x>958.0</x>
              <y>306.0</y>
            </point>
          </positions>
          <labelPosition>
            <x>333.0</x>
            <y>0.0</y>
          </labelPosition>
        </transition>
      </transitions>
      <properties/>
      <opRef>
        <refId>87ecf4fe-9549-410c-b364-a561cfc32ae4</refId>
      </opRef>
      <assignments/>
      <throttleSize>0</throttleSize>
    </step>
    <step id="e192493c-a811-4167-9ee7-e1200aef07c0">
      <annotation>a88f1cf0-b57f-4a25-b603-58292b68f72e.e192493c-a811-4167-9ee7-e1200aef07c0.description</annotation>
      <name>Set Power State</name>
      <bounds>
        <x>819.0</x>
        <y>72.0</y>
      </bounds>
      <layer>-1</layer>
      <hideInbound>false</hideInbound>
      <addResultToRunContext>false</addResultToRunContext>
      <isCriticalStep>false</isCriticalStep>
      <isNonBlocking>false</isNonBlocking>
      <isParallelStep>false</isParallelStep>
      <isSingleResponse>false</isSingleResponse>
      <recordInHistory>false</recordInHistory>
      <recordRawOutput>true</recordRawOutput>
      <recordPrimaryOutput>true</recordPrimaryOutput>
      <checkPointStep>true</checkPointStep>
      <historyCheckPointStep>true</historyCheckPointStep>
      <scriptResultStep>false</scriptResultStep>
      <userPrompt></userPrompt>
      <bindings>
        <staticBinding id="e0497f21-12cd-4dc5-8df9-15c3827e07bb">
          <annotation></annotation>
          <toContextKey></toContextKey>
          <assignFromContext>true</assignFromContext>
          <assignToContext>false</assignToContext>
          <inputType>STRING</inputType>
          <isList>false</isList>
          <required>true</required>
          <isPersisted>true</isPersisted>
          <inputSymbol>host</inputSymbol>
          <listDelimiter>,</listDelimiter>
          <value></value>
          <record>false</record>
        </staticBinding>
        <identityBinding id="ba5708b3-6f4b-48ff-85b2-92dfa1948d8d">
          <annotation></annotation>
          <toContextKey></toContextKey>
          <fromContextKey></fromContextKey>
          <assignFromContext>false</assignFromContext>
          <assignToContext>false</assignToContext>
          <inputType>ENCRYPTED</inputType>
          <isList>false</isList>
          <required>false</required>
          <isPersisted>true</isPersisted>
          <inputSymbol>user</inputSymbol>
          <listDelimiter>,</listDelimiter>
          <record>false</record>
          <link>
            <refId>175fb5fb-15e2-4aa9-a31b-3907e8c9cdcf</refId>
            <refName>pc.vcenter</refName>
          </link>
          <identityAttribute>USERNAME</identityAttribute>
        </identityBinding>
        <identityBinding id="e821a789-f6dc-49e8-a7ff-21cf95ef484b">
          <annotation></annotation>
          <toContextKey></toContextKey>
          <fromContextKey></fromContextKey>
          <assignFromContext>false</assignFromContext>
          <assignToContext>false</assignToContext>
          <inputType>ENCRYPTED</inputType>
          <recordKey></recordKey>
          <isList>false</isList>
          <required>true</required>
          <isPersisted>false</isPersisted>
          <inputSymbol>password</inputSymbol>
          <listDelimiter>,</listDelimiter>
          <record>false</record>
          <link>
            <refId>175fb5fb-15e2-4aa9-a31b-3907e8c9cdcf</refId>
            <refName>pc.vcenter</refName>
          </link>
          <identityAttribute>PASSWORD</identityAttribute>
        </identityBinding>
        <staticBinding id="54718dfe-3066-4a01-a691-df9ce5a57d2e">
          <annotation></annotation>
          <toContextKey></toContextKey>
          <fromContextKey>pc.vcenter.port</fromContextKey>
          <assignFromContext>true</assignFromContext>
          <assignToContext>true</assignToContext>
          <inputType>STRING</inputType>
          <isList>false</isList>
          <required>true</required>
          <isPersisted>true</isPersisted>
          <inputSymbol>port</inputSymbol>
          <listDelimiter>,</listDelimiter>
          <value>443</value>
          <record>false</record>
        </staticBinding>
        <staticBinding id="01f1cf22-1b33-46c5-bc41-97c43627e642">
          <annotation></annotation>
          <toContextKey></toContextKey>
          <fromContextKey>pc.vcenter.protocol</fromContextKey>
          <assignFromContext>true</assignFromContext>
          <assignToContext>true</assignToContext>
          <inputType>STRING</inputType>
          <isList>false</isList>
          <required>true</required>
          <isPersisted>true</isPersisted>
          <inputSymbol>protocol</inputSymbol>
          <listDelimiter>,</listDelimiter>
          <value>https</value>
          <record>false</record>
        </staticBinding>
        <staticBinding id="0a138f7f-e68c-4dc8-b063-ed67f2d2ad83">
          <annotation></annotation>
          <fromContextKey>pc.vcenter.closeSession</fromContextKey>
          <assignFromContext>true</assignFromContext>
          <assignToContext>true</assignToContext>
          <inputType>STRING</inputType>
          <isList>false</isList>
          <required>true</required>
          <isPersisted>true</isPersisted>
          <inputSymbol>closeSession</inputSymbol>
          <listDelimiter>,</listDelimiter>
          <value>true</value>
          <record>false</record>
        </staticBinding>
        <staticBinding id="48be1add-0d96-4d50-a0f7-0db27a33fd6c">
          <annotation></annotation>
          <toContextKey></toContextKey>
          <fromContextKey>pc.vcenter.async</fromContextKey>
          <assignFromContext>true</assignFromContext>
          <assignToContext>true</assignToContext>
          <inputType>STRING</inputType>
          <isList>false</isList>
          <required>true</required>
          <isPersisted>true</isPersisted>
          <inputSymbol>async</inputSymbol>
          <listDelimiter>,</listDelimiter>
          <value>false</value>
          <record>false</record>
        </staticBinding>
        <staticBinding id="318f330a-7ac1-4029-9cdc-95df56e9807f">
          <annotation></annotation>
          <toContextKey></toContextKey>
          <fromContextKey>pc.vcenter.taskTimeOut</fromContextKey>
          <assignFromContext>true</assignFromContext>
          <assignToContext>true</assignToContext>
          <inputType>STRING</inputType>
          <isList>false</isList>
          <required>false</required>
          <isPersisted>true</isPersisted>
          <inputSymbol>taskTimeOut</inputSymbol>
          <listDelimiter>,</listDelimiter>
          <value>48000</value>
          <record>false</record>
        </staticBinding>
        <staticBinding id="d167d911-1dc8-4e5c-9961-a68d885ab8e7">
          <annotation></annotation>
          <toContextKey></toContextKey>
          <fromContextKey>pc.vcenter.vmIdentifierType</fromContextKey>
          <assignFromContext>true</assignFromContext>
          <assignToContext>true</assignToContext>
          <inputType>STRING</inputType>
          <isList>false</isList>
          <required>true</required>
          <isPersisted>true</isPersisted>
          <inputSymbol>vmIdentifierType</inputSymbol>
          <listDelimiter>,</listDelimiter>
          <value>NAME</value>
          <record>false</record>
        </staticBinding>
        <staticBinding id="dec9a9ee-91e4-47bf-846b-42d104c4c49a">
          <annotation></annotation>
          <toContextKey></toContextKey>
          <fromContextKey>vmName</fromContextKey>
          <assignFromContext>true</assignFromContext>
          <assignToContext>false</assignToContext>
          <inputType>STRING</inputType>
          <isList>false</isList>
          <required>true</required>
          <isPersisted>true</isPersisted>
          <inputSymbol>virtualMachine</inputSymbol>
          <listDelimiter>,</listDelimiter>
          <value>${vmName}</value>
          <record>false</record>
        </staticBinding>
        <userInputBinding id="2e9efa98-a5ee-491e-820f-630960c5673f">
          <annotation></annotation>
          <toContextKey></toContextKey>
          <fromContextKey>pc.vcenter.vmPowerState.on</fromContextKey>
          <assignFromContext>true</assignFromContext>
          <assignToContext>true</assignToContext>
          <inputType>STRING</inputType>
          <isList>false</isList>
          <required>true</required>
          <isPersisted>true</isPersisted>
          <inputSymbol>vmPowerState</inputSymbol>
          <listDelimiter>,</listDelimiter>
          <record>false</record>
          <prompt></prompt>
          <isMultiSelect>false</isMultiSelect>
          <sourceDelimiter>|</sourceDelimiter>
        </userInputBinding>
      </bindings>
      <transitions>
        <transition id="7337ad0b-ce58-4620-9241-8818f8ddcd99">
          <annotation></annotation>
          <name>success</name>
          <command>NEXT</command>
          <linkMode>false</linkMode>
          <responseSymbol>success</responseSymbol>
          <shouldHandoff>false</shouldHandoff>
          <transitionValue>0.0</transitionValue>
          <destination>
            <refId>e46e362d-4ef3-4639-8fbe-a7b94e80e297</refId>
          </destination>
          <source>
            <refId>e192493c-a811-4167-9ee7-e1200aef07c0</refId>
          </source>
          <positions>
            <point>
              <x>749.0</x>
              <y>191.0</y>
            </point>
            <point>
              <x>1132.0</x>
              <y>302.0</y>
            </point>
          </positions>
          <labelPosition>
            <x>333.0</x>
            <y>0.0</y>
          </labelPosition>
        </transition>
        <transition id="f984884b-c108-4c33-8743-211c9989a444">
          <annotation></annotation>
          <name>failure</name>
          <command>NEXT</command>
          <linkMode>false</linkMode>
          <responseSymbol>failure</responseSymbol>
          <shouldHandoff>false</shouldHandoff>
          <transitionValue>0.0</transitionValue>
          <destination>
            <refId>47d9b1fe-0e84-4969-8b1a-470b4cb4ff43</refId>
          </destination>
          <source>
            <refId>e192493c-a811-4167-9ee7-e1200aef07c0</refId>
          </source>
          <positions>
            <point>
              <x>749.0</x>
              <y>191.0</y>
            </point>
            <point>
              <x>958.0</x>
              <y>306.0</y>
            </point>
          </positions>
          <labelPosition>
            <x>333.0</x>
            <y>0.0</y>
          </labelPosition>
        </transition>
        <transition id="e9f5efdf-752d-4583-ae55-e194b7eac3e4">
          <annotation></annotation>
          <name>no action</name>
          <command>NEXT</command>
          <linkMode>false</linkMode>
          <responseSymbol>no action</responseSymbol>
          <shouldHandoff>false</shouldHandoff>
          <transitionValue>0.0</transitionValue>
          <destination>
            <refId>e46e362d-4ef3-4639-8fbe-a7b94e80e297</refId>
          </destination>
          <source>
            <refId>e192493c-a811-4167-9ee7-e1200aef07c0</refId>
          </source>
          <positions>
            <point>
              <x>873.0</x>
              <y>120.29106628242076</y>
            </point>
            <point>
              <x>1080.0</x>
              <y>111.0</y>
            </point>
            <point>
              <x>1140.0</x>
              <y>179.0</y>
            </point>
            <point>
              <x>1214.0</x>
              <y>303.0</y>
            </point>
          </positions>
          <labelPosition>
            <x>333.0</x>
            <y>0.0</y>
          </labelPosition>
        </transition>
      </transitions>
      <properties/>
      <opRef>
        <refId>4168aefd-81bd-4703-a759-5c22ef67e5da</refId>
      </opRef>
      <assignments/>
      <throttleSize>0</throttleSize>
    </step>
    <step id="9be35a16-dde3-4fb5-ae40-13b0555d7a60">
      <annotation></annotation>
      <name>VM Platform Check</name>
      <bounds>
        <x>385.0</x>
        <y>188.0</y>
      </bounds>
      <layer>-1</layer>
      <hideInbound>false</hideInbound>
      <iconSpec id="d0a3ccb6-710d-424e-a813-da23e0c30915">
        <baseIcon>webservice.png</baseIcon>
        <basePath>System</basePath>
        <readOnly>false</readOnly>
        <layers/>
      </iconSpec>
      <addResultToRunContext>false</addResultToRunContext>
      <isCriticalStep>false</isCriticalStep>
      <isNonBlocking>false</isNonBlocking>
      <isParallelStep>false</isParallelStep>
      <isSingleResponse>false</isSingleResponse>
      <recordInHistory>false</recordInHistory>
      <recordRawOutput>true</recordRawOutput>
      <recordPrimaryOutput>true</recordPrimaryOutput>
      <checkPointStep>true</checkPointStep>
      <historyCheckPointStep>true</historyCheckPointStep>
      <scriptResultStep>false</scriptResultStep>
      <userPrompt></userPrompt>
      <bindings>
        <userInputBinding id="2c204786-0658-462a-9856-446d890fd8f3">
          <annotation></annotation>
          <toContextKey>vmmp.type</toContextKey>
          <fromContextKey>vmmp.type</fromContextKey>
          <assignFromContext>true</assignFromContext>
          <assignToContext>true</assignToContext>
          <inputType>STRING</inputType>
          <isList>false</isList>
          <required>false</required>
          <isPersisted>true</isPersisted>
          <inputSymbol>Field_1</inputSymbol>
          <listDelimiter>,</listDelimiter>
          <record>false</record>
          <prompt>a88f1cf0-b57f-4a25-b603-58292b68f72e.2c204786-0658-462a-9856-446d890fd8f3.prompt</prompt>
          <isMultiSelect>false</isMultiSelect>
          <link>
            <refId>7e9736e6-5b21-410e-b799-7dfb88f15624</refId>
            <refName>VM Platforms</refName>
          </link>
          <sourceDelimiter>|</sourceDelimiter>
        </userInputBinding>
      </bindings>
      <transitions>
        <transition id="53625105-ee88-43aa-9bd1-5847cd5a7510">
          <annotation></annotation>
          <name>failure</name>
          <command>NEXT</command>
          <linkMode>false</linkMode>
          <responseSymbol>failure</responseSymbol>
          <shouldHandoff>false</shouldHandoff>
          <transitionValue>0.0</transitionValue>
          <destination>
            <refId>a5e80dfc-99b5-4b0f-ae11-3e95f4b54df1</refId>
          </destination>
          <source>
            <refId>9be35a16-dde3-4fb5-ae40-13b0555d7a60</refId>
          </source>
          <positions>
            <point>
              <x>435.0</x>
              <y>226.0</y>
            </point>
            <point>
              <x>282.0</x>
              <y>442.0</y>
            </point>
          </positions>
          <labelPosition>
            <x>333.0</x>
            <y>0.0</y>
          </labelPosition>
        </transition>
        <transition id="45c6b7f4-dce1-4211-9c8d-e609e9799a22">
          <annotation></annotation>
          <name>SCVMM</name>
          <command>NEXT</command>
          <linkMode>false</linkMode>
          <responseSymbol>SCVMM</responseSymbol>
          <shouldHandoff>false</shouldHandoff>
          <transitionValue>0.0</transitionValue>
          <destination>
            <refId>3dd9b620-b281-4eca-9920-7ce564c92a93</refId>
          </destination>
          <source>
            <refId>9be35a16-dde3-4fb5-ae40-13b0555d7a60</refId>
          </source>
          <positions>
            <point>
              <x>435.0</x>
              <y>226.0</y>
            </point>
            <point>
              <x>717.0</x>
              <y>410.0</y>
            </point>
          </positions>
          <labelPosition>
            <x>333.0</x>
            <y>0.0</y>
          </labelPosition>
        </transition>
        <transition id="486d4354-caf6-40cf-a36c-cfdfdafdfa3d">
          <annotation></annotation>
          <name>vCenter</name>
          <command>NEXT</command>
          <linkMode>false</linkMode>
          <responseSymbol>vCenter</responseSymbol>
          <shouldHandoff>false</shouldHandoff>
          <transitionValue>0.0</transitionValue>
          <destination>
            <refId>8dfcc233-460d-48c2-b6ad-85a14632e0a6</refId>
          </destination>
          <source>
            <refId>9be35a16-dde3-4fb5-ae40-13b0555d7a60</refId>
          </source>
          <positions>
            <point>
              <x>435.0</x>
              <y>226.0</y>
            </point>
            <point>
              <x>598.0</x>
              <y>109.0</y>
            </point>
          </positions>
          <labelPosition>
            <x>333.0</x>
            <y>0.0</y>
          </labelPosition>
        </transition>
      </transitions>
      <properties/>
      <opRef>
        <refId>a929fb84-1648-4552-bd7e-b664ebc353de</refId>
      </opRef>
      <assignments/>
      <throttleSize>0</throttleSize>
    </step>
    <returnStep id="e46e362d-4ef3-4639-8fbe-a7b94e80e297">
      <annotation></annotation>
      <name>Resolved : success</name>
      <bounds>
        <x>1164.0</x>
        <y>253.0</y>
      </bounds>
      <layer>-1</layer>
      <hideInbound>false</hideInbound>
      <addResultToRunContext>false</addResultToRunContext>
      <isCriticalStep>false</isCriticalStep>
      <isNonBlocking>false</isNonBlocking>
      <isParallelStep>false</isParallelStep>
      <isSingleResponse>false</isSingleResponse>
      <recordInHistory>false</recordInHistory>
      <recordRawOutput>true</recordRawOutput>
      <recordPrimaryOutput>true</recordPrimaryOutput>
      <checkPointStep>true</checkPointStep>
      <historyCheckPointStep>true</historyCheckPointStep>
      <scriptResultStep>false</scriptResultStep>
      <userPrompt></userPrompt>
      <bindings/>
      <transitions>
        <transition id="72660038-d2af-447a-91c6-01fd5f362825">
          <annotation></annotation>
          <name>return</name>
          <command>NEXT</command>
          <linkMode>false</linkMode>
          <responseSymbol>success</responseSymbol>
          <shouldHandoff>false</shouldHandoff>
          <transitionValue>0.0</transitionValue>
          <destination>
            <refId>e46e362d-4ef3-4639-8fbe-a7b94e80e297</refId>
          </destination>
          <source>
            <refId>e46e362d-4ef3-4639-8fbe-a7b94e80e297</refId>
          </source>
          <positions/>
        </transition>
      </transitions>
      <properties/>
      <returnStepType>RESOLVED</returnStepType>
      <assignments/>
    </returnStep>
  </steps>
  <startSteps>a4142740-235c-413b-849a-846d0c9f793c</startSteps>
</flow>